Static Optimization
version=1
nRows=2170
nColumns=7
inDegrees=no
This file contains static optimization results.

endheader
time	TRIlong	TRIlat	TRImed	BIClong	BICshort	BRA
      0.00000000	      0.01000000	      0.40972033	      0.39367277	      1.00000000	      0.01000000	      0.01001364
      0.03330000	      0.01000001	      0.71749074	      0.76615933	      0.99999996	      0.01000003	      0.80624834
      0.06670000	      0.01000005	      0.50154369	      0.47588360	      0.99999997	      0.01000041	      0.01682029
      0.10000000	      0.01000000	      0.60310244	      0.57635653	      0.99999999	      0.01000000	      0.05190968
      0.13330000	      0.01000005	      0.69108592	      0.66779580	      0.99999995	      0.01000005	      0.01915962
      0.16670000	      0.01000148	      0.70930570	      0.67267479	      0.97846511	      0.01000110	      0.01000562
      0.20000000	      0.01000450	      0.68684911	      0.65193099	      0.99999996	      0.01000713	      0.01430593
      0.23330000	      0.01000088	      0.70773869	      0.70049404	      0.99985253	      0.01006109	      0.17320143
      0.26670000	      0.01000030	      0.60921082	      0.59164354	      1.00000000	      0.01000021	      0.01005901
      0.30000000	      0.01000000	      0.62127428	      0.61750868	      1.00000000	      0.01000000	      0.01001679
      0.33330000	      0.01000000	      0.64857727	      0.61819405	      1.00000000	      0.01000000	      0.01208755
      0.36670000	      0.01014789	      0.75784306	      0.50889624	      0.99995189	      0.01035374	      0.03531700
      0.40000000	      0.01000624	      0.64662073	      0.61181381	      0.99998735	      0.01000784	      0.08471889
      0.43330000	      0.01000002	      0.45450832	      0.67893019	      0.99999995	      0.01000003	      0.01381171
      0.46670000	      0.01000000	      0.55720725	      0.52443222	      1.00000000	      0.01000000	      0.01004260
      0.50000000	      0.01000000	      0.54387841	      0.53205560	      1.00000000	      0.01000000	      0.01053966
      0.53330000	      0.01040397	      0.76142415	      0.74213284	      0.98871174	      0.05638031	      0.35622754
      0.56670000	      0.01000116	      0.58976921	      0.57103492	      0.99985380	      0.01016687	      0.01569219
      0.60000000	      0.01000000	      0.60671574	      0.55960742	      1.00000000	      0.01000000	      0.01038261
      0.63330000	      0.01000035	      0.59905993	      0.55915800	      0.99999983	      0.01000101	      0.05825024
      0.66670000	      0.01000171	      0.47864640	      0.45279114	      0.90145779	      0.01000179	      0.01001791
      0.70000000	      0.01000204	      0.38951419	      0.36870256	      0.77463889	      0.01000239	      0.01007586
      0.73330000	      0.01000195	      0.41000350	      0.38853293	      0.83397996	      0.01000249	      0.01008185
      0.76670000	      0.01000001	      0.64042030	      0.63346592	      0.99999997	      0.01000000	      0.37017571
      0.80000000	      0.01000030	      0.65845094	      0.67079517	      0.99999970	      0.01000030	      0.33003657
      0.83330000	      0.01000000	      0.63735528	      0.61824897	      1.00000000	      0.01000000	      0.13538944
      0.86670000	      0.01000170	      0.51038627	      0.48603178	      0.81290227	      0.01000207	      0.01001650
      0.90000000	      0.01000189	      0.47818771	      0.45561210	      0.72647829	      0.01000225	      0.01001587
      0.93330000	      0.01000178	      0.53020240	      0.50535252	      0.76706312	      0.01000206	      0.01000946
      0.96670000	      0.01000170	      0.55458522	      0.52870257	      0.79640195	      0.01000199	      0.01000885
      1.00000000	      0.01000173	      0.51275647	      0.48891687	      0.78349260	      0.01000219	      0.01001059
      1.03330000	      0.01000172	      0.46608792	      0.44461751	      0.79090251	      0.01000250	      0.01001178
      1.06670000	      0.01000199	      0.46610789	      0.44513358	      0.89897775	      0.01000424	      0.01009978
      1.10000000	      0.01000000	      0.48905369	      0.46638865	      0.99999999	      0.01000001	      0.01000858
      1.13330000	      0.01000155	      0.46024924	      0.44153876	      0.88798808	      0.01000382	      0.01001971
      1.16670000	      0.01000155	      0.48239311	      0.46378420	      0.78016476	      0.01000314	      0.01001122
      1.20000000	      0.01000178	      0.49592263	      0.47744352	      0.66375678	      0.01000300	      0.01001550
      1.23330000	      0.01000195	      0.49466150	      0.47650965	      0.55154242	      0.01000259	      0.01000706
      1.26670000	      0.01000216	      0.50181977	      0.48331157	      0.49955170	      0.01000246	      0.01000845
      1.30000000	      0.01000181	      0.57421037	      0.55269794	      0.62147055	      0.01000213	      0.01000645
      1.33330000	      0.01000134	      0.60986933	      0.58683824	      0.85376249	      0.01000206	      0.01000637
      1.36670000	      0.01000127	      0.53275092	      0.51302245	      0.85803097	      0.01000241	      0.01000801
      1.40000000	      0.01000173	      0.41552247	      0.40061933	      0.59160735	      0.01000313	      0.01000979
      1.43330000	      0.01000324	      0.34137172	      0.32940555	      0.33948749	      0.01000343	      0.01000792
      1.46670000	      0.01000314	      0.38333399	      0.36970996	      0.23864041	      0.01000240	      0.01000664
      1.50000000	      0.01000161	      0.70983044	      0.68296053	      0.40035435	      0.01000101	      0.01000308
      1.53330000	      0.01000201	      0.99997242	      0.99999854	      0.69004502	      0.01000002	      0.01000241
      1.56670000	      0.01000231	      0.88062911	      0.83970271	      0.85704640	      0.01000133	      0.01000628
      1.60000000	      0.01000184	      0.53719285	      0.51089298	      0.74950521	      0.01000182	      0.01001190
      1.63330000	      0.01000203	      0.41164975	      0.39117654	      0.63384436	      0.01000223	      0.01001284
      1.66670000	      0.01000195	      0.47184917	      0.44823221	      0.67713238	      0.01000196	      0.01000938
      1.70000000	      0.01000177	      0.55657007	      0.52838408	      0.77566790	      0.01000166	      0.01000794
      1.73330000	      0.01000174	      0.54064013	      0.51282695	      0.80494143	      0.01000165	      0.01000822
      1.76670000	      0.01000195	      0.45559470	      0.43188504	      0.72297330	      0.01000199	      0.01001009
      1.80000000	      0.01000223	      0.43194998	      0.40931314	      0.66179489	      0.01000216	      0.01001064
      1.83330000	      0.01000196	      0.52903462	      0.50103267	      0.77430769	      0.01000175	      0.01000792
      1.86670000	      0.01000001	      0.68563401	      0.86714131	      0.99999999	      0.01000001	      0.23948902
      1.90000000	      0.01000000	      0.59654324	      0.53061221	      1.00000000	      0.01000000	      0.01179957
      1.93330000	      0.01000000	      0.69059673	      0.55385722	      1.00000000	      0.01000000	      0.19094593
      1.96670000	      0.01000174	      0.49464622	      0.46741292	      0.87919830	      0.01000194	      0.01001484
      2.00000000	      0.01000201	      0.44494485	      0.42028082	      0.74589916	      0.01000182	      0.01000974
      2.03330000	      0.01000222	      0.41249191	      0.38936037	      0.70876002	      0.01000198	      0.01001041
      2.06670000	      0.01000231	      0.39851768	      0.37595516	      0.74387636	      0.01000252	      0.01004593
      2.10000000	      0.01000198	      0.40744442	      0.38431036	      0.82344259	      0.01000220	      0.01002849
      2.13330000	      0.01000206	      0.43397297	      0.40945979	      0.92115199	      0.01000250	      0.01006293
      2.16670000	      0.01000000	      0.55536658	      0.30611773	      0.99999564	      0.01000337	      0.01433302
      2.20000000	      0.01000000	      0.45132408	      0.38446029	      1.00000000	      0.01000000	      0.01067891
      2.23330000	      0.01000211	      0.47067640	      0.47268323	      0.99999506	      0.01000440	      0.07864433
      2.26670000	      0.01000143	      0.54377192	      0.51571192	      0.99387319	      0.01000186	      0.01000975
      2.30000000	      0.01000218	      0.62660000	      0.59461179	      0.91051310	      0.01000300	      0.01006005
      2.33330000	      0.01000162	      0.60589545	      0.57463910	      0.91231934	      0.01000147	      0.01000700
      2.36670000	      0.01000000	      0.49959575	      0.46662800	      1.00000000	      0.01000000	      0.01095688
      2.40000000	      0.01000686	      0.57390374	      0.56774120	      0.99998691	      0.01001075	      0.36304812
      2.43330000	      0.01000128	      0.54949770	      0.52247134	      0.98697802	      0.01000187	      0.01001007
      2.46670000	      0.01000152	      0.72000762	      0.68505490	      0.83619063	      0.01000121	      0.01000553
      2.50000000	      0.01000185	      0.69504331	      0.66021543	      0.69779922	      0.01000110	      0.01000456
      2.53330000	      0.01000372	      0.52187644	      0.49426366	      0.62897035	      0.01000238	      0.01002336
      2.56670000	      0.01000241	      0.43080404	      0.40701977	      0.68582129	      0.01000186	      0.01000899
      2.60000000	      0.01000183	      0.46449858	      0.43842320	      0.88505794	      0.01000191	      0.01001211
      2.63330000	      0.01000777	      0.50090378	      0.47870879	      0.99990025	      0.01002318	      0.01811025
      2.66670000	      0.01000331	      0.51127816	      0.48276344	      0.98985010	      0.01000450	      0.01004550
      2.70000000	      0.01000186	      0.46158874	      0.43595434	      0.84625740	      0.01000199	      0.01001248
      2.73330000	      0.01000220	      0.44698613	      0.42216176	      0.74594316	      0.01000228	      0.01002310
      2.76670000	      0.01000217	      0.50259872	      0.47445511	      0.76686435	      0.01000183	      0.01000765
      2.80000000	      0.01000196	      0.56536409	      0.53308656	      0.89249341	      0.01000156	      0.01000622
      2.83330000	      0.01000000	      0.49157115	      0.50542811	      1.00000000	      0.01000000	      0.01002711
      2.86670000	      0.01000002	      0.52506316	      0.54982846	      0.99999993	      0.01000005	      0.36739426
      2.90000000	      0.01000000	      0.35889192	      0.37105404	      0.99999999	      0.01000001	      0.03459889
      2.93330000	      0.01000146	      0.41223953	      0.38955222	      0.98644023	      0.01000244	      0.01001431
      2.96670000	      0.01000172	      0.47379728	      0.44845460	      0.92675151	      0.01000231	      0.01002369
      3.00000000	      0.01000167	      0.53833381	      0.50989248	      0.87873323	      0.01000180	      0.01000890
      3.03330000	      0.01000181	      0.54193140	      0.51315225	      0.83186596	      0.01000169	      0.01000795
      3.06670000	      0.01000188	      0.51464994	      0.48698918	      0.81781113	      0.01000176	      0.01000838
      3.10000000	      0.01000219	      0.47658891	      0.45070104	      0.81872451	      0.01000257	      0.01002743
      3.13330000	      0.01000188	      0.44383780	      0.41961566	      0.82714006	      0.01000215	      0.01001773
      3.16670000	      0.01000187	      0.43523283	      0.41152315	      0.83231456	      0.01000226	      0.01003004
      3.20000000	      0.01000175	      0.47951684	      0.45353773	      0.88051825	      0.01000206	      0.01001423
      3.23330000	      0.01000306	      0.55087312	      0.52111626	      0.97158910	      0.01000387	      0.01002672
      3.26670000	      0.01000000	      0.55218775	      0.62377890	      0.99999998	      0.01000001	      0.15906748
      3.30000000	      0.01000000	      0.44384770	      0.42000435	      1.00000000	      0.01000000	      0.01000582
      3.33330000	      0.01000160	      0.32305784	      0.30617036	      0.80729255	      0.01000292	      0.01001424
      3.36670000	      0.01000197	      0.26583405	      0.25255621	      0.63291894	      0.01000391	      0.01003860
      3.40000000	      0.01000193	      0.33551259	      0.31956030	      0.65917162	      0.01000348	      0.01005981
      3.43330000	      0.01000163	      0.51344403	      0.48986284	      0.80177458	      0.01000229	      0.01001063
      3.46670000	      0.01000139	      0.67106583	      0.64064859	      0.93842581	      0.01000168	      0.01000749
      3.50000000	      0.01000000	      0.58449937	      0.54498760	      0.99999999	      0.01000048	      0.01068789
      3.53330000	      0.01000000	      0.46089734	      0.44764018	      1.00000000	      0.01000000	      0.01011291
      3.56670000	      0.01000135	      0.38400877	      0.36818862	      0.78141503	      0.01000324	      0.01004770
      3.60000000	      0.01000161	      0.42621446	      0.40963312	      0.64142925	      0.01000306	      0.01001296
      3.63330000	      0.01000280	      0.55367247	      0.53275000	      0.60239873	      0.01000767	      0.01004338
      3.66670000	      0.01000168	      0.67131136	      0.64575135	      0.62044702	      0.01000152	      0.01000463
      3.70000000	      0.01000135	      0.71728698	      0.68927957	      0.70852132	      0.01000132	      0.01000456
      3.73330000	      0.01000150	      0.58505810	      0.56179332	      0.68864737	      0.01000173	      0.01000664
      3.76670000	      0.01000183	      0.51406835	      0.49355436	      0.64387002	      0.01000303	      0.01002297
      3.80000000	      0.01000157	      0.57563617	      0.55268194	      0.64324761	      0.01000182	      0.01000715
      3.83330000	      0.01000219	      0.68905375	      0.66129519	      0.69155774	      0.01000286	      0.01002542
      3.86670000	      0.01000359	      0.71284998	      0.68349460	      0.73468253	      0.01000423	      0.01003435
      3.90000000	      0.01000269	      0.61853687	      0.59252717	      0.72924306	      0.01000379	      0.01003815
      3.93330000	      0.01000346	      0.54188397	      0.51890769	      0.71688655	      0.01000413	      0.01002958
      3.96670000	      0.01000147	      0.57564350	      0.55119056	      0.73016925	      0.01000172	      0.01000850
      4.00000000	      0.01000146	      0.66877520	      0.64019589	      0.72110320	      0.01000137	      0.01000616
      4.03330000	      0.01000150	      0.71284233	      0.68166396	      0.69435294	      0.01000117	      0.01000509
      4.06670000	      0.01000167	      0.65929323	      0.62933431	      0.66379128	      0.01000122	      0.01000557
      4.10000000	      0.01000188	      0.56665083	      0.53986955	      0.64903109	      0.01000143	      0.01000644
      4.13330000	      0.01000191	      0.52051038	      0.49519942	      0.68931010	      0.01000164	      0.01000870
      4.16670000	      0.01000177	      0.53840579	      0.51182746	      0.78506668	      0.01000169	      0.01001603
      4.20000000	      0.01000156	      0.58676572	      0.55761067	      0.88150580	      0.01000153	      0.01000933
      4.23330000	      0.01000147	      0.63220370	      0.60064292	      0.93232560	      0.01000139	      0.01000686
      4.26670000	      0.01000234	      0.65463679	      0.62170317	      0.93189660	      0.01000215	      0.01002460
      4.30000000	      0.01000283	      0.63695714	      0.60450835	      0.89702844	      0.01000254	      0.01003884
      4.33330000	      0.01000166	      0.58679308	      0.55644508	      0.86200962	      0.01000137	      0.01000686
      4.36670000	      0.01000170	      0.52935539	      0.50163464	      0.84924014	      0.01000154	      0.01000947
      4.40000000	      0.01000168	      0.48680654	      0.46118082	      0.85908757	      0.01000176	      0.01001211
      4.43330000	      0.01000162	      0.47938750	      0.45425581	      0.90174550	      0.01000188	      0.01001813
      4.46670000	      0.01000147	      0.52197495	      0.49494574	      0.97245974	      0.01000175	      0.01001041
      4.50000000	      0.01000009	      0.58394100	      0.55425368	      0.99999937	      0.01000044	      0.01056287
      4.53330000	      0.01000141	      0.65078870	      0.61777765	      0.99471317	      0.01000135	      0.01000693
      4.56670000	      0.01000210	      0.64228026	      0.60956900	      0.93180635	      0.01000222	      0.01005575
      4.60000000	      0.01000328	      0.61021197	      0.57885676	      0.92725535	      0.01000297	      0.01002022
      4.63330000	      0.01000151	      0.57501521	      0.54531575	      0.95411268	      0.01000150	      0.01000837
      4.66670000	      0.01000162	      0.50671730	      0.48059074	      0.88755326	      0.01000175	      0.01001438
      4.70000000	      0.01000194	      0.42881455	      0.40688277	      0.75385714	      0.01000216	      0.01002382
      4.73330000	      0.01000213	      0.40432150	      0.38386644	      0.70034367	      0.01000239	      0.01002790
      4.76670000	      0.01000186	      0.47531432	      0.45155576	      0.80898200	      0.01000212	      0.01002196
      4.80000000	      0.01001468	      0.57368288	      0.54535826	      0.96625139	      0.01001845	      0.01006945
      4.83330000	      0.01000154	      0.57152472	      0.54365313	      0.98076305	      0.01000188	      0.01001014
      4.86670000	      0.01000163	      0.47723696	      0.45434427	      0.86150715	      0.01000223	      0.01001349
      4.90000000	      0.01000174	      0.42833177	      0.40828519	      0.78878089	      0.01000261	      0.01002240
      4.93330000	      0.01000167	      0.47485502	      0.45328052	      0.80071463	      0.01000248	      0.01001432
      4.96670000	      0.01000157	      0.57981041	      0.55405942	      0.80921291	      0.01000201	      0.01000867
      5.00000000	      0.01000157	      0.65899027	      0.62986070	      0.76388149	      0.01000166	      0.01000654
      5.03330000	      0.01000160	      0.62792918	      0.59984609	      0.76496675	      0.01000168	      0.01000693
      5.06670000	      0.01000147	      0.56332498	      0.53792425	      0.86759593	      0.01000198	      0.01000904
      5.10000000	      0.01000164	      0.55090817	      0.52637790	      0.96144466	      0.01000305	      0.01003245
      5.13330000	      0.01000155	      0.59778807	      0.57183265	      0.91882065	      0.01000275	      0.01003506
      5.16670000	      0.01000145	      0.64869800	      0.62087245	      0.72214528	      0.01000158	      0.01000620
      5.20000000	      0.01000231	      0.63963097	      0.61160486	      0.60367281	      0.01000210	      0.01001780
      5.23330000	      0.01000156	      0.68173799	      0.65057802	      0.72310809	      0.01000127	      0.01000528
      5.26670000	      0.01000147	      0.69851840	      0.66548723	      0.95269418	      0.01000144	      0.01000678
      5.30000000	      0.01000137	      0.62438523	      0.59454461	      0.94437895	      0.01000164	      0.01002097
      5.33330000	      0.01000156	      0.56797771	      0.54067511	      0.73549857	      0.01000151	      0.01000737
      5.36670000	      0.01000199	      0.53822279	      0.51177777	      0.60787444	      0.01000150	      0.01000699
      5.40000000	      0.01000238	      0.48793901	      0.46304370	      0.57078321	      0.01000159	      0.01000674
      5.43330000	      0.01000253	      0.43687536	      0.41369658	      0.59864106	      0.01000182	      0.01000816
      5.46670000	      0.01000250	      0.39371339	      0.37225629	      0.63370108	      0.01000212	      0.01001080
      5.50000000	      0.01000243	      0.38038396	      0.35940379	      0.65657365	      0.01000237	      0.01001119
      5.53330000	      0.01000249	      0.42870184	      0.40495656	      0.73904379	      0.01000305	      0.01005920
      5.56670000	      0.01000196	      0.52122537	      0.49224600	      0.89597295	      0.01000213	      0.01001182
      5.60000000	      0.01000323	      0.99997706	      0.85262403	      0.99999590	      0.01001918	      0.01279425
      5.63330000	      0.01000548	      0.90356109	      0.16807672	      0.99894562	      0.01070574	      0.01207941
      5.66670000	      0.01000203	      0.49261153	      0.46478821	      0.90033897	      0.01000227	      0.01001612
      5.70000000	      0.01000244	      0.43209136	      0.40755859	      0.78187454	      0.01000296	      0.01004467
      5.73330000	      0.01000241	      0.43675155	      0.41179024	      0.79124460	      0.01000283	      0.01003426
      5.76670000	      0.01000189	      0.46821730	      0.44125877	      0.89397875	      0.01000201	      0.01001024
      5.80000000	      0.01000000	      0.84828997	      0.42233307	      1.00000000	      0.01000000	      0.38117828
      5.83330000	      0.01000340	      0.46168820	      0.42787580	      0.99999104	      0.01000544	      0.12310531
      5.86670000	      0.01000149	      0.39405075	      0.37190773	      0.97425569	      0.01000241	      0.01001367
      5.90000000	      0.01000159	      0.42564231	      0.40234946	      0.90784453	      0.01000236	      0.01001253
      5.93330000	      0.01000169	      0.51061763	      0.48313591	      0.85612291	      0.01000196	      0.01001019
      5.96670000	      0.01000188	      0.53637972	      0.50733186	      0.80189141	      0.01000172	      0.01000742
      6.00000000	      0.01000265	      0.48942905	      0.46243280	      0.83261550	      0.01000329	      0.01004255
      6.03330000	      0.01000169	      0.42832370	      0.40445816	      0.91242906	      0.01000216	      0.01001085
      6.06670000	      0.01000165	      0.43225022	      0.40840024	      0.92051938	      0.01000231	      0.01001812
      6.10000000	      0.01000172	      0.52031418	      0.49198044	      0.86529389	      0.01000186	      0.01000887
      6.13330000	      0.01000201	      0.56156857	      0.53066928	      0.77983616	      0.01000157	      0.01000614
      6.16670000	      0.01000214	      0.51054773	      0.48156748	      0.78810464	      0.01000164	      0.01000636
      6.20000000	      0.01000221	      0.43142021	      0.40624659	      0.85931337	      0.01000239	      0.01001892
      6.23330000	      0.01000174	      0.39227764	      0.36920553	      0.91178615	      0.01000223	      0.01001174
      6.26670000	      0.01000190	      0.41976280	      0.39527655	      0.89283710	      0.01000243	      0.01006846
      6.30000000	      0.01000212	      0.46812046	      0.44088897	      0.85037034	      0.01000227	      0.01001454
      6.33330000	      0.01000205	      0.46892532	      0.44132345	      0.84395086	      0.01000185	      0.01000783
      6.36670000	      0.01000217	      0.43261457	      0.40673011	      0.87912619	      0.01000227	      0.01001458
      6.40000000	      0.01000192	      0.40290360	      0.37858944	      0.93383017	      0.01000225	      0.01001861
      6.43330000	      0.01000182	      0.39388064	      0.37014516	      0.95883443	      0.01000237	      0.01002173
      6.46670000	      0.01000165	      0.40764580	      0.38328712	      0.97416688	      0.01000218	      0.01001118
      6.50000000	      0.01000163	      0.40865734	      0.38445859	      0.97722303	      0.01000218	      0.01001137
      6.53330000	      0.01000161	      0.39303403	      0.37002088	      0.96463777	      0.01000230	      0.01001573
      6.56670000	      0.01000160	      0.39528815	      0.37252661	      0.94436156	      0.01000236	      0.01002366
      6.60000000	      0.01000261	      0.43728928	      0.41254624	      0.91734896	      0.01000285	      0.01006285
      6.63330000	      0.01000210	      0.49804697	      0.47009944	      0.86673196	      0.01000246	      0.01001875
      6.66670000	      0.01000200	      0.50096548	      0.47258981	      0.82541064	      0.01000179	      0.01000771
      6.70000000	      0.01000241	      0.45545519	      0.42921302	      0.83633933	      0.01000266	      0.01002452
      6.73330000	      0.01000190	      0.41119313	      0.38725733	      0.88710217	      0.01000222	      0.01001669
      6.76670000	      0.01000228	      0.39158085	      0.36883830	      0.91561823	      0.01000294	      0.01006387
      6.80000000	      0.01000163	      0.41695717	      0.39304095	      0.94971833	      0.01000226	      0.01001216
      6.83330000	      0.01000160	      0.45654310	      0.43069755	      0.99457045	      0.01000212	      0.01001047
      6.86670000	      0.01000009	      0.68572002	      0.25253035	      0.99999934	      0.01000000	      0.05135702
      6.90000000	      0.01000000	      0.53786629	      0.52866859	      0.99999997	      0.01000002	      0.23141513
      6.93330000	      0.01000795	      0.42049388	      0.39769378	      0.96357586	      0.01000946	      0.01004097
      6.96670000	      0.01000186	      0.36211220	      0.34295453	      0.78464651	      0.01000283	      0.01011595
      7.00000000	      0.01000238	      0.31793649	      0.30150855	      0.57639202	      0.01000332	      0.01007084
      7.03330000	      0.01000292	      0.34793352	      0.33017242	      0.47601899	      0.01000306	      0.01001534
      7.06670000	      0.01000258	      0.47355913	      0.44910112	      0.55968308	      0.01000203	      0.01000756
      7.10000000	      0.01000185	      0.66898442	      0.63328935	      0.84719003	      0.01000136	      0.01000493
      7.13330000	      0.01000015	      0.79488939	      0.78411650	      0.99999992	      0.01000174	      0.38410195
      7.16670000	      0.01000002	      0.37359456	      0.35785710	      0.99999999	      0.01000033	      0.05493140
      7.20000000	      0.01000100	      0.32272748	      0.30573540	      0.99110249	      0.01000286	      0.01002192
      7.23330000	      0.01000162	      0.26875995	      0.25557995	      0.67935628	      0.01000400	      0.01003206
      7.26670000	      0.01000207	      0.33677798	      0.32126117	      0.63798800	      0.01000372	      0.01003062
      7.30000000	      0.01000186	      0.46240244	      0.44182156	      0.64289253	      0.01000249	      0.01001103
      7.33330000	      0.01000185	      0.55812886	      0.53338815	      0.63828646	      0.01000186	      0.01000927
      7.36670000	      0.01000175	      0.57435307	      0.54852318	      0.70372636	      0.01000178	      0.01000863
      7.40000000	      0.01000157	      0.59019704	      0.56339971	      0.79654432	      0.01000185	      0.01001235
      7.43330000	      0.01000144	      0.65016721	      0.62055795	      0.83428946	      0.01000161	      0.01000685
      7.46670000	      0.01000140	      0.72131653	      0.68811212	      0.83568632	      0.01000132	      0.01000561
      7.50000000	      0.01000142	      0.70036715	      0.66736207	      0.85024593	      0.01000129	      0.01000552
      7.53330000	      0.01000150	      0.56045442	      0.53347453	      0.83326957	      0.01000166	      0.01001379
      7.56670000	      0.01000163	      0.43549625	      0.41442182	      0.75302084	      0.01000223	      0.01001149
      7.60000000	      0.01000158	      0.45733120	      0.43540572	      0.77236603	      0.01000219	      0.01001126
      7.63330000	      0.01000131	      0.59992842	      0.57145630	      0.91755920	      0.01000162	      0.01000820
      7.66670000	      0.01000009	      0.70108145	      0.66110985	      0.99999980	      0.01000015	      0.02007176
      7.70000000	      0.01000129	      0.61807937	      0.58863454	      0.90953061	      0.01000136	      0.01000739
      7.73330000	      0.01000177	      0.45590304	      0.43409825	      0.69797452	      0.01000186	      0.01001211
      7.76670000	      0.01000216	      0.38393623	      0.36558483	      0.60199987	      0.01000243	      0.01002502
      7.80000000	      0.01000180	      0.47866527	      0.45589986	      0.72835995	      0.01000195	      0.01001175
      7.83330000	      0.01000154	      0.68486663	      0.65243360	      0.95885762	      0.01000141	      0.01000735
      7.86670000	      0.01000032	      0.84786722	      0.73505011	      0.99999775	      0.01000534	      0.01248885
      7.90000000	      0.01000141	      0.80591185	      0.76674376	      0.90750194	      0.01000096	      0.01000460
      7.93330000	      0.01000180	      0.65933408	      0.62615680	      0.74439147	      0.01000112	      0.01000516
      7.96670000	      0.01000197	      0.58770372	      0.55695608	      0.74164691	      0.01000126	      0.01000618
      8.00000000	      0.01000171	      0.60107492	      0.56863963	      0.90784190	      0.01000126	      0.01000643
      8.03330000	      0.01000000	      0.49054863	      0.58593708	      1.00000000	      0.01000000	      0.01013952
      8.06670000	      0.01000182	      0.42108522	      0.39804397	      0.81931214	      0.01000202	      0.01003572
      8.10000000	      0.01000275	      0.31004541	      0.29324063	      0.55327064	      0.01000286	      0.01001279
      8.13330000	      0.01000216	      0.46903051	      0.44378234	      0.81496239	      0.01000242	      0.01003573
      8.16670000	      0.01000006	      0.62745957	      0.61804866	      0.99999986	      0.01000011	      0.32386656
      8.20000000	      0.01000003	      0.41112055	      0.39071708	      0.99999988	      0.01000008	      0.07707909
      8.23330000	      0.01000000	      0.19992810	      0.89288952	      1.00000000	      0.01000000	      0.59103673
      8.26670000	      0.09238287	      0.03031587	      0.02902171	      0.01008116	      0.01324026	      0.01022545
      8.30000000	      0.42785919	      0.09453897	      0.09058443	      0.01001215	      0.13443948	      0.01043131
      8.33330000	      0.01001498	      0.11401610	      0.10902384	      0.02809698	      0.01000672	      0.01002680
      8.36670000	      0.01000018	      0.99999967	      0.99999956	      0.86894163	      0.01000006	      0.01000020
      8.40000000	      0.01000010	      0.89328390	      0.88482816	      0.99999982	      0.01000031	      0.08841183
      8.43330000	      0.01000054	      0.71599394	      0.70168410	      0.99995643	      0.01002798	      0.03312857
      8.46670000	      0.01000344	      0.35695954	      0.33828829	      0.43149314	      0.01000262	      0.01001017
      8.50000000	      0.01000428	      0.32325551	      0.30582769	      0.37488266	      0.01000283	      0.01000982
      8.53330000	      0.01000247	      0.52124888	      0.49195397	      0.74275241	      0.01000178	      0.01000601
      8.56670000	      0.01000000	      0.54707855	      0.51238334	      1.00000000	      0.01000000	      0.02574212
      8.60000000	      0.01000004	      0.39356368	      0.36993902	      0.99999997	      0.01000040	      0.01284704
      8.63330000	      0.01000004	      0.46410332	      0.48888113	      0.99999986	      0.01000010	      0.37213688
      8.66670000	      0.01000132	      0.33064741	      0.31252453	      0.95333806	      0.01000307	      0.01001895
      8.70000000	      0.01000145	      0.34123824	      0.32351312	      0.83872933	      0.01000321	      0.01005057
      8.73330000	      0.01000153	      0.41891795	      0.39806398	      0.82524011	      0.01000276	      0.01004082
      8.76670000	      0.01000230	      0.52143132	      0.49606804	      0.86776330	      0.01000279	      0.01001870
      8.80000000	      0.01000151	      0.57747163	      0.54958162	      0.93744771	      0.01000218	      0.01001847
      8.83330000	      0.01000141	      0.56865143	      0.54132329	      0.95409648	      0.01000208	      0.01001665
      8.86670000	      0.01000135	      0.56993440	      0.54276216	      0.86727836	      0.01000174	      0.01000866
      8.90000000	      0.01000172	      0.57447234	      0.54700780	      0.71215113	      0.01000183	      0.01001271
      8.93330000	      0.01000213	      0.54354357	      0.51692162	      0.59786562	      0.01000168	      0.01001678
      8.96670000	      0.01000236	      0.50257447	      0.47694457	      0.58246057	      0.01000171	      0.01001254
      9.00000000	      0.01000325	      0.51169771	      0.48450498	      0.69368282	      0.01000266	      0.01003125
      9.03330000	      0.01000175	      0.56760052	      0.53652482	      0.90239172	      0.01000149	      0.01000676
      9.06670000	      0.01000022	      0.58027999	      0.54647924	      0.99999956	      0.01000030	      0.02047603
      9.10000000	      0.01000000	      0.68441250	      0.71273513	      0.99999991	      0.01000003	      0.29004137
      9.13330000	      0.01000176	      0.46949829	      0.44286899	      0.89288120	      0.01000184	      0.01001255
      9.16670000	      0.01000183	      0.41699661	      0.39322872	      0.82378520	      0.01000193	      0.01001542
      9.20000000	      0.01000178	      0.43256200	      0.40790324	      0.86597300	      0.01000198	      0.01002331
      9.23330000	      0.01000163	      0.50306434	      0.47447195	      0.95259750	      0.01000170	      0.01001215
      9.26670000	      0.01000167	      0.54895758	      0.51769036	      0.96561419	      0.01000152	      0.01000874
      9.30000000	      0.01000181	      0.52772411	      0.49737251	      0.91726417	      0.01000156	      0.01000936
      9.33330000	      0.01000188	      0.47926626	      0.45135673	      0.88954897	      0.01000168	      0.01000857
      9.36670000	      0.01000221	      0.46883164	      0.44131630	      0.94996756	      0.01000227	      0.01001794
      9.40000000	      0.01002039	      0.49157884	      0.48693398	      0.99994085	      0.01004261	      0.07532525
      9.43330000	      0.01000015	      0.48701105	      0.43287877	      0.99999964	      0.01000024	      0.01185249
      9.46670000	      0.01000008	      0.52308817	      0.53726976	      0.99998779	      0.01000551	      0.12082703
      9.50000000	      0.01000730	      0.49900676	      0.47003823	      0.98690199	      0.01000762	      0.01006088
      9.53330000	      0.01000193	      0.49584837	      0.46702741	      0.93243570	      0.01000199	      0.01001626
      9.56670000	      0.01000472	      0.52766408	      0.49681736	      0.99301395	      0.01000398	      0.01002043
      9.60000000	      0.01000000	      0.49158260	      0.46465303	      1.00000000	      0.01000000	      0.02664488
      9.63330000	      0.01000295	      0.37131216	      0.34946076	      0.90822126	      0.01000330	      0.01013495
      9.66670000	      0.01000252	      0.23107970	      0.21773409	      0.60394961	      0.01000377	      0.01002454
      9.70000000	      0.01000308	      0.21628434	      0.20420069	      0.50617980	      0.01000467	      0.01002168
      9.73330000	      0.01000225	      0.39914761	      0.37750905	      0.73091542	      0.01000289	      0.01004460
      9.76670000	      0.01000000	      0.69580818	      0.67442736	      1.00000000	      0.01000000	      0.01331053
      9.80000000	      0.01000013	      0.52986007	      0.50457704	      0.99999984	      0.01000119	      0.01787949
      9.83330000	      0.01000000	      0.56381296	      0.57795966	      0.99999998	      0.01000001	      0.69613653
      9.86670000	      0.01000126	      0.31394328	      0.29824442	      0.85836308	      0.01000324	      0.01002799
      9.90000000	      0.01000223	      0.29858426	      0.28457052	      0.50431054	      0.01000406	      0.01002340
      9.93330000	      0.01000218	      0.49807183	      0.47525227	      0.52205767	      0.01000204	      0.01000842
      9.96670000	      0.01000177	      0.68847426	      0.65605373	      0.66633142	      0.01000124	      0.01000496
     10.00000000	      0.01000170	      0.67070168	      0.63758544	      0.78964683	      0.01000128	      0.01000517
     10.03330000	      0.01000159	      0.54795286	      0.52004832	      0.90176487	      0.01000171	      0.01000820
     10.06670000	      0.01001120	      0.48438754	      0.43104215	      0.99997107	      0.01002537	      0.01084551
     10.10000000	      0.01000000	      0.56233666	      0.54891971	      1.00000000	      0.01000000	      0.19544545
     10.13330000	      0.01000129	      0.57331818	      0.54563373	      0.94827596	      0.01000181	      0.01000930
     10.16670000	      0.01000200	      0.55464376	      0.52803909	      0.77779146	      0.01000201	      0.01001125
     10.20000000	      0.01000193	      0.47410985	      0.45116010	      0.65592214	      0.01000187	      0.01000989
     10.23330000	      0.01000180	      0.48834408	      0.46446437	      0.72494117	      0.01000185	      0.01001003
     10.26670000	      0.01000140	      0.60227260	      0.57270307	      0.92654242	      0.01000153	      0.01000791
     10.30000000	      0.01000000	      0.99601075	      0.33831466	      0.99999998	      0.01000001	      0.02985252
     10.33330000	      0.01000267	      0.67693611	      0.64336489	      0.92156178	      0.01000248	      0.01003278
     10.36670000	      0.01000308	      0.56216207	      0.53381776	      0.76998812	      0.01000286	      0.01005153
     10.40000000	      0.01000192	      0.49507408	      0.46968344	      0.73980447	      0.01000167	      0.01001235
     10.43330000	      0.01000164	      0.53101419	      0.50351746	      0.86198214	      0.01000157	      0.01000922
     10.46670000	      0.01000149	      0.59260785	      0.56184288	      0.96663297	      0.01000147	      0.01001130
     10.50000000	      0.01000152	      0.60727175	      0.57566811	      0.93816608	      0.01000136	      0.01000697
     10.53330000	      0.01000165	      0.59960320	      0.56814838	      0.88515816	      0.01000137	      0.01000940
     10.56670000	      0.01000307	      0.62205324	      0.58899699	      0.92643815	      0.01000252	      0.01003116
     10.60000000	      0.01000000	      0.64331905	      0.61179588	      0.99999988	      0.01000004	      0.01482443
     10.63330000	      0.01000000	      0.60630654	      0.57264766	      1.00000000	      0.01000000	      0.01000177
     10.66670000	      0.01000175	      0.48862112	      0.46179502	      0.86445236	      0.01000162	      0.01000949
     10.70000000	      0.01000213	      0.36773500	      0.34751343	      0.72371140	      0.01000231	      0.01003302
     10.73330000	      0.01000203	      0.34349258	      0.32481440	      0.75385361	      0.01000257	      0.01001535
     10.76670000	      0.01000269	      0.42527230	      0.40278263	      0.96647999	      0.01000412	      0.01004203
     10.80000000	      0.01000000	      0.61708354	      0.69743135	      0.99999998	      0.01000002	      0.53371418
     10.83330000	      0.01000013	      0.38575783	      0.69343884	      0.99999969	      0.01000026	      0.02567146
     10.86670000	      0.01000155	      0.57191966	      0.54442912	      0.90713498	      0.01000179	      0.01000992
     10.90000000	      0.01000195	      0.51133805	      0.48697774	      0.68088321	      0.01000198	      0.01000906
     10.93330000	      0.01000217	      0.50565025	      0.48141290	      0.61368860	      0.01000193	      0.01000812
     10.96670000	      0.01000217	      0.54666165	      0.52003138	      0.66868143	      0.01000205	      0.01001362
     11.00000000	      0.01000199	      0.55752289	      0.52986483	      0.74020284	      0.01000188	      0.01000947
     11.03330000	      0.01000185	      0.53970989	      0.51260486	      0.79098055	      0.01000199	      0.01000832
     11.06670000	      0.01000169	      0.55306672	      0.52517727	      0.85880588	      0.01000199	      0.01000903
     11.10000000	      0.01000159	      0.59358586	      0.56365477	      0.92710095	      0.01000192	      0.01000794
     11.13330000	      0.01000153	      0.58239622	      0.55300163	      0.90819108	      0.01000185	      0.01000761
     11.16670000	      0.01000172	      0.49647278	      0.47135047	      0.85341264	      0.01000235	      0.01002753
     11.20000000	      0.01000171	      0.41134409	      0.39063601	      0.83525338	      0.01000274	      0.01006769
     11.23330000	      0.01000147	      0.42498974	      0.40410771	      0.88905378	      0.01000275	      0.01001788
     11.26670000	      0.01000138	      0.53038720	      0.50510770	      0.95321131	      0.01000255	      0.01002505
     11.30000000	      0.01000139	      0.64417998	      0.61401212	      0.94712389	      0.01000193	      0.01001471
     11.33330000	      0.01000132	      0.59134224	      0.56361313	      0.89269484	      0.01000164	      0.01000853
     11.36670000	      0.01000150	      0.43731006	      0.41682638	      0.80153569	      0.01000238	      0.01004225
     11.40000000	      0.01000159	      0.41138306	      0.39250663	      0.72616384	      0.01000261	      0.01001341
     11.43330000	      0.01000149	      0.57888214	      0.55284017	      0.73754300	      0.01000175	      0.01000992
     11.46670000	      0.01000149	      0.75538541	      0.72091358	      0.71133304	      0.01000110	      0.01000472
     11.50000000	      0.01000161	      0.73193684	      0.69682682	      0.71911385	      0.01000105	      0.01000434
     11.53330000	      0.01000188	      0.58233140	      0.55286028	      0.71954789	      0.01000136	      0.01000678
     11.56670000	      0.01000193	      0.51250712	      0.48568088	      0.75646333	      0.01000159	      0.01000812
     11.60000000	      0.01000180	      0.53593217	      0.50737723	      0.81412547	      0.01000154	      0.01000721
     11.63330000	      0.01000244	      0.58399544	      0.55236813	      0.85798227	      0.01000200	      0.01001777
     11.66670000	      0.01000233	      0.63767113	      0.60236178	      0.95056542	      0.01000170	      0.01000896
     11.70000000	      0.01000005	      0.64656594	      0.62008722	      0.99999988	      0.01000007	      0.06099149
     11.73330000	      0.01000006	      0.67957959	      0.66192660	      0.99999987	      0.01000011	      0.23077494
     11.76670000	      0.01000000	      0.70259263	      0.25162697	      1.00000000	      0.01000000	      0.01158782
     11.80000000	      0.01000185	      0.40658801	      0.38264307	      0.83169971	      0.01000186	      0.01002200
     11.83330000	      0.01000257	      0.29896377	      0.28135063	      0.58729400	      0.01000248	      0.01001295
     11.86670000	      0.01000270	      0.31043403	      0.29215571	      0.59330685	      0.01000259	      0.01001283
     11.90000000	      0.01000218	      0.42824829	      0.40303721	      0.82219216	      0.01000221	      0.01002177
     11.93330000	      0.01000000	      0.51737786	      0.49078508	      1.00000000	      0.01000000	      0.01001343
     11.96670000	      0.01000000	      0.53480904	      0.49660588	      0.99999999	      0.01000005	      0.01682694
     12.00000000	      0.01000086	      0.12578848	      0.13977251	      0.99999829	      0.01000135	      0.01000292
     12.03330000	      0.01000251	      0.40471298	      0.38077821	      0.81780031	      0.01000290	      0.01006231
     12.06670000	      0.01000237	      0.34230034	      0.32206949	      0.75435861	      0.01000276	      0.01005048
     12.10000000	      0.01000196	      0.42594581	      0.40099654	      0.94169892	      0.01000245	      0.01003463
     12.13330000	      0.01000001	      0.52721504	      0.48707141	      0.99999999	      0.01000016	      0.01328411
     12.16670000	      0.01000001	      0.59094209	      0.56328382	      0.99999999	      0.01000028	      0.01042058
     12.20000000	      0.01000001	      0.61808671	      0.57593731	      0.99999998	      0.01000005	      0.07825043
     12.23330000	      0.01000000	      0.61383108	      0.61426103	      0.99999999	      0.01000001	      0.29953261
     12.26670000	      0.01000003	      0.36182076	      0.33612779	      0.99999997	      0.01000019	      0.02150219
     12.30000000	      0.01000000	      0.35432635	      0.33674643	      1.00000000	      0.01000000	      0.01017556
     12.33330000	      0.01000147	      0.40148387	      0.37871159	      0.98410706	      0.01000237	      0.01001393
     12.36670000	      0.01000164	      0.42025500	      0.39697684	      0.87066747	      0.01000223	      0.01001197
     12.40000000	      0.01000198	      0.40986357	      0.38741881	      0.75131899	      0.01000230	      0.01001925
     12.43330000	      0.01000231	      0.38119138	      0.36034962	      0.66875995	      0.01000247	      0.01001576
     12.46670000	      0.01000226	      0.39909747	      0.37723706	      0.70096766	      0.01000244	      0.01001412
     12.50000000	      0.01000184	      0.48839973	      0.46161549	      0.87129281	      0.01000203	      0.01001097
     12.53330000	      0.01000000	      0.57409534	      0.56023220	      1.00000000	      0.01000000	      0.10825173
     12.56670000	      0.01000000	      0.50425048	      0.48350883	      1.00000000	      0.01000000	      0.05914250
     12.60000000	      0.01000515	      0.42519524	      0.40222411	      0.96292575	      0.01000854	      0.01005972
     12.63330000	      0.01000184	      0.31917988	      0.30237905	      0.72638789	      0.01000310	      0.01001773
     12.66670000	      0.01000213	      0.31556991	      0.29947000	      0.63423140	      0.01000341	      0.01002099
     12.70000000	      0.01000206	      0.42941679	      0.40802444	      0.67158784	      0.01000262	      0.01002085
     12.73330000	      0.01000199	      0.60876263	      0.57847433	      0.72045232	      0.01000152	      0.01000487
     12.76670000	      0.01000783	      0.72344767	      0.68644951	      0.97232004	      0.01000499	      0.01002198
     12.80000000	      0.01000007	      0.43122688	      0.40843216	      0.99999995	      0.01000053	      0.01763032
     12.83330000	      0.01000000	      0.36313173	      0.34487928	      1.00000000	      0.01000000	      0.01001858
     12.86670000	      0.01000171	      0.32089105	      0.30585995	      0.64648284	      0.01000363	      0.01002126
     12.90000000	      0.01000224	      0.39047322	      0.37286758	      0.51148496	      0.01000293	      0.01001620
     12.93330000	      0.01000192	      0.54128899	      0.51682487	      0.54245194	      0.01000164	      0.01000555
     12.96670000	      0.01000164	      0.68119773	      0.64938088	      0.75137846	      0.01000132	      0.01000537
     13.00000000	      0.01000235	      0.72859721	      0.69356995	      0.99488503	      0.01000182	      0.01000831
     13.03330000	      0.01000367	      0.67151598	      0.65440788	      0.99999174	      0.01000700	      0.06294470
     13.06670000	      0.01000167	      0.62065849	      0.59048055	      0.91611810	      0.01000234	      0.01007083
     13.10000000	      0.01000170	      0.49355016	      0.46935044	      0.72487690	      0.01000176	      0.01000950
     13.13330000	      0.01000199	      0.39475024	      0.37523505	      0.64015271	      0.01000224	      0.01001221
     13.16670000	      0.01000176	      0.40867232	      0.38848489	      0.74207541	      0.01000234	      0.01001243
     13.20000000	      0.01000172	      0.52412720	      0.49862269	      0.97140787	      0.01000261	      0.01002996
     13.23330000	      0.01000000	      0.60670213	      0.53909927	      1.00000000	      0.01000000	      0.01410100
     13.26670000	      0.01000000	      0.69226856	      0.66729592	      1.00000000	      0.01000000	      0.01000062
     13.30000000	      0.01000156	      0.59795155	      0.56965464	      0.78679976	      0.01000138	      0.01000706
     13.33330000	      0.01000193	      0.49161335	      0.46805411	      0.66685727	      0.01000167	      0.01000850
     13.36670000	      0.01000184	      0.50688006	      0.48235178	      0.72796175	      0.01000171	      0.01001475
     13.40000000	      0.01000155	      0.61230036	      0.58253588	      0.86881259	      0.01000146	      0.01001026
     13.43330000	      0.01000290	      0.68844349	      0.65475956	      0.91789943	      0.01000255	      0.01003687
     13.46670000	      0.01000671	      0.65317938	      0.62078622	      0.85686242	      0.01000535	      0.01005269
     13.50000000	      0.01000179	      0.56502944	      0.53655884	      0.79472317	      0.01000145	      0.01000742
     13.53330000	      0.01000172	      0.53793511	      0.51055063	      0.83893752	      0.01000159	      0.01000935
     13.56670000	      0.01000150	      0.57774433	      0.54828328	      0.96214782	      0.01000154	      0.01000902
     13.60000000	      0.01000001	      0.48044398	      0.91394680	      0.99999974	      0.01000020	      0.22910327
     13.63330000	      0.01000000	      0.62826576	      0.60462373	      0.99999999	      0.01000000	      0.03577440
     13.66670000	      0.01000149	      0.60899455	      0.57832119	      0.94688507	      0.01000146	      0.01001022
     13.70000000	      0.01000156	      0.60430304	      0.57383878	      0.90106494	      0.01000142	      0.01000727
     13.73330000	      0.01000157	      0.62854916	      0.59671066	      0.91072586	      0.01000136	      0.01000696
     13.76670000	      0.01000153	      0.63909998	      0.60647498	      0.94732831	      0.01000133	      0.01000879
     13.80000000	      0.01000151	      0.60687892	      0.57570751	      0.97504455	      0.01000144	      0.01000949
     13.83330000	      0.01000153	      0.54639946	      0.51832911	      0.95364168	      0.01000163	      0.01001121
     13.86670000	      0.01000156	      0.52020961	      0.49370614	      0.93044964	      0.01000177	      0.01001320
     13.90000000	      0.01000161	      0.54850627	      0.52090755	      0.95536320	      0.01000190	      0.01001464
     13.93330000	      0.01000000	      0.72049809	      0.69843807	      1.00000000	      0.01000000	      0.26911880
     13.96670000	      0.01000000	      0.32367987	      0.93418091	      1.00000000	      0.01000000	      0.01007895
     14.00000000	      0.01000149	      0.61487916	      0.58465989	      0.94304076	      0.01000150	      0.01001054
     14.03330000	      0.01000173	      0.51899394	      0.49352739	      0.80775002	      0.01000175	      0.01001012
     14.06670000	      0.01000202	      0.43634913	      0.41501545	      0.70989599	      0.01000217	      0.01001759
     14.10000000	      0.01000195	      0.44085679	      0.41950828	      0.75194167	      0.01000230	      0.01003241
     14.13330000	      0.01000177	      0.52852587	      0.50336608	      0.91803166	      0.01000249	      0.01009669
     14.16670000	      0.01000000	      0.61286714	      0.59132958	      1.00000000	      0.01000000	      0.02403051
     14.20000000	      0.01000141	      0.69228004	      0.66052050	      0.93997614	      0.01000157	      0.01000758
     14.23330000	      0.01000181	      0.62135088	      0.59273459	      0.66657068	      0.01000146	      0.01000640
     14.26670000	      0.01000315	      0.45930470	      0.43756045	      0.47805157	      0.01000243	      0.01002835
     14.30000000	      0.01000321	      0.36666827	      0.34869245	      0.44477736	      0.01000250	      0.01001036
     14.33330000	      0.01000249	      0.41666144	      0.39575071	      0.61615112	      0.01000258	      0.01001025
     14.36670000	      0.01000284	      0.50922868	      0.48358908	      0.95759168	      0.01000366	      0.01007110
     14.40000000	      0.01000000	      0.81015127	      0.89023788	      0.99999999	      0.01000001	      0.99062981
     14.43330000	      0.01000007	      0.48369507	      0.46065880	      0.99999999	      0.01000015	      0.01299947
     14.46670000	      0.01000149	      0.46638482	      0.44513015	      0.90374576	      0.01000298	      0.01001801
     14.50000000	      0.01000153	      0.45069843	      0.43088950	      0.78226804	      0.01000292	      0.01001555
     14.53330000	      0.01000203	      0.42065329	      0.40265849	      0.65395676	      0.01000323	      0.01001188
     14.56670000	      0.01000197	      0.46802256	      0.44831132	      0.65972113	      0.01000279	      0.01000951
     14.60000000	      0.01000187	      0.50954082	      0.48822112	      0.68159581	      0.01000256	      0.01001398
     14.63330000	      0.01000202	      0.51340819	      0.49193064	      0.63625521	      0.01000271	      0.01002179
     14.66670000	      0.01000331	      0.49099294	      0.47025606	      0.52616013	      0.01000800	      0.01004726
     14.70000000	      0.01000553	      0.54773174	      0.52401490	      0.52122963	      0.01000546	      0.01004833
     14.73330000	      0.01000169	      0.62510552	      0.59692055	      0.66077844	      0.01000148	      0.01000600
     14.76670000	      0.01000000	      0.69649142	      0.66304917	      1.00000000	      0.01000000	      0.01658266
     14.80000000	      0.01000026	      0.57565525	      0.55425718	      0.99999974	      0.01000030	      0.04597788
     14.83330000	      0.01000141	      0.56490052	      0.53894099	      0.78556788	      0.01000179	      0.01001953
     14.86670000	      0.01000190	      0.49607926	      0.47303767	      0.51072181	      0.01000165	      0.01000554
     14.90000000	      0.01000275	      0.41635616	      0.39622030	      0.42416776	      0.01000192	      0.01000780
     14.93330000	      0.01000430	      0.41671948	      0.39556948	      0.49180111	      0.01000368	      0.01005773
     14.96670000	      0.01000211	      0.52264328	      0.49503865	      0.72291747	      0.01000162	      0.01000677
     15.00000000	      0.01000176	      0.62970035	      0.59558937	      0.99133192	      0.01000156	      0.01000995
     15.03330000	      0.01000000	      0.64866751	      0.54423293	      1.00000000	      0.01000000	      0.05243429
     15.06670000	      0.01000177	      0.48268583	      0.45584100	      0.84835051	      0.01000169	      0.01000880
     15.10000000	      0.01000232	      0.35506686	      0.33514417	      0.64570229	      0.01000225	      0.01001119
     15.13330000	      0.01000227	      0.36447453	      0.34391395	      0.69703302	      0.01000242	      0.01001817
     15.16670000	      0.01000179	      0.46222721	      0.43614910	      0.92283398	      0.01000203	      0.01001570
     15.20000000	      0.01000000	      0.49472645	      0.50285363	      1.00000000	      0.01000000	      0.01000258
     15.23330000	      0.01000191	      0.46359158	      0.43764458	      0.83061347	      0.01000200	      0.01001100
     15.26670000	      0.01000275	      0.36458983	      0.34410426	      0.59744535	      0.01000258	      0.01001064
     15.30000000	      0.01000307	      0.35781404	      0.33748972	      0.56536651	      0.01000271	      0.01001167
     15.33330000	      0.01000299	      0.45087514	      0.42484688	      0.73077767	      0.01000321	      0.01003930
     15.36670000	      0.01000200	      0.53350683	      0.50210636	      0.93712397	      0.01000181	      0.01000663
     15.40000000	      0.04380225	      0.54632393	      0.53004268	      0.93585445	      0.06213601	      0.09218328
     15.43330000	      0.01000000	      0.46637818	      0.43815139	      1.00000000	      0.01000000	      0.01006868
     15.46670000	      0.01000007	      0.43096832	      0.40992136	      0.99999990	      0.01000072	      0.03203150
     15.50000000	      0.01000022	      0.85035778	      0.89844314	      0.99999908	      0.01000023	      0.99195148
     15.53330000	      0.01000001	      0.66815955	      0.01684492	      0.99999980	      0.01000017	      0.02445594
     15.56670000	      0.01000158	      0.32481800	      0.30573562	      0.89676900	      0.01000271	      0.01001674
     15.60000000	      0.01000174	      0.30911527	      0.29145720	      0.79745052	      0.01000295	      0.01001752
     15.63330000	      0.01000199	      0.31298126	      0.29559655	      0.71051388	      0.01000312	      0.01005394
     15.66670000	      0.01000237	      0.33479428	      0.31657744	      0.61351082	      0.01000311	      0.01003765
     15.70000000	      0.01000256	      0.40638878	      0.38437939	      0.59280357	      0.01000249	      0.01001022
     15.73330000	      0.01000217	      0.50072735	      0.47315018	      0.74690138	      0.01000190	      0.01000742
     15.76670000	      0.01000000	      0.55807058	      0.41241452	      1.00000000	      0.01000000	      0.01002594
     15.80000000	      0.01000000	      0.42103089	      0.41279904	      1.00000000	      0.01000000	      0.23869107
     15.83330000	      0.01000144	      0.32652919	      0.30933238	      0.97521149	      0.01000333	      0.01002113
     15.86670000	      0.01000188	      0.30667002	      0.29156219	      0.62691461	      0.01000401	      0.01002646
     15.90000000	      0.01000247	      0.43492338	      0.41423124	      0.48167922	      0.01000273	      0.01001050
     15.93330000	      0.01000191	      0.67859313	      0.64553293	      0.64059586	      0.01000131	      0.01000467
     15.96670000	      0.01000016	      0.70825741	      0.69657806	      0.99999974	      0.01000030	      0.04729655
     16.00000000	      0.01000005	      0.32355774	      0.30857362	      0.99999995	      0.01000034	      0.02429386
     16.03330000	      0.01000114	      0.27628741	      0.26300013	      0.87780399	      0.01000377	      0.01002752
     16.06670000	      0.01000149	      0.30060591	      0.28746187	      0.66966352	      0.01000432	      0.01005115
     16.10000000	      0.01000163	      0.43436636	      0.41660030	      0.63691136	      0.01000308	      0.01001370
     16.13330000	      0.01000175	      0.60408284	      0.57984520	      0.53884599	      0.01000174	      0.01000623
     16.16670000	      0.01000169	      0.66881231	      0.64105775	      0.54364673	      0.01000130	      0.01000453
     16.20000000	      0.01000161	      0.68338245	      0.65343012	      0.66941065	      0.01000128	      0.01000499
     16.23330000	      0.01000148	      0.64812943	      0.61863070	      0.83589906	      0.01000155	      0.01000668
     16.26670000	      0.01000279	      0.58934627	      0.56227395	      0.88911831	      0.01000489	      0.01006639
     16.30000000	      0.01000144	      0.52758621	      0.50341178	      0.79886269	      0.01000197	      0.01000949
     16.33330000	      0.01000157	      0.45788915	      0.43698821	      0.74384043	      0.01000227	      0.01001458
     16.36670000	      0.01000144	      0.44332441	      0.42334572	      0.79267555	      0.01000205	      0.01000744
     16.40000000	      0.01000193	      0.51326707	      0.49070844	      0.88114837	      0.01000392	      0.01009687
     16.43330000	      0.01000211	      0.62298793	      0.59623070	      0.87468904	      0.01000368	      0.01005645
     16.46670000	      0.01000140	      0.67159898	      0.64284062	      0.73078832	      0.01000133	      0.01000600
     16.50000000	      0.01000339	      0.59840770	      0.57218596	      0.60821555	      0.01000330	      0.01005002
     16.53330000	      0.01000190	      0.53546124	      0.51124110	      0.60690279	      0.01000154	      0.01000714
     16.56670000	      0.01000240	      0.56845647	      0.54214316	      0.75178028	      0.01000802	      0.01003922
     16.60000000	      0.01000324	      0.67820706	      0.64652211	      0.96827935	      0.01000361	      0.01001811
     16.63330000	      0.01000000	      0.74477847	      0.73419661	      1.00000000	      0.01000000	      0.01208025
     16.66670000	      0.01000146	      0.81480537	      0.77612108	      0.96479522	      0.01000105	      0.01000536
     16.70000000	      0.01000166	      0.65132318	      0.61953539	      0.76080880	      0.01000114	      0.01000616
     16.73330000	      0.01000254	      0.48725384	      0.46271920	      0.62017649	      0.01000185	      0.01001516
     16.76670000	      0.01000208	      0.48895033	      0.46372373	      0.68516458	      0.01000155	      0.01000817
     16.80000000	      0.01000161	      0.61223338	      0.58015189	      0.90725165	      0.01000127	      0.01000656
     16.83330000	      0.01000009	      0.65485956	      0.63189762	      0.99999981	      0.01000012	      0.01000839
     16.86670000	      0.01000056	      0.62117121	      0.60856375	      0.99999887	      0.01000068	      0.01005700
     16.90000000	      0.01000222	      0.60787963	      0.57499553	      0.99994378	      0.01000181	      0.01000733
     16.93330000	      0.01000156	      0.55292171	      0.52285202	      0.96205099	      0.01000144	      0.01001333
     16.96670000	      0.01000163	      0.49159288	      0.46484629	      0.91347500	      0.01000164	      0.01001437
     17.00000000	      0.01000183	      0.41328496	      0.39097497	      0.83951597	      0.01000210	      0.01004708
     17.03330000	      0.01000173	      0.38435563	      0.36404289	      0.84637145	      0.01000229	      0.01001481
     17.06670000	      0.01000006	      0.44639398	      0.44227023	      0.99999984	      0.01000012	      0.01959450
     17.10000000	      0.01000006	      0.51223723	      0.48827597	      0.99999996	      0.01000050	      0.01746123
     17.13330000	      0.01000005	      0.62033722	      0.59255712	      0.99999990	      0.01000056	      0.03198957
     17.16670000	      0.01000025	      0.70565566	      0.67586654	      0.99999942	      0.01000046	      0.01149041
     17.20000000	      0.01000166	      0.58953240	      0.56226169	      0.79122423	      0.01000156	      0.01000806
     17.23330000	      0.01000195	      0.50615942	      0.48268932	      0.68354908	      0.01000186	      0.01001090
     17.26670000	      0.01000186	      0.53474129	      0.50991474	      0.72516797	      0.01000183	      0.01001140
     17.30000000	      0.01000160	      0.60668080	      0.57850636	      0.85558109	      0.01000164	      0.01000910
     17.33330000	      0.01000142	      0.64373332	      0.61392896	      0.97065086	      0.01000162	      0.01000803
     17.36670000	      0.01000323	      0.63742333	      0.60816012	      0.95903114	      0.01000477	      0.01001920
     17.40000000	      0.01000141	      0.64301062	      0.61375018	      0.88167155	      0.01000155	      0.01000737
     17.43330000	      0.01000151	      0.65735803	      0.62739809	      0.83952912	      0.01000150	      0.01000712
     17.46670000	      0.01000147	      0.64106226	      0.61165513	      0.87907011	      0.01000155	      0.01000757
     17.50000000	      0.01000162	      0.56836235	      0.54226879	      0.89175597	      0.01000215	      0.01003844
     17.53330000	      0.01000145	      0.51235078	      0.48910184	      0.85062192	      0.01000200	      0.01001126
     17.56670000	      0.01000146	      0.52265080	      0.49938289	      0.82852333	      0.01000199	      0.01001013
     17.60000000	      0.01000143	      0.59151963	      0.56561190	      0.83094410	      0.01000173	      0.01001012
     17.63330000	      0.01000149	      0.65719629	      0.62857097	      0.80652245	      0.01000169	      0.01000959
     17.66670000	      0.01000152	      0.64506984	      0.61676240	      0.76666112	      0.01000143	      0.01000705
     17.70000000	      0.01000158	      0.59066448	      0.56447272	      0.75795227	      0.01000157	      0.01000779
     17.73330000	      0.01000158	      0.53886559	      0.51487260	      0.76633846	      0.01000181	      0.01000908
     17.76670000	      0.01000169	      0.49389811	      0.47200760	      0.72108788	      0.01000204	      0.01001004
     17.80000000	      0.01000192	      0.45522950	      0.43522025	      0.63650215	      0.01000226	      0.01001041
     17.83330000	      0.01000209	      0.44343814	      0.42406199	      0.59437975	      0.01000241	      0.01001469
     17.86670000	      0.01000194	      0.48740792	      0.46618385	      0.66835777	      0.01000244	      0.01003862
     17.90000000	      0.01000155	      0.56458530	      0.54016121	      0.81113452	      0.01000200	      0.01000850
     17.93330000	      0.01000144	      0.60663824	      0.58069533	      0.85244791	      0.01000190	      0.01001040
     17.96670000	      0.01000155	      0.58765151	      0.56276124	      0.74765624	      0.01000193	      0.01000751
     18.00000000	      0.01000178	      0.53676633	      0.51404273	      0.64096266	      0.01000208	      0.01000777
     18.03330000	      0.01000196	      0.52573612	      0.50338947	      0.68946322	      0.01000291	      0.01003591
     18.06670000	      0.01000300	      0.56459188	      0.54069850	      0.87945280	      0.01000638	      0.01008365
     18.10000000	      0.01000199	      0.55150433	      0.52867862	      0.89949310	      0.01000417	      0.01004664
     18.13330000	      0.01000147	      0.58492972	      0.56130983	      0.81402847	      0.01000223	      0.01000755
     18.16670000	      0.01000169	      0.59610051	      0.57221743	      0.65169070	      0.01000185	      0.01000640
     18.20000000	      0.01000148	      0.65211024	      0.62551867	      0.63981818	      0.01000142	      0.01000512
     18.23330000	      0.01000145	      0.64823705	      0.62105362	      0.70364041	      0.01000140	      0.01000552
     18.26670000	      0.01000131	      0.63763664	      0.61036959	      0.79671176	      0.01000145	      0.01000625
     18.30000000	      0.01000278	      0.61960252	      0.59285924	      0.74677104	      0.01001228	      0.01003605
     18.33330000	      0.01000337	      0.61170126	      0.58486197	      0.61485758	      0.01000359	      0.01006101
     18.36670000	      0.01000211	      0.55010740	      0.52506817	      0.51125304	      0.01000147	      0.01000770
     18.40000000	      0.01000264	      0.44251696	      0.42133220	      0.45441354	      0.01000175	      0.01000730
     18.43330000	      0.01000270	      0.41877547	      0.39778494	      0.51044971	      0.01000196	      0.01000831
     18.46670000	      0.01000343	      0.49237552	      0.46691432	      0.67335617	      0.01000879	      0.01006706
     18.50000000	      0.01000185	      0.57363399	      0.54338427	      0.83100851	      0.01000159	      0.01000668
     18.53330000	      0.01000192	      0.58161835	      0.55044694	      0.89503534	      0.01000190	      0.01001910
     18.56670000	      0.01000190	      0.51637899	      0.48834895	      0.88897114	      0.01000212	      0.01001320
     18.60000000	      0.01000176	      0.45235927	      0.42769402	      0.88321020	      0.01000212	      0.01001632
     18.63330000	      0.01000168	      0.44912127	      0.42478797	      0.89372767	      0.01000216	      0.01001131
     18.66670000	      0.01000175	      0.50260310	      0.47564812	      0.92758143	      0.01000217	      0.01002132
     18.70000000	      0.01000156	      0.56731456	      0.53703186	      0.95720611	      0.01000168	      0.01000829
     18.73330000	      0.01000153	      0.59081154	      0.55914185	      0.98471318	      0.01000153	      0.01000700
     18.76670000	      0.01000002	      0.57590955	      0.52942978	      0.99999995	      0.01000003	      0.02521761
     18.80000000	      0.01000145	      0.51179445	      0.48411708	      0.98914641	      0.01000175	      0.01000954
     18.83330000	      0.01000151	      0.46533829	      0.44031379	      0.92796491	      0.01000193	      0.01001045
     18.86670000	      0.01000156	      0.46930101	      0.44432450	      0.89185837	      0.01000193	      0.01001031
     18.90000000	      0.01000164	      0.50527294	      0.47860946	      0.85750259	      0.01000177	      0.01001102
     18.93330000	      0.01000183	      0.52408764	      0.49639064	      0.80030330	      0.01000164	      0.01000869
     18.96670000	      0.01000198	      0.51666029	      0.48903581	      0.77014183	      0.01000166	      0.01001018
     19.00000000	      0.01000199	      0.50097382	      0.47377887	      0.78806350	      0.01000170	      0.01000854
     19.03330000	      0.01000187	      0.50362030	      0.47595860	      0.84791333	      0.01000173	      0.01000860
     19.06670000	      0.01000175	      0.52663447	      0.49751576	      0.90726240	      0.01000169	      0.01000824
     19.10000000	      0.01000174	      0.55069913	      0.52007919	      0.92067577	      0.01000161	      0.01000816
     19.13330000	      0.01000181	      0.55200513	      0.52101036	      0.90643863	      0.01000157	      0.01000814
     19.16670000	      0.01000183	      0.52554316	      0.49563110	      0.91784475	      0.01000164	      0.01000836
     19.20000000	      0.01000829	      0.49533515	      0.46686505	      0.98061201	      0.01000863	      0.01006353
     19.23330000	      0.01000000	      0.46492510	      0.48139551	      0.99999987	      0.01000009	      0.06859369
     19.26670000	      0.01003928	      0.49026076	      0.47607531	      0.99990970	      0.01004613	      0.09103465
     19.30000000	      0.01000211	      0.46764662	      0.44132123	      0.97107231	      0.01000274	      0.01006030
     19.33330000	      0.01000173	      0.45718447	      0.43167875	      0.90940752	      0.01000204	      0.01001831
     19.36670000	      0.01000177	      0.45595017	      0.43067802	      0.89422474	      0.01000206	      0.01001714
     19.40000000	      0.01000171	      0.47771244	      0.45139742	      0.93588303	      0.01000202	      0.01001528
     19.43330000	      0.01000155	      0.48819305	      0.46149008	      0.98865916	      0.01000191	      0.01000990
     19.46670000	      0.01000152	      0.44313335	      0.41919483	      0.97705950	      0.01000215	      0.01001920
     19.50000000	      0.01000160	      0.37401730	      0.35432423	      0.88105925	      0.01000261	      0.01001704
     19.53330000	      0.01000167	      0.34363799	      0.32623951	      0.78709894	      0.01000301	      0.01001794
     19.56670000	      0.01000179	      0.37995059	      0.36153379	      0.77525301	      0.01000313	      0.01012427
     19.60000000	      0.01000154	      0.49641165	      0.47321354	      0.87940456	      0.01000236	      0.01002321
     19.63330000	      0.01000000	      0.59435175	      0.57147331	      1.00000000	      0.01000000	      0.06132326
     19.66670000	      0.01000000	      0.67053919	      0.68822240	      1.00000000	      0.01000000	      0.52868432
     19.70000000	      0.01000112	      0.45737220	      0.43824469	      0.95510693	      0.01000260	      0.01001384
     19.73330000	      0.01000159	      0.39971628	      0.38396946	      0.65794899	      0.01000319	      0.01002669
     19.76670000	      0.01000161	      0.52411959	      0.50424215	      0.61222184	      0.01000224	      0.01000776
     19.80000000	      0.01000151	      0.71942791	      0.69216353	      0.62278776	      0.01000141	      0.01000495
     19.83330000	      0.01000131	      0.78523354	      0.75456014	      0.71343225	      0.01000113	      0.01000388
     19.86670000	      0.01000164	      0.67473972	      0.64766005	      0.81373878	      0.01000196	      0.01000870
     19.90000000	      0.01000165	      0.52608693	      0.50499967	      0.80808740	      0.01000228	      0.01000618
     19.93330000	      0.01000131	      0.53275645	      0.51188690	      0.77275193	      0.01000197	      0.01000702
     19.96670000	      0.01000120	      0.67194465	      0.64612928	      0.80060270	      0.01000159	      0.01000580
     20.00000000	      0.01000119	      0.80381406	      0.77289081	      0.77670512	      0.01000116	      0.01000442
     20.03330000	      0.01000123	      0.79993423	      0.76840443	      0.72365386	      0.01000102	      0.01000385
     20.06670000	      0.01000146	      0.68225430	      0.65441160	      0.64981720	      0.01000116	      0.01000476
     20.10000000	      0.01000253	      0.59109989	      0.56618573	      0.60720023	      0.01000233	      0.01002614
     20.13330000	      0.01000350	      0.63959642	      0.61189134	      0.65297476	      0.01000332	      0.01003234
     20.16670000	      0.01000142	      0.78831590	      0.75309691	      0.74683360	      0.01000097	      0.01000455
     20.20000000	      0.01000164	      0.85571718	      0.81571359	      0.81176891	      0.01000099	      0.01000499
     20.23330000	      0.01000697	      0.74288692	      0.70634866	      0.82593965	      0.01000383	      0.01002078
     20.26670000	      0.01000174	      0.57385061	      0.54448515	      0.80839010	      0.01000128	      0.01000696
     20.30000000	      0.01000175	      0.47857296	      0.45368998	      0.78953155	      0.01000160	      0.01001081
     20.33330000	      0.01000192	      0.47118743	      0.44664451	      0.78818216	      0.01000208	      0.01003547
     20.36670000	      0.01000172	      0.50602296	      0.47972189	      0.83767326	      0.01000167	      0.01000972
     20.40000000	      0.01000166	      0.50435014	      0.47819645	      0.89206597	      0.01000172	      0.01001431
     20.43330000	      0.01000157	      0.45476216	      0.43144247	      0.92174676	      0.01000196	      0.01001202
     20.46670000	      0.01000147	      0.42464932	      0.40353538	      0.93461455	      0.01000222	      0.01001454
     20.50000000	      0.01000134	      0.47798111	      0.45529758	      0.99725235	      0.01000215	      0.01001341
     20.53330000	      0.01000012	      0.69371323	      0.65148197	      0.99999972	      0.01000025	      0.30193868
     20.56670000	      0.01000135	      0.70599786	      0.67485459	      0.94597644	      0.01000150	      0.01000727
     20.60000000	      0.01000170	      0.64516977	      0.61674586	      0.69278336	      0.01000143	      0.01000685
     20.63330000	      0.01000253	      0.44751568	      0.42743177	      0.49387524	      0.01000209	      0.01001243
     20.66670000	      0.01000310	      0.34269420	      0.32704564	      0.43812219	      0.01000302	      0.01001527
     20.70000000	      0.01000215	      0.43846902	      0.41835597	      0.66651462	      0.01000262	      0.01001227
     20.73330000	      0.01000000	      0.64533407	      0.50572412	      1.00000000	      0.01000000	      0.02649358
     20.76670000	      0.01000000	      0.56110002	      0.53728585	      1.00000000	      0.01000004	      0.01039487
     20.80000000	      0.01000153	      0.46702951	      0.44732620	      0.77462077	      0.01000264	      0.01000848
     20.83330000	      0.01000320	      0.31406383	      0.30122748	      0.47225228	      0.01000493	      0.01001322
     20.86670000	      0.01000267	      0.37886943	      0.36368335	      0.50278754	      0.01000389	      0.01001127
     20.90000000	      0.01000203	      0.56494796	      0.54252585	      0.62028277	      0.01000264	      0.01000851
     20.93330000	      0.01000174	      0.66885584	      0.64209023	      0.68697655	      0.01000193	      0.01000520
     20.96670000	      0.01000182	      0.58701960	      0.56307708	      0.67740113	      0.01000216	      0.01000618
     21.00000000	      0.01000199	      0.41518215	      0.39806956	      0.64781038	      0.01000333	      0.01001004
     21.03330000	      0.01000221	      0.32269926	      0.30959741	      0.57087436	      0.01000467	      0.01001480
     21.06670000	      0.01000226	      0.35527619	      0.34126628	      0.53338379	      0.01000451	      0.01004012
     21.10000000	      0.01000220	      0.43926742	      0.42224855	      0.50138421	      0.01000317	      0.01000840
     21.13330000	      0.01000243	      0.45338499	      0.43564473	      0.44530996	      0.01000263	      0.01000704
     21.16670000	      0.01000256	      0.42024103	      0.40336833	      0.48365503	      0.01000290	      0.01000957
     21.20000000	      0.01000213	      0.38416480	      0.36853057	      0.60430694	      0.01000353	      0.01001154
     21.23330000	      0.01000190	      0.38082874	      0.36557714	      0.64867522	      0.01000392	      0.01001266
     21.26670000	      0.01000191	      0.40846991	      0.39256707	      0.60997044	      0.01000368	      0.01001123
     21.30000000	      0.01000228	      0.40001331	      0.38472226	      0.47694427	      0.01000345	      0.01000939
     21.33330000	      0.01000306	      0.36601951	      0.35197108	      0.33110656	      0.01000319	      0.01000850
     21.36670000	      0.01000467	      0.43134442	      0.41414005	      0.29607108	      0.01000363	      0.01000762
     21.40000000	      0.01000155	      0.86491385	      0.82798360	      0.67697445	      0.01000102	      0.01000307
     21.43330000	      0.01000020	      0.74769014	      0.72774924	      0.99999965	      0.01000040	      0.06886554
     21.46670000	      0.01000404	      0.80409087	      0.64670234	      0.99998551	      0.01001214	      0.72768365
     21.50000000	      0.01000138	      0.46178049	      0.44102875	      0.65493607	      0.01000189	      0.01001247
     21.53330000	      0.01000211	      0.40567101	      0.38729691	      0.40644884	      0.01000181	      0.01000438
     21.56670000	      0.01000255	      0.43360940	      0.41307477	      0.41666321	      0.01000162	      0.01000827
     21.60000000	      0.01000298	      0.47304812	      0.44939419	      0.53171932	      0.01000190	      0.01001756
     21.63330000	      0.01000209	      0.50659759	      0.48014919	      0.68354657	      0.01000141	      0.01000930
     21.66670000	      0.01000307	      0.56228473	      0.53217809	      0.85689464	      0.01000238	      0.01003442
     21.70000000	      0.01000155	      0.61587650	      0.58242529	      0.94048197	      0.01000116	      0.01000628
     21.73330000	      0.01000155	      0.67245112	      0.63535577	      0.96245483	      0.01000105	      0.01000530
     21.76670000	      0.01000032	      0.71447929	      0.67163172	      0.99999160	      0.01000002	      0.01634330
     21.80000000	      0.01002340	      0.69034421	      0.57929835	      0.99842051	      0.01001947	      0.01000198
     21.83330000	      0.01000002	      0.66277156	      0.52306411	      0.99999997	      0.01000003	      0.04934923
     21.86670000	      0.01000025	      0.53884010	      0.51194701	      0.99999960	      0.01000054	      0.01003356
     21.90000000	      0.01000758	      0.69205127	      0.69809333	      0.99999983	      0.01000059	      0.31514462
     21.93330000	      0.01000000	      0.47489292	      0.46002519	      1.00000000	      0.01000000	      0.06022222
     21.96670000	      0.01000058	      0.39080902	      0.37046753	      0.99999786	      0.01000037	      0.03802692
     22.00000000	      0.01000052	      0.42512153	      0.33769957	      0.99999835	      0.01000077	      0.02239120
     22.03330000	      0.01000157	      0.41656356	      0.39166749	      0.88972450	      0.01000170	      0.01003742
     22.06670000	      0.01002170	      0.10701525	      0.10068622	      0.02836383	      0.01001017	      0.01003023
     22.10000000	      0.01000458	      0.32066863	      0.30114864	      0.36044520	      0.01000221	      0.01000470
     22.13330000	      0.01000018	      0.84586170	      0.83803378	      0.99999599	      0.01000037	      0.32041221
     22.16670000	      0.01000001	      0.58673036	      0.38595764	      0.99999998	      0.01000001	      0.18369025
     22.20000000	      0.01000000	      0.02654165	      0.54125232	      1.00000000	      0.01000000	      0.01160634
     22.23330000	      0.01000000	      0.64187226	      0.74187941	      0.99999981	      0.01000004	      0.98119140
     22.26670000	      0.01000013	      0.38984273	      0.35672323	      0.99999975	      0.01000009	      0.03161550
     22.30000000	      0.01000050	      0.50434116	      0.44652843	      0.99999846	      0.01000063	      0.01413394
     22.33330000	      0.01000000	      0.57997545	      0.55044830	      0.99999999	      0.01000000	      0.04032175
     22.36670000	      0.01000177	      0.37713378	      0.35506529	      0.62595169	      0.01000113	      0.01000594
     22.40000000	      0.01000508	      0.14737253	      0.13866131	      0.22030048	      0.01000367	      0.01001892
     22.43330000	      0.01000521	      0.12688402	      0.11933704	      0.23595097	      0.01000460	      0.01003172
     22.46670000	      0.01000207	      0.27130401	      0.25530679	      0.66869833	      0.01000234	      0.01001953
     22.50000000	      0.01000000	      0.46172004	      0.45511201	      1.00000000	      0.01000000	      0.29834747
     22.53330000	      0.01000052	      0.46327551	      0.57760193	      0.99999788	      0.01000173	      0.30959092
     22.56670000	      0.01000000	      0.62628074	      0.59395420	      1.00000000	      0.01000000	      0.02876623
     22.60000000	      0.01005999	      0.79823299	      0.99345814	      0.99992945	      0.01005972	      0.02269318
     22.63330000	      0.01000403	      0.55279333	      0.52443547	      0.64228827	      0.01000184	      0.01002382
     22.66670000	      0.01000000	      0.70716818	      0.59505122	      1.00000000	      0.01000000	      0.01000023
     22.70000000	      0.01000000	      0.97337558	      0.99554602	      1.00000000	      0.01000000	      0.92140886
     22.73330000	      0.01000033	      0.65021649	      0.59187738	      0.99999919	      0.01000046	      0.01133732
     22.76670000	      0.01000261	      0.41514424	      0.39326561	      0.50307887	      0.01000169	      0.01000697
     22.80000000	      0.06795979	      0.02257317	      0.02173943	      0.01005793	      0.02295609	      0.01035414
     22.83330000	      0.01000504	      0.28204410	      0.26633222	      0.41369154	      0.01000377	      0.01004067
     22.86670000	      0.01000000	      0.55990664	      0.52843255	      1.00000000	      0.01000000	      0.01191581
     22.90000000	      0.01000002	      0.54364937	      0.51767626	      0.99999998	      0.01000008	      0.14940766
     22.93330000	      0.01000000	      0.49409606	      0.46872530	      1.00000000	      0.01000000	      0.05310661
     22.96670000	      0.01000254	      0.31256485	      0.29558652	      0.49743244	      0.01000231	      0.01001337
     23.00000000	      0.02682508	      0.04060368	      0.03744780	      0.01000709	      0.01013409	      0.01004395
     23.03330000	      0.01000343	      0.35425972	      0.33444711	      0.47164773	      0.01000223	      0.01001016
     23.06670000	      0.01000416	      0.68621047	      0.63564204	      0.99998553	      0.01000618	      0.01199036
     23.10000000	      0.01000022	      0.65173995	      0.59181120	      0.99999957	      0.01000021	      0.04229970
     23.13330000	      0.01000010	      0.95444743	      0.99500984	      0.99999978	      0.01000007	      0.76337449
     23.16670000	      0.01000003	      0.37071132	      0.34815119	      0.99999998	      0.01000026	      0.01350345
     23.20000000	      0.01000000	      0.40316056	      0.51152529	      1.00000000	      0.01000000	      0.45940775
     23.23330000	      0.01000061	      0.48062518	      0.22226739	      0.99999924	      0.01000058	      0.06033201
     23.26670000	      0.01000167	      0.45721582	      0.43332629	      0.78481338	      0.01000207	      0.01003909
     23.30000000	      0.01000382	      0.57816583	      0.54816254	      0.64967835	      0.01000246	      0.01003720
     23.33330000	      0.01001094	      0.63717021	      0.60295796	      0.79389043	      0.01000557	      0.01003268
     23.36670000	      0.01000166	      0.66180805	      0.62506037	      0.99535923	      0.01000117	      0.01000538
     23.40000000	      0.01000018	      0.61174320	      0.58063952	      0.99999975	      0.01000104	      0.09739485
     23.43330000	      0.01000014	      0.47885373	      0.46044904	      0.99999975	      0.01000023	      0.01385882
     23.46670000	      0.01000003	      0.59082262	      0.60658395	      0.99999989	      0.01000009	      0.41903491
     23.50000000	      0.01000025	      0.56741651	      0.56308791	      0.99999942	      0.01000445	      0.42337261
     23.53330000	      0.01000144	      0.39193438	      0.37147025	      0.91376246	      0.01000220	      0.01001567
     23.56670000	      0.01000148	      0.39438545	      0.37469538	      0.88565052	      0.01000231	      0.01001587
     23.60000000	      0.01000000	      0.84453868	      0.01049243	      1.00000000	      0.01000000	      0.01041641
     23.63330000	      0.01000000	      0.54227257	      0.51765958	      1.00000000	      0.01000000	      0.13444065
     23.66670000	      0.01000000	      0.62711376	      0.60010391	      1.00000000	      0.01000000	      0.01295623
     23.70000000	      0.01004504	      0.78746456	      0.77028574	      0.99994936	      0.01003901	      0.05240477
     23.73330000	      0.01000118	      0.82718981	      0.79318703	      0.95442605	      0.01000099	      0.01000566
     23.76670000	      0.01000163	      0.69917058	      0.67003574	      0.58452644	      0.01000101	      0.01000481
     23.80000000	      0.01000272	      0.80991196	      0.77437211	      0.50252905	      0.01000118	      0.01000638
     23.83330000	      0.01000155	      0.94798175	      0.90182980	      0.69232449	      0.01000058	      0.01000249
     23.86670000	      0.01000225	      0.66833923	      0.63222009	      0.71353668	      0.01000097	      0.01000427
     23.90000000	      0.01000336	      0.33693266	      0.31749997	      0.52522444	      0.01000203	      0.01000991
     23.93330000	      0.01000285	      0.29100712	      0.27376099	      0.62239153	      0.01000273	      0.01001293
     23.96670000	      0.01000084	      0.47637388	      0.47448216	      0.99999715	      0.01000164	      0.42297466
     24.00000000	      0.01000022	      0.32677637	      0.26119459	      0.99999922	      0.01000750	      0.05007077
     24.03330000	      0.01000002	      0.51266572	      0.71064434	      0.99999941	      0.01000059	      0.61043241
     24.06670000	      0.01000136	      0.68256704	      0.65051248	      0.80823442	      0.01000116	      0.01000664
     24.10000000	      0.01000195	      0.78939567	      0.75143142	      0.72435242	      0.01000105	      0.01000591
     24.13330000	      0.01000161	      0.94196431	      0.89411395	      0.94256048	      0.01000080	      0.01000398
     24.16670000	      0.01000202	      0.80937391	      0.76577212	      0.95722102	      0.01000106	      0.01000467
     24.20000000	      0.01000208	      0.51566961	      0.48661454	      0.73438456	      0.01000125	      0.01000672
     24.23330000	      0.01000237	      0.40727595	      0.38369636	      0.67247204	      0.01000172	      0.01001308
     24.26670000	      0.01000466	      0.53781201	      0.50628177	      0.98335367	      0.01000391	      0.01002903
     24.30000000	      0.01000229	      0.88336899	      0.92111699	      0.99999509	      0.01000287	      0.67008596
     24.33330000	      0.01000000	      0.56704090	      0.54352786	      0.99999995	      0.01000001	      0.04749165
     24.36670000	      0.01000000	      0.57556402	      0.53858074	      1.00000000	      0.01000002	      0.01075180
     24.40000000	      0.01000003	      0.63242500	      0.55645656	      0.99999645	      0.01000045	      0.08979396
     24.43330000	      0.01000083	      0.55833743	      0.50252652	      0.99999965	      0.01000102	      0.01065966
     24.46670000	      0.01000000	      0.52476118	      0.46086044	      1.00000000	      0.01000000	      0.01387151
     24.50000000	      0.01000015	      0.76519136	      0.80922824	      0.99999927	      0.01000008	      0.52421505
     24.53330000	      0.01000447	      0.20945889	      0.19649233	      0.37274217	      0.01000311	      0.01000930
     24.56670000	      0.01000634	      0.16625566	      0.15585753	      0.24013422	      0.01000465	      0.01001758
     24.60000000	      0.01000003	      0.54776002	      0.51810464	      0.99999995	      0.01000006	      0.02861006
     24.63330000	      0.01000052	      0.62982711	      0.61838574	      0.99999886	      0.01000068	      0.25138193
     24.66670000	      0.01000000	      0.53909974	      0.51066730	      1.00000000	      0.01000000	      0.26900641
     24.70000000	      0.01000022	      0.39301112	      0.36734493	      0.99999984	      0.01000088	      0.06512756
     24.73330000	      0.01000464	      0.12973950	      0.12152156	      0.30399449	      0.01000527	      0.01003293
     24.76670000	      0.01000155	      0.34575865	      0.32425131	      0.96854546	      0.01000198	      0.01001441
     24.80000000	      0.01000016	      0.56816387	      0.58626905	      0.99999935	      0.01000043	      0.56407458
     24.83330000	      0.01000000	      0.43324662	      0.41081559	      1.00000000	      0.01000000	      0.04923712
     24.86670000	      0.01000001	      0.54704581	      0.51524645	      0.99999836	      0.01000088	      0.06925945
     24.90000000	      0.01000507	      0.62408465	      0.58940601	      0.95702795	      0.01000383	      0.01003717
     24.93330000	      0.01000000	      0.54664508	      0.65174967	      1.00000000	      0.01000000	      0.01220365
     24.96670000	      0.01000153	      0.47398233	      0.44697983	      0.98808323	      0.01000154	      0.01000963
     25.00000000	      0.01000209	      0.28929470	      0.27304734	      0.69413774	      0.01000269	      0.01001930
     25.03330000	      0.01000150	      0.45487458	      0.43017079	      0.98521068	      0.01000198	      0.01001782
     25.06670000	      0.01000025	      0.73366062	      0.70249359	      0.99999992	      0.01000289	      0.03923357
     25.10000000	      0.01000034	      0.92211698	      0.91479479	      0.99999964	      0.01000195	      0.05041602
     25.13330000	      0.01001551	      0.65508368	      0.73185010	      0.99997155	      0.01001475	      0.01810501
     25.16670000	      0.01827557	      0.01027443	      0.01029266	      0.01096438	      0.03976363	      0.01673349
     25.20000000	      0.01001047	      0.03499379	      0.03341357	      0.08196408	      0.01000022	      0.01036754
     25.23330000	      0.01000040	      0.72099903	      0.69426954	      0.99999962	      0.01000158	      0.62703793
     25.26670000	      0.01000004	      0.68996913	      0.66561538	      0.99999989	      0.01000007	      0.31747381
     25.30000000	      0.01000000	      0.59441395	      0.57271016	      0.99999996	      0.01000001	      0.05170991
     25.33330000	      0.01000190	      0.46020613	      0.43474392	      0.78810402	      0.01000167	      0.01001043
     25.36670000	      0.01000166	      0.55608292	      0.52520422	      0.94264028	      0.01000147	      0.01001059
     25.40000000	      0.01000000	      0.59359306	      0.57169203	      0.99999998	      0.01000003	      0.05057753
     25.43330000	      0.01000012	      0.55388355	      0.51852605	      0.99999972	      0.01000094	      0.01001339
     25.46670000	      0.01000000	      0.56057131	      0.51741158	      1.00000000	      0.01000009	      0.01688218
     25.50000000	      0.01000005	      0.99235229	      0.98320834	      0.99999991	      0.01000010	      0.72755760
     25.53330000	      0.01000174	      0.54220720	      0.51165258	      0.88346302	      0.01000134	      0.01000751
     25.56670000	      0.01000551	      0.15638878	      0.14751902	      0.28248894	      0.01000492	      0.01005860
     25.60000000	      0.08603224	      0.01051022	      0.01053958	      0.01012854	      0.08791893	      0.02322087
     25.63330000	      0.01000658	      0.11966952	      0.11302870	      0.26989390	      0.01000901	      0.01004942
     25.66670000	      0.01000001	      0.55533909	      0.49639556	      0.99999999	      0.01000013	      0.01090858
     25.70000000	      0.01000053	      0.71264655	      0.56985589	      0.99999884	      0.01000097	      0.06961790
     25.73330000	      0.01000003	      0.78222667	      0.81039282	      0.99999995	      0.01000024	      0.30634349
     25.76670000	      0.01000195	      0.42993892	      0.40681782	      0.64270183	      0.01000160	      0.01000972
     25.80000000	      0.01000996	      0.08861400	      0.08373299	      0.13674672	      0.01000767	      0.01005602
     25.83330000	      0.01000345	      0.24071945	      0.22718845	      0.43190986	      0.01000294	      0.01001278
     25.86670000	      0.01000192	      0.39837602	      0.37585316	      0.78856446	      0.01000197	      0.01002148
     25.90000000	      0.01000208	      0.38051539	      0.35913329	      0.74620520	      0.01000222	      0.01003257
     25.93330000	      0.01000266	      0.35697046	      0.33708430	      0.57173824	      0.01000252	      0.01001196
     25.96670000	      0.01000413	      0.50058134	      0.47257166	      0.68690161	      0.01001083	      0.01007272
     26.00000000	      0.01000001	      0.71617123	      0.67806717	      0.99999995	      0.01000023	      0.02518914
     26.03330000	      0.01000037	      0.61945129	      0.57449094	      0.99999948	      0.01000106	      0.04516133
     26.06670000	      0.01000000	      0.54351287	      0.52589290	      1.00000000	      0.01000000	      0.16668880
     26.10000000	      0.01000003	      0.41382769	      0.38937369	      0.99999998	      0.01000027	      0.01377611
     26.13330000	      0.01000006	      0.46079104	      0.43244662	      0.99999950	      0.01000560	      0.01234643
     26.16670000	      0.01000002	      0.56535304	      0.54177341	      0.99999998	      0.01000007	      0.04201829
     26.20000000	      0.01000000	      0.61385397	      0.56173401	      1.00000000	      0.01000000	      0.01072548
     26.23330000	      0.01000246	      0.35825901	      0.33601839	      0.68526115	      0.01000176	      0.01001195
     26.26670000	      0.01000345	      0.17925361	      0.16789579	      0.45385147	      0.01000330	      0.01002024
     26.30000000	      0.01000202	      0.28292096	      0.26504731	      0.76226295	      0.01000241	      0.01001624
     26.33330000	      0.01000000	      0.76636819	      0.80742858	      1.00000000	      0.01000000	      0.80864786
     26.36670000	      0.01000008	      0.92249631	      0.93037839	      0.99999930	      0.01000039	      0.98867257
     26.40000000	      0.01000018	      0.43164180	      0.45019903	      0.99999952	      0.01000028	      0.06403425
     26.43330000	      0.01000000	      0.43851022	      0.42784067	      1.00000000	      0.01000000	      0.08695323
     26.46670000	      0.01000000	      0.44744064	      0.42193550	      1.00000000	      0.01000000	      0.07498784
     26.50000000	      0.01000048	      0.49903199	      0.46913282	      0.99999974	      0.01000000	      0.03531567
     26.53330000	      0.01000000	      0.59579874	      0.56614720	      1.00000000	      0.01000000	      0.06818312
     26.56670000	      0.01000018	      0.64067202	      0.57454776	      0.99999964	      0.01000024	      0.09318779
     26.60000000	      0.01000345	      0.56694268	      0.53820907	      0.99998922	      0.01000656	      0.04231456
     26.63330000	      0.01000258	      0.40372848	      0.38110492	      0.68425584	      0.01000271	      0.01008813
     26.66670000	      0.01000198	      0.51059735	      0.48189585	      0.82888548	      0.01000170	      0.01000868
     26.70000000	      0.01000000	      0.56181433	      0.52748524	      1.00000000	      0.01000002	      0.01040771
     26.73330000	      0.01000000	      0.42997002	      0.41209636	      1.00000000	      0.01000000	      0.10059093
     26.76670000	      0.01000028	      0.33618692	      0.30928823	      0.99999977	      0.01000049	      0.08743752
     26.80000000	      0.01000838	      0.29847084	      0.28394780	      0.81334659	      0.01001743	      0.01026587
     26.83330000	      0.08874005	      0.07023785	      0.06707334	      0.01004832	      0.01014943	      0.01009223
     26.86670000	      0.01000230	      0.49365724	      0.47174520	      0.46940910	      0.01000144	      0.01000733
     26.90000000	      0.01000120	      0.99888258	      0.96607405	      0.99693699	      0.01000067	      0.01000370
     26.93330000	      0.01000138	      0.83347735	      0.79442035	      0.95023478	      0.01000086	      0.01000485
     26.96670000	      0.01000218	      0.48547140	      0.46234895	      0.62616172	      0.01000168	      0.01001185
     27.00000000	      0.01000275	      0.43350310	      0.41274500	      0.49517247	      0.01000206	      0.01001538
     27.03330000	      0.01000205	      0.69403506	      0.66024483	      0.65524738	      0.01000114	      0.01000514
     27.06670000	      0.01000155	      0.99407412	      0.95037414	      0.91600248	      0.01000071	      0.01000289
     27.10000000	      0.01000000	      0.95646823	      0.80578139	      1.00000000	      0.01000000	      0.02953094
     27.13330000	      0.01000000	      0.71479239	      0.68535364	      1.00000000	      0.01000000	      0.14256062
     27.16670000	      0.01000001	      0.53609455	      0.52501838	      0.99999915	      0.01000046	      0.15147170
     27.20000000	      0.01002250	      0.38229106	      0.60198807	      0.99994949	      0.01003329	      0.03134242
     27.23330000	      0.01000001	      0.60242948	      0.56609956	      0.99999999	      0.01000005	      0.05644181
     27.26670000	      0.01000000	      0.58703621	      0.55248742	      1.00000000	      0.01000000	      0.05233074
     27.30000000	      0.01000190	      0.46099895	      0.43336723	      0.95707576	      0.01000184	      0.01001288
     27.33330000	      0.01000228	      0.32308851	      0.30365546	      0.79872113	      0.01000264	      0.01012958
     27.36670000	      0.01000177	      0.33682992	      0.31682758	      0.88879880	      0.01000251	      0.01003712
     27.40000000	      0.01000041	      0.28994460	      0.51128522	      0.99999967	      0.01000033	      0.02237735
     27.43330000	      0.01000004	      0.42006579	      0.47253769	      0.99999991	      0.01000010	      0.01305967
     27.46670000	      0.01000013	      0.48189454	      0.45848510	      0.99999988	      0.01000060	      0.05399983
     27.50000000	      0.01000000	      0.56409673	      0.57173069	      0.99999999	      0.01000001	      0.32307083
     27.53330000	      0.01045740	      0.74596595	      0.37658456	      0.99999816	      0.01000145	      0.32278460
     27.56670000	      0.01000035	      0.54069936	      0.52034676	      0.99989047	      0.01006511	      0.08819111
     27.60000000	      0.01000141	      0.60210539	      0.57162859	      0.94880553	      0.01000149	      0.01000802
     27.63330000	      0.01000185	      0.57347101	      0.54435360	      0.74939093	      0.01000144	      0.01000716
     27.66670000	      0.01000216	      0.53708265	      0.50922734	      0.66915971	      0.01000149	      0.01000663
     27.70000000	      0.01000199	      0.58154569	      0.55049169	      0.77564178	      0.01000137	      0.01000618
     27.73330000	      0.01000000	      0.66429240	      0.66227560	      1.00000000	      0.01000000	      0.07823186
     27.76670000	      0.01000000	      0.73576935	      0.74776093	      1.00000000	      0.01000000	      0.48894234
     27.80000000	      0.01000000	      0.63760701	      0.66419744	      1.00000000	      0.01000000	      0.52157705
     27.83330000	      0.01000039	      0.58884515	      0.57321767	      0.99999948	      0.01000046	      0.29935883
     27.86670000	      0.01000138	      0.55587721	      0.52649834	      0.97782129	      0.01000150	      0.01000863
     27.90000000	      0.01000000	      0.64807136	      0.80376276	      1.00000000	      0.01000000	      0.11344469
     27.93330000	      0.01000006	      0.71982625	      0.67125843	      0.99999998	      0.01000019	      0.01057050
     27.96670000	      0.01000001	      0.67271200	      0.63841537	      1.00000000	      0.01000015	      0.01059995
     28.00000000	      0.01000000	      0.69274986	      0.56716092	      1.00000000	      0.01000000	      0.05797909
     28.03330000	      0.01000025	      0.59953161	      0.56391230	      0.99999960	      0.01000032	      0.01163781
     28.06670000	      0.01000153	      0.56380992	      0.53156987	      0.94824217	      0.01000114	      0.01000672
     28.10000000	      0.01000000	      0.58213432	      0.54856414	      1.00000000	      0.01000000	      0.01000033
     28.13330000	      0.01000004	      0.57209630	      0.55032108	      0.99999990	      0.01000004	      0.04942921
     28.16670000	      0.01000006	      0.53503033	      0.50847429	      0.99999997	      0.01000006	      0.04284316
     28.20000000	      0.01000021	      0.54249030	      0.51673572	      0.99999975	      0.01000077	      0.07600218
     28.23330000	      0.01000000	      0.56590777	      0.53534789	      1.00000000	      0.01000000	      0.03438181
     28.26670000	      0.12727858	      0.74042614	      0.21313259	      0.85799335	      0.01245972	      0.01009416
     28.30000000	      0.01000006	      0.63231223	      0.59142235	      0.99999999	      0.01000036	      0.01349906
     28.33330000	      0.01000000	      0.59279691	      0.56659110	      1.00000000	      0.01000000	      0.04028632
     28.36670000	      0.01000007	      0.51069303	      0.49386937	      0.99999984	      0.01000009	      0.01020020
     28.40000000	      0.01000038	      0.48469996	      0.48065632	      0.99999966	      0.01000052	      0.01431211
     28.43330000	      0.01000006	      0.70839207	      0.67720943	      0.99999949	      0.01000022	      0.36816685
     28.46670000	      0.01000015	      0.49780445	      0.48311326	      0.99999974	      0.01000024	      0.02564892
     28.50000000	      0.01000233	      0.47345845	      0.44459535	      0.97794243	      0.01000223	      0.01001158
     28.53330000	      0.01000216	      0.42414808	      0.39826409	      0.90002158	      0.01000224	      0.01002452
     28.56670000	      0.01000000	      0.93312519	      0.97940421	      1.00000000	      0.01000000	      0.94671486
     28.60000000	      0.01000000	      0.45006586	      0.42448112	      1.00000000	      0.01000000	      0.01034964
     28.63330000	      0.01000005	      0.45573449	      0.42759584	      0.99999997	      0.01000038	      0.01290178
     28.66670000	      0.01000012	      0.49764158	      0.40501682	      0.99999994	      0.01000020	      0.01084879
     28.70000000	      0.01000185	      0.44827684	      0.42148145	      0.92998979	      0.01000198	      0.01001607
     28.73330000	      0.01000201	      0.41605522	      0.39116207	      0.86281508	      0.01000214	      0.01001475
     28.76670000	      0.01000187	      0.44481319	      0.41817636	      0.94708932	      0.01000206	      0.01001452
     28.80000000	      0.01000367	      0.58890611	      0.53211626	      0.99999983	      0.01000001	      0.19206252
     28.83330000	      0.01000000	      0.47929387	      0.47028802	      1.00000000	      0.01000000	      0.01001190
     28.86670000	      0.01000000	      0.89897277	      0.02339862	      1.00000000	      0.01000004	      0.01052745
     28.90000000	      0.01000012	      0.65344139	      0.64270424	      0.99999973	      0.01000020	      0.35414265
     28.93330000	      0.01000001	      0.40637331	      0.45602793	      0.99999997	      0.01000002	      0.03532855
     28.96670000	      0.01000003	      0.42397544	      0.39845497	      0.99999998	      0.01000031	      0.01192896
     29.00000000	      0.01000099	      0.45466476	      0.41270015	      0.99999826	      0.01000145	      0.03177811
     29.03330000	      0.01000199	      0.34768832	      0.32697241	      0.73861019	      0.01000214	      0.01002461
     29.06670000	      0.01000369	      0.31458577	      0.29584820	      0.64212556	      0.01000399	      0.01010942
     29.10000000	      0.01000225	      0.38226156	      0.35942962	      0.78921404	      0.01000244	      0.01004928
     29.13330000	      0.01000761	      0.45018476	      0.42324505	      0.98118279	      0.01000922	      0.01009391
     29.16670000	      0.01000000	      0.39372584	      0.43355252	      0.99999928	      0.01000046	      0.01278793
     29.20000000	      0.01000163	      0.39548760	      0.37213997	      0.96757810	      0.01000211	      0.01001300
     29.23330000	      0.01000183	      0.39386100	      0.37105081	      0.91836376	      0.01000250	      0.01010494
     29.26670000	      0.01000189	      0.42984469	      0.40539992	      0.89390236	      0.01000229	      0.01003180
     29.30000000	      0.01000245	      0.46433475	      0.43821804	      0.83037672	      0.01000300	      0.01004497
     29.33330000	      0.01000229	      0.46133229	      0.43535313	      0.77233152	      0.01000238	      0.01001892
     29.36670000	      0.01000231	      0.47852802	      0.45136148	      0.82411687	      0.01000251	      0.01001733
     29.40000000	      0.01000500	      0.54247972	      0.51143866	      0.99156900	      0.01000491	      0.01002507
     29.43330000	      0.01000001	      0.53886528	      0.49616844	      0.99999999	      0.01000012	      0.01884452
     29.46670000	      0.01000000	      0.54823355	      0.53204673	      1.00000000	      0.01000000	      0.08301664
     29.50000000	      0.01000000	      0.48385660	      0.46443935	      0.99999998	      0.01000015	      0.01405922
     29.53330000	      0.01000000	      0.50436575	      0.37321059	      1.00000000	      0.01000000	      0.01000036
     29.56670000	      0.01000010	      0.49022787	      0.37591980	      0.99999975	      0.01000028	      0.04842720
     29.60000000	      0.01000000	      0.45349615	      0.39903977	      0.99999987	      0.01000013	      0.03243310
     29.63330000	      0.01000145	      0.43845340	      0.41386764	      0.96084250	      0.01000199	      0.01001107
     29.66670000	      0.01000172	      0.40354887	      0.38118921	      0.81969773	      0.01000217	      0.01001174
     29.70000000	      0.01000193	      0.39887561	      0.37694826	      0.76675497	      0.01000229	      0.01003662
     29.73330000	      0.01000190	      0.42386771	      0.40067592	      0.78329093	      0.01000213	      0.01001781
     29.76670000	      0.01000189	      0.45065212	      0.42605609	      0.80509088	      0.01000201	      0.01001274
     29.80000000	      0.01000184	      0.48100491	      0.45475111	      0.84096855	      0.01000191	      0.01001039
     29.83330000	      0.01000172	      0.51483767	      0.48669054	      0.90719721	      0.01000180	      0.01000967
     29.86670000	      0.01000171	      0.48846376	      0.46172710	      0.91946962	      0.01000189	      0.01001255
     29.90000000	      0.01000235	      0.33282536	      0.31467612	      0.67740153	      0.01000294	      0.01007521
     29.93330000	      0.01000393	      0.17485208	      0.16546154	      0.40755681	      0.01000554	      0.01002963
     29.96670000	      0.01000724	      0.09954452	      0.09435787	      0.20865321	      0.01001175	      0.01007092
     30.00000000	      0.01000248	      0.33984219	      0.32276732	      0.65834951	      0.01000396	      0.01011260
     30.03330000	      0.01000363	      0.57706397	      0.54866441	      0.56437699	      0.01000708	      0.01003975
     30.06670000	      0.01000166	      0.99983983	      0.98413924	      0.65567961	      0.01000071	      0.01000190
     30.10000000	      0.01000003	      0.41497532	      0.41271916	      0.99999994	      0.01000005	      0.03219301
     30.13330000	      0.01000007	      0.31447255	      0.32635227	      0.99999963	      0.01000040	      0.62101959
     30.16670000	      0.01000130	      0.21417871	      0.20326456	      0.66748339	      0.01000565	      0.01004022
     30.20000000	      0.01000152	      0.25859222	      0.24683226	      0.69311263	      0.01000547	      0.01004776
     30.23330000	      0.01000282	      0.24869634	      0.23820608	      0.39973817	      0.01000637	      0.01002252
     30.26670000	      0.01000243	      0.34072316	      0.32685725	      0.51412940	      0.01000417	      0.01001813
     30.30000000	      0.01000181	      0.44725089	      0.42936713	      0.69150518	      0.01000308	      0.01000993
     30.33330000	      0.01000172	      0.46070856	      0.44268920	      0.68570539	      0.01000303	      0.01000952
     30.36670000	      0.01000509	      0.40747933	      0.39182240	      0.42027249	      0.01000655	      0.01000791
     30.40000000	      0.01000372	      0.35135716	      0.33758349	      0.23218473	      0.01000285	      0.01000787
     30.43330000	      0.01000281	      0.50580337	      0.48460195	      0.33386970	      0.01000170	      0.01000513
     30.46670000	      0.01000156	      0.99999952	      0.99999822	      0.90093658	      0.01000063	      0.01000231
     30.50000000	      0.01000557	      0.81582832	      0.80807384	      0.99998855	      0.01001061	      0.24638928
     30.53330000	      0.01000026	      0.66573633	      0.50469076	      0.99999877	      0.01000096	      0.06226796
     30.56670000	      0.01000177	      0.41573762	      0.39497497	      0.63369338	      0.01000205	      0.01001013
     30.60000000	      0.01000383	      0.29272125	      0.27794401	      0.50836924	      0.01000436	      0.01001539
     30.63330000	      0.01000185	      0.32379290	      0.30738876	      0.67875116	      0.01000277	      0.01002853
     30.66670000	      0.01000005	      0.47754376	      0.45571060	      0.99996307	      0.01006390	      0.01002089
     30.70000000	      0.01000000	      0.68459420	      0.53127875	      1.00000000	      0.01000000	      0.02299093
     30.73330000	      0.01000570	      0.70731438	      0.67326710	      0.82310262	      0.01000451	      0.01003903
     30.76670000	      0.01000207	      0.56063482	      0.53277158	      0.61111148	      0.01000131	      0.01000598
     30.80000000	      0.01000267	      0.45283247	      0.42936147	      0.57281089	      0.01000176	      0.01001764
     30.83330000	      0.01000200	      0.50278047	      0.47591207	      0.75785897	      0.01000152	      0.01000774
     30.86670000	      0.01000000	      0.59113166	      0.56217563	      1.00000000	      0.01000000	      0.01070115
     30.90000000	      0.01000000	      0.58453755	      0.57371366	      0.99999892	      0.01000069	      0.04299064
     30.93330000	      0.01000030	      0.57736940	      0.56102416	      0.99999911	      0.01000000	      0.01042176
     30.96670000	      0.01000164	      0.55658474	      0.52609693	      0.92777464	      0.01000143	      0.01000965
     31.00000000	      0.01000164	      0.58736010	      0.55498698	      0.95476571	      0.01000137	      0.01000819
     31.03330000	      0.01001022	      0.66926465	      0.70134940	      0.99997917	      0.01001395	      0.16101635
     31.06670000	      0.01001117	      0.59269375	      0.55797586	      0.99997619	      0.01001464	      0.03828564
     31.10000000	      0.01001019	      0.62479558	      0.59989909	      0.99996362	      0.01000826	      0.21380542
     31.13330000	      0.01000003	      0.51561360	      0.48634293	      0.99999995	      0.01000015	      0.05011874
     31.16670000	      0.01000013	      0.52376954	      0.49771933	      1.00000000	      0.01000025	      0.03797275
     31.20000000	      0.01000018	      0.62733811	      0.60747059	      0.99999988	      0.01000044	      0.17873082
     31.23330000	      0.01000154	      0.81110087	      0.87565964	      0.99976406	      0.01011734	      0.56618467
     31.26670000	      0.01000000	      0.40994110	      0.67031865	      1.00000000	      0.01000000	      0.01003632
     31.30000000	      0.01000097	      0.53661189	      0.52107434	      0.99998760	      0.01000157	      0.01404516
     31.33330000	      0.01000000	      0.57463140	      0.53986429	      1.00000000	      0.01000000	      0.01006915
     31.36670000	      0.01000020	      0.59589349	      0.61911446	      0.99999958	      0.01000025	      0.01195332
     31.40000000	      0.01000657	      0.63328836	      0.59882540	      0.99999296	      0.01000706	      0.01257513
     31.43330000	      0.01000000	      0.59058619	      0.56098515	      1.00000000	      0.01000000	      0.01003494
     31.46670000	      0.01000000	      0.53429070	      0.53861878	      1.00000000	      0.01000000	      0.01001809
     31.50000000	      0.01000000	      0.31671981	      0.91017960	      1.00000000	      0.01000000	      0.14962604
     31.53330000	      0.01001130	      0.56216939	      0.52915445	      0.99774474	      0.01121590	      0.01196343
     31.56670000	      0.01000000	      0.51481742	      0.57918181	      1.00000000	      0.01000000	      0.01953458
     31.60000000	      0.01000123	      0.54761795	      0.54102914	      0.99999556	      0.01000286	      0.05786847
     31.63330000	      0.01000000	      0.57864179	      0.56290125	      1.00000000	      0.01000000	      0.09265488
     31.66670000	      0.01463123	      0.93951616	      0.91720358	      0.97918439	      0.01001659	      0.82240678
     31.70000000	      0.01000222	      0.51645451	      0.48759510	      0.96139336	      0.01000231	      0.01001382
     31.73330000	      0.01000166	      0.49841255	      0.47063762	      0.96083427	      0.01000172	      0.01000922
     31.76670000	      0.01340021	      0.40702248	      0.55623814	      0.99312602	      0.01472921	      0.01001507
     31.80000000	      0.01000002	      0.56797975	      0.42307115	      0.99999995	      0.01000003	      0.06895651
     31.83330000	      0.01000000	      0.49143073	      0.46128153	      0.99999961	      0.01000000	      0.01001077
     31.86670000	      0.01000178	      0.45378713	      0.43000299	      0.86656059	      0.01000219	      0.01003407
     31.90000000	      0.01000195	      0.44512219	      0.42216899	      0.78532886	      0.01000227	      0.01002909
     31.93330000	      0.01000179	      0.50237177	      0.47675157	      0.85800093	      0.01000204	      0.01001645
     31.96670000	      0.01000155	      0.56182209	      0.53343105	      0.99648735	      0.01000186	      0.01000929
     32.00000000	      0.01000000	      0.49631087	      0.94393798	      1.00000000	      0.01000000	      0.45867409
     32.03330000	      0.01000003	      0.55437310	      0.52597851	      0.99999998	      0.01000016	      0.02518389
     32.06670000	      0.01000165	      0.58420540	      0.55628021	      0.96069892	      0.01000232	      0.01002181
     32.10000000	      0.01000141	      0.61617146	      0.58703148	      0.90607558	      0.01000165	      0.01000803
     32.13330000	      0.01000135	      0.62137945	      0.59200821	      0.94263917	      0.01000159	      0.01000757
     32.16670000	      0.01000639	      0.55912363	      0.53279647	      0.98615723	      0.01000925	      0.01009021
     32.20000000	      0.01000149	      0.49636638	      0.47347014	      0.93008983	      0.01000252	      0.01004416
     32.23330000	      0.01000135	      0.50356264	      0.48099778	      0.85961321	      0.01000210	      0.01001333
     32.26670000	      0.01000127	      0.63403467	      0.60623638	      0.88065573	      0.01000159	      0.01000782
     32.30000000	      0.01000125	      0.84183261	      0.80493430	      0.85916672	      0.01000101	      0.01000474
     32.33330000	      0.01000145	      0.91936604	      0.87761155	      0.79178160	      0.01000092	      0.01000432
     32.36670000	      0.01000202	      0.71055504	      0.67612690	      0.65212569	      0.01000111	      0.01000534
     32.40000000	      0.01000292	      0.41851724	      0.39685971	      0.48430925	      0.01000169	      0.01000704
     32.43330000	      0.01000336	      0.33125792	      0.31330602	      0.47757090	      0.01000234	      0.01001179
     32.46670000	      0.01000226	      0.43718375	      0.41291273	      0.72843285	      0.01000195	      0.01000972
     32.50000000	      0.01000014	      0.69129077	      0.67862004	      0.99999927	      0.01000037	      0.21326780
     32.53330000	      0.01000001	      0.53847336	      0.49641554	      0.99999999	      0.01000006	      0.01035406
     32.56670000	      0.01000008	      0.53244535	      0.50618378	      0.99999998	      0.01000031	      0.01018768
     32.60000000	      0.01000165	      0.50363939	      0.47552513	      0.95221475	      0.01000175	      0.01001176
     32.63330000	      0.01000399	      0.50866008	      0.48030969	      0.97364472	      0.01000549	      0.01004841
     32.66670000	      0.01000001	      0.53399584	      0.53416435	      0.99999975	      0.01000029	      0.04393451
     32.70000000	      0.01000005	      0.58932419	      0.53472137	      0.99999948	      0.01000049	      0.04549374
     32.73330000	      0.01000164	      0.56380785	      0.53245752	      0.97167289	      0.01000153	      0.01000924
     32.76670000	      0.01000175	      0.52065739	      0.49149384	      0.90866495	      0.01000161	      0.01000841
     32.80000000	      0.01000186	      0.49588028	      0.46791334	      0.91455350	      0.01000191	      0.01001262
     32.83330000	      0.01000894	      0.51811302	      0.48882057	      0.99626953	      0.01000961	      0.01006523
     32.86670000	      0.01000003	      0.55435750	      0.51457784	      0.99999993	      0.01000006	      0.03451525
     32.90000000	      0.01000004	      0.59102823	      0.55043672	      0.99999574	      0.01000223	      0.03024289
     32.93330000	      0.01000002	      0.58856609	      0.55930632	      0.99999668	      0.01000142	      0.01249990
     32.96670000	      0.01000178	      0.51887135	      0.48871984	      0.92899710	      0.01000150	      0.01000759
     33.00000000	      0.01000250	      0.46065119	      0.43355004	      0.90629406	      0.01000278	      0.01004533
     33.03330000	      0.01000167	      0.45853932	      0.43142262	      0.96945852	      0.01000175	      0.01000904
     33.06670000	      0.01000000	      0.55404336	      0.33784845	      1.00000000	      0.01000000	      0.01000001
     33.10000000	      0.01000000	      0.50056282	      0.48735208	      1.00000000	      0.01000000	      0.08862965
     33.13330000	      0.01000000	      0.86977849	      0.95902126	      0.99999910	      0.01000048	      0.89584201
     33.16670000	      0.01000002	      0.76952652	      0.84206017	      0.99999996	      0.01000006	      0.69149610
     33.20000000	      0.01000001	      0.46620425	      0.44749702	      0.99999870	      0.01000083	      0.03071322
     33.23330000	      0.01000151	      0.44321225	      0.41790898	      0.99237891	      0.01000186	      0.01001125
     33.26670000	      0.01000153	      0.43228579	      0.40800536	      0.98119059	      0.01000201	      0.01001989
     33.30000000	      0.01026671	      0.42628131	      0.46593528	      0.99847599	      0.01000070	      0.01341149
     33.33330000	      0.01000756	      0.49965816	      0.46375225	      0.99997433	      0.01001889	      0.02643184
     33.36670000	      0.01000095	      0.62587505	      0.64170941	      0.99999779	      0.01000168	      0.35320721
     33.40000000	      0.01000001	      0.54155303	      0.52402914	      0.99999995	      0.01000003	      0.16497419
     33.43330000	      0.01000000	      0.53207217	      0.51182195	      0.99999999	      0.01000001	      0.08762285
     33.46670000	      0.01000158	      0.56482063	      0.53720916	      0.93378714	      0.01000193	      0.01001395
     33.50000000	      0.01000455	      0.67080772	      0.63831685	      0.85121756	      0.01000433	      0.01006746
     33.53330000	      0.01000168	      0.70089597	      0.66639993	      0.81931821	      0.01000120	      0.01000548
     33.56670000	      0.01000183	      0.62997046	      0.59808719	      0.79133710	      0.01000132	      0.01000592
     33.60000000	      0.01000191	      0.55487888	      0.52610637	      0.79284045	      0.01000155	      0.01000731
     33.63330000	      0.01000163	      0.57929181	      0.54884558	      0.93655639	      0.01000157	      0.01000856
     33.66670000	      0.01000000	      0.59946360	      0.56976298	      1.00000000	      0.01000000	      0.07218303
     33.70000000	      0.01000000	      0.56297662	      0.75524741	      1.00000000	      0.01000000	      0.20927257
     33.73330000	      0.01000004	      0.55563649	      0.72262623	      0.99999987	      0.01000002	      0.10385718
     33.76670000	      0.01000158	      0.52697620	      0.49923023	      0.86167710	      0.01000147	      0.01001041
     33.80000000	      0.01000191	      0.44384372	      0.42033174	      0.73384831	      0.01000175	      0.01001134
     33.83330000	      0.01000162	      0.52734739	      0.49930117	      0.88655748	      0.01000152	      0.01000936
     33.86670000	      0.01010649	      0.62360633	      0.58463759	      0.99980644	      0.01014891	      0.02555220
     33.90000000	      0.01000000	      0.67366801	      0.63862448	      1.00000000	      0.01000000	      0.01206422
     33.93330000	      0.01000151	      0.68177104	      0.64462642	      0.98913682	      0.01000107	      0.01000535
     33.96670000	      0.01000179	      0.56096341	      0.52973809	      0.86284044	      0.01000128	      0.01000648
     34.00000000	      0.01000196	      0.51237513	      0.48335563	      0.88619414	      0.01000170	      0.01001320
     34.03330000	      0.01000000	      0.52874600	      0.51002069	      1.00000000	      0.01000000	      0.04582268
     34.06670000	      0.01000002	      0.51053291	      0.48112010	      0.99999995	      0.01000012	      0.04932428
     34.10000000	      0.01000000	      0.46908599	      0.50190245	      1.00000000	      0.01000000	      0.01003893
     34.13330000	      0.01000000	      0.55540893	      0.55993600	      0.99999993	      0.01000002	      0.12651391
     34.16670000	      0.01000161	      0.50720740	      0.47917256	      0.96220535	      0.01000165	      0.01000920
     34.20000000	      0.01000163	      0.50296458	      0.47538028	      0.96206932	      0.01000172	      0.01000956
     34.23330000	      0.01000000	      0.50259566	      0.47915171	      1.00000000	      0.01000000	      0.01085248
     34.26670000	      0.01000001	      0.54347545	      0.52853745	      0.99999997	      0.01000002	      0.16649704
     34.30000000	      0.01000001	      0.46920802	      0.45158243	      1.00000000	      0.01000002	      0.01009202
     34.33330000	      0.01000148	      0.48582439	      0.46134436	      0.98896240	      0.01000210	      0.01001205
     34.36670000	      0.01000147	      0.53985175	      0.51350566	      0.99635574	      0.01000198	      0.01001051
     34.40000000	      0.01000000	      0.62493686	      0.59488191	      1.00000000	      0.01000000	      0.01020701
     34.43330000	      0.01000384	      0.73439729	      0.69977301	      0.99938787	      0.01000366	      0.01001339
     34.46670000	      0.01000512	      0.72436443	      0.69007686	      0.94040729	      0.01000543	      0.01004485
     34.50000000	      0.01000226	      0.63896368	      0.60842654	      0.90980903	      0.01000246	      0.01001243
     34.53330000	      0.01000216	      0.52819376	      0.50290441	      0.89458025	      0.01000299	      0.01006531
     34.56670000	      0.01000190	      0.49872213	      0.47517194	      0.89617241	      0.01000310	      0.01006691
     34.60000000	      0.01000160	      0.59894874	      0.57125438	      0.92577425	      0.01000220	      0.01002996
     34.63330000	      0.01000704	      0.80686726	      0.76974590	      0.88543605	      0.01000594	      0.01004499
     34.66670000	      0.01000171	      0.86928971	      0.82804055	      0.81243840	      0.01000105	      0.01000520
     34.70000000	      0.01000202	      0.61679817	      0.58578187	      0.65040577	      0.01000118	      0.01000487
     34.73330000	      0.01000417	      0.33698520	      0.31914833	      0.46924895	      0.01000334	      0.01004949
     34.76670000	      0.01000297	      0.32409748	      0.30646671	      0.54460143	      0.01000266	      0.01001200
     34.80000000	      0.01000180	      0.50073375	      0.47332122	      0.88914481	      0.01000189	      0.01001102
     34.83330000	      0.01000000	      0.62269028	      0.50629439	      1.00000000	      0.01000000	      0.01010318
     34.86670000	      0.01000171	      0.52250407	      0.49383009	      0.92547160	      0.01000177	      0.01000921
     34.90000000	      0.01000242	      0.31552863	      0.29818986	      0.67977111	      0.01000307	      0.01009833
     34.93330000	      0.01000209	      0.29548530	      0.27954640	      0.72548199	      0.01000332	      0.01003301
     34.96670000	      0.01000000	      0.53810284	      0.45487619	      1.00000000	      0.01000000	      0.16136293
     35.00000000	      0.01000007	      0.61086095	      0.57916626	      0.99999988	      0.01000010	      0.06891880
     35.03330000	      0.01000002	      0.67403270	      0.76106601	      0.99999997	      0.01000095	      0.01895955
     35.06670000	      0.01000148	      0.61550042	      0.58434275	      0.92268651	      0.01000144	      0.01000663
     35.10000000	      0.01000164	      0.54303526	      0.51531037	      0.97180561	      0.01000232	      0.01003317
     35.13330000	      0.01005224	      0.57243689	      0.53781923	      0.99988392	      0.01002284	      0.01426719
     35.16670000	      0.01000139	      0.62063761	      0.58932891	      0.92272654	      0.01000137	      0.01000689
     35.20000000	      0.01000396	      0.55508444	      0.52671522	      0.71669552	      0.01000346	      0.01006870
     35.23330000	      0.01000273	      0.49149374	      0.46569880	      0.64389696	      0.01000210	      0.01005923
     35.26670000	      0.01000255	      0.50995183	      0.48240378	      0.71867280	      0.01000194	      0.01001799
     35.30000000	      0.01000610	      0.56410262	      0.53285568	      0.85256370	      0.01000474	      0.01003725
     35.33330000	      0.01000171	      0.58503728	      0.55192652	      0.95347310	      0.01000136	      0.01000714
     35.36670000	      0.01000165	      0.55284347	      0.52100659	      0.99302268	      0.01000142	      0.01000675
     35.40000000	      0.01000157	      0.50407238	      0.47474176	      0.99775035	      0.01000153	      0.01000792
     35.43330000	      0.01000160	      0.48045225	      0.45242196	      0.98274296	      0.01000168	      0.01000874
     35.46670000	      0.01001061	      0.49252786	      0.46383821	      0.97679521	      0.01001075	      0.01007658
     35.50000000	      0.01000000	      0.48465943	      0.50814507	      1.00000000	      0.01000000	      0.01001028
     35.53330000	      0.01000012	      0.47812736	      0.46432348	      0.99998905	      0.01000657	      0.03652299
     35.56670000	      0.01000020	      0.39185665	      0.46607313	      0.99999950	      0.01000035	      0.05342541
     35.60000000	      0.01000005	      0.53030102	      0.51805804	      0.99999987	      0.01000009	      0.31138531
     35.63330000	      0.01000149	      0.44676447	      0.42198920	      0.96832464	      0.01000199	      0.01001342
     35.66670000	      0.01000194	      0.43820214	      0.41434521	      0.78727709	      0.01000210	      0.01001823
     35.70000000	      0.01000218	      0.46069804	      0.43572918	      0.75233124	      0.01000227	      0.01002871
     35.73330000	      0.01000171	      0.53045895	      0.50161475	      0.94584019	      0.01000177	      0.01001014
     35.76670000	      0.01000000	      0.52077338	      0.50952462	      0.99999976	      0.01000022	      0.12285951
     35.80000000	      0.01000000	      0.77381487	      0.84217634	      0.99999999	      0.01000001	      0.98905762
     35.83330000	      0.01000000	      0.46703515	      0.44994272	      1.00000000	      0.01000000	      0.01146556
     35.86670000	      0.01000169	      0.40997645	      0.38969263	      0.80257912	      0.01000244	      0.01004340
     35.90000000	      0.01000154	      0.43804532	      0.41698788	      0.87122898	      0.01000232	      0.01001947
     35.93330000	      0.01000002	      0.52650807	      0.51510934	      0.99999276	      0.01000658	      0.03881118
     35.96670000	      0.01000140	      0.61455229	      0.58697829	      0.97159962	      0.01000195	      0.01001955
     36.00000000	      0.01000182	      0.69623398	      0.66543847	      0.75647906	      0.01000159	      0.01000745
     36.03330000	      0.01000167	      0.73074234	      0.69760787	      0.64439554	      0.01000108	      0.01000469
     36.06670000	      0.01000164	      0.78688623	      0.74921589	      0.75622548	      0.01000099	      0.01000426
     36.10000000	      0.01000173	      0.75885609	      0.72056486	      0.98618289	      0.01000121	      0.01000551
     36.13330000	      0.01000000	      0.54452129	      0.52428816	      1.00000000	      0.01000000	      0.04373948
     36.16670000	      0.01000003	      0.49099283	      0.48154452	      0.99999403	      0.01000471	      0.02236750
     36.20000000	      0.01000146	      0.49919667	      0.47432834	      0.88135309	      0.01000183	      0.01001065
     36.23330000	      0.01000162	      0.58371465	      0.55498110	      0.85919552	      0.01000171	      0.01003039
     36.26670000	      0.01000698	      0.67117074	      0.63793712	      0.89708598	      0.01000567	      0.01005630
     36.30000000	      0.01000150	      0.68843999	      0.65383055	      0.93094525	      0.01000114	      0.01000597
     36.33330000	      0.01000155	      0.63301145	      0.60067111	      0.90297324	      0.01000122	      0.01000634
     36.36670000	      0.01000211	      0.58782134	      0.55740249	      0.86010707	      0.01000174	      0.01002219
     36.40000000	      0.01000229	      0.60159311	      0.57009934	      0.86565005	      0.01000183	      0.01002193
     36.43330000	      0.01000162	      0.64846568	      0.61403037	      0.92079361	      0.01000119	      0.01000602
     36.46670000	      0.01000155	      0.65996715	      0.62430595	      0.98172605	      0.01000115	      0.01000574
     36.50000000	      0.01000439	      0.61109671	      0.56266010	      0.99999470	      0.01000575	      0.01431510
     36.53330000	      0.01000000	      0.54681895	      0.52823085	      0.99999990	      0.01000008	      0.03553523
     36.56670000	      0.01000027	      0.62361411	      0.42179780	      0.99999934	      0.01000035	      0.01087865
     36.60000000	      0.01000009	      0.51045144	      0.81341446	      0.99999980	      0.01000014	      0.16896128
     36.63330000	      0.01000000	      0.63384309	      0.60195769	      1.00000000	      0.01000000	      0.02603965
     36.66670000	      0.01000001	      0.58578822	      0.55841541	      0.99999924	      0.01000032	      0.01113844
     36.70000000	      0.01000284	      0.10667873	      0.99525014	      0.99999370	      0.01000401	      0.06601024
     36.73330000	      0.01000011	      0.58775618	      0.53871343	      0.99999975	      0.01000016	      0.13377867
     36.76670000	      0.01000000	      0.17517411	      0.99932558	      0.99999995	      0.01000001	      0.04332453
     36.80000000	      0.01000000	      0.64512546	      0.60100472	      1.00000000	      0.01000000	      0.03197320
     36.83330000	      0.01000100	      0.62014892	      0.59316768	      0.99999821	      0.01000131	      0.04436589
     36.86670000	      0.01000000	      0.53824590	      0.50708078	      0.99999746	      0.01000156	      0.01249262
     36.90000000	      0.01001067	      0.50795704	      0.47766725	      0.99924037	      0.01111303	      0.01000026
     36.93330000	      0.01000154	      0.50753598	      0.47981719	      0.98021122	      0.01000167	      0.01000963
     36.96670000	      0.01000000	      0.55412665	      0.53070935	      1.00000000	      0.01000000	      0.07203285
     37.00000000	      0.01000000	      0.52586790	      0.44791202	      1.00000000	      0.01000000	      0.01000167
     37.03330000	      0.01000010	      0.92023849	      0.01034792	      1.00000000	      0.01000000	      0.07062574
     37.06670000	      0.01000154	      0.47546235	      0.45144302	      0.98410892	      0.01000214	      0.01001240
     37.10000000	      0.01000179	      0.54084352	      0.51439165	      0.93597535	      0.01000247	      0.01008057
     37.13330000	      0.01000167	      0.65164113	      0.62029543	      0.87110123	      0.01000163	      0.01000775
     37.16670000	      0.01000180	      0.63244023	      0.60182501	      0.78302531	      0.01000147	      0.01000648
     37.20000000	      0.01000205	      0.52231936	      0.49666410	      0.71638436	      0.01000187	      0.01001006
     37.23330000	      0.01000211	      0.43366807	      0.41223240	      0.69556358	      0.01000240	      0.01001703
     37.26670000	      0.01000200	      0.42969427	      0.40860811	      0.74536559	      0.01000264	      0.01004755
     37.30000000	      0.01000163	      0.50505456	      0.48066297	      0.88876520	      0.01000227	      0.01001168
     37.33330000	      0.01000000	      0.56496386	      0.54107285	      1.00000000	      0.01000000	      0.01021341
     37.36670000	      0.01000152	      0.56012676	      0.53421299	      0.94587306	      0.01000238	      0.01002304
     37.40000000	      0.01000154	      0.53730548	      0.51290836	      0.82694179	      0.01000221	      0.01001109
     37.43330000	      0.01000152	      0.55828861	      0.53320939	      0.81644044	      0.01000208	      0.01000906
     37.46670000	      0.01000184	      0.60038924	      0.57359070	      0.91457811	      0.01000309	      0.01003642
     37.50000000	      0.01000165	      0.58734217	      0.56141704	      0.96142243	      0.01000297	      0.01002780
     37.53330000	      0.01000135	      0.50033807	      0.47867887	      0.82875982	      0.01000217	      0.01000828
     37.56670000	      0.01000170	      0.42321508	      0.40528560	      0.64454974	      0.01000278	      0.01001192
     37.60000000	      0.01000174	      0.46551607	      0.44609135	      0.61701132	      0.01000246	      0.01000933
     37.63330000	      0.01000139	      0.63859046	      0.61202769	      0.76500224	      0.01000167	      0.01000631
     37.66670000	      0.01000344	      0.75823160	      0.72647026	      0.93409035	      0.01000531	      0.01003820
     37.70000000	      0.01000117	      0.64989284	      0.62255122	      0.87359757	      0.01000153	      0.01000649
     37.73330000	      0.01000165	      0.44375482	      0.42511181	      0.63298412	      0.01000232	      0.01000989
     37.76670000	      0.01000177	      0.44245122	      0.42399463	      0.59227151	      0.01000235	      0.01000978
     37.80000000	      0.01000160	      0.73634844	      0.70568894	      0.77334160	      0.01000171	      0.01001222
     37.83330000	      0.01000000	      1.00000000	      1.00000000	      0.82937612	      0.01000000	      0.01000000
     37.86670000	      0.01000000	      1.00000000	      1.00000000	      0.80407644	      0.01000000	      0.01000000
     37.90000000	      0.01000219	      0.62438947	      0.59328484	      0.60214213	      0.01000117	      0.01000546
     37.93330000	      0.01000312	      0.37010010	      0.35032864	      0.47719740	      0.01000190	      0.01000814
     37.96670000	      0.01000252	      0.40966447	      0.38681745	      0.63463240	      0.01000183	      0.01001006
     38.00000000	      0.01000344	      0.52888112	      0.49871447	      0.91615888	      0.01000305	      0.01001918
     38.03330000	      0.01000000	      0.77173736	      0.72724311	      0.99999997	      0.01000000	      0.37695367
     38.06670000	      0.01000000	      0.52305782	      0.49408656	      1.00000000	      0.01000000	      0.01404951
     38.10000000	      0.01000179	      0.45880339	      0.43196881	      0.91535562	      0.01000176	      0.01001053
     38.13330000	      0.01000175	      0.45579346	      0.42910775	      0.93042989	      0.01000179	      0.01001681
     38.16670000	      0.01000000	      0.48477235	      0.45758670	      1.00000000	      0.01000000	      0.01000890
     38.20000000	      0.01000164	      0.47293710	      0.44540242	      0.99472074	      0.01000176	      0.01000941
     38.23330000	      0.01000194	      0.39634348	      0.37342114	      0.87147285	      0.01000225	      0.01004026
     38.26670000	      0.01000206	      0.37028535	      0.34916523	      0.84832209	      0.01000263	      0.01010061
     38.30000000	      0.01000000	      0.44698537	      0.42591688	      1.00000000	      0.01000000	      0.01000000
     38.33330000	      0.01000027	      0.55127529	      0.48193107	      0.99999939	      0.01000046	      0.04383579
     38.36670000	      0.01000011	      0.76787229	      0.74427248	      0.99999982	      0.01000023	      0.27605945
     38.40000000	      0.01000178	      0.60370077	      0.57081717	      0.89199828	      0.01000146	      0.01000752
     38.43330000	      0.01000226	      0.47742098	      0.45089870	      0.72374498	      0.01000181	      0.01000793
     38.46670000	      0.01000240	      0.44803238	      0.42262237	      0.70962172	      0.01000196	      0.01000832
     38.50000000	      0.01000218	      0.48707778	      0.45890618	      0.80848759	      0.01000182	      0.01000746
     38.53330000	      0.01000186	      0.52855952	      0.49740870	      0.98054744	      0.01000169	      0.01000674
     38.56670000	      0.01000009	      0.44505646	      0.42605625	      0.99999985	      0.01000090	      0.03830858
     38.60000000	      0.01000113	      0.43874310	      0.38469763	      0.99999701	      0.01000228	      0.14640679
     38.63330000	      0.24879914	      0.45509380	      0.69871614	      0.02254824	      0.46155435	      0.99013986
     38.66670000	      0.01000157	      0.40734700	      0.38459237	      0.89253886	      0.01000229	      0.01001355
     38.70000000	      0.01000178	      0.45727779	      0.43214374	      0.83238578	      0.01000204	      0.01001832
     38.73330000	      0.01000168	      0.50846776	      0.48052771	      0.91360578	      0.01000174	      0.01000958
     38.76670000	      0.01000000	      0.98435516	      0.99997684	      1.00000000	      0.01000000	      0.99990700
     38.80000000	      0.01000000	      0.48655981	      0.46089156	      1.00000000	      0.01000000	      0.01000151
     38.83330000	      0.01000161	      0.49255607	      0.46590154	      0.91037106	      0.01000189	      0.01001252
     38.86670000	      0.01000190	      0.50030904	      0.47332510	      0.79064785	      0.01000176	      0.01000891
     38.90000000	      0.01000209	      0.49347187	      0.46656360	      0.74901029	      0.01000174	      0.01000826
     38.93330000	      0.01000200	      0.48911392	      0.46200850	      0.81135178	      0.01000176	      0.01000848
     38.96670000	      0.01000174	      0.49314228	      0.46554189	      0.92507227	      0.01000182	      0.01001070
     39.00000000	      0.01000604	      0.57632350	      0.56081573	      0.99998028	      0.01001595	      0.18993903
     39.03330000	      0.01171854	      0.73221261	      0.88828481	      0.98776443	      0.01000840	      0.70323843
     39.06670000	      0.01000211	      0.48367270	      0.45706222	      0.98315485	      0.01000338	      0.01006231
     39.10000000	      0.01000160	      0.48128689	      0.45508024	      0.95704696	      0.01000204	      0.01001329
     39.13330000	      0.01000164	      0.50656911	      0.47926981	      0.93804747	      0.01000192	      0.01001175
     39.16670000	      0.01000164	      0.56227181	      0.53212543	      0.91757605	      0.01000164	      0.01000795
     39.20000000	      0.01000213	      0.58586094	      0.55422425	      0.89951136	      0.01000274	      0.01001080
     39.23330000	      0.01000175	      0.53229796	      0.50314363	      0.90203784	      0.01000162	      0.01000827
     39.26670000	      0.01000170	      0.41575578	      0.39281738	      0.90869218	      0.01000214	      0.01001633
     39.30000000	      0.01000155	      0.34669832	      0.32794469	      0.90204320	      0.01000261	      0.01001902
     39.33330000	      0.01000152	      0.35101003	      0.33287846	      0.87649662	      0.01000291	      0.01002085
     39.36670000	      0.01000180	      0.36408769	      0.34620010	      0.71915154	      0.01000308	      0.01006299
     39.40000000	      0.01000251	      0.38146071	      0.36328029	      0.52685705	      0.01000297	      0.01001674
     39.43330000	      0.01000240	      0.49584946	      0.47219635	      0.55235236	      0.01000204	      0.01000790
     39.46670000	      0.03732684	      0.78651862	      0.77383040	      0.99999999	      0.02287538	      0.11704860
     39.50000000	      0.01000002	      0.43839782	      0.44969270	      0.99999994	      0.01000006	      0.02953287
     39.53330000	      0.01000002	      0.41491892	      0.40873728	      0.99999990	      0.01000010	      0.04431661
     39.56670000	      0.01000168	      0.33617499	      0.32154988	      0.63330769	      0.01000364	      0.01002661
     39.60000000	      0.01000230	      0.35327160	      0.33851692	      0.47018097	      0.01000341	      0.01001335
     39.63330000	      0.01000166	      0.59473203	      0.57010136	      0.57711543	      0.01000158	      0.01000514
     39.66670000	      0.01000134	      0.85750522	      0.82103353	      0.78788504	      0.01000107	      0.01000423
     39.70000000	      0.01000221	      0.86731425	      0.82891475	      0.90891156	      0.01000179	      0.01001108
     39.73330000	      0.01000156	      0.65018206	      0.62055328	      0.83623990	      0.01000160	      0.01000979
     39.76670000	      0.01000164	      0.49404317	      0.47125240	      0.70031186	      0.01000184	      0.01000918
     39.80000000	      0.01000166	      0.53153683	      0.50687649	      0.72216346	      0.01000183	      0.01001531
     39.83330000	      0.01000328	      0.68236545	      0.65041516	      0.89833568	      0.01000382	      0.01004330
     39.86670000	      0.01000016	      0.73647588	      0.71967301	      0.99999929	      0.01000082	      0.05643060
     39.90000000	      0.01000126	      0.61320243	      0.58386622	      0.93603312	      0.01000136	      0.01001043
     39.93330000	      0.01000171	      0.44181670	      0.42065203	      0.71618782	      0.01000193	      0.01001891
     39.96670000	      0.01000181	      0.44622220	      0.42497543	      0.68503804	      0.01000198	      0.01001399
     40.00000000	      0.01000268	      0.66201146	      0.63059009	      0.86152767	      0.01000262	      0.01005288
     40.03330000	      0.01000000	      0.88180262	      0.88455734	      1.00000000	      0.01000000	      0.01000306
     40.06670000	      0.01000487	      0.92041033	      0.86525769	      0.99999235	      0.01000509	      0.01218964
     40.10000000	      0.01000165	      0.69132709	      0.65529180	      0.85872444	      0.01000101	      0.01000515
     40.13330000	      0.01000207	      0.49337665	      0.46678881	      0.71277487	      0.01000142	      0.01000891
     40.16670000	      0.01000203	      0.47189934	      0.44595956	      0.74621355	      0.01000155	      0.01001009
     40.20000000	      0.01000165	      0.55525354	      0.52440178	      0.92638621	      0.01000135	      0.01000764
     40.23330000	      0.01000183	      0.64608646	      0.48204494	      0.99999624	      0.01000232	      0.02098037
     40.26670000	      0.01000007	      0.63576571	      0.62086904	      0.99999991	      0.01000013	      0.20640207
     40.30000000	      0.01000000	      0.49769418	      0.47659940	      1.00000000	      0.01000000	      0.01093655
     40.33330000	      0.01034476	      0.83482893	      0.05444510	      0.99989041	      0.01045142	      0.02139277
     40.36670000	      0.01000001	      0.50985799	      0.38917057	      1.00000000	      0.01000003	      0.01064686
     40.40000000	      0.01000161	      0.49810305	      0.47210797	      0.99639914	      0.01000203	      0.01002218
     40.43330000	      0.01000280	      0.56931950	      0.54031289	      0.97174472	      0.01000378	      0.01004427
     40.46670000	      0.01000197	      0.60636463	      0.57580578	      0.85033944	      0.01000213	      0.01003664
     40.50000000	      0.01000211	      0.54988470	      0.52201415	      0.73825426	      0.01000183	      0.01001020
     40.53330000	      0.01000217	      0.51114836	      0.48496839	      0.72648624	      0.01000195	      0.01000871
     40.56670000	      0.01000187	      0.56988359	      0.54051048	      0.85079750	      0.01000183	      0.01000825
     40.60000000	      0.01000163	      0.65289708	      0.61915027	      0.97475063	      0.01000162	      0.01000711
     40.63330000	      0.01000172	      0.59824869	      0.56717052	      0.88180803	      0.01000175	      0.01000735
     40.66670000	      0.01000244	      0.41330741	      0.39165548	      0.63240112	      0.01000255	      0.01001025
     40.70000000	      0.01000294	      0.30904509	      0.29275807	      0.54362637	      0.01000355	      0.01001438
     40.73330000	      0.01000197	      0.37538482	      0.35572805	      0.80450569	      0.01000307	      0.01002030
     40.76670000	      0.01000003	      0.49456862	      0.48066450	      0.99999999	      0.01000026	      0.19267885
     40.80000000	      0.01000000	      0.57620986	      0.59355192	      1.00000000	      0.01000001	      0.41507834
     40.83330000	      0.01000133	      0.46979675	      0.44802411	      0.92498982	      0.01000284	      0.01001317
     40.86670000	      0.01000228	      0.35627088	      0.34032619	      0.61098490	      0.01000403	      0.01001601
     40.90000000	      0.01000242	      0.38864115	      0.37160199	      0.57153384	      0.01000360	      0.01001325
     40.93330000	      0.01000202	      0.47471481	      0.45404307	      0.67698307	      0.01000283	      0.01000949
     40.96670000	      0.01000171	      0.46281239	      0.44273805	      0.80411909	      0.01000301	      0.01001659
     41.00000000	      0.01000180	      0.36126138	      0.34599322	      0.70926234	      0.01000405	      0.01001871
     41.03330000	      0.01000234	      0.30923462	      0.29667358	      0.52358059	      0.01000499	      0.01002170
     41.06670000	      0.01000237	      0.38221665	      0.36713351	      0.50733188	      0.01000389	      0.01001348
     41.10000000	      0.01000204	      0.51246995	      0.49239313	      0.56231074	      0.01000259	      0.01000900
     41.13330000	      0.01000225	      0.51763799	      0.49708373	      0.53990279	      0.01000295	      0.01001462
     41.16670000	      0.01000297	      0.37587495	      0.36061858	      0.38194910	      0.01000297	      0.01000876
     41.20000000	      0.01000453	      0.26073903	      0.24983508	      0.22304887	      0.01000375	      0.01001716
     41.23330000	      0.01000283	      0.48183177	      0.46067992	      0.42421180	      0.01000207	      0.01000658
     41.26670000	      0.01000008	      0.79521328	      0.75934182	      0.99999986	      0.01000017	      0.01098888
     41.30000000	      0.01000001	      0.45376756	      0.43564011	      0.99999997	      0.01000026	      0.04643902
     41.33330000	      0.01000000	      0.62447514	      0.46532721	      1.00000000	      0.01000000	      0.15115635
     41.36670000	      0.01000621	      0.12202966	      0.11661980	      0.13649010	      0.01000765	      0.01003564
     41.40000000	      0.01001513	      0.05585769	      0.05339940	      0.06695754	      0.01001530	      0.01005456
     41.43330000	      0.01000219	      0.43368953	      0.41408840	      0.52875314	      0.01000203	      0.01000961
     41.46670000	      0.01000062	      0.86382432	      0.82673623	      0.99999389	      0.01000429	      0.01326538
     41.50000000	      0.01000000	      0.91976951	      0.90721517	      1.00000000	      0.01000001	      0.02581020
     41.53330000	      0.01000145	      0.75135550	      0.71464911	      0.83794173	      0.01000097	      0.01000478
     41.56670000	      0.01000220	      0.45709181	      0.43384317	      0.59252123	      0.01000113	      0.01000976
     41.60000000	      0.01000204	      0.43782397	      0.41492980	      0.68010502	      0.01000165	      0.01001516
     41.63330000	      0.01000000	      0.69149905	      0.67534838	      1.00000000	      0.01000000	      0.17111564
     41.66670000	      0.01021937	      0.69636396	      0.68652785	      0.99947818	      0.01031390	      0.30466226
     41.70000000	      0.01014106	      0.67682294	      0.67457812	      0.99965946	      0.01020380	      0.29237420
     41.73330000	      0.01000000	      0.44375707	      0.70613868	      0.99999998	      0.01000000	      0.03959536
     41.76670000	      0.01000000	      0.64540787	      0.61529252	      1.00000000	      0.01000062	      0.01260241
     41.80000000	      0.01000003	      0.76418814	      0.74136381	      0.99999924	      0.01000000	      0.06784280
     41.83330000	      0.01000000	      0.78056425	      0.73523821	      1.00000000	      0.01000000	      0.04208289
     41.86670000	      0.01000158	      0.65859516	      0.62321723	      0.95165469	      0.01000104	      0.01000647
     41.90000000	      0.01000234	      0.53594332	      0.50674441	      0.84548663	      0.01000179	      0.01002192
     41.93330000	      0.01003168	      0.61189553	      0.57733278	      0.99999896	      0.01007845	      0.01197866
     41.96670000	      0.01000000	      0.60291626	      0.56903273	      1.00000000	      0.01000000	      0.01000723
     42.00000000	      0.01000000	      0.63005096	      0.58757907	      1.00000000	      0.01000000	      0.05760562
     42.03330000	      0.01000199	      0.57578210	      0.54415977	      0.96427908	      0.01000183	      0.01004061
     42.06670000	      0.01000179	      0.52901714	      0.49997121	      0.86073506	      0.01000155	      0.01000964
     42.10000000	      0.01000089	      0.79959261	      0.78752424	      0.99999626	      0.01000224	      0.37522981
     42.13330000	      0.01000004	      0.58822119	      0.55600378	      0.99999996	      0.01000016	      0.01003101
     42.16670000	      0.01000000	      0.87912564	      0.91012036	      1.00000000	      0.01000000	      0.78869948
     42.20000000	      0.01000027	      0.49718499	      0.47358612	      0.99999936	      0.01000043	      0.03363549
     42.23330000	      0.01000000	      0.96812744	      0.40021876	      0.99999998	      0.01000001	      0.58515419
     42.26670000	      0.01000004	      0.61366837	      0.60292523	      0.99999990	      0.01000007	      0.36935004
     42.30000000	      0.01000051	      0.54509981	      0.51967069	      0.99999949	      0.01000101	      0.06491919
     42.33330000	      0.01000000	      0.51504768	      0.94535151	      1.00000000	      0.01000000	      0.34266385
     42.36670000	      0.01000185	      0.63697545	      0.60642796	      0.99218633	      0.01000182	      0.01001274
     42.40000000	      0.01000151	      0.57717748	      0.54970291	      0.90327066	      0.01000158	      0.01000988
     42.43330000	      0.01000150	      0.55802924	      0.53171516	      0.91243537	      0.01000168	      0.01001109
     42.46670000	      0.01000142	      0.58710691	      0.55985197	      0.96810466	      0.01000170	      0.01000992
     42.50000000	      0.01000135	      0.63120379	      0.60243267	      0.99351646	      0.01000156	      0.01000849
     42.53330000	      0.01000135	      0.65807732	      0.62852644	      0.95754578	      0.01000146	      0.01000814
     42.56670000	      0.01000147	      0.65499083	      0.62581961	      0.88348696	      0.01000148	      0.01000773
     42.60000000	      0.01000159	      0.62942725	      0.60143873	      0.81040819	      0.01000152	      0.01000771
     42.63330000	      0.01000159	      0.60933307	      0.58218942	      0.79795029	      0.01000154	      0.01000766
     42.66670000	      0.01000181	      0.61051475	      0.58331085	      0.86072633	      0.01000219	      0.01004713
     42.70000000	      0.01000135	      0.63341291	      0.60536908	      0.94455903	      0.01000157	      0.01000832
     42.73330000	      0.01000452	      0.64929487	      0.62091496	      0.96745662	      0.01000608	      0.01005066
     42.76670000	      0.01000134	      0.62377279	      0.59687721	      0.88298628	      0.01000158	      0.01000765
     42.80000000	      0.01000160	      0.56035119	      0.53641897	      0.75824642	      0.01000192	      0.01002832
     42.83330000	      0.01000171	      0.51082621	      0.48914771	      0.69924028	      0.01000194	      0.01000887
     42.86670000	      0.01000184	      0.52765247	      0.50545751	      0.75031734	      0.01000242	      0.01008304
     42.90000000	      0.01000141	      0.59916230	      0.57432166	      0.85789019	      0.01000178	      0.01000965
     42.93330000	      0.01000187	      0.64652954	      0.62017448	      0.90893392	      0.01000284	      0.01002784
     42.96670000	      0.01000134	      0.60402525	      0.57981509	      0.85969680	      0.01000179	      0.01000740
     43.00000000	      0.01000161	      0.52581691	      0.50517115	      0.78035523	      0.01000228	      0.01003604
     43.03330000	      0.01000197	      0.50596984	      0.48664152	      0.73961708	      0.01000296	      0.01005078
     43.06670000	      0.01000317	      0.55831688	      0.53757778	      0.73833287	      0.01000267	      0.01006088
     43.10000000	      0.01000136	      0.63646719	      0.61327842	      0.74079460	      0.01000177	      0.01000590
     43.13330000	      0.01000132	      0.67681860	      0.65233707	      0.72389200	      0.01000160	      0.01000509
     43.16670000	      0.01000134	      0.64967726	      0.62617232	      0.71604681	      0.01000166	      0.01000533
     43.20000000	      0.01000181	      0.52303999	      0.50415422	      0.63368525	      0.01000237	      0.01000935
     43.23330000	      0.01000281	      0.48557619	      0.46822648	      0.60292331	      0.01000403	      0.01001449
     43.26670000	      0.01000193	      0.48641685	      0.46921886	      0.58768608	      0.01000260	      0.01000740
     43.30000000	      0.01000186	      0.51674843	      0.49866994	      0.59899027	      0.01000249	      0.01000799
     43.33330000	      0.01000178	      0.54439323	      0.52548052	      0.61062557	      0.01000234	      0.01000705
     43.36670000	      0.01000177	      0.54864590	      0.52965552	      0.60028351	      0.01000228	      0.01000669
     43.40000000	      0.01000180	      0.53940709	      0.52075547	      0.58843976	      0.01000233	      0.01000690
     43.43330000	      0.01000178	      0.53090322	      0.51255346	      0.60783830	      0.01000240	      0.01000737
     43.46670000	      0.01000170	      0.52175763	      0.50381083	      0.64240860	      0.01000251	      0.01000795
     43.50000000	      0.01000169	      0.50246183	      0.48540771	      0.64774911	      0.01000273	      0.01001012
     43.53330000	      0.01000175	      0.48397405	      0.46786568	      0.61272340	      0.01000292	      0.01001168
     43.56670000	      0.01000166	      0.51625773	      0.49940026	      0.60597313	      0.01000259	      0.01000778
     43.60000000	      0.01000186	      0.61920860	      0.59923897	      0.66005780	      0.01000461	      0.01000765
     43.63330000	      0.01000127	      0.71512326	      0.69210243	      0.71350059	      0.01000157	      0.01000420
     43.66670000	      0.01000128	      0.69898692	      0.67630918	      0.67974575	      0.01000146	      0.01000414
     43.70000000	      0.01000381	      0.56969756	      0.55100994	      0.56994110	      0.01000470	      0.01002430
     43.73330000	      0.01000437	      0.50813127	      0.49132011	      0.51970215	      0.01000728	      0.01005026
     43.76670000	      0.01000180	      0.48659583	      0.47035599	      0.50287401	      0.01000243	      0.01001454
     43.80000000	      0.01000148	      0.57958170	      0.56016380	      0.56519893	      0.01000163	      0.01000531
     43.83330000	      0.01000131	      0.71217188	      0.68812146	      0.63537598	      0.01000129	      0.01000423
     43.86670000	      0.01000261	      0.78879292	      0.76186571	      0.65952289	      0.01000257	      0.01001079
     43.90000000	      0.01000143	      0.75691917	      0.73020641	      0.63026057	      0.01000121	      0.01000441
     43.93330000	      0.01000147	      0.66669577	      0.64245217	      0.58919076	      0.01000123	      0.01000433
     43.96670000	      0.01000158	      0.61263351	      0.58979783	      0.59137205	      0.01000140	      0.01000508
     44.00000000	      0.01000210	      0.62934234	      0.60551139	      0.65570181	      0.01000244	      0.01002072
     44.03330000	      0.01000225	      0.68280279	      0.65673059	      0.74268729	      0.01000313	      0.01003065
     44.06670000	      0.01000528	      0.72318901	      0.69542806	      0.79180956	      0.01000641	      0.01004401
     44.10000000	      0.01000620	      0.72317286	      0.69525845	      0.78024440	      0.01000723	      0.01005100
     44.13330000	      0.01000399	      0.69063421	      0.66377687	      0.73546997	      0.01000514	      0.01005375
     44.16670000	      0.01000144	      0.65176565	      0.62617101	      0.69957991	      0.01000136	      0.01000542
     44.20000000	      0.01000148	      0.62846333	      0.60354501	      0.69882769	      0.01000143	      0.01000580
     44.23330000	      0.01000144	      0.63078917	      0.60561723	      0.73449839	      0.01000146	      0.01000601
     44.26670000	      0.01000138	      0.64822159	      0.62228873	      0.77094574	      0.01000147	      0.01000629
     44.30000000	      0.01000139	      0.65385163	      0.62766260	      0.76405445	      0.01000144	      0.01000603
     44.33330000	      0.01000260	      0.63472074	      0.60922256	      0.72992644	      0.01000346	      0.01004004
     44.36670000	      0.01000158	      0.61043614	      0.58581995	      0.72401840	      0.01000198	      0.01001257
     44.40000000	      0.01000145	      0.60911648	      0.58453013	      0.76918632	      0.01000161	      0.01000688
     44.43330000	      0.01000136	      0.63519676	      0.60967889	      0.81956094	      0.01000158	      0.01000660
     44.46670000	      0.01000132	      0.66598700	      0.63942661	      0.83161543	      0.01000152	      0.01000625
     44.50000000	      0.01000133	      0.68115137	      0.65411520	      0.80739583	      0.01000154	      0.01000629
     44.53330000	      0.01000169	      0.67407632	      0.64729888	      0.77198868	      0.01000197	      0.01001525
     44.56670000	      0.01000141	      0.65319368	      0.62714661	      0.74767322	      0.01000143	      0.01000584
     44.60000000	      0.01000152	      0.60928649	      0.58489375	      0.71679398	      0.01000171	      0.01000916
     44.63330000	      0.01000160	      0.55513660	      0.53287778	      0.69378317	      0.01000181	      0.01000914
     44.66670000	      0.01000159	      0.53534880	      0.51397379	      0.71450184	      0.01000192	      0.01000783
     44.70000000	      0.01000158	      0.58255934	      0.55958560	      0.79745407	      0.01000193	      0.01001977
     44.73330000	      0.01000126	      0.65947075	      0.63389220	      0.86391640	      0.01000163	      0.01000633
     44.76670000	      0.01000127	      0.69341219	      0.66685861	      0.82438413	      0.01000151	      0.01000564
     44.80000000	      0.01000142	      0.65292433	      0.62800026	      0.70497686	      0.01000152	      0.01000583
     44.83330000	      0.01000158	      0.59686643	      0.57394870	      0.63457307	      0.01000161	      0.01000585
     44.86670000	      0.01000155	      0.60532341	      0.58191916	      0.67056136	      0.01000170	      0.01000729
     44.90000000	      0.01001167	      0.66212795	      0.63651906	      0.76311242	      0.01001252	      0.01006127
     44.93330000	      0.01000130	      0.68541401	      0.65882200	      0.80352246	      0.01000151	      0.01000562
     44.96670000	      0.01000137	      0.63088089	      0.60641956	      0.75742299	      0.01000162	      0.01000607
     45.00000000	      0.01000215	      0.54260330	      0.52162115	      0.69383665	      0.01000407	      0.01003316
     45.03330000	      0.01000160	      0.49969730	      0.48055884	      0.67381764	      0.01000219	      0.01000816
     45.06670000	      0.01000155	      0.52208375	      0.50242297	      0.69688760	      0.01000220	      0.01001147
     45.10000000	      0.01000477	      0.57469486	      0.55344238	      0.72555870	      0.01000354	      0.01006361
     45.13330000	      0.01000151	      0.60830318	      0.58611285	      0.73474163	      0.01000195	      0.01000661
     45.16670000	      0.01000136	      0.60674746	      0.58484514	      0.73350684	      0.01000187	      0.01000608
     45.20000000	      0.01000174	      0.53109614	      0.51214059	      0.65900080	      0.01000237	      0.01000830
     45.23330000	      0.01000170	      0.55020185	      0.53081345	      0.65872321	      0.01000233	      0.01000810
     45.26670000	      0.01000263	      0.57714281	      0.55700464	      0.64369314	      0.01000768	      0.01003125
     45.30000000	      0.01000170	      0.57434490	      0.55434599	      0.60695458	      0.01000200	      0.01000561
     45.33330000	      0.01000192	      0.53443951	      0.51577095	      0.57272405	      0.01000249	      0.01001089
     45.36670000	      0.01000192	      0.49338947	      0.47611754	      0.55853192	      0.01000236	      0.01000690
     45.40000000	      0.01000196	      0.47619670	      0.45956106	      0.55503021	      0.01000252	      0.01000719
     45.43330000	      0.01000237	      0.48701824	      0.47012908	      0.56661579	      0.01000296	      0.01001268
     45.46670000	      0.01000187	      0.50864101	      0.49109595	      0.58357732	      0.01000251	      0.01000828
     45.50000000	      0.01000180	      0.53202856	      0.51378962	      0.59673096	      0.01000238	      0.01000739
     45.53330000	      0.01000174	      0.55459149	      0.53565902	      0.60225838	      0.01000229	      0.01000742
     45.56670000	      0.01000178	      0.56513908	      0.54585933	      0.59542811	      0.01000241	      0.01000893
     45.60000000	      0.01000183	      0.55768938	      0.53861671	      0.58387058	      0.01000246	      0.01000968
     45.63330000	      0.01000185	      0.54276338	      0.52413044	      0.56413699	      0.01000232	      0.01000841
     45.66670000	      0.01000194	      0.53633923	      0.51782381	      0.53840970	      0.01000239	      0.01000919
     45.70000000	      0.01000254	      0.54088365	      0.52203535	      0.52110524	      0.01000316	      0.01001464
     45.73330000	      0.01000407	      0.54792272	      0.52855564	      0.52910652	      0.01000458	      0.01002372
     45.76670000	      0.01000243	      0.55799638	      0.53797106	      0.56773599	      0.01000299	      0.01001435
     45.80000000	      0.01000172	      0.57228624	      0.55152332	      0.61826243	      0.01000192	      0.01000619
     45.83330000	      0.01000163	      0.58319779	      0.56190960	      0.64205036	      0.01000187	      0.01000606
     45.86670000	      0.01000131	      0.64609468	      0.62237507	      0.68407211	      0.01000153	      0.01000514
     45.90000000	      0.01000147	      0.59104812	      0.56917784	      0.62929346	      0.01000174	      0.01000668
     45.93330000	      0.01000158	      0.53766505	      0.51762492	      0.60440308	      0.01000193	      0.01000747
     45.96670000	      0.01000193	      0.52917844	      0.50940827	      0.63721723	      0.01000439	      0.01002912
     46.00000000	      0.01000138	      0.58002821	      0.55846408	      0.72560936	      0.01000187	      0.01000655
     46.03330000	      0.01000120	      0.66693999	      0.64239878	      0.81753487	      0.01000165	      0.01000576
     46.06670000	      0.01000113	      0.72662288	      0.70012101	      0.82209681	      0.01000144	      0.01000494
     46.10000000	      0.01000125	      0.69973460	      0.67420789	      0.71662659	      0.01000137	      0.01000486
     46.13330000	      0.01000146	      0.63066560	      0.60740029	      0.61536922	      0.01000143	      0.01000517
     46.16670000	      0.01000149	      0.62145232	      0.59815639	      0.61895971	      0.01000143	      0.01000516
     46.20000000	      0.01000227	      0.68083484	      0.65493586	      0.70627596	      0.01000283	      0.01002499
     46.23330000	      0.01000123	      0.73060545	      0.70249915	      0.78290724	      0.01000122	      0.01000471
     46.26670000	      0.01000448	      0.70928257	      0.68172632	      0.77725799	      0.01000579	      0.01005157
     46.30000000	      0.01000173	      0.63751063	      0.61253259	      0.71042404	      0.01000195	      0.01001574
     46.33330000	      0.01000150	      0.59889324	      0.57524168	      0.66366708	      0.01000146	      0.01000603
     46.36670000	      0.01000195	      0.63660360	      0.61124086	      0.68027679	      0.01000198	      0.01001814
     46.40000000	      0.01000141	      0.69902572	      0.67082465	      0.72470077	      0.01000121	      0.01000514
     46.43330000	      0.01000141	      0.70332412	      0.67448398	      0.74518396	      0.01000119	      0.01000520
     46.46670000	      0.01000213	      0.63583740	      0.60937420	      0.73309159	      0.01000225	      0.01002770
     46.50000000	      0.01000155	      0.57085822	      0.54693485	      0.73569070	      0.01000162	      0.01000843
     46.53330000	      0.01000149	      0.57220450	      0.54828058	      0.77965476	      0.01000171	      0.01000953
     46.56670000	      0.01000994	      0.64990037	      0.62303736	      0.86046077	      0.01001313	      0.01005625
     46.60000000	      0.01000336	      0.72925321	      0.69923626	      0.88631084	      0.01000445	      0.01004750
     46.63330000	      0.01000452	      0.72440302	      0.69452487	      0.81348146	      0.01000459	      0.01004071
     46.66670000	      0.01000224	      0.66645914	      0.63872265	      0.75073400	      0.01000228	      0.01002423
     46.70000000	      0.01000273	      0.63179026	      0.60525949	      0.76161548	      0.01000333	      0.01004713
     46.73330000	      0.01000142	      0.63543376	      0.60866729	      0.82465564	      0.01000150	      0.01000703
     46.76670000	      0.01001041	      0.63628976	      0.60964168	      0.84655063	      0.01001450	      0.01007360
     46.80000000	      0.01000142	      0.61505148	      0.58938128	      0.80966695	      0.01000156	      0.01000722
     46.83330000	      0.01000151	      0.59308387	      0.56847269	      0.76462589	      0.01000163	      0.01000777
     46.86670000	      0.01000149	      0.60676445	      0.58169984	      0.77021012	      0.01000160	      0.01000718
     46.90000000	      0.01000982	      0.64277377	      0.61638037	      0.81433803	      0.01001189	      0.01007131
     46.93330000	      0.01000138	      0.64409574	      0.61768986	      0.82747795	      0.01000153	      0.01000655
     46.96670000	      0.01000149	      0.58806732	      0.56409595	      0.77390373	      0.01000172	      0.01000810
     47.00000000	      0.01000178	      0.52901069	      0.50763838	      0.71569237	      0.01000249	      0.01004288
     47.03330000	      0.01000183	      0.53081169	      0.50965177	      0.73478958	      0.01000223	      0.01004099
     47.06670000	      0.01000220	      0.59668659	      0.57332711	      0.82661894	      0.01000234	      0.01004643
     47.10000000	      0.01000222	      0.67608999	      0.65014193	      0.89979851	      0.01000386	      0.01003240
     47.13330000	      0.01000121	      0.70259321	      0.67607557	      0.86755156	      0.01000155	      0.01000560
     47.16670000	      0.01000132	      0.65672299	      0.63216512	      0.76028690	      0.01000159	      0.01000561
     47.20000000	      0.01000147	      0.58841415	      0.56647602	      0.68186876	      0.01000177	      0.01000656
     47.23330000	      0.01000251	      0.55429401	      0.53369773	      0.67967197	      0.01000638	      0.01003603
     47.26670000	      0.01000143	      0.57169392	      0.55065563	      0.72510363	      0.01000195	      0.01000676
     47.30000000	      0.01000132	      0.62886453	      0.60605525	      0.76463307	      0.01000180	      0.01000612
     47.33330000	      0.01000780	      0.69245157	      0.66766954	      0.76630434	      0.01000964	      0.01003921
     47.36670000	      0.01000127	      0.70230371	      0.67713953	      0.72650192	      0.01000147	      0.01000475
     47.40000000	      0.01000131	      0.64798510	      0.62466248	      0.71228995	      0.01000158	      0.01000519
     47.43330000	      0.01001122	      0.57376879	      0.55312946	      0.71984730	      0.01000528	      0.01005326
     47.46670000	      0.01000132	      0.55522952	      0.53555319	      0.73778636	      0.01000207	      0.01000697
     47.50000000	      0.01000160	      0.53679704	      0.51819337	      0.67106935	      0.01000232	      0.01000761
     47.53330000	      0.01000154	      0.60863123	      0.58786707	      0.64985810	      0.01000195	      0.01000564
     47.56670000	      0.01000156	      0.65460714	      0.63223933	      0.59908413	      0.01000154	      0.01000447
     47.60000000	      0.01000138	      0.75786208	      0.73150796	      0.65301791	      0.01000134	      0.01000466
     47.63330000	      0.01000172	      0.75838261	      0.73134923	      0.67186993	      0.01000159	      0.01000585
     47.66670000	      0.01000153	      0.71772845	      0.69151395	      0.67198668	      0.01000143	      0.01000537
     47.70000000	      0.01000143	      0.62891690	      0.60548286	      0.63807536	      0.01000138	      0.01000506
     47.73330000	      0.01000152	      0.55776877	      0.53673219	      0.63785317	      0.01000167	      0.01000733
     47.76670000	      0.01000145	      0.56380225	      0.54250538	      0.70019818	      0.01000180	      0.01000787
     47.80000000	      0.01000127	      0.64427197	      0.62012050	      0.77558710	      0.01000157	      0.01000591
     47.83330000	      0.01000336	      0.73764873	      0.71012555	      0.75731575	      0.01000430	      0.01003482
     47.86670000	      0.01000163	      0.75997495	      0.73125253	      0.65336050	      0.01000136	      0.01000589
     47.90000000	      0.01000158	      0.73313352	      0.70445133	      0.60339267	      0.01000113	      0.01000467
     47.93330000	      0.01000153	      0.70289403	      0.67417501	      0.64735257	      0.01000109	      0.01000452
     47.96670000	      0.01000143	      0.66861234	      0.64040353	      0.78433821	      0.01000125	      0.01000570
     48.00000000	      0.01000183	      0.61609432	      0.58993444	      0.93884969	      0.01000268	      0.01002847
     48.03330000	      0.01000159	      0.62443138	      0.59841647	      0.96644534	      0.01000235	      0.01002062
     48.06670000	      0.01000122	      0.68466167	      0.65671793	      0.85875642	      0.01000140	      0.01000636
     48.10000000	      0.01000157	      0.67966323	      0.65186629	      0.61021737	      0.01000117	      0.01000509
     48.13330000	      0.01000209	      0.58521118	      0.56037546	      0.45993060	      0.01000124	      0.01000570
     48.16670000	      0.01000215	      0.54078181	      0.51645685	      0.47829384	      0.01000114	      0.01000511
     48.20000000	      0.01000211	      0.59798006	      0.56963804	      0.67074073	      0.01000138	      0.01000940
     48.23330000	      0.01000633	      0.69768557	      0.66374891	      0.98754393	      0.01000623	      0.01005957
     48.26670000	      0.01000035	      0.65789510	      0.68456372	      0.99999991	      0.01000694	      0.04737416
     48.30000000	      0.01000012	      0.79873352	      0.75169484	      0.99999997	      0.01000027	      0.01074559
     48.33330000	      0.01000146	      0.77794667	      0.73910626	      0.93757729	      0.01000101	      0.01000489
     48.36670000	      0.01000198	      0.46789107	      0.44384292	      0.72276834	      0.01000161	      0.01000870
     48.40000000	      0.01000232	      0.26250432	      0.24892702	      0.60583795	      0.01000311	      0.01002081
     48.43330000	      0.01000147	      0.38087231	      0.36187226	      0.88390736	      0.01000245	      0.01001644
     48.46670000	      0.01000000	      0.65447733	      0.67666257	      1.00000000	      0.01000000	      0.27711316
     48.50000000	      0.01000137	      0.82965653	      0.79087051	      0.98408768	      0.01000107	      0.01000529
     48.53330000	      0.01000491	      0.24596916	      0.23422793	      0.26514544	      0.01000336	      0.01001838
     48.56670000	      0.02671371	      0.01024436	      0.01027939	      0.02539394	      0.07737958	      0.03675998
     48.60000000	      0.14723833	      0.04032072	      0.03843800	      0.01003671	      0.02982591	      0.01034613
     48.63330000	      0.01000030	      0.99999944	      0.99999941	      0.85407576	      0.01000012	      0.01000036
     48.66670000	      0.01000035	      0.51188841	      0.52200801	      0.99999906	      0.01000102	      0.54939764
     48.70000000	      0.01000000	      0.34677041	      0.33040836	      0.99999997	      0.01000002	      0.01079195
     48.73330000	      0.11535217	      0.04088671	      0.03909496	      0.01005446	      0.01047415	      0.01012895
     48.76670000	      0.01847439	      0.01008761	      0.01009148	      0.02976953	      0.06733617	      0.03355805
     48.80000000	      0.01000421	      0.15926733	      0.15257456	      0.26573787	      0.01000660	      0.01015935
     48.83330000	      0.01000174	      0.56147712	      0.53891157	      0.97884397	      0.01000294	      0.01002905
     48.86670000	      0.01000127	      0.64998431	      0.62495766	      0.96523422	      0.01000188	      0.01001233
     48.90000000	      0.01000140	      0.67370101	      0.64858174	      0.93212774	      0.01000207	      0.01001473
     48.93330000	      0.01000646	      0.72771219	      0.70123900	      0.96881982	      0.01000936	      0.01005241
     48.96670000	      0.01000113	      0.69280553	      0.66821331	      0.86705087	      0.01000145	      0.01000556
     49.00000000	      0.01000179	      0.51238007	      0.49448824	      0.51052642	      0.01000190	      0.01000795
     49.03330000	      0.01000291	      0.38579284	      0.37221611	      0.25349776	      0.01000212	      0.01000696
     49.06670000	      0.01000200	      0.63664170	      0.61312828	      0.35523374	      0.01000111	      0.01000387
     49.10000000	      0.01000024	      0.99999932	      0.99999929	      0.66517303	      0.01000010	      0.01000035
     49.13330000	      0.01022575	      0.99593907	      0.99321224	      0.99998548	      0.01056034	      0.01606010
     49.16670000	      0.01000215	      0.51907103	      0.49534207	      0.93308352	      0.01000350	      0.01005715
     49.20000000	      0.01000215	      0.33215448	      0.31735213	      0.58602909	      0.01000341	      0.01001771
     49.23330000	      0.01000200	      0.51617324	      0.49380541	      0.70257516	      0.01000245	      0.01009150
     49.26670000	      0.01000398	      0.76925776	      0.73603916	      0.80315097	      0.01000391	      0.01002940
     49.30000000	      0.01000137	      0.79940502	      0.76408219	      0.81569541	      0.01000109	      0.01000471
     49.33330000	      0.01000155	      0.67323046	      0.64256190	      0.75762342	      0.01000129	      0.01000572
     49.36670000	      0.01000169	      0.59725647	      0.56938678	      0.72515288	      0.01000149	      0.01000679
     49.40000000	      0.01000168	      0.61786979	      0.58846757	      0.73588143	      0.01000143	      0.01000644
     49.43330000	      0.01000264	      0.65057986	      0.61884155	      0.74671177	      0.01000218	      0.01002126
     49.46670000	      0.01000184	      0.60974192	      0.57899034	      0.72696469	      0.01000136	      0.01000606
     49.50000000	      0.01000216	      0.50243607	      0.47622147	      0.69078062	      0.01000165	      0.01000730
     49.53330000	      0.01000225	      0.41863131	      0.39629459	      0.71351617	      0.01000245	      0.01004512
     49.56670000	      0.01000182	      0.40254750	      0.38098515	      0.82328925	      0.01000232	      0.01001259
     49.60000000	      0.01000155	      0.45817589	      0.43401151	      0.94429163	      0.01000220	      0.01001646
     49.63330000	      0.01000149	      0.53160452	      0.50410911	      0.98303450	      0.01000200	      0.01001920
     49.66670000	      0.01000152	      0.57911905	      0.54950794	      0.93268884	      0.01000168	      0.01000863
     49.70000000	      0.01000168	      0.57472594	      0.54529317	      0.85819116	      0.01000161	      0.01000824
     49.73330000	      0.01000177	      0.56829574	      0.53892860	      0.84093621	      0.01000170	      0.01001629
     49.76670000	      0.01000215	      0.57668135	      0.54653135	      0.85511850	      0.01000260	      0.01004788
     49.80000000	      0.01000207	      0.57629581	      0.54574939	      0.86361699	      0.01000211	      0.01001159
     49.83330000	      0.01000191	      0.55122927	      0.52157259	      0.86504957	      0.01000184	      0.01002073
     49.86670000	      0.01000177	      0.51543411	      0.48735128	      0.87231895	      0.01000166	      0.01000846
     49.90000000	      0.01000191	      0.49319227	      0.46613399	      0.88197954	      0.01000214	      0.01001734
     49.93330000	      0.01000189	      0.49834612	      0.47093089	      0.88256395	      0.01000208	      0.01001558
     49.96670000	      0.01000176	      0.52280993	      0.49393981	      0.88465173	      0.01000167	      0.01000826
     50.00000000	      0.01000177	      0.54500606	      0.51465631	      0.90292207	      0.01000159	      0.01000894
     50.03330000	      0.01000177	      0.54891721	      0.51797592	      0.92616019	      0.01000156	      0.01000860
     50.06670000	      0.01000178	      0.53413878	      0.50363920	      0.93904963	      0.01000160	      0.01000974
     50.10000000	      0.01000174	      0.51039534	      0.48091937	      0.94474422	      0.01000162	      0.01000807
     50.13330000	      0.01000224	      0.49124758	      0.46264364	      0.96170097	      0.01000235	      0.01001139
     50.16670000	      0.01000162	      0.48550986	      0.45712504	      0.99362332	      0.01000171	      0.01000843
     50.20000000	      0.01000000	      0.48307282	      0.45623750	      1.00000000	      0.01000000	      0.01000674
     50.23330000	      0.01000000	      0.53253300	      0.51033790	      1.00000000	      0.01000000	      0.08553157
     50.26670000	      0.01000299	      0.49854725	      0.46938275	      0.98338632	      0.01000291	      0.01001635
     50.30000000	      0.01000403	      0.49744766	      0.46824706	      0.97963136	      0.01000331	      0.01000811
     50.33330000	      0.01000894	      0.49054299	      0.46166043	      0.99730360	      0.01001043	      0.01003983
     50.36670000	      0.01000000	      0.47502443	      0.43790303	      1.00000000	      0.01000000	      0.01000004
     50.40000000	      0.01000175	      0.45814184	      0.43110900	      0.99822029	      0.01000205	      0.01001625
     50.43330000	      0.01000165	      0.45775726	      0.43086997	      0.98099764	      0.01000187	      0.01000951
     50.46670000	      0.01000000	      0.58915489	      0.61904032	      1.00000000	      0.01000000	      0.26094076
     50.50000000	      0.01000000	      0.48746969	      0.45315152	      1.00000000	      0.01000000	      0.01002012
     50.53330000	      0.01000005	      0.46156743	      0.43990377	      0.99999994	      0.01000050	      0.03937540
     50.56670000	      0.01000008	      0.81559339	      0.91723542	      0.99999975	      0.01000009	      0.99191397
     50.60000000	      0.01000148	      0.41829303	      0.39458326	      0.96950663	      0.01000203	      0.01001224
     50.63330000	      0.01000172	      0.44134967	      0.41680560	      0.87039586	      0.01000207	      0.01002420
     50.66670000	      0.01000168	      0.56048409	      0.52955767	      0.93343189	      0.01000157	      0.01001009
     50.70000000	      0.01000141	      0.55563940	      0.58537294	      0.99999851	      0.01000001	      0.01001021
     50.73330000	      0.01000186	      0.44734920	      0.42226840	      0.94091811	      0.01000218	      0.01002538
     50.76670000	      0.01000209	      0.28020894	      0.26470158	      0.70237575	      0.01000307	      0.01004447
     50.80000000	      0.01000219	      0.25952037	      0.24567910	      0.64663796	      0.01000368	      0.01002716
     50.83330000	      0.01000164	      0.39265871	      0.37267981	      0.87434769	      0.01000277	      0.01008207
     50.86670000	      0.01000008	      0.52309300	      0.49781022	      0.99999984	      0.01000027	      0.01246488
     50.90000000	      0.01000000	      0.89249073	      0.79305565	      1.00000000	      0.01000000	      0.64383683
     50.93330000	      0.01000129	      0.65291514	      0.62251776	      0.99906988	      0.01000163	      0.01000771
     50.96670000	      0.01000166	      0.58063066	      0.55379171	      0.77389302	      0.01000202	      0.01003120
     51.00000000	      0.01000195	      0.53383918	      0.50900927	      0.65299258	      0.01000188	      0.01001169
     51.03330000	      0.01000249	      0.52161806	      0.49700902	      0.68455785	      0.01000307	      0.01006312
     51.06670000	      0.01000185	      0.51283532	      0.48843618	      0.81742923	      0.01000246	      0.01004640
     51.10000000	      0.01000151	      0.51359558	      0.48934814	      0.86785182	      0.01000214	      0.01001066
     51.13330000	      0.01000157	      0.55170156	      0.52601999	      0.79942499	      0.01000197	      0.01000890
     51.16670000	      0.01000191	      0.55044741	      0.52480405	      0.64702030	      0.01000183	      0.01000938
     51.20000000	      0.01000169	      0.50339087	      0.47949220	      0.61725235	      0.01000159	      0.01000741
     51.23330000	      0.01000176	      0.48452253	      0.46109108	      0.78500645	      0.01000218	      0.01001302
     51.26670000	      0.01000155	      0.46284028	      0.44065654	      0.94035627	      0.01000285	      0.01003963
     51.30000000	      0.01000138	      0.46956839	      0.44772232	      0.85696814	      0.01000240	      0.01001154
     51.33330000	      0.01000179	      0.49118758	      0.46894177	      0.66342163	      0.01000231	      0.01000958
     51.36670000	      0.01000198	      0.51567569	      0.49222574	      0.56691531	      0.01000180	      0.01000770
     51.40000000	      0.01000191	      0.56517628	      0.53884977	      0.68140555	      0.01000199	      0.01001282
     51.43330000	      0.01000148	      0.57545361	      0.54817740	      0.87956880	      0.01000184	      0.01000797
     51.46670000	      0.01000198	      0.49387252	      0.47054358	      0.89735541	      0.01000376	      0.01006650
     51.50000000	      0.01000168	      0.43108639	      0.41112960	      0.75730879	      0.01000296	      0.01004483
     51.53330000	      0.01000169	      0.45284943	      0.43228133	      0.70500954	      0.01000252	      0.01001262
     51.56670000	      0.01000144	      0.57873670	      0.55271136	      0.80804976	      0.01000189	      0.01000834
     51.60000000	      0.01000127	      0.67503989	      0.64465977	      0.89629767	      0.01000150	      0.01000662
     51.63330000	      0.01000136	      0.63247087	      0.60380538	      0.82992927	      0.01000152	      0.01000688
     51.66670000	      0.01000177	      0.51853600	      0.49478796	      0.66067296	      0.01000191	      0.01001483
     51.70000000	      0.01000205	      0.48098178	      0.45862354	      0.57077873	      0.01000189	      0.01000829
     51.73330000	      0.01000185	      0.57893708	      0.55139787	      0.65231298	      0.01000152	      0.01000678
     51.76670000	      0.01000154	      0.69898614	      0.66465523	      0.82527256	      0.01000121	      0.01000512
     51.80000000	      0.01000145	      0.66367862	      0.63003790	      0.94151661	      0.01000127	      0.01000580
     51.83330000	      0.01000192	      0.50393727	      0.47799679	      0.91471167	      0.01000233	      0.01003150
     51.86670000	      0.01000171	      0.38688241	      0.36708158	      0.76893837	      0.01000236	      0.01001778
     51.90000000	      0.01000179	      0.42867168	      0.40710689	      0.74548597	      0.01000229	      0.01004769
     51.93330000	      0.01000163	      0.58568859	      0.55647548	      0.82230979	      0.01000151	      0.01000761
     51.96670000	      0.01000163	      0.67927600	      0.64494750	      0.84840606	      0.01000121	      0.01000562
     52.00000000	      0.01000180	      0.62663153	      0.59408764	      0.80289909	      0.01000126	      0.01000577
     52.03330000	      0.01000434	      0.52664704	      0.49848858	      0.72911755	      0.01000353	      0.01006716
     52.06670000	      0.01000214	      0.49577291	      0.46859847	      0.73853529	      0.01000163	      0.01000766
     52.10000000	      0.01000189	      0.52860716	      0.49905249	      0.86085057	      0.01000155	      0.01000701
     52.13330000	      0.01000067	      0.61540985	      0.45519165	      0.99999859	      0.01000093	      0.02048554
     52.16670000	      0.01000000	      0.49804019	      0.45425137	      1.00000000	      0.01000000	      0.01002045
     52.20000000	      0.01000007	      0.52869064	      0.39007329	      0.99999978	      0.01000011	      0.01821943
     52.23330000	      0.01000240	      0.63286501	      0.62046093	      0.99999490	      0.01000499	      0.32091926
     52.26670000	      0.01000000	      0.53495675	      0.53243358	      1.00000000	      0.01000000	      0.06097967
     52.30000000	      0.01000000	      0.99999851	      0.99960655	      1.00000000	      0.01000000	      0.93427079
     52.33330000	      0.01000005	      0.53580508	      0.50313221	      0.99999994	      0.01000024	      0.03863069
     52.36670000	      0.01000009	      0.55719374	      0.54542209	      0.99999978	      0.01000015	      0.15325956
     52.40000000	      0.01000150	      0.48133725	      0.45526203	      0.95353232	      0.01000177	      0.01001042
     52.43330000	      0.01000165	      0.47910729	      0.45346560	      0.88240901	      0.01000184	      0.01001657
     52.46670000	      0.01000173	      0.54249212	      0.51368966	      0.91788721	      0.01000184	      0.01001406
     52.50000000	      0.01000153	      0.61844786	      0.58563979	      0.98293247	      0.01000140	      0.01000691
     52.53330000	      0.01000251	      0.64162139	      0.60532151	      0.99999307	      0.01000460	      0.01069971
     52.56670000	      0.01000152	      0.62523648	      0.59164245	      0.99857653	      0.01000132	      0.01000660
     52.60000000	      0.01000161	      0.58371012	      0.55212395	      0.96456254	      0.01000145	      0.01000848
     52.63330000	      0.01000164	      0.56857196	      0.53765544	      0.95711060	      0.01000153	      0.01001088
     52.66670000	      0.01000824	      0.58971848	      0.55753146	      0.98031953	      0.01000718	      0.01005470
     52.70000000	      0.01001313	      0.60967020	      0.57622121	      0.99606921	      0.01001166	      0.01005185
     52.73330000	      0.01000169	      0.58490464	      0.55251752	      0.97577216	      0.01000146	      0.01000733
     52.76670000	      0.01000170	      0.51971925	      0.49072118	      0.93273689	      0.01000161	      0.01000848
     52.80000000	      0.01000174	      0.46600565	      0.43994893	      0.91899992	      0.01000187	      0.01001621
     52.83330000	      0.01000163	      0.47207777	      0.44585962	      0.96610310	      0.01000190	      0.01001063
     52.86670000	      0.01000000	      0.32384263	      0.66658453	      1.00000000	      0.01000000	      0.01000968
     52.90000000	      0.01000169	      0.50826953	      0.48070309	      0.92488208	      0.01000185	      0.01001283
     52.93330000	      0.01000227	      0.44757967	      0.42342327	      0.70313239	      0.01000234	      0.01003095
     52.96670000	      0.01000302	      0.38619454	      0.36520652	      0.54109780	      0.01000251	      0.01000990
     53.00000000	      0.01000293	      0.43376777	      0.40975717	      0.59074820	      0.01000220	      0.01000801
     53.03330000	      0.01000229	      0.55380991	      0.52230759	      0.80807400	      0.01000171	      0.01000592
     53.06670000	      0.01000000	      0.59456884	      0.56045928	      1.00000000	      0.01000000	      0.01040397
     53.10000000	      0.01000000	      0.99609230	      0.10410851	      0.99999998	      0.01000000	      0.11835279
     53.13330000	      0.01000000	      0.69996103	      0.16960771	      1.00000000	      0.01000000	      0.01086388
     53.16670000	      0.01000182	      0.41974319	      0.39427627	      0.95285764	      0.01000226	      0.01000948
     53.20000000	      0.01000177	      0.41413331	      0.38898639	      0.96642794	      0.01000227	      0.01001072
     53.23330000	      0.01000263	      0.38970553	      0.36605206	      0.94826065	      0.01000331	      0.01005950
     53.26670000	      0.01000190	      0.35377980	      0.33239702	      0.91242660	      0.01000277	      0.01008630
     53.30000000	      0.01000159	      0.34007861	      0.31973783	      0.93768263	      0.01000266	      0.01001420
     53.33330000	      0.01000000	      0.35316240	      0.32615351	      1.00000000	      0.01000000	      0.01000351
     53.36670000	      0.01000000	      0.36803031	      0.33549847	      1.00000000	      0.01000000	      0.01001588
     53.40000000	      0.01000133	      0.39078812	      0.36952288	      0.98252451	      0.01000264	      0.01001490
     53.43330000	      0.01000142	      0.40143105	      0.38034739	      0.90828939	      0.01000262	      0.01001475
     53.46670000	      0.01000144	      0.41073083	      0.38978350	      0.87940108	      0.01000252	      0.01001368
     53.50000000	      0.01000144	      0.41228460	      0.39185293	      0.87628526	      0.01000258	      0.01001696
     53.53330000	      0.01000785	      0.40537942	      0.38599518	      0.85547911	      0.01001100	      0.01001172
     53.56670000	      0.01000144	      0.39750948	      0.37918908	      0.81284559	      0.01000276	      0.01001536
     53.60000000	      0.01000147	      0.40628805	      0.38833490	      0.78122728	      0.01000280	      0.01001453
     53.63330000	      0.01000144	      0.45120145	      0.43206556	      0.78783307	      0.01000260	      0.01001272
     53.66670000	      0.01000139	      0.52041719	      0.49909489	      0.79048981	      0.01000216	      0.01000812
     53.70000000	      0.01000145	      0.58663436	      0.56311228	      0.74182281	      0.01000190	      0.01000795
     53.73330000	      0.01000155	      0.61661127	      0.59197051	      0.64901833	      0.01000162	      0.01000589
     53.76670000	      0.01000165	      0.61316634	      0.58830686	      0.61375608	      0.01000155	      0.01000611
     53.80000000	      0.01000161	      0.61815633	      0.59256162	      0.65748078	      0.01000152	      0.01000578
     53.83330000	      0.01000150	      0.62089453	      0.59476615	      0.73927324	      0.01000159	      0.01000639
     53.86670000	      0.01000141	      0.60342844	      0.57787884	      0.79284586	      0.01000172	      0.01000754
     53.90000000	      0.01000147	      0.57187555	      0.54768398	      0.74946068	      0.01000183	      0.01000761
     53.93330000	      0.01000163	      0.56442678	      0.54055320	      0.67413280	      0.01000180	      0.01000861
     53.96670000	      0.01000164	      0.58237941	      0.55753161	      0.64480686	      0.01000141	      0.01000447
     54.00000000	      0.01000204	      0.59827367	      0.57232708	      0.68708274	      0.01000152	      0.01000531
     54.03330000	      0.01000155	      0.58445083	      0.55874644	      0.76235065	      0.01000169	      0.01000814
     54.06670000	      0.01000150	      0.55439558	      0.52993852	      0.77581908	      0.01000185	      0.01000852
     54.10000000	      0.01000164	      0.57511759	      0.54979149	      0.69832719	      0.01000174	      0.01000878
     54.13330000	      0.01000167	      0.65236475	      0.62325222	      0.65764473	      0.01000136	      0.01000603
     54.16670000	      0.01000163	      0.70348873	      0.67097369	      0.69836025	      0.01000118	      0.01000498
     54.20000000	      0.01000175	      0.64155235	      0.61058369	      0.71506407	      0.01000129	      0.01000563
     54.23330000	      0.01000381	      0.53253664	      0.50588598	      0.67759948	      0.01000381	      0.01006066
     54.26670000	      0.01000197	      0.46806852	      0.44403139	      0.62981279	      0.01000163	      0.01000746
     54.30000000	      0.01000237	      0.46488538	      0.44047040	      0.63574698	      0.01000191	      0.01000789
     54.33330000	      0.01000218	      0.49545802	      0.46883743	      0.72132883	      0.01000181	      0.01000787
     54.36670000	      0.01000193	      0.51512298	      0.48689315	      0.83662497	      0.01000177	      0.01000786
     54.40000000	      0.01000175	      0.50340115	      0.47549017	      0.91870186	      0.01000186	      0.01000970
     54.43330000	      0.01000177	      0.46152440	      0.43586579	      0.92514824	      0.01000221	      0.01003553
     54.46670000	      0.01000170	      0.43766413	      0.41345540	      0.90668071	      0.01000222	      0.01001359
     54.50000000	      0.01000150	      0.48793229	      0.46121096	      0.99441481	      0.01000198	      0.01001005
     54.53330000	      0.01000000	      0.53646135	      0.51341363	      1.00000000	      0.01000000	      0.06833230
     54.56670000	      0.01000004	      0.52030157	      0.49692823	      0.99999991	      0.01000051	      0.04867112
     54.60000000	      0.01000005	      0.50348572	      0.48067991	      0.99999990	      0.01000052	      0.04766979
     54.63330000	      0.01000001	      0.87005396	      0.96050299	      0.99999997	      0.01000004	      0.99048388
     54.66670000	      0.01000000	      0.69902767	      0.70894251	      1.00000000	      0.01000000	      0.41910259
     54.70000000	      0.01000000	      0.59782687	      0.56899630	      1.00000000	      0.01000000	      0.01000768
     54.73330000	      0.01000000	      0.66523146	      0.63663523	      1.00000000	      0.01000000	      0.09898706
     54.76670000	      0.01000201	      0.36346775	      0.34473358	      0.61154478	      0.01000181	      0.01001921
     54.80000000	      0.01000236	      0.32072414	      0.30422385	      0.59101298	      0.01000255	      0.01007888
     54.83330000	      0.01000002	      0.56481084	      0.60777963	      0.99999990	      0.01000017	      0.11873277
     54.86670000	      0.01000022	      0.63633090	      0.61089185	      0.99999994	      0.01000169	      0.03731266
     54.90000000	      0.01000000	      0.70921154	      0.67231363	      1.00000000	      0.01000000	      0.04117552
     54.93330000	      0.01000004	      0.67269518	      0.67174493	      0.99999988	      0.01000012	      0.01003878
     54.96670000	      0.01000002	      0.66436622	      0.63483350	      0.99999999	      0.01000011	      0.01073452
     55.00000000	      0.01000000	      0.67502027	      0.63240686	      1.00000000	      0.01000008	      0.01070743
     55.03330000	      0.01000000	      0.74619863	      0.72255614	      1.00000000	      0.01000000	      0.06804544
     55.06670000	      0.01000005	      0.78426787	      0.74829390	      0.99999996	      0.01000000	      0.01045239
     55.10000000	      0.01000000	      0.88508766	      0.75857934	      1.00000000	      0.01000013	      0.05792585
     55.13330000	      0.01000000	      0.96684668	      0.61293238	      0.99999997	      0.01000143	      0.01867047
     55.16670000	      0.01000011	      0.98038173	      0.57853883	      0.99999977	      0.01000067	      0.04238129
     55.20000000	      0.01000002	      0.83590099	      0.82115227	      0.99999994	      0.01000002	      0.14918249
     55.23330000	      0.01000000	      0.76801652	      0.72117587	      1.00000000	      0.01000000	      0.01062579
     55.26670000	      0.01000000	      0.71375575	      0.67443475	      1.00000000	      0.01000000	      0.01103590
     55.30000000	      0.01000034	      0.64734866	      0.62301557	      0.99999991	      0.01000047	      0.01315786
     55.33330000	      0.01000003	      0.57983315	      0.77869075	      0.99999990	      0.01000003	      0.08711385
     55.36670000	      0.01000016	      0.76003515	      0.73885206	      0.99999972	      0.01000015	      0.06160440
     55.40000000	      0.48683455	      0.23793376	      0.22033402	      0.01004062	      0.40702631	      0.01000359
     55.43330000	      0.01000152	      0.61933773	      0.58578988	      0.82329971	      0.01000098	      0.01000701
     55.46670000	      0.01000163	      0.47940044	      0.45310500	      0.85505987	      0.01000142	      0.01001223
     55.50000000	      0.01000000	      0.46131370	      0.44375867	      1.00000000	      0.01000000	      0.01010122
     55.53330000	      0.01000029	      0.52188778	      0.49367926	      0.99999936	      0.01000044	      0.06814905
     55.56670000	      0.01000014	      0.73462824	      0.71837114	      0.99999975	      0.01000022	      0.14468978
     55.60000000	      0.01000024	      0.85651745	      0.84153167	      0.99999978	      0.01000039	      0.04205691
     55.63330000	      0.01000217	      0.55423832	      0.52590621	      0.70043762	      0.01000147	      0.01000697
     55.66670000	      0.01000290	      0.40229563	      0.38141401	      0.63516611	      0.01000329	      0.01010971
     55.70000000	      0.01000174	      0.48397012	      0.45899203	      0.96250993	      0.01000215	      0.01001523
     55.73330000	      0.01000004	      0.49400056	      0.47261371	      0.99999998	      0.01000045	      0.07288879
     55.76670000	      0.01000005	      0.49760853	      0.47433997	      0.99999996	      0.01000049	      0.01993637
     55.80000000	      0.01000166	      0.45948146	      0.43846756	      0.82639134	      0.01000261	      0.01004379
     55.83330000	      0.01000495	      0.19937762	      0.19054559	      0.26071373	      0.01000632	      0.01003471
     55.86670000	      0.01000648	      0.19858151	      0.18988118	      0.18299190	      0.01000635	      0.01003176
     55.90000000	      0.01000195	      0.67947793	      0.64914148	      0.65120201	      0.01000166	      0.01000554
     55.93330000	      0.01000000	      0.95043976	      0.78989254	      1.00000000	      0.01000000	      0.01867207
     55.96670000	      0.01000043	      0.65875262	      0.88762769	      0.99999979	      0.01000070	      0.28652541
     56.00000000	      0.01000181	      0.42783333	      0.40778683	      0.86721210	      0.01000391	      0.01009453
     56.03330000	      0.01000283	      0.21026158	      0.20068817	      0.47282126	      0.01000683	      0.01010881
     56.06670000	      0.01000297	      0.19865065	      0.18997775	      0.44433190	      0.01000741	      0.01002936
     56.10000000	      0.01000218	      0.29832136	      0.28593031	      0.58742389	      0.01000546	      0.01002025
     56.13330000	      0.01000190	      0.39040427	      0.37492817	      0.65532224	      0.01000430	      0.01001308
     56.16670000	      0.01000204	      0.39986500	      0.38454259	      0.59472739	      0.01000407	      0.01001138
     56.20000000	      0.01000302	      0.34504772	      0.33213034	      0.50651633	      0.01000632	      0.01005465
     56.23330000	      0.01000257	      0.31434468	      0.30282367	      0.47165248	      0.01000520	      0.01001281
     56.26670000	      0.01000269	      0.33913602	      0.32701694	      0.48461178	      0.01000572	      0.01002403
     56.30000000	      0.01000225	      0.38827176	      0.37471970	      0.50286339	      0.01000436	      0.01000949
     56.33330000	      0.01000202	      0.46245018	      0.44656261	      0.54597098	      0.01000393	      0.01001228
     56.36670000	      0.01000156	      0.58044257	      0.56064130	      0.65438770	      0.01000271	      0.01000578
     56.40000000	      0.01000397	      0.63044651	      0.60897608	      0.71678911	      0.01000339	      0.01001433
     56.43330000	      0.01000159	      0.50403228	      0.48687317	      0.59696964	      0.01000290	      0.01000769
     56.46670000	      0.01000226	      0.33625150	      0.32482807	      0.43664649	      0.01000423	      0.01001001
     56.50000000	      0.01000218	      0.34028004	      0.32882895	      0.46548098	      0.01000426	      0.01001034
     56.53330000	      0.01000158	      0.50015060	      0.48362027	      0.63758286	      0.01000311	      0.01001063
     56.56670000	      0.01000209	      0.63548015	      0.61480303	      0.68625353	      0.01000261	      0.01000608
     56.60000000	      0.01000143	      0.62334751	      0.60298217	      0.55457843	      0.01000170	      0.01000428
     56.63330000	      0.01000164	      0.58781572	      0.56807530	      0.48106437	      0.01000161	      0.01000429
     56.66670000	      0.01000153	      0.63940489	      0.61706828	      0.53721771	      0.01000138	      0.01000398
     56.70000000	      0.01000138	      0.76194713	      0.73426201	      0.65721662	      0.01000134	      0.01000518
     56.73330000	      0.01000149	      0.72552434	      0.69816972	      0.64539451	      0.01000131	      0.01000529
     56.76670000	      0.01000120	      0.78093084	      0.75037595	      0.68533909	      0.01000095	      0.01000377
     56.80000000	      0.01000130	      0.91577302	      0.87846984	      0.80952022	      0.01000094	      0.01000406
     56.83330000	      0.01000113	      0.89268659	      0.85461442	      0.85881450	      0.01000076	      0.01000381
     56.86670000	      0.01000150	      0.62835700	      0.60049344	      0.71528653	      0.01000107	      0.01000650
     56.90000000	      0.01000279	      0.39402416	      0.37617192	      0.53527962	      0.01000303	      0.01009549
     56.93330000	      0.01000183	      0.45709972	      0.43628405	      0.64730896	      0.01000163	      0.01001050
     56.96670000	      0.01000121	      0.71991394	      0.68723948	      0.99831540	      0.01000108	      0.01000670
     57.00000000	      0.01000012	      0.78061493	      0.73553273	      0.99999997	      0.01000019	      0.01072002
     57.03330000	      0.01000129	      0.77895951	      0.74352837	      0.97572490	      0.01000095	      0.01000656
     57.06670000	      0.01000197	      0.60425925	      0.57658620	      0.80194718	      0.01000159	      0.01002754
     57.10000000	      0.01000183	      0.48797330	      0.46560859	      0.70994212	      0.01000165	      0.01001402
     57.13330000	      0.01000196	      0.47653504	      0.45490678	      0.67917451	      0.01000182	      0.01001350
     57.16670000	      0.01000221	      0.61513416	      0.58750856	      0.72427077	      0.01000166	      0.01000598
     57.20000000	      0.01000149	      0.87413913	      0.83460689	      0.89689708	      0.01000099	      0.01000491
     57.23330000	      0.01000000	      0.94343035	      0.89961765	      1.00000000	      0.01000000	      0.01053916
     57.26670000	      0.01000000	      0.75205084	      0.71117907	      1.00000000	      0.01000020	      0.01106029
     57.30000000	      0.01000040	      0.54943233	      0.57657183	      0.99999907	      0.01000065	      0.01034082
     57.33330000	      0.01000020	      0.61563733	      0.59101515	      1.00000000	      0.01000044	      0.04632676
     57.36670000	      0.01000425	      0.77915290	      0.74376106	      0.98129350	      0.01000348	      0.01003815
     57.40000000	      0.01000218	      0.73446786	      0.70066009	      0.72389606	      0.01000121	      0.01000957
     57.43330000	      0.01000182	      0.69098313	      0.65798507	      0.74426097	      0.01000103	      0.01000614
     57.46670000	      0.01000000	      0.69525709	      0.66011725	      1.00000000	      0.01000000	      0.01894465
     57.50000000	      0.01000005	      0.54450208	      0.52579332	      0.99999993	      0.01000042	      0.05522402
     57.53330000	      0.01000003	      0.55967510	      0.53396763	      0.99999997	      0.01000028	      0.02532052
     57.56670000	      0.01000007	      0.67631057	      0.65414419	      0.99999984	      0.01000069	      0.07255887
     57.60000000	      0.01000000	      0.75116554	      0.71827783	      1.00000000	      0.01000000	      0.01173496
     57.63330000	      0.01000136	      0.65569593	      0.62542811	      0.87809087	      0.01000103	      0.01000795
     57.66670000	      0.01000128	      0.65258791	      0.62242312	      0.96749620	      0.01000113	      0.01001119
     57.70000000	      0.01000088	      0.69121410	      0.67852480	      0.99985956	      0.01006210	      0.09552994
     57.73330000	      0.01000000	      0.74053021	      0.74025661	      1.00000000	      0.01000000	      0.01000783
     57.76670000	      0.01000139	      0.90455427	      0.86376445	      0.89495038	      0.01000082	      0.01000526
     57.80000000	      0.01000173	      0.94366646	      0.90003570	      0.82155248	      0.01000083	      0.01000530
     57.83330000	      0.01000348	      0.93755062	      0.89166030	      0.89958100	      0.01000159	      0.01000851
     57.86670000	      0.29561889	      0.56781158	      0.53866763	      0.50522057	      0.24215820	      0.02999828
     57.90000000	      0.01000000	      0.91112447	      0.79754103	      1.00000000	      0.01000000	      0.40246869
     57.93330000	      0.01000024	      0.61189794	      0.58503864	      0.99999999	      0.01000039	      0.05011979
     57.96670000	      0.01000000	      0.58868593	      0.58319445	      1.00000000	      0.01000000	      0.01098988
     58.00000000	      0.01000001	      0.62165986	      0.56139184	      0.99999997	      0.01000001	      0.01966814
     58.03330000	      0.01000263	      0.80392206	      0.36725986	      0.99999400	      0.01000346	      0.04300103
     58.06670000	      0.01000001	      0.58700929	      0.56535524	      0.99999831	      0.01000071	      0.04528371
     58.10000000	      0.01000000	      0.61065498	      0.58473629	      0.99999998	      0.01000003	      0.04645468
     58.13330000	      0.01000000	      0.63832309	      0.60757907	      1.00000000	      0.01000001	      0.01918369
     58.16670000	      0.01000001	      0.76477878	      0.76775772	      0.99999997	      0.01000001	      0.17911279
     58.20000000	      0.01000000	      0.53071828	      0.93646669	      1.00000000	      0.01000000	      0.01171869
     58.23330000	      0.01000004	      0.72777567	      0.69245441	      0.99999999	      0.01000014	      0.01084742
     58.26670000	      0.01000001	      0.71697841	      0.64280666	      0.99999842	      0.01000034	      0.09455137
     58.30000000	      0.01000000	      0.70604951	      0.77061063	      1.00000000	      0.01000000	      0.26871464
     58.33330000	      0.01000000	      0.50480718	      0.83248787	      1.00000000	      0.01000000	      0.05067046
     58.36670000	      0.01000489	      0.73665578	      0.76730370	      0.99999052	      0.01000603	      0.12499875
     58.40000000	      0.01000000	      0.73531974	      0.71183354	      1.00000000	      0.01000000	      0.01035714
     58.43330000	      0.01000000	      0.99997917	      0.40029372	      0.99999990	      0.01000002	      0.01002684
     58.46670000	      0.01000000	      0.70056809	      0.66699568	      1.00000000	      0.01000000	      0.02337613
     58.50000000	      0.01000000	      0.64703655	      0.66490593	      1.00000000	      0.01000000	      0.01000000
     58.53330000	      0.03183677	      0.39668231	      0.59572757	      0.22365249	      0.13517238	      0.48129407
     58.56670000	      0.01000001	      0.79054160	      0.74138224	      0.99999997	      0.01000003	      0.04140314
     58.60000000	      0.01000005	      0.86277147	      0.83415536	      0.99999996	      0.01000075	      0.01048815
     58.63330000	      0.01000059	      0.94777804	      0.82481268	      0.99999998	      0.01000065	      0.04751923
     58.66670000	      0.01000002	      0.70989934	      0.81180214	      0.99999989	      0.01000009	      0.09938172
     58.70000000	      0.01000036	      0.58777883	      0.57515438	      0.99999990	      0.01000151	      0.11315844
     58.73330000	      0.01000247	      0.23173475	      0.21973444	      0.44128250	      0.01000246	      0.01002246
     58.76670000	      0.19437461	      0.04096181	      0.03910375	      0.01004006	      0.09295130	      0.01078773
     58.80000000	      0.01001333	      0.15259107	      0.14487882	      0.10727918	      0.01000568	      0.01011707
     58.83330000	      0.01000011	      0.96893538	      0.99776255	      0.99999998	      0.01000020	      0.16658208
     58.86670000	      0.01000006	      0.72018371	      0.70021345	      0.99999992	      0.01000017	      0.06878823
     58.90000000	      0.01000068	      0.85864511	      0.87838119	      0.99999719	      0.01000043	      0.99033636
     58.93330000	      0.01000170	      0.34327821	      0.32561349	      0.74347413	      0.01000222	      0.01007800
     58.96670000	      0.01059761	      0.63794208	      0.55707635	      0.63800993	      0.50487301	      0.01391221
     59.00000000	      0.01000012	      0.67663457	      0.63972485	      0.99999979	      0.01000042	      0.01076760
     59.03330000	      0.01000019	      0.77496018	      0.68257994	      0.99999959	      0.01000024	      0.06622129
     59.06670000	      0.01000013	      0.71084620	      0.61936317	      0.99999966	      0.01000049	      0.12662820
     59.10000000	      0.01000004	      0.59302736	      0.61502545	      0.99999986	      0.01000033	      0.11952512
     59.13330000	      0.01000000	      0.58385826	      0.55582221	      1.00000000	      0.01000000	      0.01213919
     59.16670000	      0.01000006	      0.68014677	      0.64975363	      0.99999998	      0.01000012	      0.01539168
     59.20000000	      0.01000005	      0.89538108	      0.88631139	      0.99999989	      0.01000005	      0.03166321
     59.23330000	      0.01000010	      1.00000000	      1.00000000	      0.89685907	      0.01000000	      0.01000000
     59.26670000	      0.01000016	      0.99999992	      0.99999992	      0.88885211	      0.01000001	      0.01000006
     59.30000000	      0.01000003	      0.29876326	      0.21338917	      0.99999992	      0.01000000	      0.15013349
     59.33330000	      0.01000345	      0.53180991	      0.50539274	      0.63586625	      0.01000201	      0.01003301
     59.36670000	      0.01000451	      0.23150080	      0.21981033	      0.26177889	      0.01000282	      0.01001801
     59.40000000	      0.01000191	      0.58671087	      0.55668738	      0.69155269	      0.01000122	      0.01000675
     59.43330000	      0.01000002	      0.80494106	      0.77660502	      0.99999997	      0.01000014	      0.01369351
     59.46670000	      0.01000000	      0.75450986	      0.65176700	      1.00000000	      0.01000000	      0.02862579
     59.50000000	      0.01000183	      0.65758480	      0.53506767	      0.99999886	      0.01000210	      0.09312220
     59.53330000	      0.01000000	      0.60899857	      0.59170143	      1.00000000	      0.01000000	      0.12570682
     59.56670000	      0.01000000	      0.56167304	      0.53856268	      0.99999968	      0.01000015	      0.04427652
     59.60000000	      0.01000000	      0.81044910	      0.89756238	      0.99999999	      0.01000002	      0.83042477
     59.63330000	      0.01000060	      0.53903659	      0.52157749	      0.99999845	      0.01000096	      0.07764692
     59.66670000	      0.01000002	      0.57340841	      0.55235231	      0.99999995	      0.01000008	      0.08221348
     59.70000000	      0.01000000	      0.61594600	      0.68819794	      0.99999943	      0.01000037	      0.03499626
     59.73330000	      0.01000000	      0.78909160	      0.74693207	      0.99999992	      0.01000000	      0.01714674
     59.76670000	      0.01000306	      0.31280425	      0.29853190	      0.40024796	      0.01000225	      0.01001448
     59.80000000	      0.01002705	      0.02176916	      0.02092124	      0.05852048	      0.01002914	      0.01011553
     59.83330000	      0.01000388	      0.22030922	      0.21051600	      0.38069559	      0.01000448	      0.01013127
     59.86670000	      0.01000022	      0.74087235	      0.73109713	      0.99999924	      0.01000160	      0.19718374
     59.90000000	      0.01000000	      0.86717744	      0.87270851	      1.00000000	      0.01000002	      0.02057138
     59.93330000	      0.01000011	      0.99118357	      0.98956616	      0.99999991	      0.01000108	      0.04997547
     59.96670000	      0.01010674	      0.90942583	      0.88295475	      0.99998292	      0.01018423	      0.01665367
     60.00000000	      0.01000204	      0.70747153	      0.67725844	      0.89676422	      0.01000208	      0.01001236
     60.03330000	      0.01000137	      0.62915319	      0.60234211	      0.89203043	      0.01000159	      0.01000777
     60.06670000	      0.01000773	      0.66747520	      0.63937245	      0.96979649	      0.01001062	      0.01007377
     60.10000000	      0.01000000	      0.70555846	      0.68660501	      0.99999998	      0.01000001	      0.05241459
     60.13330000	      0.01000000	      0.71966636	      0.69173884	      1.00000000	      0.01000002	      0.01694473
     60.16670000	      0.01000000	      0.77095709	      0.73695762	      1.00000000	      0.01000005	      0.01023058
     60.20000000	      0.01000107	      0.74617949	      0.71637246	      0.87465115	      0.01000103	      0.01000507
     60.23330000	      0.01000193	      0.46812847	      0.44927523	      0.51502506	      0.01000158	      0.01000778
     60.26670000	      0.01000258	      0.39573567	      0.37961968	      0.49067870	      0.01000273	      0.01004377
     60.30000000	      0.01000166	      0.49435019	      0.47423505	      0.71661071	      0.01000181	      0.01000943
     60.33330000	      0.01000137	      0.57231847	      0.54953198	      0.86463320	      0.01000168	      0.01000867
     60.36670000	      0.01000150	      0.56338986	      0.54160907	      0.77562171	      0.01000176	      0.01000887
     60.40000000	      0.01000159	      0.58710293	      0.56489277	      0.68177940	      0.01000167	      0.01000724
     60.43330000	      0.01000207	      0.72428623	      0.69704358	      0.69468025	      0.01000194	      0.01001305
     60.46670000	      0.01000175	      0.82486334	      0.79342709	      0.72072564	      0.01000136	      0.01000610
     60.50000000	      0.01000146	      0.79108027	      0.76012824	      0.65419274	      0.01000100	      0.01000381
     60.53330000	      0.01000180	      0.72245147	      0.69304527	      0.57251362	      0.01000115	      0.01000486
     60.56670000	      0.01000169	      0.75913261	      0.72655837	      0.60410981	      0.01000099	      0.01000415
     60.60000000	      0.01000188	      0.82579056	      0.78811364	      0.73418133	      0.01000113	      0.01000536
     60.63330000	      0.01000167	      0.73001658	      0.69482445	      0.80742572	      0.01000115	      0.01000522
     60.66670000	      0.01000182	      0.56501041	      0.53686976	      0.78650473	      0.01000165	      0.01000777
     60.70000000	      0.01000162	      0.56684522	      0.53831631	      0.87019956	      0.01000177	      0.01000822
     60.73330000	      0.01000002	      0.69145100	      0.57754996	      0.99999994	      0.01000005	      0.02158884
     60.76670000	      0.01000011	      0.60060063	      0.57876730	      0.99999971	      0.01000167	      0.04984885
     60.80000000	      0.01000000	      0.51925093	      0.48644184	      1.00000000	      0.01000000	      0.04264726
     60.83330000	      0.01000139	      0.42592944	      0.40499604	      0.87481885	      0.01000221	      0.01001420
     60.86670000	      0.01000015	      0.99997190	      0.99998556	      1.00000000	      0.01000000	      0.01001547
     60.90000000	      0.01000004	      0.55082610	      0.52856871	      0.99999991	      0.01000052	      0.06219375
     60.93330000	      0.01002087	      0.04158687	      0.03973571	      0.04636005	      0.01002626	      0.01010398
     60.96670000	      0.97772858	      0.19851406	      0.18974979	      0.01000445	      0.34552068	      0.01001985
     61.00000000	      0.90575248	      0.25393387	      0.24191244	      0.01000262	      0.23357649	      0.01000788
     61.03330000	      0.01000015	      1.00000000	      1.00000000	      0.99678066	      0.01000001	      0.01000002
     61.06670000	      0.01000000	      0.58832283	      0.55220432	      1.00000000	      0.01000000	      0.01394914
     61.10000000	      0.01000046	      0.43209869	      0.42199953	      0.99999844	      0.01000133	      0.20963571
     61.13330000	      0.01000155	      0.21093784	      0.25933146	      0.99999229	      0.01000451	      0.31346239
     61.16670000	      0.44173249	      0.01001164	      0.01001232	      0.01682874	      0.43378547	      0.18897601
     61.20000000	      0.86323136	      0.01005574	      0.01006409	      0.01002253	      0.46164232	      0.06939751
     61.23330000	      0.01000591	      0.20718392	      0.19694992	      0.22389991	      0.01000527	      0.01002235
     61.26670000	      0.01000072	      0.74418906	      0.71719830	      0.99999896	      0.01000136	      0.01337177
     61.30000000	      0.01000035	      0.69756657	      0.64485816	      0.99999924	      0.01000097	      0.05021845
     61.33330000	      0.01000163	      0.53591451	      0.50904471	      0.82281128	      0.01000159	      0.01000954
     61.36670000	      0.01000241	      0.43044413	      0.40875696	      0.57737128	      0.01000200	      0.01000948
     61.40000000	      0.01000191	      0.57503985	      0.54565208	      0.76614375	      0.01000147	      0.01000681
     61.43330000	      0.01000295	      0.61111897	      0.57933405	      0.87943767	      0.01000280	      0.01004597
     61.46670000	      0.01000177	      0.54299994	      0.51440735	      0.86006833	      0.01000163	      0.01000848
     61.50000000	      0.01000169	      0.54559740	      0.51673584	      0.89969796	      0.01000168	      0.01000839
     61.53330000	      0.01000003	      0.64149002	      0.63136977	      0.99999997	      0.01000003	      0.09241415
     61.56670000	      0.01000001	      0.60977081	      0.56287449	      0.99999998	      0.01000002	      0.01014252
     61.60000000	      0.01009826	      0.64947202	      0.63934954	      0.99994367	      0.01015355	      0.19170982
     61.63330000	      0.01000182	      0.41987007	      0.39755003	      0.78315142	      0.01000208	      0.01003397
     61.66670000	      0.01000222	      0.35725270	      0.33840808	      0.65406282	      0.01000255	      0.01003527
     61.70000000	      0.01000160	      0.53000133	      0.50230331	      0.94697690	      0.01000178	      0.01001238
     61.73330000	      0.01000000	      0.55982511	      0.53252655	      1.00000000	      0.01000000	      0.01000967
     61.76670000	      0.01000016	      0.68101768	      0.62713824	      0.99999941	      0.01000071	      0.31650365
     61.80000000	      0.01000001	      0.52667016	      0.51666453	      0.99999872	      0.01000091	      0.04402091
     61.83330000	      0.01000263	      0.29801321	      0.28326857	      0.48605115	      0.01000297	      0.01001651
     61.86670000	      0.01000372	      0.27602440	      0.26250117	      0.35835954	      0.01000332	      0.01002648
     61.90000000	      0.01000212	      0.53539843	      0.50899575	      0.68094274	      0.01000169	      0.01000872
     61.93330000	      0.01000011	      0.61057939	      0.87642192	      0.99999915	      0.01000083	      0.09301632
     61.96670000	      0.01000000	      0.60338223	      0.57421822	      1.00000000	      0.01000000	      0.01002937
     62.00000000	      0.01000148	      0.54073818	      0.51381117	      0.95027557	      0.01000173	      0.01000979
     62.03330000	      0.01000245	      0.35864695	      0.34101960	      0.57244816	      0.01000262	      0.01001376
     62.06670000	      0.01000306	      0.32963608	      0.31356967	      0.47083234	      0.01000308	      0.01002066
     62.10000000	      0.01000222	      0.46961744	      0.44676159	      0.67769197	      0.01000226	      0.01001057
     62.13330000	      0.01001330	      0.61695409	      0.58700303	      0.99174591	      0.01001882	      0.01007804
     62.16670000	      0.01000000	      0.57549832	      0.54894387	      1.00000000	      0.01000003	      0.01048703
     62.20000000	      0.01000016	      0.59045906	      0.57392334	      0.99998401	      0.01001545	      0.05606392
     62.23330000	      0.01000188	      0.61818356	      0.58966424	      0.96264291	      0.01000279	      0.01002622
     62.26670000	      0.01000132	      0.70421311	      0.67201891	      0.93140332	      0.01000149	      0.01000669
     62.30000000	      0.01000441	      0.74902010	      0.71450538	      0.93293200	      0.01000508	      0.01004605
     62.33330000	      0.01000136	      0.65717732	      0.62646568	      0.90368582	      0.01000141	      0.01000687
     62.36670000	      0.01000159	      0.47218364	      0.44996325	      0.75964457	      0.01000199	      0.01001493
     62.40000000	      0.01000202	      0.35864090	      0.34187812	      0.60422172	      0.01000277	      0.01001504
     62.43330000	      0.01000172	      0.46336331	      0.44199813	      0.71007036	      0.01000221	      0.01001248
     62.46670000	      0.02678733	      0.65344357	      0.99350992	      0.81718316	      0.01716650	      0.44248097
     62.50000000	      0.01000000	      0.82243093	      0.80594972	      0.99999888	      0.01000077	      0.09806989
     62.53330000	      0.01001367	      0.71723431	      0.73963042	      0.99997288	      0.01001814	      0.02039088
     62.56670000	      0.01000230	      0.35732491	      0.34046623	      0.52393976	      0.01000222	      0.01001877
     62.60000000	      0.01000614	      0.14136068	      0.13467286	      0.21092891	      0.01000627	      0.01011484
     62.63330000	      0.01000338	      0.25964315	      0.24737327	      0.39726348	      0.01000368	      0.01001828
     62.66670000	      0.01000191	      0.47750342	      0.45512191	      0.75439736	      0.01000217	      0.01001794
     62.70000000	      0.01000156	      0.57191245	      0.54546534	      0.89598347	      0.01000193	      0.01001427
     62.73330000	      0.01000158	      0.58271276	      0.55613211	      0.83909672	      0.01000185	      0.01000895
     62.76670000	      0.01000162	      0.62652991	      0.59813020	      0.78888987	      0.01000171	      0.01000750
     62.80000000	      0.01000151	      0.69461510	      0.66297175	      0.86234860	      0.01000154	      0.01000660
     62.83330000	      0.01000139	      0.70116686	      0.66899296	      0.94993660	      0.01000155	      0.01000683
     62.86670000	      0.01000137	      0.61265527	      0.58451713	      0.93014046	      0.01000172	      0.01000855
     62.90000000	      0.01000154	      0.51912411	      0.49545074	      0.80687578	      0.01000206	      0.01001151
     62.93330000	      0.01000165	      0.48947323	      0.46737320	      0.74537269	      0.01000220	      0.01001060
     62.96670000	      0.01000142	      0.56712683	      0.54176193	      0.86097793	      0.01000190	      0.01000940
     63.00000000	      0.01000000	      0.67347656	      0.64911011	      1.00000000	      0.01000005	      0.05120304
     63.03330000	      0.01000017	      0.76821060	      0.77656716	      0.99999958	      0.01000037	      0.20999229
     63.06670000	      0.01000028	      0.73070042	      0.72199787	      0.99999907	      0.01000081	      0.02343821
     63.10000000	      0.01000138	      0.56285170	      0.53829390	      0.74334818	      0.01000145	      0.01000831
     63.13330000	      0.01000205	      0.39162066	      0.37442204	      0.51964372	      0.01000206	      0.01001191
     63.16670000	      0.01000200	      0.45017127	      0.43029787	      0.56981638	      0.01000184	      0.01001232
     63.20000000	      0.01000218	      0.62897046	      0.60095982	      0.69934951	      0.01000176	      0.01002038
     63.23330000	      0.01000149	      0.75747055	      0.72300912	      0.80143193	      0.01000101	      0.01000508
     63.26670000	      0.01000145	      0.77062454	      0.73455196	      0.92320352	      0.01000103	      0.01000564
     63.30000000	      0.01000000	      0.63821224	      0.62697556	      1.00000000	      0.01000000	      0.01000680
     63.33330000	      0.01000000	      0.57128503	      0.55010589	      0.99999999	      0.01000001	      0.04969274
     63.36670000	      0.01000000	      0.01042286	      0.75111669	      1.00000000	      0.01000000	      0.17977476
     63.40000000	      0.01000149	      0.55879720	      0.53345190	      0.79957321	      0.01000151	      0.01001166
     63.43330000	      0.01000265	      0.53859761	      0.51430633	      0.68113768	      0.01000186	      0.01001247
     63.46670000	      0.01000204	      0.52266238	      0.49896331	      0.67794249	      0.01000194	      0.01002788
     63.50000000	      0.01000180	      0.51758930	      0.49409084	      0.74287202	      0.01000171	      0.01001171
     63.53330000	      0.01000159	      0.58488319	      0.55855428	      0.84919209	      0.01000160	      0.01001015
     63.56670000	      0.01000174	      0.73690200	      0.70407851	      0.98008748	      0.01000143	      0.01000788
     63.60000000	      0.01000000	      0.86565125	      0.79961902	      1.00000000	      0.01000000	      0.01112206
     63.63330000	      0.01000219	      0.83964987	      0.80199622	      0.96262633	      0.01000136	      0.01000700
     63.66670000	      0.01000689	      0.70653826	      0.67440366	      0.84963777	      0.01000578	      0.01006623
     63.70000000	      0.01000164	      0.62155386	      0.59300425	      0.79993328	      0.01000142	      0.01000724
     63.73330000	      0.01000153	      0.64505361	      0.61528789	      0.86652064	      0.01000143	      0.01000712
     63.76670000	      0.01000134	      0.71164303	      0.67876653	      0.98294843	      0.01000130	      0.01000658
     63.80000000	      0.01000001	      0.70450700	      0.65656895	      0.99999996	      0.01000003	      0.01478171
     63.83330000	      0.01000567	      0.69549957	      0.67496374	      0.99998128	      0.01001328	      0.09155729
     63.86670000	      0.01000131	      0.63743397	      0.60836017	      0.97118177	      0.01000145	      0.01000811
     63.90000000	      0.01000132	      0.64325598	      0.61420748	      0.94396245	      0.01000143	      0.01000827
     63.93330000	      0.01000178	      0.66723063	      0.63730475	      0.93242663	      0.01000190	      0.01001076
     63.96670000	      0.01000140	      0.66975107	      0.63981843	      0.91576511	      0.01000140	      0.01000785
     64.00000000	      0.01000143	      0.65103250	      0.62198471	      0.89363406	      0.01000144	      0.01000808
     64.03330000	      0.01000144	      0.64732662	      0.61851143	      0.88606240	      0.01000144	      0.01000805
     64.06670000	      0.01000163	      0.67321321	      0.64332903	      0.89796471	      0.01000155	      0.01001108
     64.10000000	      0.01000348	      0.69404964	      0.66324234	      0.89344259	      0.01000349	      0.01005494
     64.13330000	      0.01000229	      0.67236482	      0.64242097	      0.83807106	      0.01000212	      0.01003524
     64.16670000	      0.01000172	      0.59240251	      0.56585655	      0.72787707	      0.01000143	      0.01000851
     64.20000000	      0.01000211	      0.49265208	      0.47041799	      0.60532377	      0.01000178	      0.01000922
     64.23330000	      0.01001866	      0.46490895	      0.44389597	      0.57569944	      0.01001962	      0.01005668
     64.26670000	      0.01000186	      0.58571506	      0.55899081	      0.73553134	      0.01000169	      0.01000872
     64.30000000	      0.01000000	      0.77274096	      0.73859070	      1.00000000	      0.01000000	      0.01005731
     64.33330000	      0.01000006	      0.74216959	      0.72150758	      0.99999988	      0.01000010	      0.05820438
     64.36670000	      0.01000053	      0.80241003	      0.77204879	      0.99999831	      0.01000193	      0.20994889
     64.40000000	      0.01000214	      0.42962383	      0.40999203	      0.57241068	      0.01000215	      0.01001100
     64.43330000	      0.01000191	      0.51408646	      0.49051502	      0.66978165	      0.01000187	      0.01000876
     64.46670000	      0.01000018	      0.72614830	      0.64182120	      0.99999943	      0.01000094	      0.12848668
     64.50000000	      0.01000148	      0.55465446	      0.51324241	      0.99999521	      0.01000233	      0.01348979
     64.53330000	      0.01000112	      0.53041038	      0.50724675	      0.87124439	      0.01000139	      0.01001015
     64.56670000	      0.99998165	      0.67840391	      0.64896841	      0.01000238	      0.72387904	      0.01001332
     64.60000000	      0.99999876	      0.99999979	      0.99999985	      0.01000045	      0.91901175	      0.01000009
     64.63330000	      0.19470185	      0.03427312	      0.03248248	      0.01001332	      0.15592660	      0.01005254
     64.66670000	      0.01000015	      0.98407445	      0.56276943	      1.00000000	      0.01000063	      0.02492464
     64.70000000	      0.01000073	      0.54670621	      0.40519382	      0.99999921	      0.01000154	      0.01462625
     64.73330000	      0.01000078	      0.26474695	      0.25472177	      0.99998928	      0.01000574	      0.04660978
     64.76670000	      0.01000078	      0.17244864	      0.15814174	      0.99999889	      0.01000740	      0.05928788
     64.80000000	      0.01000022	      0.24573319	      0.29112882	      0.99999893	      0.01000141	      0.35717326
     64.83330000	      0.01000020	      0.24542839	      0.22033630	      0.99999906	      0.01000076	      0.25237387
     64.86670000	      0.18970163	      0.02621033	      0.02491819	      0.01008584	      0.03405978	      0.01031262
     64.90000000	      0.99999999	      0.99999997	      0.99999997	      0.01000001	      0.94778627	      0.01000001
     64.93330000	      0.99997658	      0.58477684	      0.55010349	      0.01000198	      0.70415578	      0.01000365
     64.96670000	      0.01000036	      0.56821271	      0.49813160	      0.99999993	      0.01000080	      0.18153439
     65.00000000	      0.01000014	      0.12180402	      0.14143889	      0.99999963	      0.01000031	      0.05127972
     65.03330000	      0.01000008	      0.18599300	      0.04889727	      1.00000000	      0.01000033	      0.30022209
     65.06670000	      0.17715746	      0.01002416	      0.01002543	      0.01897332	      0.10155414	      0.06493496
     65.10000000	      0.63314400	      0.05188221	      0.04978719	      0.01002087	      0.13096594	      0.01075481
     65.13330000	      0.01000631	      0.23337341	      0.22363119	      0.13770612	      0.01000521	      0.01001481
     65.16670000	      0.01000017	      0.99999999	      0.99999998	      0.93655809	      0.01000002	      0.01000001
     65.20000000	      0.01000000	      0.89137423	      0.86883336	      0.99999999	      0.01000043	      0.22477666
     65.23330000	      0.01000119	      0.48579677	      0.46383015	      0.78135179	      0.01000156	      0.01000969
     65.26670000	      0.48028376	      0.02511109	      0.02414302	      0.01001973	      0.22635876	      0.01013075
     65.30000000	      0.46566845	      0.02593798	      0.02491209	      0.01001440	      0.23130799	      0.01012055
     65.33330000	      0.01000161	      0.82035491	      0.78290929	      0.85009459	      0.01000146	      0.01000511
     65.36670000	      0.01000001	      0.99999987	      0.99999986	      0.81776633	      0.01000000	      0.01000007
     65.40000000	      0.01000001	      0.95732951	      0.97117606	      1.00000000	      0.01000045	      0.02020040
     65.43330000	      0.01000189	      0.40509116	      0.38340161	      0.65922863	      0.01000163	      0.01000921
     65.46670000	      0.11113958	      0.01177557	      0.01170076	      0.01007466	      0.06828196	      0.01030738
     65.50000000	      0.01005137	      0.03120948	      0.02949599	      0.01870660	      0.01003264	      0.01009710
     65.53330000	      0.01000238	      0.42115855	      0.39720771	      0.68734011	      0.01000192	      0.01000977
     65.56670000	      0.01000000	      0.57005207	      0.55216403	      0.99999999	      0.01000001	      0.01437928
     65.60000000	      0.01000123	      0.78126468	      0.77264319	      0.99999876	      0.01000149	      0.46245748
     65.63330000	      0.01000002	      0.53521065	      0.51772001	      0.99999981	      0.01000004	      0.07080006
     65.66670000	      0.01000000	      0.49046832	      0.49019098	      1.00000000	      0.01000001	      0.01018549
     65.70000000	      0.01000162	      0.49790067	      0.46860086	      0.97977724	      0.01000153	      0.01000836
     65.73330000	      0.01000423	      0.50816406	      0.47817771	      0.99324917	      0.01000353	      0.01001868
     65.76670000	      0.01000543	      0.52325752	      0.49227734	      0.99705119	      0.01000528	      0.01002859
     65.80000000	      0.01000000	      0.53606837	      0.51187475	      1.00000000	      0.01000000	      0.01138894
     65.83330000	      0.01000000	      0.55082064	      0.51282576	      1.00000000	      0.01000000	      0.03462301
     65.86670000	      0.01000008	      0.49191318	      0.49109392	      0.99999981	      0.01000011	      0.01712384
     65.90000000	      0.01000017	      0.61697721	      0.42862225	      0.99999961	      0.01000023	      0.12770925
     65.93330000	      0.01000000	      0.46265171	      0.42334267	      1.00000000	      0.01000012	      0.01170314
     65.96670000	      0.01000017	      0.51615948	      0.49718966	      0.99999948	      0.01000027	      0.10682671
     66.00000000	      0.01000005	      0.53295080	      0.38898481	      0.99999988	      0.01000007	      0.02069569
     66.03330000	      0.01000000	      0.96705008	      0.85755619	      1.00000000	      0.01000000	      0.75317811
     66.06670000	      0.01000000	      0.67071618	      0.55633716	      1.00000000	      0.01000000	      0.26430149
     66.10000000	      0.01000000	      0.70575753	      0.69632285	      1.00000000	      0.01000000	      0.40900558
     66.13330000	      0.01000086	      0.73065296	      0.72273450	      0.99999918	      0.01000094	      0.47245428
     66.16670000	      0.01000008	      0.63198999	      0.61819804	      0.99999970	      0.01000057	      0.33044184
     66.20000000	      0.01000000	      0.63699103	      0.62731244	      1.00000000	      0.01000000	      0.36162026
     66.23330000	      0.01064599	      0.63646340	      0.62601086	      0.99684770	      0.01177953	      0.34193038
     66.26670000	      0.01000017	      0.49304851	      0.44194400	      0.99999992	      0.01000025	      0.08293001
     66.30000000	      0.01000012	      0.42685191	      0.40741479	      0.99999984	      0.01000068	      0.02378562
     66.33330000	      0.01000000	      0.88027936	      0.97621624	      1.00000000	      0.01000000	      0.92286433
     66.36670000	      0.01000000	      0.50885780	      0.49382443	      0.99999875	      0.01000061	      0.20452585
     66.40000000	      0.01000001	      0.41791562	      0.43378159	      0.99999997	      0.01000003	      0.02265457
     66.43330000	      0.01000002	      0.44615335	      0.44571041	      0.99999995	      0.01000003	      0.02441877
     66.46670000	      0.01000000	      0.57684360	      0.59075841	      1.00000000	      0.01000000	      0.24228859
     66.50000000	      0.01000000	      0.63651360	      0.61684419	      0.99999998	      0.01000000	      0.33987966
     66.53330000	      0.01000000	      0.90749235	      0.88064910	      1.00000000	      0.01000000	      0.81183183
     66.56670000	      0.01000000	      0.38589753	      0.42644321	      1.00000000	      0.01000000	      0.01797440
     66.60000000	      0.01000000	      0.40401496	      0.40829569	      0.99999976	      0.01000014	      0.01541877
     66.63330000	      0.01000000	      0.55360322	      0.54333514	      1.00000000	      0.01000000	      0.23725707
     66.66670000	      0.01000000	      0.65726144	      0.63095977	      1.00000000	      0.01000000	      0.40151046
     66.70000000	      0.01000000	      0.47483707	      0.31695575	      1.00000000	      0.01000000	      0.01004794
     66.73330000	      0.01000000	      0.40063880	      0.79001500	      0.99999999	      0.01000000	      0.32736768
     66.76670000	      0.01000046	      0.42756144	      0.40525982	      0.99999956	      0.01000084	      0.03381590
     66.80000000	      0.01000005	      0.42886779	      0.39988573	      0.99999997	      0.01000040	      0.01076921
     66.83330000	      0.01000000	      0.64068153	      0.65516951	      1.00000000	      0.01000000	      0.41179816
     66.86670000	      0.01000000	      0.57833076	      0.56783689	      1.00000000	      0.01000000	      0.28936685
     66.90000000	      0.01000000	      0.47825975	      0.37094964	      1.00000000	      0.01000000	      0.01000886
     66.93330000	      0.01000018	      0.48909976	      0.41335978	      0.99999963	      0.01000025	      0.01016423
     66.96670000	      0.01000003	      0.43981342	      0.49810754	      0.99999995	      0.01000004	      0.01649619
     67.00000000	      0.01000000	      0.48064383	      0.46805089	      0.99999995	      0.01000000	      0.08290095
     67.03330000	      0.01000280	      0.33816266	      0.31658802	      0.84196646	      0.01000262	      0.01010360
     67.06670000	      0.01001487	      0.04068461	      0.03844502	      0.06988819	      0.01000205	      0.01007305
     67.10000000	      0.09059913	      0.01211374	      0.01203333	      0.01008257	      0.04694175	      0.01088682
     67.13330000	      0.01000669	      0.19791511	      0.18558184	      0.30144747	      0.01000658	      0.01002016
     67.16670000	      0.01000001	      0.78985709	      0.72786704	      0.99999998	      0.01000002	      0.12650991
     67.20000000	      0.01000000	      0.50856491	      0.47505753	      1.00000000	      0.01000000	      0.01000427
     67.23330000	      0.01000051	      0.44808317	      0.44827549	      0.99999885	      0.01000092	      0.24609995
     67.26670000	      0.01000289	      0.13086418	      0.12181742	      0.56743692	      0.01000478	      0.01002215
     67.30000000	      0.01000470	      0.10608304	      0.09886077	      0.35797118	      0.01000775	      0.01003737
     67.33330000	      0.01000248	      0.21157371	      0.19747044	      0.71993412	      0.01000399	      0.01005130
     67.36670000	      0.01000000	      0.08579596	      0.65820668	      1.00000000	      0.01000000	      0.10396276
     67.40000000	      0.01000009	      0.36093594	      0.33874097	      0.99999998	      0.01000004	      0.01166944
     67.43330000	      0.01000278	      0.35321839	      0.33041479	      0.92382501	      0.01000310	      0.01001912
     67.46670000	      0.01000254	      0.26927421	      0.25177137	      0.71105761	      0.01000328	      0.01001907
     67.50000000	      0.01000251	      0.27099334	      0.25326042	      0.74540321	      0.01000319	      0.01002380
     67.53330000	      0.01000000	      0.36230408	      0.35685450	      1.00000000	      0.01000000	      0.03054245
     67.56670000	      0.01000001	      0.47148666	      0.45840517	      0.99999996	      0.01000002	      0.17895556
     67.60000000	      0.01000003	      0.30867544	      0.28993544	      0.99999991	      0.01000006	      0.04464045
     67.63330000	      0.01000291	      0.17176025	      0.16025970	      0.82584335	      0.01000530	      0.01002922
     67.66670000	      0.01000149	      0.18118796	      0.16936189	      0.88822308	      0.01000363	      0.01004474
     67.70000000	      0.01000121	      0.26021342	      0.24426027	      0.98372460	      0.01000329	      0.01002724
     67.73330000	      0.01000181	      0.29560655	      0.27851095	      0.70638456	      0.01000379	      0.01010629
     67.76670000	      0.01000466	      0.26079060	      0.24605846	      0.29709186	      0.01000426	      0.01001367
     67.80000000	      0.01000890	      0.18783303	      0.17688649	      0.16919282	      0.01000527	      0.01001340
     67.83330000	      0.01000501	      0.27314264	      0.25618383	      0.43084986	      0.01000327	      0.01000829
     67.86670000	      0.01000008	      0.61573467	      0.60515345	      0.99999995	      0.01000057	      0.29115001
     67.90000000	      0.01000005	      0.36312535	      0.36054523	      0.99999985	      0.01000004	      0.26442120
     67.93330000	      0.01000003	      0.64275587	      0.65815882	      0.99999960	      0.01000017	      0.99368287
     67.96670000	      0.01000388	      0.11508698	      0.10788563	      0.31515553	      0.01000838	      0.01029872
     68.00000000	      0.28743118	      0.01038612	      0.01044514	      0.01004725	      0.18513432	      0.05269364
     68.03330000	      0.12665003	      0.01183258	      0.01189622	      0.01006741	      0.05001204	      0.01226020
     68.06670000	      0.01000000	      0.86795138	      0.88795258	      1.00000000	      0.01000000	      0.36542781
     68.10000000	      0.01000087	      0.66062181	      0.67804664	      0.99999959	      0.01000253	      0.04764672
     68.13330000	      0.01000011	      0.36180301	      0.29246551	      0.99999990	      0.01000166	      0.01218858
     68.16670000	      0.79559841	      0.01243559	      0.01241825	      0.01001974	      0.66607742	      0.01179360
     68.20000000	      0.99999998	      0.31577318	      0.32255403	      0.01000008	      0.99999997	      0.64578195
     68.23330000	      0.99999989	      0.20693342	      0.21607091	      0.01000026	      0.99999898	      0.70414717
     68.26670000	      0.01000303	      0.29754891	      0.27984695	      0.79467392	      0.01000529	      0.01002863
     68.30000000	      0.01000001	      0.70072673	      0.68161347	      0.99999998	      0.01000004	      0.28134298
     68.33330000	      0.01000002	      0.77951883	      0.72338021	      1.00000000	      0.01000006	      0.03062525
     68.36670000	      0.01000330	      0.22898642	      0.21562777	      0.46380109	      0.01000346	      0.01001330
     68.40000000	      0.05589839	      0.01019813	      0.01021217	      0.01019777	      0.06384592	      0.02559627
     68.43330000	      0.01000199	      0.31089931	      0.29242917	      0.83290034	      0.01000322	      0.01007249
     68.46670000	      0.01000002	      0.63086945	      0.67119252	      0.99999995	      0.01000004	      0.65444164
     68.50000000	      0.01000030	      0.42588412	      0.39628246	      0.99999989	      0.01000091	      0.08612307
     68.53330000	      0.01000216	      0.23571166	      0.22264169	      0.58839793	      0.01000391	      0.01014926
     68.56670000	      0.01000324	      0.17533676	      0.16586069	      0.40098760	      0.01000568	      0.01003130
     68.60000000	      0.01000141	      0.48450704	      0.45896615	      0.95345045	      0.01000216	      0.01001065
     68.63330000	      0.01000000	      0.64452359	      0.61950191	      0.99999995	      0.01000004	      0.04384688
     68.66670000	      0.01000033	      0.68426151	      0.66088897	      0.99999967	      0.01000046	      0.04775117
     68.70000000	      0.01000222	      0.39045312	      0.36943027	      0.67245178	      0.01000266	      0.01006998
     68.73330000	      0.01000285	      0.24969249	      0.23609615	      0.49140055	      0.01000314	      0.01001301
     68.76670000	      0.01000169	      0.41121594	      0.38889357	      0.83058314	      0.01000210	      0.01001185
     68.80000000	      0.01000000	      0.53274159	      0.50841149	      0.99999933	      0.01000042	      0.04680455
     68.83330000	      0.01000000	      0.64633546	      0.64633275	      1.00000000	      0.01000000	      0.32455989
     68.86670000	      0.01000005	      0.45779435	      0.43194878	      0.99999996	      0.01000041	      0.01357112
     68.90000000	      0.01000002	      0.79101119	      0.86295356	      0.99999993	      0.01000006	      0.99311326
     68.93330000	      0.01000123	      0.60752432	      0.57750346	      0.98003322	      0.01000135	      0.01000845
     68.96670000	      0.01000209	      0.60652656	      0.57651535	      0.54265803	      0.01000113	      0.01000542
     69.00000000	      0.01000285	      0.53738001	      0.50917046	      0.44510024	      0.01000118	      0.01000534
     69.03330000	      0.01000287	      0.49349117	      0.46535286	      0.59058017	      0.01000128	      0.01000523
     69.06670000	      0.01000267	      0.40232332	      0.37799864	      0.70208452	      0.01000174	      0.01000825
     69.10000000	      0.01000231	      0.41097547	      0.38554543	      0.87032542	      0.01000230	      0.01002146
     69.13330000	      0.01000000	      0.43704603	      0.41634623	      1.00000000	      0.01000000	      0.03866371
     69.16670000	      0.01000043	      0.82811220	      0.83868263	      0.99999845	      0.01000026	      0.99043371
     69.20000000	      0.01000005	      0.42070150	      0.39834542	      0.99999986	      0.01000010	      0.08487264
     69.23330000	      0.01000000	      0.62278445	      0.64246515	      1.00000000	      0.01000000	      0.40599532
     69.26670000	      0.01000203	      0.49943483	      0.47050888	      0.80439147	      0.01000170	      0.01000805
     69.30000000	      0.01000368	      0.53813371	      0.50639999	      0.82389882	      0.01000262	      0.01001896
     69.33330000	      0.01399102	      0.63698015	      0.62235709	      0.99503317	      0.01430147	      0.15230484
     69.36670000	      0.01000004	      0.64249326	      0.63093770	      0.99999990	      0.01000006	      0.37585470
     69.40000000	      0.01000000	      0.42145407	      0.36451711	      1.00000000	      0.01000000	      0.06348345
     69.43330000	      0.01000021	      0.43595239	      0.41021851	      0.99999981	      0.01000056	      0.05409963
     69.46670000	      0.01000004	      0.79590040	      0.89010219	      0.99999991	      0.01000001	      0.65442309
     69.50000000	      0.01000280	      0.49853326	      0.46838862	      0.97722027	      0.01000225	      0.01001187
     69.53330000	      0.01000000	      0.49406483	      0.46456442	      1.00000000	      0.01000000	      0.03592861
     69.56670000	      0.01003042	      0.60524961	      0.62580409	      0.99998783	      0.01001481	      0.34900105
     69.60000000	      0.01000005	      0.42774731	      0.40734552	      0.99999994	      0.01000010	      0.06390814
     69.63330000	      0.01000000	      0.40712205	      0.40702340	      0.99999982	      0.01000017	      0.04725311
     69.66670000	      0.01000000	      0.79710151	      0.02054530	      1.00000000	      0.01000000	      0.07532983
     69.70000000	      0.01000369	      0.56007855	      0.56451726	      0.99999432	      0.01000536	      0.43501617
     69.73330000	      0.01000009	      0.38485003	      0.36296830	      0.99999997	      0.01000084	      0.06829955
     69.76670000	      0.01000151	      0.33403452	      0.31579973	      0.89129665	      0.01000272	      0.01002106
     69.80000000	      0.01000174	      0.34060831	      0.32291261	      0.77532243	      0.01000297	      0.01018381
     69.83330000	      0.01000165	      0.46308101	      0.43994414	      0.85842076	      0.01000228	      0.01001643
     69.86670000	      0.01000152	      0.61845990	      0.58819167	      0.93198329	      0.01000165	      0.01000827
     69.90000000	      0.01000164	      0.65391879	      0.62191928	      0.84454763	      0.01000150	      0.01000696
     69.93330000	      0.01000191	      0.57298343	      0.54452559	      0.72059013	      0.01000160	      0.01000677
     69.96670000	      0.01000231	      0.50059619	      0.47522186	      0.65870351	      0.01000208	      0.01001560
     70.00000000	      0.01000208	      0.49817771	      0.47245594	      0.71889458	      0.01000195	      0.01000846
     70.03330000	      0.01000181	      0.52849725	      0.50090397	      0.83020032	      0.01000195	      0.01000838
     70.06670000	      0.01000167	      0.56277758	      0.53326060	      0.89194909	      0.01000185	      0.01000804
     70.10000000	      0.01000162	      0.59876471	      0.56718246	      0.91454813	      0.01000167	      0.01000720
     70.13330000	      0.01000159	      0.60187352	      0.56976500	      0.95174473	      0.01000162	      0.01000843
     70.16670000	      0.01000156	      0.53614139	      0.50723344	      0.94881394	      0.01000175	      0.01000845
     70.20000000	      0.01000185	      0.43031654	      0.40705018	      0.77686544	      0.01000226	      0.01002078
     70.23330000	      0.01000280	      0.34898376	      0.33008019	      0.52142039	      0.01000279	      0.01001222
     70.26670000	      0.01001735	      0.34537601	      0.32636480	      0.42647535	      0.01001161	      0.01010107
     70.30000000	      0.01000283	      0.46241722	      0.43596016	      0.63363229	      0.01000193	      0.01000634
     70.33330000	      0.01000138	      0.69731272	      0.66888597	      0.99999753	      0.01000196	      0.25109583
     70.36670000	      0.01000006	      0.50043561	      0.48134462	      0.99999982	      0.01000014	      0.31814514
     70.40000000	      0.01000009	      0.51829435	      0.45629105	      0.99999971	      0.01000024	      0.39369513
     70.43330000	      0.01000141	      0.35010996	      0.32996524	      0.93288152	      0.01000259	      0.01001547
     70.46670000	      0.01000135	      0.36670548	      0.34623000	      0.96664691	      0.01000249	      0.01001539
     70.50000000	      0.01000000	      0.39694608	      0.39492966	      1.00000000	      0.01000000	      0.03662925
     70.53330000	      0.01000012	      0.55683149	      0.51424477	      0.99999879	      0.01000005	      0.20652135
     70.56670000	      0.01000126	      0.64327115	      0.61066193	      0.97812962	      0.01000140	      0.01000878
     70.60000000	      0.01000174	      0.65508652	      0.62145268	      0.76168641	      0.01000121	      0.01000532
     70.63330000	      0.01000251	      0.51096993	      0.48360149	      0.60132822	      0.01000154	      0.01000920
     70.66670000	      0.01000299	      0.38915272	      0.36728010	      0.55027822	      0.01000194	      0.01000910
     70.70000000	      0.01000253	      0.40307219	      0.37959205	      0.68285703	      0.01000192	      0.01000890
     70.73330000	      0.01000189	      0.49372749	      0.46437766	      0.93822533	      0.01000166	      0.01001022
     70.76670000	      0.01000002	      0.50415834	      0.47103288	      0.99999994	      0.01000002	      0.01131867
     70.80000000	      0.01000000	      0.64754723	      0.64096086	      1.00000000	      0.01000000	      0.29601064
     70.83330000	      0.01000006	      0.54680900	      0.52089759	      0.99999988	      0.01000018	      0.14275137
     70.86670000	      0.01000000	      0.95788273	      0.76841750	      0.99999996	      0.01000000	      0.72841026
     70.90000000	      0.01000061	      0.55216869	      0.39467625	      0.99999853	      0.01000086	      0.07360774
     70.93330000	      0.01000001	      0.45774950	      0.43678059	      0.99999839	      0.01000071	      0.03657306
     70.96670000	      0.01004726	      0.60482566	      0.57249223	      0.99995274	      0.01004726	      0.26734712
     71.00000000	      0.01000216	      0.44288471	      0.41571279	      0.96718596	      0.01000213	      0.01001325
     71.03330000	      0.01000000	      0.46165593	      0.43893567	      1.00000000	      0.01000005	      0.01097753
     71.06670000	      0.01000065	      0.04780730	      0.94017080	      0.99999981	      0.01000046	      0.04980891
     71.10000000	      0.01003869	      0.49905909	      0.47960215	      0.99892121	      0.01061443	      0.05495797
     71.13330000	      0.01000000	      0.48513250	      0.46641147	      0.99999992	      0.01000002	      0.04726408
     71.16670000	      0.01000003	      0.53641337	      0.50311543	      0.99999993	      0.01000004	      0.10434944
     71.20000000	      0.01000000	      0.47032449	      0.43435626	      1.00000000	      0.01000000	      0.01013171
     71.23330000	      0.01198802	      0.45838223	      0.45305918	      0.99998683	      0.01329751	      0.03596492
     71.26670000	      0.01129608	      0.68027458	      0.24039136	      0.99404067	      0.01106519	      0.06779843
     71.30000000	      0.01000000	      0.45211392	      0.43043955	      0.99999865	      0.01000024	      0.03430723
     71.33330000	      0.01000000	      0.45930547	      0.43629241	      1.00000000	      0.01000000	      0.02709760
     71.36670000	      0.01000005	      0.45303651	      0.42292553	      0.99999997	      0.01000034	      0.01182544
     71.40000000	      0.01000056	      0.01468809	      0.94308662	      0.99999858	      0.01000067	      0.05281030
     71.43330000	      0.01000001	      0.84051847	      0.91843221	      0.99999996	      0.01000001	      0.70029758
     71.46670000	      0.01275350	      0.60249936	      0.59706771	      0.99981440	      0.01669797	      0.25056768
     71.50000000	      0.01000000	      0.58509206	      0.98928649	      1.00000000	      0.01000000	      0.55068959
     71.53330000	      0.01000000	      0.58510205	      0.57530460	      1.00000000	      0.01000000	      0.26646492
     71.56670000	      0.01000000	      0.42770669	      0.40525506	      0.99999885	      0.01000046	      0.03393971
     71.60000000	      0.01000004	      0.63852613	      0.64126348	      0.99999889	      0.01000114	      0.40480103
     71.63330000	      0.01000013	      0.66063378	      0.63359026	      0.99999971	      0.01000017	      0.36885904
     71.66670000	      0.01000040	      0.46611457	      0.42237663	      0.99999991	      0.01000088	      0.03086104
     71.70000000	      0.01000054	      0.43151761	      0.43600365	      0.99999998	      0.01000085	      0.01506907
     71.73330000	      0.01000033	      0.36095844	      0.49878291	      0.99999927	      0.01000043	      0.01686683
     71.76670000	      0.01000015	      0.38796470	      0.41268264	      0.99999965	      0.01000074	      0.01379943
     71.80000000	      0.01000111	      0.42594043	      0.45246492	      0.99999739	      0.01000156	      0.11502243
     71.83330000	      0.01000006	      0.36636446	      0.35085644	      0.99999974	      0.01000012	      0.01134368
     71.86670000	      0.01000000	      0.57647746	      0.53319664	      1.00000000	      0.01000000	      0.33289491
     71.90000000	      0.01000000	      0.98561703	      0.57702976	      0.99999998	      0.01000000	      0.62146484
     71.93330000	      0.01000000	      0.43870013	      0.41054312	      1.00000000	      0.01000000	      0.01000787
     71.96670000	      0.01000008	      0.42513593	      0.39395549	      0.99999986	      0.01000018	      0.01405529
     72.00000000	      0.01000000	      0.61418660	      0.61219172	      1.00000000	      0.01000000	      0.38658101
     72.03330000	      0.01000000	      0.51205705	      0.55316123	      0.99999998	      0.01000001	      0.31401530
     72.06670000	      0.01000019	      0.38260306	      0.35481337	      0.99999993	      0.01000075	      0.01429382
     72.10000000	      0.01000000	      0.93077326	      0.77721140	      0.99999999	      0.01000001	      0.80902540
     72.13330000	      0.01000000	      0.40739157	      0.39140840	      1.00000000	      0.01000000	      0.04407221
     72.16670000	      0.01000018	      0.41773902	      0.40150112	      0.99999953	      0.01000028	      0.08731911
     72.20000000	      0.01000069	      0.51691703	      0.50484438	      0.99999911	      0.01000071	      0.29163100
     72.23330000	      0.01000019	      0.40519361	      0.44195835	      0.99999986	      0.01000025	      0.09403481
     72.26670000	      0.01000033	      0.51292421	      0.49767719	      0.99999915	      0.01000051	      0.22101277
     72.30000000	      0.01000054	      0.43861889	      0.41543832	      0.99999948	      0.01000092	      0.04047439
