ModelForces
version=1
nRows=2170
nColumns=7
inDegrees=no

This file contains the forces exerted on a model during a simulation.

A force is a generalized force, meaning that it can be either a force (N) or a torque (Nm).

Units are S.I. units (second, meters, Newtons, ...)
If the header above contains a line with 'inDegrees', this indicates whether rotational values are in degrees (yes) or radians (no).

endheader
time	TRIlong	TRIlat	TRImed	BIClong	BICshort	BRA
      0.00000000	      6.74566109	    258.26484314	    234.11013770	    550.28270223	      3.31049619	      8.86982223
      0.03330000	      6.69742127	    455.16951329	    459.52279221	    549.42470201	      3.37162914	    719.15929865
      0.06670000	      6.56031496	    311.51335600	    279.97943490	    561.28959281	      3.55602483	     15.36774972
      0.10000000	      6.27577970	    347.41749677	    314.89018149	    593.93512797	      3.92472043	     49.66681472
      0.13330000	      5.99801171	    362.01037584	    331.90554963	    643.84839637	      4.42841995	     19.46707249
      0.16670000	      5.91662703	    358.55264145	    322.47442633	    661.99944020	      4.72474201	     10.58268304
      0.20000000	      5.95856380	    348.05998212	    313.05995283	    667.37341138	      4.64689918	     15.00850808
      0.23330000	      6.05203191	    366.59225213	    343.64022558	    639.42554558	      4.43473742	    176.09004368
      0.26670000	      6.09413559	    318.91091619	    293.25985689	    625.80088594	      4.28667595	     10.06366210
      0.30000000	      6.05357639	    321.65224784	    302.67012599	    637.80357033	      4.36835566	     10.15920709
      0.33330000	      6.00390095	    330.66263775	    298.27969355	    652.46530952	      4.46242968	     12.47107324
      0.36670000	      6.10000941	    385.24139108	    244.70746540	    651.82002224	      4.59886644	     36.43471657
      0.40000000	      6.07791110	    332.05693778	    297.07207020	    637.01454473	      4.33323035	     85.96984085
      0.43330000	      6.15921867	    237.07558162	    334.77683164	    617.01423962	      4.18290632	     13.69177250
      0.46670000	      6.24476584	    298.15556866	    265.27426665	    608.60943934	      4.07356484	      9.82857746
      0.50000000	      6.22761487	    295.14286437	    272.99235766	    606.45789140	      4.01885964	     10.26271016
      0.53330000	      6.36977724	    409.87030066	    377.81773446	    604.62521135	     22.69683819	    348.24529351
      0.56670000	      6.06944604	    310.40602420	    284.29382151	    622.29578835	      4.14964283	     15.47841873
      0.60000000	      6.06370059	    317.11022204	    276.66658288	    627.94833949	      4.11849754	     10.31882101
      0.63330000	      6.10896703	    318.61252985	    281.28510912	    615.65095775	      4.06199932	     57.22268623
      0.66670000	      6.16523311	    267.35415084	    239.24991682	    543.47911941	      3.89850518	      9.64917594
      0.70000000	      6.16830834	    229.31689051	    205.46456749	    457.00683594	      3.68469916	      9.47727637
      0.73330000	      6.12652478	    251.71793629	    226.04264050	    483.30313836	      3.50655074	      9.29493538
      0.76670000	      6.10143266	    401.32863362	    376.73258086	    574.73274208	      3.45151757	    338.77344841
      0.80000000	      6.09546457	    409.07477031	    396.08213022	    579.98842583	      3.56310014	    305.25425607
      0.83330000	      6.08502202	    384.38715438	    354.79089680	    593.20661302	      3.76077812	    127.75430304
      0.86670000	      6.15804839	    299.58915472	    271.67927102	    493.18168298	      3.89760946	      9.59597586
      0.90000000	      6.08747522	    275.59316481	    250.18494907	    449.42372774	      3.95762257	      9.68443938
      0.93330000	      6.04537385	    300.16097619	    272.68357259	    488.26567384	      4.01691919	      9.75641453
      0.96670000	      6.06891492	    311.87841618	    283.44633478	    510.84675148	      4.05674043	      9.78498123
      1.00000000	      6.14297575	    294.82303814	    268.04542006	    488.21727768	      4.00402791	      9.70268317
      1.03330000	      6.25966399	    282.93001562	    257.46345549	    472.31777644	      3.82478938	      9.47257117
      1.06670000	      6.45922735	    304.84092963	    278.02207167	    499.61233650	      3.53496232	      9.17001966
      1.10000000	      6.84118411	    339.39272099	    309.72451463	    513.34248989	      3.27716764	      8.64707354
      1.13330000	      6.95509983	    323.61567931	    297.83801312	    446.98049214	      3.26147484	      8.50922542
      1.16670000	      6.82184603	    327.42331162	    302.64856831	    412.17410780	      3.51425361	      8.76546653
      1.20000000	      6.61079827	    314.56632012	    291.55980296	    379.63087235	      3.90207288	      9.24521661
      1.23330000	      6.35966470	    286.45608269	    265.81815605	    342.99770811	      4.32373387	      9.76200557
      1.26670000	      6.24219951	    278.22259783	    258.07769651	    344.64978421	      4.86695233	     10.48430118
      1.30000000	      6.29558532	    318.16520045	    294.77160859	    423.88953698	      4.86574858	     10.44601853
      1.33330000	      6.80718531	    366.80686367	    339.62534569	    503.50536927	      4.22100373	      9.55826361
      1.36670000	      7.25034535	    350.07015375	    324.60976468	    454.88134838	      3.84042093	      8.99092626
      1.40000000	      7.19658187	    271.11667863	    252.01705324	    315.48383230	      3.90064810	      9.02915988
      1.43330000	      6.68152464	    199.83665854	    186.06561612	    204.78685971	      4.47228821	      9.71061800
      1.46670000	      5.93811911	    198.68255606	    184.81041603	    186.29410218	      5.58810842	     11.58069755
      1.50000000	      5.47254089	    315.33061452	    291.91012711	    353.24911952	      6.25823540	     12.89039418
      1.53330000	      5.40539528	    405.67144167	    388.60827032	    616.47543223	      6.40112850	     13.08472402
      1.56670000	      5.90105798	    384.42270012	    349.52021689	    700.87194619	      6.00866145	     12.27653488
      1.60000000	      6.46391132	    267.90699027	    242.31636318	    516.58641204	      5.24582117	     10.92834148
      1.63330000	      6.70079830	    216.95458518	    195.91040943	    396.55655561	      4.72547630	     10.20653393
      1.66670000	      6.46721629	    245.35292643	    221.40633222	    438.21238863	      4.75504038	     10.35371459
      1.70000000	      6.36812359	    281.74097913	    253.92703334	    521.49266425	      4.91683914	     10.64041728
      1.73330000	      6.40972008	    274.30043609	    246.80319624	    532.54367460	      4.84801908	     10.55535751
      1.76670000	      6.45794627	    235.43769047	    211.56993224	    462.30585560	      4.62532334	     10.27987506
      1.80000000	      6.26258420	    222.09494929	    199.42610045	    429.33375437	      4.57024367	     10.31638927
      1.83330000	      6.15115908	    264.28245999	    237.04532248	    523.25314941	      4.73105539	     10.63189853
      1.86670000	      6.19823845	    338.03795694	    404.53188055	    674.93890550	      4.81049791	    256.62891988
      1.90000000	      6.46354249	    301.29046128	    253.36357226	    633.31302028	      4.68181806	     12.21902463
      1.93330000	      6.80125956	    357.28062167	    270.79868051	    603.11432305	      4.56421483	    191.00622730
      1.96670000	      6.74354680	    252.86210013	    225.78445696	    534.79840785	      4.66413789	     10.16992644
      2.00000000	      6.48080758	    221.41932810	    197.55185253	    473.34761780	      4.77865986	     10.48176145
      2.03330000	      6.31976029	    204.12838500	    181.87567860	    455.92735835	      4.68204842	     10.49761178
      2.06670000	      6.31411382	    202.00708485	    179.77924943	    466.35587713	      4.33684908	     10.16993577
      2.10000000	      6.34137476	    216.60997813	    192.70930027	    499.91618833	      4.01688402	      9.77830896
      2.13330000	      6.38745794	    241.62325979	    215.09385605	    550.04561828	      3.86752152	      9.62494277
      2.16670000	      6.54016306	    324.45295875	    168.85512340	    582.77744145	      3.73145157	     13.41065315
      2.20000000	      6.75478422	    277.70287771	    223.63718160	    562.95468277	      3.58395861	      9.73284441
      2.23330000	      6.80446600	    294.90935511	    280.46606745	    556.10151031	      3.57484741	     71.35098526
      2.26670000	      6.52639257	    321.54316770	    289.21395423	    580.11404391	      3.86793070	      9.45330876
      2.30000000	      6.18828775	    327.37726912	    294.80389784	    589.92101942	      4.48560054	     10.26664007
      2.33330000	      6.18511416	    309.13938639	    278.06637706	    605.09950329	      4.71102983	     10.47436396
      2.36670000	      6.65696955	    286.93179379	    254.05907875	    587.65423606	      4.03002790	     10.48443800
      2.40000000	      7.06845298	    368.59956824	    346.08268478	    539.04562759	      3.60829719	    326.81493317
      2.43330000	      6.96024392	    340.00523162	    307.38165433	    553.48390386	      3.83145578	      9.29292451
      2.46670000	      6.12293576	    365.95099881	    331.28246851	    574.28571378	      5.05419787	     10.73209692
      2.50000000	      5.79346693	    309.52310244	    279.27991477	    541.91569654	      5.70752433	     11.95592697
      2.53330000	      5.79414494	    228.25177074	    204.73654577	    480.39816131	      5.57838128	     11.99469093
      2.56670000	      6.03790844	    203.84828470	    181.96056539	    477.64243369	      4.95833479	     11.08624855
      2.60000000	      6.27301584	    238.82795183	    212.76593371	    553.14014201	      4.15352533	      9.98544996
      2.63330000	      6.39601779	    271.71275893	    245.10142840	    602.58023989	      4.00332904	     17.54946142
      2.66670000	      6.39044801	    275.02520665	    245.20288695	    598.66747113	      4.04491279	      9.77917587
      2.70000000	      6.30854075	    242.10578367	    215.96108956	    519.80387760	      4.10947469	      9.85046900
      2.73330000	      6.17883963	    227.36963809	    202.81520848	    481.39516846	      4.24540043	     10.20108785
      2.76670000	      6.01469605	    243.28255879	    216.79911948	    525.92531928	      4.58964259	     10.76984366
      2.80000000	      5.97322366	    264.06160257	    234.77041885	    624.97869403	      4.76324744	     11.08960217
      2.83330000	      6.22190066	    239.73042945	    232.11077575	    655.33817539	      4.39755743	     10.50134141
      2.86670000	      6.82766486	    300.40822913	    296.13487213	    578.66803118	      3.78246403	    343.37711885
      2.90000000	      7.24430240	    225.75282663	    220.06791081	    542.48409003	      3.48288225	     30.58780332
      2.93330000	      7.12950311	    259.86588768	    232.04914734	    537.61690905	      3.54024089	      8.95220867
      2.96670000	      6.72561484	    278.27757796	    249.30384582	    536.54704559	      3.87407407	      9.43836417
      3.00000000	      6.33958811	    283.27816330	    254.13595981	    546.34912380	      4.29170938	      9.96755605
      3.03330000	      6.24299832	    274.02678405	    245.69481860	    547.91721625	      4.66260956	     10.46997026
      3.06670000	      6.25159657	    258.42003576	    231.38757191	    538.94685070	      4.67304966	     10.50635829
      3.10000000	      6.31691707	    243.39220590	    217.66744105	    523.25572222	      4.46980437	     10.26134049
      3.13330000	      6.38939504	    233.86875432	    209.03801777	    505.95800797	      4.17290075	      9.86432289
      3.16670000	      6.42362314	    237.28164820	    212.13222635	    502.72023199	      4.06397915	      9.74834446
      3.20000000	      6.37536112	    258.80274729	    231.51900791	    535.94345811	      4.09409540	      9.78125605
      3.23330000	      6.35582668	    288.87682216	    258.51046547	    602.13027453	      4.20045454	      9.92527638
      3.26670000	      6.53221994	    297.08489399	    317.45268566	    604.40191497	      4.16514073	    155.60346126
      3.30000000	      6.96436905	    263.61473311	    236.04593860	    568.73542004	      3.88129349	      9.35517424
      3.33330000	      7.35123791	    209.44172331	    188.11306823	    429.21799734	      3.52521582	      8.89124194
      3.36670000	      7.25800530	    179.82882155	    162.31209927	    326.01128532	      3.31019840	      8.70491313
      3.40000000	      6.81414132	    223.99947228	    203.20414958	    352.03591775	      3.38536098	      8.92034797
      3.43330000	      6.27818604	    315.49492392	    287.18012565	    472.14310478	      3.78752915	      9.41479741
      3.46670000	      6.19087235	    378.62556665	    345.07902785	    592.39284030	      4.15331690	      9.79328846
      3.50000000	      6.55088301	    356.86366238	    317.71915741	    583.43885480	      3.92604531	     10.10318538
      3.53330000	      7.18333820	    316.49191731	    293.93569474	    509.10018865	      3.40492758	      8.83036796
      3.56670000	      7.23391168	    274.05024693	    251.93209053	    376.02086664	      3.19877448	      8.40770204
      3.60000000	      6.74036383	    288.97197772	    266.92464653	    337.57737388	      3.51068505	      8.78054652
      3.63330000	      6.15894880	    323.45549361	    299.46952103	    375.42961144	      4.22730238	      9.74764651
      3.66670000	      6.02816975	    360.78867935	    333.83729602	    452.37264397	      5.10749935	     10.86453578
      3.70000000	      6.13273742	    383.14802913	    353.81046052	    512.29274406	      5.16365516	     10.86672162
      3.73330000	      6.31936765	    325.37339245	    300.01057347	    451.41385566	      4.72165225	     10.20375762
      3.76670000	      6.43263424	    294.97819916	    271.90503096	    397.18832988	      4.34508437	      9.79936452
      3.80000000	      6.27670328	    322.16449580	    296.98290819	    417.51686999	      4.59733197	     10.09253970
      3.83330000	      6.18879830	    369.56984285	    340.39371942	    488.06983209	      5.07094096	     10.72377590
      3.86670000	      6.22940507	    375.35575350	    345.07950972	    525.45771509	      5.23041390	     10.90080200
      3.90000000	      6.41241070	    333.46481808	    306.01003775	    490.06857887	      4.99962031	     10.51247255
      3.93330000	      6.60066888	    302.30334122	    277.19738001	    443.87749625	      4.60073400	      9.97279242
      3.96670000	      6.54979650	    321.08253417	    294.38274541	    452.90221066	      4.58483579	      9.95202554
      4.00000000	      6.29903669	    355.71341676	    325.96049667	    493.87154242	      5.08454114	     10.59984220
      4.03330000	      6.15578386	    356.05050992	    325.58500378	    516.21473534	      5.52235786	     11.23601435
      4.06670000	      6.10887970	    318.31107163	    290.03910526	    502.72922350	      5.63378798	     11.45340772
      4.10000000	      6.16685512	    276.81342381	    251.26559129	    475.06922738	      5.44590256	     11.24241636
      4.13330000	      6.27083707	    264.26357067	    239.18719561	    472.99669272	      5.06393748	     10.74298488
      4.16670000	      6.22801963	    282.58233336	    255.37119204	    507.55314726	      4.69283227	     10.29207981
      4.20000000	      6.28855701	    311.50166048	    281.31459464	    555.90602837	      4.54614762	     10.10992362
      4.23330000	      6.28924532	    332.85631776	    300.45169313	    593.13661737	      4.63359929	     10.19949761
      4.26670000	      6.25209731	    337.77532269	    304.64461566	    607.83689568	      4.82170989	     10.44851975
      4.30000000	      6.21813917	    322.49328475	    290.47293260	    595.62158307	      4.94890272	     10.64983460
      4.33330000	      6.23300309	    296.55019241	    266.66870320	    567.72632982	      4.90464806	     10.58146619
      4.36670000	      6.32493980	    273.09320426	    245.23946779	    538.21435619	      4.66213571	     10.27484331
      4.40000000	      6.43850848	    262.39285280	    235.49442078	    520.94247691	      4.23130077	      9.82368055
      4.43330000	      6.51103290	    273.85978849	    245.89753318	    532.67932017	      3.99839262	      9.59798997
      4.46670000	      6.49521828	    304.73657094	    273.99305480	    569.68759869	      3.91953488	      9.50992825
      4.50000000	      6.36212958	    332.20011861	    299.20128706	    597.54649759	      4.03139096	     10.17770034
      4.53330000	      6.16041076	    347.22598720	    312.89292455	    619.77654026	      4.31866360	      9.95496365
      4.56670000	      6.09361728	    333.15603940	    300.08280555	    607.88642903	      4.60890566	     10.36587665
      4.60000000	      6.11959417	    317.43327322	    285.64822867	    598.14841814	      4.54547445	     10.25645625
      4.63330000	      6.23313464	    307.78294010	    276.80960628	    586.85403929	      4.23115359	      9.86842338
      4.66670000	      6.32278560	    284.19650735	    255.64482706	    533.97000728	      4.06056126	      9.69682767
      4.70000000	      6.24441827	    245.95358595	    221.43754729	    451.16514004	      3.95172571	      9.62136028
      4.73330000	      6.09852596	    234.45716438	    211.33358644	    421.37905062	      3.86564552	      9.59135441
      4.76670000	      6.01709361	    276.95771227	    249.96156254	    490.48068545	      3.82051949	      9.57983843
      4.80000000	      6.02132221	    335.15931946	    302.87729076	    586.98747691	      3.83636856	      9.62865852
      4.83330000	      6.08574913	    338.92947292	    306.67777036	    588.59827624	      3.82404929	      9.51871425
      4.86670000	      6.28664412	    293.42710354	    265.95078127	    503.03208594	      3.71880396	      9.36438964
      4.90000000	      6.31569525	    272.89192001	    247.94549332	    448.71195164	      3.58381042	      9.20938538
      4.93330000	      6.24468671	    301.68361466	    274.89251668	    460.44391185	      3.61879013	      9.25347733
      4.96670000	      6.09862296	    342.77191476	    313.00063192	    497.94943197	      3.94643483	      9.61623097
      5.00000000	      6.00582883	    356.24003987	    325.44154428	    527.94004905	      4.43496915	     10.26288243
      5.03330000	      6.08390085	    335.33027363	    306.00630321	    531.34220795	      4.61416587	     10.37884738
      5.06670000	      6.33612531	    323.40586810	    294.89772789	    534.04434330	      4.14125696	      9.73148778
      5.10000000	      6.73662753	    347.13139447	    316.90479797	    544.97429396	      3.81521329	      9.32473505
      5.13330000	      6.79620275	    369.99061193	    338.55965271	    527.15723143	      3.95684717	      9.42348465
      5.16670000	      6.41463188	    351.57709191	    322.06202286	    478.62519960	      4.83787829	     10.33522486
      5.20000000	      6.18166920	    315.09230973	    288.08401891	    457.56120460	      5.56667887	     11.38447838
      5.23330000	      6.20381916	    328.90730614	    299.52733962	    546.82574885	      5.59836967	     11.44691175
      5.26670000	      6.64170194	    360.09705435	    326.84520891	    636.44884851	      5.12858769	     10.64788379
      5.30000000	      7.05398162	    336.51583929	    305.11828829	    572.57863099	      4.80517239	     10.06223754
      5.33330000	      6.83834477	    292.71832072	    265.25240586	    477.26292396	      5.17221344	     10.60107677
      5.36670000	      6.35879969	    257.75521357	    233.04708873	    436.96003398	      5.52683574	     11.34005123
      5.40000000	      6.06120401	    224.36792546	    202.05638302	    421.84607652	      5.56383199	     11.62822000
      5.43330000	      6.07137333	    204.26864818	    183.16787361	    427.77667418	      5.28721878	     11.35146311
      5.46670000	      6.17137984	    193.61813219	    173.08853025	    424.40161762	      4.78304534	     10.70275573
      5.50000000	      6.20050048	    194.01230385	    173.20019738	    421.74981413	      4.29982143	     10.18760775
      5.53330000	      6.15037799	    220.11169307	    196.40178371	    475.60803042	      4.13339351	     10.12384904
      5.56670000	      6.12562133	    265.68202896	    236.95948656	    583.35743663	      4.14510651	     10.15612956
      5.60000000	      6.18765650	    506.95632015	    408.09631854	    648.54718678	      4.22037608	     13.03852657
      5.63330000	      6.29414790	    457.67501558	     80.35059761	    637.70393513	      4.60413166	     12.28952847
      5.66670000	      6.34830286	    249.12229442	    221.77441309	    569.82811272	      4.34428086	     10.18458332
      5.70000000	      6.32400868	    217.08680571	    193.13360787	    498.95248868	      4.35500368	     10.27371186
      5.73330000	      6.28170238	    217.71139224	    193.53546844	    510.76007113	      4.34692127	     10.33251847
      5.76670000	      6.31304312	    234.59790119	    208.36012665	    571.21425725	      4.25272788	     10.19950509
      5.80000000	      6.47106119	    446.98315794	    209.66539582	    604.97669463	      4.03966248	    371.72920016
      5.83330000	      6.87005752	    267.25906049	    233.45410685	    576.13159950	      3.80111495	    114.93553974
      5.86670000	      7.06461764	    240.24305538	    214.00084955	    543.53123942	      3.65669030	      9.11040879
      5.90000000	      6.87920886	    253.68554977	    226.67925122	    517.70688457	      3.78959182	      9.30534791
      5.93330000	      6.51976876	    268.52848512	    240.40107258	    526.49821450	      4.21655009	      9.88696959
      5.96670000	      6.32912600	    262.48321079	    234.82277930	    543.65410737	      4.83469168	     10.78320647
      6.00000000	      6.29228979	    241.03681665	    215.17766481	    551.56743120	      4.72066645	     10.66680232
      6.03330000	      6.63843616	    232.32271863	    207.15403978	    545.38429452	      4.09007139	      9.71355320
      6.06670000	      6.83428953	    248.98359819	    222.26498006	    533.85312051	      3.92024023	      9.46960705
      6.10000000	      6.43286624	    269.70598311	    241.13153852	    536.23845496	      4.35552084	     10.02931719
      6.13330000	      6.14772775	    262.10857740	    234.05755562	    547.47543222	      5.10917907	     11.24141384
      6.16670000	      6.12425816	    230.71001252	    205.26130219	    556.80577574	      5.16251487	     11.45615101
      6.20000000	      6.38758833	    208.20810566	    184.61738703	    556.24443247	      4.64825164	     10.62137077
      6.23330000	      6.74603308	    209.40977147	    185.50025911	    541.06070949	      4.03886387	      9.67662367
      6.26670000	      6.68416142	    223.77587254	    198.42361303	    531.99706820	      4.04622022	      9.75356817
      6.30000000	      6.38999693	    230.39472824	    204.36835784	    542.54321668	      4.47401788	     10.38430172
      6.33330000	      6.28625384	    221.42661193	    196.12605473	    559.58677004	      4.70962639	     10.82912825
      6.36670000	      6.37356870	    207.49452584	    183.40618334	    566.56585864	      4.52206143	     10.56030661
      6.40000000	      6.54101370	    203.05389843	    179.28374324	    565.13955643	      4.09699242	      9.85758313
      6.43330000	      6.72814505	    211.02290134	    186.35571481	    567.54740829	      3.94911750	      9.61494857
      6.46670000	      6.75301840	    221.02256612	    195.39690013	    574.65141154	      3.93524249	      9.57162719
      6.50000000	      6.78364558	    223.97513170	    198.23433616	    574.37690749	      3.92790121	      9.54415757
      6.53330000	      6.89126679	    222.79652761	    197.46892404	    558.61709076	      3.84999699	      9.41215611
      6.56670000	      6.93058515	    229.40031628	    203.74117516	    541.67559914	      3.80073685	      9.33932257
      6.60000000	      6.72912880	    244.85276722	    217.92526766	    539.17716172	      3.94779941	      9.59548576
      6.63330000	      6.38978939	    252.52956438	    224.98262654	    546.77969305	      4.38366402	     10.18647984
      6.66670000	      6.25826738	    240.97438050	    214.44848800	    552.14586971	      4.76358282	     10.79249225
      6.70000000	      6.31956257	    220.48042656	    195.80376275	    548.32185291	      4.64112729	     10.65333650
      6.73330000	      6.50091836	    210.15583859	    186.39996606	    539.35870287	      4.14142790	      9.87235284
      6.76670000	      6.74881167	    217.44470548	    192.91896745	    537.90127615	      3.91805203	      9.57845592
      6.80000000	      6.78228859	    235.99411067	    209.69713531	    554.10065419	      3.88083838	      9.46653155
      6.83330000	      6.74357482	    255.87144460	    227.72037472	    584.03526126	      3.94716725	      9.54049158
      6.86670000	      6.80616597	    385.98026824	    134.18567407	    585.07948078	      3.97667247	     48.95781395
      6.90000000	      6.97448855	    312.88142047	    290.52621960	    573.06689431	      3.91382002	    217.51152037
      6.93330000	      7.10991906	    254.27198688	    227.43786079	    538.72660780	      3.81291554	      9.27023911
      6.96670000	      7.04085053	    222.43581206	    199.52121942	    436.75871265	      3.76599082	      9.30257085
      7.00000000	      6.75572308	    187.92243924	    169.00255501	    335.10077509	      3.89775074	      9.51078043
      7.03330000	      6.21425761	    183.18840669	    164.96249795	    311.70551260	      4.24532324	     10.11859350
      7.06670000	      5.88601931	    227.47670588	    204.58601467	    412.30868647	      4.93603603	     11.16066807
      7.10000000	      5.83637998	    304.26915987	    272.66497578	    639.43805628	      5.17858438	     11.59901007
      7.13330000	      6.30918230	    388.17216980	    361.75643797	    677.64326218	      4.68490766	    411.62473746
      7.16670000	      7.53255867	    233.26473085	    211.05471444	    541.14141438	      3.66405101	     49.34982462
      7.20000000	      8.02597026	    225.40535203	    202.29343083	    473.09937053	      3.16444978	      8.25969667
      7.23330000	      7.77670028	    191.10492898	    172.82411617	    320.99104650	      3.10710451	      8.31245265
      7.26670000	      7.16797753	    228.73093083	    208.13843923	    329.04960371	      3.40820706	      8.82331968
      7.30000000	      6.36914563	    276.51876850	    252.45114625	    383.52759514	      4.01065134	      9.56638891
      7.33330000	      6.10378277	    298.11713384	    272.27263355	    441.69727305	      4.69924298	     10.41094675
      7.36670000	      6.13038414	    305.08630588	    278.26211482	    487.19689569	      4.71597061	     10.43210695
      7.40000000	      6.27433602	    322.53184114	    293.90774222	    517.71354208	      4.37823220	     10.03622573
      7.43330000	      6.32657208	    351.62147231	    320.32378266	    546.88963991	      4.56217762	     10.16170214
      7.46670000	      6.30064570	    370.92648793	    337.56195581	    585.71443789	      5.09603956	     10.75351491
      7.50000000	      6.38152501	    352.27725108	    319.85648519	    598.50320395	      5.26277855	     10.93828031
      7.53330000	      6.74194082	    294.37279973	    266.71269032	    532.18529508	      4.91292989	     10.36884637
      7.56670000	      7.01436547	    248.14928232	    224.71310351	    443.33384141	      4.28175910	      9.70283107
      7.60000000	      6.96834460	    267.52548111	    242.48830958	    449.83938890	      4.16596631	      9.60115121
      7.63330000	      6.81015155	    336.55869033	    305.37061098	    550.48539918	      4.35787677	      9.77950081
      7.66670000	      6.77155636	    377.69457953	    339.28207546	    615.54470708	      4.75087636	     20.22553452
      7.70000000	      6.84115986	    331.48183573	    300.65052385	    558.40000432	      4.83813596	     10.12630803
      7.73330000	      6.69482440	    248.42990350	    225.23404268	    421.99204301	      4.63972125	      9.89827353
      7.76670000	      6.54063335	    215.88755585	    195.74213741	    361.48477625	      4.30088702	      9.78060624
      7.80000000	      6.32079642	    270.26450490	    245.16768064	    441.55298119	      4.20941262	      9.75619501
      7.83330000	      6.14644477	    372.58600605	    338.13199427	    600.03829594	      4.39778801	      9.95237635
      7.86670000	      6.07481280	    438.80624546	    362.30490427	    677.22291716	      4.97123076	     13.20410978
      7.90000000	      6.00024867	    391.78258282	    354.62441516	    655.95714537	      5.40297428	     11.21522250
      7.93330000	      5.91987269	    306.90875079	    276.79839423	    552.02458004	      5.52186837	     11.54956673
      7.96670000	      5.92314685	    273.25393194	    245.40907898	    539.48125917	      5.35702530	     11.44915215
      8.00000000	      6.07182315	    291.81702294	    261.17211523	    618.13626869	      4.95926486	     10.88747315
      8.03330000	      6.37154141	    254.36504955	    287.18849148	    613.16909509	      4.37692332	     10.12646975
      8.06670000	      6.51574488	    234.79254624	    209.79901332	    485.84759880	      3.99764964	      9.65210989
      8.10000000	      6.18688101	    172.45441050	    154.26567982	    333.89492791	      3.91583168	      9.65659976
      8.13330000	      5.98796431	    254.79199874	    228.09798874	    509.83506394	      3.89791702	      9.78626388
      8.16670000	      6.22391674	    366.07465670	    341.26809937	    591.88851374	      3.74490503	    305.94071634
      8.20000000	      7.38572250	    275.29307758	    248.00054229	    506.89448276	      3.39464958	     66.64819254
      8.23330000	      7.88357340	    145.58951481	    618.55108636	    435.45474510	      3.09855064	    476.64053858
      8.26670000	     68.37009434	     21.76238107	     19.89889184	      4.59149007	      4.29147747	      8.56576222
      8.30000000	    239.58537526	     53.96345855	     49.49292292	      6.38420623	     54.80962931	     10.19255657
      8.33330000	      4.65305211	     51.92676028	     47.47948595	     24.17386249	      5.47176848	     12.11049507
      8.36670000	      4.69721701	    430.03936881	    409.79050543	    750.29631782	      5.57145119	     12.35834707
      8.40000000	      5.41783671	    420.67681444	    395.83660389	    776.19608517	      5.04181143	    101.20008303
      8.43330000	      5.98065978	    360.32187669	    334.95258060	    692.73080023	      4.68921598	     35.26391864
      8.46670000	      5.89164930	    172.24023623	    154.69237308	    310.74062564	      4.93280155	     11.07320268
      8.50000000	      5.60396513	    144.89929951	    129.69574643	    286.29406792	      5.15373284	     11.70840898
      8.53330000	      5.63110292	    231.26393341	    205.99924985	    559.17418417	      4.98043521	     11.66719124
      8.56670000	      6.15678844	    262.18143558	    231.29889738	    685.70343350	      4.37082710	     27.57716547
      8.60000000	      6.79774050	    220.61539559	    195.22438481	    587.53375199	      3.84808668	     12.14335786
      8.63330000	      7.56954335	    292.43509778	    290.40499521	    538.18526343	      3.53125545	    328.23096015
      8.66670000	      7.78561189	    220.55410321	    197.05061207	    486.23154921	      3.33937740	      8.54261253
      8.70000000	      7.60101572	    228.75451660	    205.60587174	    429.88221341	      3.37939520	      8.68918726
      8.73330000	      7.16656488	    265.72702241	    239.92558874	    453.04615902	      3.70294741	      9.15845344
      8.76670000	      6.79753375	    302.35899992	    273.65285365	    513.27715703	      4.10884187	      9.63031063
      8.80000000	      6.79926559	    323.56213626	    293.06193143	    564.09542705	      4.27311662	      9.77826191
      8.83330000	      6.99777188	    325.81809227	    295.25344850	    562.42653420	      4.24595265	      9.69213902
      8.86670000	      6.97701815	    315.90165240	    286.49730479	    519.85256330	      4.48673839	      9.82131419
      8.90000000	      6.62340441	    294.90735313	    267.38311646	    475.39051073	      5.13443507	     10.67060551
      8.93330000	      6.27716536	    258.11751379	    233.45159174	    438.55997927	      5.53132659	     11.44331558
      8.96670000	      6.14202200	    229.29201176	    206.50123568	    435.83494816	      5.57059337	     11.70846743
      9.00000000	      6.08331833	    236.75272054	    212.25686306	    500.68332146	      5.32916921	     11.47680906
      9.03330000	      6.26716704	    273.95080778	    244.77427797	    608.83051611	      4.96948905	     10.89717529
      9.06670000	      6.46921242	    287.86221763	    256.00201634	    637.19366582	      4.76341250	     21.48094792
      9.10000000	      6.63199685	    341.34982338	    335.48020481	    621.16512726	      4.73393679	    300.85100763
      9.13330000	      6.67860389	    235.99366775	    209.98148965	    544.98068966	      4.63974426	     10.24043519
      9.16670000	      6.67811496	    213.86843738	    190.18235706	    496.87621622	      4.39265031	      9.93770503
      9.20000000	      6.61943789	    227.59656247	    202.38596315	    519.71185324	      4.16141435	      9.80660935
      9.23330000	      6.45695160	    259.12110960	    230.50243602	    579.60758184	      4.22118597	      9.88950303
      9.26670000	      6.28571496	    273.39896364	    243.14116007	    615.06443835	      4.48948394	     10.33649049
      9.30000000	      6.22078182	    256.52700358	    227.86712023	    599.26311888	      4.61577643	     10.59556987
      9.33330000	      6.24151044	    234.61486168	    208.08487866	    573.42529133	      4.47069377	     10.44211472
      9.36670000	      6.31628283	    236.33703811	    209.40859719	    589.73630927	      4.13683841	     10.01009349
      9.40000000	      6.40545908	    257.85246116	    240.40802329	    604.51183980	      4.00353944	     73.36281603
      9.43330000	      6.46434774	    258.14284836	    216.02389875	    601.34013989	      3.98474918	     11.50361404
      9.46670000	      6.46646429	    273.89324018	    264.93684022	    603.52296451	      4.04817857	    117.97650914
      9.50000000	      6.38330285	    254.93226171	    226.19084421	    601.85086329	      4.12465318	      9.92809316
      9.53330000	      6.29064482	    248.29500117	    220.26882633	    586.83588983	      4.26691050	     10.15977080
      9.56670000	      6.25128122	    260.36909422	    230.81596426	    635.49774286	      4.34808499	     10.32938385
      9.60000000	      6.34810065	    247.82087612	    220.45502219	    617.97284567	      4.14122613	     26.57281099
      9.63330000	      6.66414695	    207.55367186	    183.84005892	    532.66933263	      3.81678889	      9.58154964
      9.66670000	      6.79946131	    140.90238006	    125.09585888	    340.20862230	      3.48488189	      9.03935186
      9.70000000	      6.49830929	    136.03135066	    121.25297455	    284.69148032	      3.32526300	      8.92993369
      9.73330000	      6.04803352	    234.64132453	    209.88903292	    442.31175047	      3.56738691	      9.42763307
      9.76670000	      5.89139214	    347.48786685	    318.72250977	    705.16688140	      4.20911034	     14.06668187
      9.80000000	      6.37127491	    276.64143383	    249.07268411	    634.78828187	      4.12166189	     17.72150148
      9.83330000	      7.76657587	    378.77180684	    367.46761585	    505.32387471	      3.34144498	    594.28997131
      9.86670000	      7.95441199	    224.78112390	    202.85846057	    397.33550774	      3.05738216	      8.18312500
      9.90000000	      7.20232462	    199.05916304	    180.81152499	    264.32716769	      3.51659320	      8.91949889
      9.93330000	      6.14187313	    262.80732353	    239.27715408	    359.60637422	      4.75661672	     10.46157042
      9.96670000	      5.83553267	    321.62313083	    292.04500935	    522.41821839	      5.57122005	     11.68134769
     10.00000000	      5.99682457	    314.46153391	    284.17419884	    597.89240512	      5.43310248	     11.53177033
     10.03330000	      6.42938626	    284.68560870	    256.42814330	    584.99691848	      4.61530358	     10.29687096
     10.06670000	      7.09245565	    295.72274398	    249.76556770	    563.21076522	      3.86657292	     10.08954254
     10.10000000	      7.24125436	    355.48415743	    329.82735335	    546.29838644	      3.76544930	    178.87049737
     10.13330000	      7.00373954	    336.52920952	    304.81263876	    549.94025276	      4.14593166	      9.57621133
     10.16670000	      6.68037023	    295.41531946	    267.75614257	    487.31053144	      4.77762458	     10.19849787
     10.20000000	      6.48153305	    247.54453658	    224.15884214	    428.06623472	      4.88754807	     10.42111313
     10.23330000	      6.45259308	    259.17591105	    234.44810436	    460.58376377	      4.63669788	     10.17498577
     10.26670000	      6.52733530	    324.76347792	    293.65622935	    571.12345734	      4.44235051	      9.94145135
     10.30000000	      6.56169331	    528.73106727	    170.76137212	    626.24202472	      4.66902997	     30.27205759
     10.33330000	      6.36729632	    346.38251248	    312.87964720	    607.23443920	      5.01922723	     10.61131941
     10.36670000	      6.28255914	    282.28935973	    254.54023822	    516.62037223	      5.09930582	     10.79743580
     10.40000000	      6.28851290	    252.60364845	    227.35723679	    482.26672727	      4.87031990	     10.50215530
     10.43330000	      6.35985361	    278.74813247	    250.62704012	    535.72798263	      4.52879921	     10.09219029
     10.46670000	      6.37649287	    313.70803323	    281.98090593	    594.07934417	      4.41649561	      9.96732383
     10.50000000	      6.26715848	    315.52684974	    283.53957957	    593.55600455	      4.58639367	     10.20551640
     10.53330000	      6.14934836	    303.79510687	    272.75676819	    581.57221937	      4.75351632	     10.49705237
     10.56670000	      6.11630858	    311.06399701	    278.88186729	    616.01887001	      4.78802405	     10.62845672
     10.60000000	      6.14909066	    321.95499732	    289.68285264	    656.73838997	      4.73000166	     15.60783708
     10.63330000	      6.21001912	    306.50074871	    273.70882463	    640.38399466	      4.61259954	     10.35272614
     10.66670000	      6.28283108	    252.21471062	    225.28040499	    535.49286975	      4.35711245	     10.04664687
     10.70000000	      6.32782741	    202.65536168	    180.97909928	    434.93397104	      3.96333834	      9.69136089
     10.73330000	      6.40156991	    206.09951743	    184.29390506	    435.89321174	      3.61539287	      9.28497028
     10.76670000	      6.48430044	    271.45558663	    243.50210723	    537.24793664	      3.36597561	      8.99553480
     10.80000000	      6.47030059	    400.86771012	    429.99231644	    549.71014052	      3.35068087	    476.34822036
     10.83330000	      6.32353919	    242.75887376	    414.92550940	    567.77845934	      3.58451037	     23.58965584
     10.86670000	      6.10804515	    336.22572218	    304.67920224	    545.18345131	      3.91770311	      9.57499156
     10.90000000	      6.05651717	    277.15369708	    251.37488163	    445.23806662	      4.20947485	      9.98403402
     10.93330000	      5.90339961	    262.57898784	    238.00954334	    432.27731566	      4.54431827	     10.51914744
     10.96670000	      5.85397006	    277.38898224	    251.02135289	    482.95522903	      4.67685709	     10.74899794
     11.00000000	      5.93655539	    285.18953904	    257.59507791	    523.84923781	      4.51769628	     10.58894586
     11.03330000	      6.08404746	    283.70051878	    255.91988021	    534.18554846	      4.23030039	     10.19902880
     11.06670000	      6.21535770	    296.76253379	    267.58701642	    556.89011699	      4.13312172	      9.90272994
     11.10000000	      6.31828299	    318.77565034	    287.43768536	    592.71982393	      4.17632065	      9.88988808
     11.13330000	      6.40973422	    309.91143114	    279.41680936	    580.08234974	      4.28318909	     10.01335298
     11.16670000	      6.53966031	    270.37125439	    243.69966752	    523.06508300	      4.22199481	      9.84714511
     11.20000000	      6.89359314	    246.72542494	    222.50848450	    481.41400358	      3.91088913	      9.47514622
     11.23330000	      7.11579089	    270.98649650	    245.00984606	    487.91979669	      3.68386100	      9.12851290
     11.26670000	      7.01510820	    329.61056404	    298.93867726	    536.39005730	      3.85567856	      9.32689915
     11.30000000	      6.78911716	    358.82137713	    325.99952372	    574.26120861	      4.36411889	      9.82378920
     11.33330000	      6.86588305	    321.61371174	    292.15829232	    546.55744157	      4.64338621	      9.99207597
     11.36670000	      7.17322281	    262.66338674	    238.63141980	    456.63796971	      4.12210664	      9.53479636
     11.40000000	      7.17234258	    257.44732205	    234.36271526	    402.49653137	      3.93703683	      9.32396093
     11.43330000	      6.68088095	    320.06496020	    291.91493503	    452.59218794	      4.54328478	      9.90082205
     11.46670000	      6.14859827	    363.72414978	    331.28374720	    538.72245801	      5.63445498	     11.46879375
     11.50000000	      6.03298774	    327.20895625	    296.56956708	    565.85762881	      5.86736093	     12.02178924
     11.53330000	      6.21555463	    268.94918760	    242.41519204	    531.64114790	      5.57454114	     11.60957619
     11.56670000	      6.29670234	    251.35842817	    225.73285105	    510.63612115	      5.11608764	     10.88875270
     11.60000000	      6.32689069	    266.33167779	    238.70650669	    534.95347832	      4.93618365	     10.66732507
     11.63330000	      6.23918822	    282.46245849	    252.69531504	    578.98182086	      5.03514218	     10.92809198
     11.66670000	      6.19244662	    299.68354720	    267.41248033	    651.90633752	      5.11885416	     11.14804991
     11.70000000	      6.27559426	    303.36563891	    274.42270946	    669.94129123	      5.05928382	     67.43246510
     11.73330000	      6.56890793	    326.89360837	    299.94928455	    632.27190428	      4.89483457	    246.38550377
     11.76670000	      6.82056294	    348.55974264	    117.51207523	    602.74623095	      4.69461602	     11.84073540
     11.80000000	      6.80311000	    205.82178310	    182.29160312	    496.40331393	      4.47135591	      9.93215625
     11.83330000	      6.52721868	    152.62180776	    135.16726085	    354.28329552	      4.20722644	      9.85108444
     11.86670000	      6.19126612	    158.08965536	    140.02003569	    366.63213342	      3.97851739	      9.86109342
     11.90000000	      6.05585575	    218.04208081	    193.12424773	    520.77340464	      3.87416988	      9.87102044
     11.93330000	      6.03315136	    263.27336548	    235.04194175	    638.12400771	      3.85564057	      9.86541467
     11.96670000	      6.07941320	    269.94956576	    235.91088346	    639.44651621	      3.93316873	     16.75231081
     12.00000000	      6.12702160	     63.00597354	     65.88047182	    639.86282334	      4.00409757	     10.05437033
     12.03330000	      6.15847504	    205.35894278	    181.78393101	    516.78681257	      3.92414332	      9.91458921
     12.06670000	      6.18009654	    184.37284488	    163.22008217	    464.02848375	      3.73319219	      9.66415742
     12.10000000	      6.17729030	    236.05061044	    209.20557557	    573.21249444	      3.65190079	      9.54018508
     12.13330000	      6.13198512	    277.35014563	    241.38580180	    634.55785260	      3.84429919	     12.95897387
     12.16670000	      6.07851624	    285.86382488	    256.69628532	    674.80192077	      4.36464541	     11.05501628
     12.20000000	      6.14672763	    287.09293612	    251.75778130	    681.59219795	      4.72642171	     86.12824080
     12.23330000	      6.46532038	    300.24093927	    282.41903208	    627.55170680	      4.37677946	    307.68508250
     12.26670000	      7.16070671	    207.25845081	    180.96687894	    568.45942376	      3.81322124	     19.92919482
     12.30000000	      7.44751579	    218.50939653	    195.49995539	    542.43913933	      3.59797129	      9.05040086
     12.33330000	      7.29362478	    245.24517945	    218.21267053	    540.72576313	      3.69853681	      9.07265343
     12.36670000	      6.93599583	    241.27716729	    215.28784442	    502.11447323	      3.96327477	      9.47207631
     12.40000000	      6.56792310	    219.08881614	    195.74974228	    453.14939869	      4.17305304	      9.80725754
     12.43330000	      6.33315846	    198.06311301	    176.99616128	    416.51041733	      4.22918613	      9.98225029
     12.46670000	      6.25083918	    207.38597391	    185.28854645	    442.86986909	      4.15031379	      9.96997756
     12.50000000	      6.23965257	    254.86820714	    227.67979521	    550.05114806	      4.10434958	      9.90061411
     12.53330000	      6.33535547	    305.19579312	    281.48656488	    615.30733219	      4.08790076	    106.15790723
     12.56670000	      6.63928423	    282.40389722	    255.97447837	    592.25107134	      4.00709630	     56.77201692
     12.60000000	      6.97536524	    254.94915010	    228.15132070	    544.91632560	      3.82465552	      9.34476362
     12.63330000	      7.14323510	    200.33467187	    179.79865877	    399.85224469	      3.64571119	      9.09345705
     12.66670000	      6.85003190	    197.83019687	    178.15825258	    355.16104981	      3.64124179	      9.16713722
     12.70000000	      6.33089096	    246.30883370	    222.37863902	    408.12434032	      3.96950080	      9.65210582
     12.73330000	      6.00938883	    303.37709777	    273.93618596	    518.66639773	      4.86136133	     10.87763203
     12.76670000	      6.09014844	    349.88108124	    315.00648535	    703.89649938	      5.06081401	     11.13616192
     12.80000000	      7.07144257	    258.33543968	    231.93709709	    569.29822418	      3.89851873	     16.50769562
     12.83330000	      7.82455504	    253.65874400	    228.88320218	    482.21335401	      3.22731445	      8.41864568
     12.86670000	      7.48135744	    220.97552966	    200.75778875	    322.66976721	      3.36461152	      8.68225057
     12.90000000	      6.53142247	    230.42339823	    210.11260600	    305.01286320	      4.09578642	      9.62473224
     12.93330000	      5.99997927	    273.37122981	    249.21705016	    401.27562888	      5.18593562	     11.00380658
     12.96670000	      5.98742661	    333.51681835	    303.08852374	    565.07924283	      5.31767132	     11.24851984
     13.00000000	      6.32505482	    377.11916393	    341.73860526	    675.38879029	      4.87129323	     10.55121312
     13.03330000	      6.76829140	    362.21157376	    335.86790067	    613.07865008	      4.57969793	     62.80168800
     13.06670000	      6.84939255	    329.16314229	    297.93139593	    566.16187068	      4.82570617	     10.26708933
     13.10000000	      6.77631459	    258.11832462	    233.42633396	    457.90724083	      4.92488765	     10.35548610
     13.13330000	      6.75866142	    211.88576281	    191.45315193	    391.09020989	      4.58689994	      9.98227245
     13.16670000	      6.81858274	    237.80833007	    214.89371108	    434.80720098	      4.09465290	      9.59149337
     13.20000000	      6.89496505	    319.49677182	    289.15783271	    552.65078232	      3.91315402	      9.40544674
     13.23330000	      6.88340535	    363.36011456	    307.46809219	    575.72775000	      4.04606146	     13.37969516
     13.26670000	      6.73758380	    379.68798472	    348.74735892	    606.98232445	      4.56516545	      9.86129291
     13.30000000	      6.40597946	    313.97878343	    284.96456139	    509.97054099	      4.98766643	     10.42165612
     13.33330000	      6.27465516	    257.36643360	    233.28921003	    435.51390775	      4.91707757	     10.41975659
     13.36670000	      6.21619061	    270.29303382	    244.76615572	    462.37369807	      4.62120591	     10.15477397
     13.40000000	      6.14306811	    326.96782867	    295.95147549	    552.70685876	      4.53995181	     10.11489205
     13.43330000	      6.07828666	    358.37758606	    324.16782071	    608.37320918	      4.77982818	     10.45048636
     13.46670000	      6.04520197	    332.18879496	    300.05993023	    582.99809262	      4.94262883	     10.70613764
     13.50000000	      6.06455425	    289.48211012	    261.04385482	    530.58288508	      4.79462736	     10.51250084
     13.53330000	      6.12617451	    284.35234867	    256.13789340	    531.27001440	      4.39835346	     10.07046628
     13.56670000	      6.21091231	    317.77166596	    286.18903470	    587.43630034	      4.13404033	      9.78295826
     13.60000000	      6.26340968	    267.48047494	    482.99332752	    606.32322125	      4.11063744	    222.96435621
     13.63330000	      6.25822665	    345.30239241	    315.52262333	    610.01072215	      4.17724621	     35.01525466
     13.66670000	      6.19818657	    327.65317201	    295.47786123	    584.24563129	      4.27069525	      9.87902288
     13.70000000	      6.11003522	    320.43036343	    288.93696657	    571.12012398	      4.40799311	     10.06633478
     13.73330000	      6.06203303	    328.24867864	    295.83616534	    592.45607913	      4.53107594	     10.24965924
     13.76670000	      6.07184899	    332.71591261	    299.61315802	    615.91053716	      4.53219141	     10.26146726
     13.80000000	      6.14978862	    322.23907613	    289.98601169	    608.49136893	      4.30749032	      9.97069525
     13.83330000	      6.31099088	    305.84195362	    275.22433345	    574.67422694	      4.07505303	      9.70667455
     13.86670000	      6.35801371	    301.37772824	    271.45034823	    551.24071478	      3.95217146	      9.57191050
     13.90000000	      6.29806166	    319.40328240	    288.06917747	    566.88752875	      3.93733906	      9.56707847
     13.93330000	      6.21028216	    412.66252313	    380.13367735	    601.45051324	      4.01455492	    259.44112707
     13.96670000	      6.15616059	    180.58539293	    495.47965864	    610.88946294	      4.13356521	      9.83275308
     14.00000000	      6.13478276	    337.21569717	    304.88357426	    581.22609497	      4.20883119	      9.83457297
     14.03330000	      6.10991094	    287.02643795	    259.54880178	    496.90425164	      4.16682971	      9.80452496
     14.06670000	      6.08097654	    249.14862236	    225.38118220	    431.88965934	      4.01472749	      9.68949934
     14.10000000	      6.05923723	    262.12121268	    237.34860425	    449.48907059	      3.82927512	      9.53613462
     14.13330000	      6.07314628	    324.33180206	    294.18514151	    538.77682159	      3.70945533	      9.46177426
     14.16670000	      6.20533856	    374.97454677	    344.93254276	    588.63788542	      3.77156000	     22.61420066
     14.20000000	      6.12587595	    389.90856552	    354.95836605	    588.19730635	      4.14505656	      9.79150389
     14.23330000	      5.94005657	    318.42604375	    289.77076614	    481.16848391	      4.96972993	     10.79259069
     14.26670000	      5.78126006	    222.34221879	    201.78729128	    364.93181652	      5.27471064	     11.35484635
     14.30000000	      5.76750726	    179.07748873	    161.94871059	    333.79149426	      4.98674770	     11.14879527
     14.33330000	      5.91622108	    216.92181124	    195.69460022	    429.28939631	      4.20513363	     10.32883363
     14.36670000	      6.19818240	    299.69427908	    270.27400758	    583.25486529	      3.76314636	      9.57079412
     14.40000000	      6.52375017	    519.23010079	    542.44906637	    562.03763791	      3.52085365	    899.13356496
     14.43330000	      6.90608277	    320.05267417	    290.34178149	    538.80426743	      3.47233277	     11.61107078
     14.46670000	      6.96609613	    308.53367358	    281.05166753	    486.22339782	      3.54658454	      9.00935694
     14.50000000	      6.83658422	    291.83946198	    266.74904436	    432.39271936	      3.69473397	      9.14957814
     14.53330000	      6.62174457	    260.79594032	    238.95989358	    378.91950541	      3.92096717	      9.39323890
     14.56670000	      6.46642327	    275.91776427	    253.16630868	    399.00527174	      4.15169569	      9.64511746
     14.60000000	      6.46544661	    290.09327510	    266.32509013	    420.99106317	      4.31166602	      9.80587619
     14.63330000	      6.47274962	    284.62793512	    261.31192462	    407.54998646	      4.60725277	     10.10758117
     14.66670000	      6.36862408	    259.79384881	    238.31548060	    366.99749574	      5.09750241	     10.75680756
     14.70000000	      6.20573841	    272.43929234	    249.35001586	    394.53747565	      5.50117702	     11.37034307
     14.73330000	      6.20378482	    304.62825090	    277.77673066	    500.85532472	      5.53234310	     11.38042866
     14.76670000	      6.70315961	    368.49507205	    334.46625660	    649.42022528	      4.90168708	     17.19659950
     14.80000000	      7.40814117	    344.92889257	    316.61717888	    564.41933025	      4.19589319	     43.72681683
     14.83330000	      7.26056385	    311.91344313	    283.90417238	    466.56369018	      4.74978822	      9.87460049
     14.86670000	      6.57514462	    243.83221560	    221.70560814	    365.52369598	      5.56858907	     11.22238339
     14.90000000	      6.17261959	    190.63697544	    172.64320239	    324.46385663	      5.75786615	     11.80325900
     14.93330000	      6.08794206	    190.14166397	    171.32657662	    370.36176069	      5.56518983	     11.77211163
     14.96670000	      6.07500230	    246.99223903	    221.58985913	    516.11111224	      5.19802689	     11.25611196
     15.00000000	      6.26718715	    308.33560333	    275.83460440	    664.39819472	      4.89760184	     10.77783379
     15.03330000	      6.46763151	    322.77428326	    255.91340442	    639.63010690	      4.79872431	     55.10102293
     15.06670000	      6.56345587	    240.89706638	    214.84642840	    533.14402538	      4.75762188	     10.42857042
     15.10000000	      6.47291115	    179.00661942	    159.47862970	    402.64131008	      4.55862770	     10.25419475
     15.13330000	      6.37318665	    187.76743162	    167.17954318	    428.19402640	      4.19408800	      9.93606709
     15.16670000	      6.37290879	    246.69109883	    219.63956711	    559.48075853	      4.03366449	      9.76170338
     15.20000000	      6.38373465	    264.36535778	    253.61541746	    605.83684794	      4.04803267	      9.75174311
     15.23330000	      6.31165291	    238.57876507	    212.61926717	    518.51545880	      4.17946231	      9.98794841
     15.26670000	      6.14950733	    181.66917678	    161.82713459	    393.62993520	      4.36818689	     10.40102527
     15.30000000	      5.98448547	    173.15870042	    154.04544173	    388.07373878	      4.42724687	     10.71213978
     15.33330000	      5.90849365	    213.04260696	    189.15373107	    511.48889831	      4.46386030	     10.94721937
     15.36670000	      5.98535455	    250.22163175	    221.63347476	    649.28645850	      4.45669028	     10.90714690
     15.40000000	     27.09598671	    260.12456358	    237.26000378	    624.65847310	     27.07150916	     98.01264064
     15.43330000	      6.40325117	    227.00879089	    200.35321204	    638.05712227	      4.24461307	     10.35278743
     15.46670000	      6.62186001	    215.39282265	    192.39813311	    605.20742969	      4.12814523	     31.62415054
     15.50000000	      7.09430247	    458.83994338	    455.27393815	    580.57618275	      4.01031429	    945.91513158
     15.53330000	      7.42112349	    385.74782221	      9.14042815	    559.53713880	      3.86506942	     22.55863058
     15.56670000	      7.48979893	    195.07703579	    172.82869840	    491.98931789	      3.75574942	      9.07555767
     15.60000000	      7.37750562	    188.89235602	    167.92704284	    436.62337995	      3.70146259	      9.05271854
     15.63330000	      7.09928787	    188.92834816	    168.52092276	    397.71632893	      3.75311288	      9.23667538
     15.66670000	      6.66165766	    187.67506260	    167.80599366	    365.11111414	      3.98989930	      9.64028557
     15.70000000	      6.24171292	    203.31574464	    181.88901034	    399.21227933	      4.50985941	     10.52047193
     15.73330000	      6.10630176	    238.21168551	    212.69510435	    527.44524567	      4.80456062	     11.03542161
     15.76670000	      6.42216213	    283.93607102	    198.03365904	    640.57512887	      4.19470893	     10.13819726
     15.80000000	      7.41831787	    269.31170580	    249.32159004	    536.87982175	      3.46547637	    209.99213805
     15.83330000	      7.84408407	    229.39460728	    205.86812942	    469.26615401	      3.05563757	      8.20023397
     15.86670000	      7.33355166	    209.28750320	    189.17376727	    320.03549676	      3.29450197	      8.65596345
     15.90000000	      6.22690751	    234.15844407	    212.40707994	    317.83894826	      4.30063847	     10.08192621
     15.93330000	      5.73981200	    303.11598098	    274.30001631	    513.23514467	      5.65186150	     11.99519151
     15.96670000	      6.15159594	    333.84660848	    311.41896997	    733.42973319	      5.24394699	     53.69410020
     16.00000000	      7.72861728	    215.64073563	    194.96886356	    511.52259321	      3.45405192	     21.11364220
     16.03330000	      8.16794751	    206.29382480	    186.92940899	    376.43421608	      2.80550899	      7.84257845
     16.06670000	      7.70352634	    222.63249573	    203.59306734	    297.93308862	      2.92591102	      8.08946594
     16.10000000	      6.87630184	    290.37043699	    267.10272824	    339.69842769	      3.58676027	      8.91274636
     16.13330000	      6.11192397	    324.76497363	    299.22616209	    384.60634069	      4.97720403	     10.68393694
     16.16670000	      5.85747284	    321.55291889	    295.41832093	    439.34644800	      5.74877579	     11.84785798
     16.20000000	      5.97375685	    327.99292618	    299.87089888	    527.33492704	      5.65121800	     11.62111554
     16.23330000	      6.36717886	    338.47791740	    308.37019663	    575.55996760	      4.99784867	     10.60480988
     16.26670000	      6.80901442	    328.66205721	    299.16021556	    539.77340798	      4.41609865	      9.88494036
     16.30000000	      6.90849471	    297.92759393	    271.25006464	    479.36570509	      4.38652316	      9.78414872
     16.33330000	      6.95834246	    266.80132934	    242.99974003	    437.65035677	      4.24545840	      9.66710583
     16.36670000	      7.07690186	    275.84480172	    251.54050389	    444.27181959	      3.96425037	      9.36698863
     16.40000000	      7.09233210	    326.87536904	    298.77393355	    484.53862839	      3.87442764	      9.32331241
     16.43330000	      6.87846975	    370.73277744	    339.57175824	    511.33718433	      4.22481039	      9.64128911
     16.46670000	      6.50216507	    357.63573314	    327.66248387	    492.05731699	      5.13531050	     10.57676446
     16.50000000	      6.22983530	    301.31280454	    275.48388215	    444.48872482	      5.49712718	     11.19238711
     16.53330000	      6.20888375	    270.61522382	    246.68481231	    435.87079880	      5.35815137	     10.99579270
     16.56670000	      6.33276980	    300.05589150	    272.92096831	    498.59486266	      4.91613192	     10.45876466
     16.60000000	      6.54703569	    368.71169836	    335.08253589	    599.63509995	      4.61023631	     10.02346131
     16.63330000	      6.58671121	    396.08998613	    372.17483876	    636.52510958	      4.90397297	     12.42568306
     16.66670000	      6.34187558	    409.77430623	    371.78664442	    663.87078759	      5.36229975	     10.91872767
     16.70000000	      6.18831989	    315.36101586	    285.32929800	    541.37590857	      5.51116430	     11.24679899
     16.73330000	      6.10552124	    236.86984456	    213.61596457	    434.22067381	      5.33612693	     11.12323889
     16.76670000	      6.08508852	    243.81656048	    219.30645919	    462.62932032	      4.99452421	     10.75091292
     16.80000000	      6.08530407	    310.37394730	    278.69799891	    597.12715611	      4.74015465	     10.49143734
     16.83330000	      6.10322577	    331.74617912	    303.14843227	    653.11534948	      4.70106953	     10.45572407
     16.86670000	      6.13844066	    314.07129712	    291.20921021	    647.23622268	      4.69633575	     10.48381218
     16.90000000	      6.20934127	    310.67691151	    277.97235411	    632.51051090	      4.55741918	     10.25033741
     16.93330000	      6.25177534	    288.37104849	    257.85817666	    591.38946233	      4.29073450	      9.95481721
     16.96670000	      6.28130927	    268.70245374	    240.25808964	    551.29842801	      4.01407417	      9.72470995
     17.00000000	      6.33719999	    241.42945216	    216.06551579	    492.18437970	      3.74744694	      9.47001993
     17.03330000	      6.41240213	    241.05165771	    216.24561822	    476.06463852	      3.44297981	      9.08695366
     17.06670000	      6.43893197	    294.04665217	    276.48632589	    542.23061876	      3.23915059	     17.29473234
     17.10000000	      6.34760368	    337.86085243	    306.34553669	    544.57203723	      3.31234101	     15.55132963
     17.13330000	      6.16647757	    384.99252478	    350.41919950	    577.14754108	      3.70665094	     29.82973325
     17.16670000	      6.02714876	    399.35687168	    364.77036705	    615.20671720	      4.15646820	     11.21199317
     17.20000000	      5.98023858	    321.86412189	    292.77466143	    506.23260782	      4.33953055	      9.98464669
     17.23330000	      5.93270642	    276.86673929	    251.78552190	    439.93846864	      4.25701306	      9.95332398
     17.26670000	      5.88789288	    293.64374834	    267.01011398	    468.58620464	      4.18260820	      9.89496513
     17.30000000	      5.90705909	    338.38657602	    307.68630986	    545.29052121	      4.11530947	      9.81989473
     17.33330000	      6.12439082	    371.12869903	    337.55774400	    596.63535525	      4.03139402	      9.69281166
     17.36670000	      6.20721809	    371.91284664	    338.54854186	    582.24048756	      4.03515478	      9.66116215
     17.40000000	      6.18190636	    359.84675839	    327.83395028	    550.16335399	      4.21839291	      9.82049025
     17.43330000	      6.14679836	    355.60182907	    323.92820935	    553.06695015	      4.51618559	     10.15663144
     17.46670000	      6.22749429	    349.58819582	    318.25267204	    563.52610786	      4.43875404	     10.02817151
     17.50000000	      6.46515755	    330.07386641	    300.46053586	    535.60541877	      4.13923480	      9.69919025
     17.53330000	      6.62156234	    313.08616782	    285.31649351	    491.72770635	      3.94697338	      9.45451750
     17.56670000	      6.56916756	    321.01068413	    293.06424731	    478.94479886	      3.93522243	      9.43776513
     17.60000000	      6.37246434	    347.67951826	    317.89021847	    499.71153003	      4.13226247	      9.64739690
     17.63330000	      6.19693116	    361.83923050	    331.00406028	    520.13802046	      4.53020824	     10.06493019
     17.66670000	      6.16197797	    346.99590169	    317.20932506	    515.50899513	      4.79717388	     10.35493635
     17.70000000	      6.21183287	    321.38358520	    293.51290422	    494.56938814	      4.63795027	     10.16635272
     17.73330000	      6.31701920	    304.79405507	    278.25594002	    471.45663746	      4.27098162	      9.79669950
     17.76670000	      6.33067561	    288.55777770	    263.54529809	    435.60961993	      4.13203989	      9.66929258
     17.80000000	      6.19821424	    264.29582248	    241.57185366	    389.49057704	      4.12586610	      9.69940003
     17.83330000	      6.08046665	    253.10879131	    231.47221978	    373.57940766	      4.14339638	      9.77602073
     17.86670000	      6.03483055	    281.01395950	    257.07289524	    421.00556772	      4.07275414	      9.75975729
     17.90000000	      6.08836250	    335.50915511	    307.10816713	    497.69473178	      3.96510048	      9.59997181
     17.93330000	      6.15402655	    361.96022264	    331.66317988	    519.91450528	      3.98689182	      9.58566670
     17.96670000	      6.14586500	    336.30192161	    308.41631403	    473.08679642	      4.17776627	      9.77240207
     18.00000000	      6.10932765	    297.58308846	    272.92007171	    427.32799891	      4.34168308	     10.05474152
     18.03330000	      6.16505629	    296.18889185	    271.54409135	    444.97791129	      4.23291249	      9.86278551
     18.06670000	      6.36356003	    347.19921939	    318.43352561	    519.12393449	      3.92053793	      9.50481424
     18.10000000	      6.69826776	    353.88626708	    325.19855571	    505.19471425	      3.78492043	      9.22283145
     18.13330000	      6.73694449	    358.20798982	    329.86220997	    473.83127135	      4.06950657	      9.45793453
     18.16670000	      6.51433887	    328.36206556	    302.57673022	    426.93772593	      4.87204265	     10.33031454
     18.20000000	      6.33564575	    340.20959441	    313.02897232	    462.24668330	      5.36428627	     11.02314867
     18.23330000	      6.42256408	    338.88761508	    311.06095275	    497.17052329	      5.31030161	     10.89060527
     18.26670000	      6.72404854	    345.32692355	    316.42368215	    514.52251458	      4.99444703	     10.35637492
     18.30000000	      6.75408761	    334.41732450	    306.17143227	    480.48849664	      5.03917168	     10.40043225
     18.33330000	      6.39647000	    310.21670811	    283.59108133	    441.02770412	      5.47916163	     11.12129297
     18.36670000	      6.10017941	    259.28949569	    236.22215125	    395.05620025	      5.77402216	     11.67807064
     18.40000000	      5.96939765	    203.04622185	    184.07014209	    353.14487068	      5.71747357	     11.80728827
     18.43330000	      6.00174054	    197.77449806	    178.44457522	    379.81623905	      5.35508332	     11.42439509
     18.46670000	      5.98163825	    241.42452106	    217.10387928	    475.92306103	      4.93523035	     10.99984291
     18.50000000	      6.05801611	    284.63116907	    255.40300537	    571.95398544	      4.74929126	     10.72551140
     18.53330000	      6.14954273	    289.49214114	    259.29272677	    603.61025555	      4.69207013	     10.63710504
     18.56670000	      6.29084665	    263.47019332	    235.64237246	    571.41226963	      4.45505484	     10.26232441
     18.60000000	      6.47248877	    245.06286217	    219.06597817	    533.35561246	      4.10083688	      9.75890598
     18.63330000	      6.58399429	    253.42572512	    226.70793554	    529.55014435	      3.98326369	      9.59330562
     18.66670000	      6.48822153	    277.03518585	    248.11551475	    557.66981292	      4.07778290	      9.71934096
     18.70000000	      6.37021210	    296.52203415	    265.71028465	    595.83840572	      4.33730166	     10.01172935
     18.73330000	      6.37760799	    302.90524728	    271.30131445	    624.64262506	      4.56588034	     10.25085135
     18.76670000	      6.56662931	    298.38187528	    259.50040624	    613.33825286	      4.50973376	     25.40065948
     18.80000000	      6.80175983	    277.30302265	    248.12089040	    588.01393961	      4.25863595	      9.76418578
     18.83330000	      6.89816858	    262.51450387	    235.03864699	    540.80537417	      4.11525133	      9.60606008
     18.86670000	      6.81718741	    264.55158329	    237.14113462	    522.39626498	      4.11911248	      9.62590296
     18.90000000	      6.57803592	    270.50958323	    242.71250922	    518.56976926	      4.32733339	      9.84453433
     18.93330000	      6.26813504	    267.47790463	    239.95310116	    515.83440841	      4.67833896	     10.37398382
     18.96670000	      6.15920280	    256.53937978	    229.83928533	    515.53764940	      4.80594162	     10.66638851
     19.00000000	      6.14880784	    249.06234845	    222.75549526	    524.17936137	      4.68681110	     10.58618501
     19.03330000	      6.19256989	    254.75581507	    227.53857532	    549.08450171	      4.44741643	     10.31458589
     19.06670000	      6.21879271	    268.57266430	    239.69336662	    579.51711473	      4.31928358	     10.17403318
     19.10000000	      6.19129324	    276.61964626	    246.71313711	    598.20190000	      4.43303600	     10.34630838
     19.13330000	      6.15323073	    270.66115246	    241.11903011	    602.33384276	      4.59543922	     10.60353258
     19.16670000	      6.19301081	    257.49625980	    229.01833339	    603.93363166	      4.54314041	     10.54801002
     19.20000000	      6.33967400	    251.52283733	    223.43851491	    610.91267431	      4.19658465	     10.07822533
     19.23330000	      6.56724148	    253.71905968	    247.59578439	    595.21631827	      3.95692213	     65.96989957
     19.26670000	      6.69959099	    275.50409387	    252.29148040	    587.04843098	      3.91327696	     86.52627275
     19.30000000	      6.60531455	    259.98979103	    231.54137027	    574.78135931	      3.95388521	      9.63634929
     19.33330000	      6.48972038	    249.88289155	    222.77821747	    544.85355140	      4.01189110	      9.68680220
     19.36670000	      6.41433353	    248.69419830	    221.88829514	    538.43277973	      4.01402610	      9.70560248
     19.40000000	      6.39214604	    262.25880488	    234.16037693	    563.34425661	      3.99775812	      9.68740121
     19.43330000	      6.48018649	    274.36598250	    245.17197797	    588.28427450	      3.94530751	      9.59337218
     19.46670000	      6.71051153	    264.03207468	    236.27532193	    561.21697082	      3.77343151	      9.34046737
     19.50000000	      6.90889749	    238.05524597	    213.64582282	    482.50707591	      3.52837943	      9.00266148
     19.53330000	      7.00526486	    227.10391927	    204.68862720	    419.57940282	      3.37247429	      8.83250753
     19.56670000	      6.73846218	    251.07866044	    227.32733692	    419.19148584	      3.39769777	      9.01548727
     19.60000000	      6.37694513	    316.34517031	    287.46885483	    499.19816893	      3.60337739	      9.21063930
     19.63330000	      6.40828269	    372.92744092	    342.23808622	    574.80415504	      3.73714972	     57.06359952
     19.66670000	      6.99686866	    452.01177632	    443.43704171	    524.41447364	      3.47837268	    469.07702920
     19.70000000	      7.26532418	    324.72936620	    298.13607039	    461.89523299	      3.23396774	      8.43737709
     19.73330000	      6.92834325	    276.44621684	    255.09343442	    334.25277251	      3.40803652	      8.63720940
     19.76670000	      6.23951975	    322.17151483	    298.19042291	    362.84631397	      4.01235427	      9.43595727
     19.80000000	      5.94919031	    386.59524492	    357.84746407	    457.29328354	      5.09875731	     10.88201324
     19.83330000	      5.97017030	    407.44592757	    376.23459423	    541.82528496	      5.38904301	     11.24854902
     19.86670000	      6.28081372	    373.41258650	    344.04066777	    537.47378054	      4.75824216	     10.25477743
     19.90000000	      6.77184589	    328.89955441	    303.05583500	    459.99861844	      3.99649338	      9.33924554
     19.93330000	      6.77893332	    339.31157421	    313.24771231	    432.36873412	      3.91387816	      9.22283466
     19.96670000	      6.54572726	    397.39250936	    367.44372276	    481.04483994	      4.27948426	      9.64595259
     20.00000000	      6.31973659	    437.45211560	    404.43993653	    534.46268610	      5.13103274	     10.64505361
     20.03330000	      6.22036188	    414.36837092	    382.34573854	    533.81787453	      5.54371414	     11.23709547
     20.06670000	      6.23139206	    348.68335962	    320.80407825	    479.82315797	      5.58964341	     11.26909492
     20.10000000	      6.23805714	    304.78452160	    279.63223279	    436.66790936	      5.44717563	     11.06022523
     20.13330000	      6.15764796	    327.45604965	    299.70499248	    470.59973601	      5.40609009	     11.03904124
     20.16670000	      6.02949209	    383.84225624	    350.30990707	    565.70694557	      5.63919184	     11.40744081
     20.20000000	      5.82732536	    393.17889891	    357.27465194	    634.42094263	      5.82329454	     11.84481760
     20.23330000	      5.93700100	    342.22470498	    309.36673602	    623.12637220	      5.67923675	     11.72022474
     20.26670000	      6.18306014	    282.27065654	    254.12028004	    551.39901333	      5.20266733	     10.93380215
     20.30000000	      6.43244323	    250.73223278	    225.33633664	    486.13255709	      4.61328751	     10.10222864
     20.33330000	      6.36702797	    254.65987438	    228.82070853	    478.71153892	      4.24538432	      9.84971668
     20.36670000	      6.19107611	    273.99211201	    246.24974729	    512.82898779	      4.14826276	      9.82022523
     20.40000000	      6.17167190	    282.97159585	    254.38424126	    539.22234767	      3.99403725	      9.68762137
     20.43330000	      6.37845791	    277.70554656	    249.95434781	    529.29005438	      3.66958259	      9.29944095
     20.46670000	      6.56884260	    279.85289887	    252.71503470	    503.62384734	      3.33775393	      8.88818774
     20.50000000	      6.51807147	    324.52819638	    294.45625939	    523.78428166	      3.22040279	      8.76046985
     20.53330000	      6.20844999	    456.19551480	    408.99824179	    550.50622065	      3.44267662	    272.89237437
     20.56670000	      6.01107216	    414.60626546	    378.83790068	    580.44392762	      3.99496001	      9.64619696
     20.60000000	      5.83847254	    342.09819439	    312.61839132	    491.33350273	      4.71690193	     10.52386911
     20.63330000	      5.76561937	    232.27025616	    211.88964312	    360.64826020	      4.81473426	     10.72167843
     20.66670000	      5.76960442	    183.74884603	    167.35018462	    307.95205260	      4.25249002	     10.27477239
     20.70000000	      5.85549921	    255.38904376	    232.49596309	    428.72895234	      3.83859056	      9.66239250
     20.73330000	      6.07179352	    409.11621097	    306.11845604	    587.62516422	      3.56132135	     24.52719001
     20.76670000	      6.31618302	    370.46005888	    339.20747051	    556.25700313	      3.47216236	      9.36687793
     20.80000000	      6.35983215	    306.67250297	    281.34089097	    432.36682943	      3.56358168	      9.04374270
     20.83330000	      6.21512702	    199.80699868	    183.79796516	    276.94761961	      3.72102682	      9.24325508
     20.86670000	      6.06431605	    230.55588086	    212.44564852	    311.77023479	      3.90506305	      9.49618076
     20.90000000	      6.01765046	    319.15060821	    294.31951137	    425.52845176	      4.23684598	      9.95058753
     20.93330000	      6.11184605	    360.91691518	    332.60869692	    497.28381316	      4.83517203	     10.63966954
     20.96670000	      6.35322540	    316.75828567	    291.44583475	    473.55496129	      4.89561839	     10.57449366
     21.00000000	      6.77695435	    243.52373614	    223.86232135	    389.53109829	      4.23246894	      9.67538961
     21.03330000	      7.10073629	    208.01676842	    191.46740989	    315.01794654	      3.82958668	      9.16060294
     21.06670000	      6.97002082	    226.69188134	    209.16337289	    299.34091600	      3.88255191	      9.24299572
     21.10000000	      6.56778848	    250.49200593	    231.45928288	    312.25118445	      4.40193390	      9.85278619
     21.13330000	      6.36184226	    241.46833034	    222.94110327	    320.72265181	      5.16665951	     10.90312376
     21.16670000	      6.39918048	    224.29157958	    206.64197470	    342.49680154	      5.09693027	     10.78614605
     21.20000000	      6.76766485	    226.34109066	    208.29263186	    362.66855852	      4.22604924	      9.65896158
     21.23330000	      7.09379446	    245.95329617	    226.64712752	    357.12572795	      3.83040453	      9.14298352
     21.26670000	      7.03935590	    260.09040345	    240.23199407	    341.09831175	      3.91862658	      9.22695526
     21.30000000	      6.74533652	    234.22536902	    216.66021802	    288.91246422	      4.30033146	      9.70098151
     21.33330000	      6.31539859	    196.33875357	    181.55575217	    237.89339833	      5.14473463	     10.86943564
     21.36670000	      5.95676525	    207.67605380	    191.46671770	    241.40905902	      5.81218769	     12.01473892
     21.40000000	      5.77280791	    370.90916553	    339.90853026	    579.43533346	      6.19359975	     12.65455782
     21.43330000	      6.96063974	    371.39810383	    344.80127525	    690.17371067	      5.51123772	     76.59069827
     21.46670000	      8.38158306	    522.32312896	    400.65517179	    496.69740439	      4.09587785	    661.37844259
     21.50000000	      8.04204459	    265.54771609	    242.21671361	    359.46143680	      5.06377823	      9.73069476
     21.53330000	      7.26397048	    199.40674085	    181.75047002	    279.37919353	      5.85103722	     11.28140960
     21.56670000	      6.35267763	    196.73855262	    178.54525057	    316.63823837	      5.99685148	     11.92950352
     21.60000000	      6.08098559	    213.60258313	    192.77454619	    398.48321713	      5.80045262	     11.85721359
     21.63330000	      6.13445608	    239.70448010	    215.32845932	    479.04996833	      5.39246088	     11.28420580
     21.66670000	      6.27356148	    278.13044836	    249.14259080	    561.92124609	      4.98592566	     10.73177595
     21.70000000	      6.19658055	    305.43356299	    273.15495446	    613.31215437	      4.85459906	     10.61134893
     21.73330000	      6.01645972	    320.99785761	    286.55874563	    656.77904774	      4.98253630	     10.98903415
     21.76670000	      5.89091149	    326.33497445	    289.42389022	    705.57972620	      5.08385425	     18.56139648
     21.80000000	      5.90858112	    311.08241160	    245.83470946	    699.16697948	      5.00798692	     11.38003091
     21.83330000	      5.99815383	    303.64506716	    225.29236251	    676.06631741	      4.77543588	     54.70110343
     21.86670000	      6.09026979	    251.37858952	    224.24772805	    654.78935077	      4.56232942	     10.81125291
     21.90000000	      6.15744760	    327.63345027	    310.02396996	    639.33149877	      4.37607171	    331.21062651
     21.93330000	      6.34530040	    233.72955971	    212.26398269	    607.91428917	      4.05263540	     59.68665846
     21.96670000	      6.83936703	    215.61337017	    191.62960881	    578.40958588	      3.73062696	     35.55979293
     22.00000000	      7.12941328	    250.46040025	    186.76945079	    556.15598061	      3.60492999	     20.23646882
     22.03330000	      6.78758418	    235.20369400	    207.92738730	    511.97956575	      3.76807941	      9.39741872
     22.06670000	      5.75576131	     50.04172488	     44.29499936	     19.48534729	      4.43103196	     10.93972407
     22.10000000	      5.13500433	    128.85888348	    113.64415129	    277.09507253	      4.80997740	     12.26482186
     22.13330000	      5.25191634	    336.86342806	    312.34677227	    745.92566054	      4.53375712	    389.82202503
     22.16670000	      6.10287941	    273.13805102	    167.72738838	    641.24294354	      3.78055774	    188.05855341
     22.20000000	      7.52757082	     15.74010995	    299.74119405	    548.88219384	      3.41205324	     10.00438118
     22.23330000	      7.96159394	    410.49781235	    444.41961337	    509.99437526	      3.32790885	    807.62427675
     22.26670000	      7.73231561	    243.51967322	    209.38277296	    519.21810111	      3.64595817	     27.45687818
     22.30000000	      7.28573498	    281.65835917	    234.75428933	    560.31970395	      4.44037541	     13.38337003
     22.33330000	      6.84528955	    289.76319150	    259.02246481	    598.22490916	      4.85070273	     41.02054292
     22.36670000	      6.42367298	    183.82685057	    162.93555578	    389.40129661	      4.75156483	     10.46487018
     22.40000000	      5.97457376	     72.31985436	     64.02061246	    140.00691215	      4.32644778	     10.33490870
     22.43330000	      5.83033091	     66.30953935	     58.65349215	    144.93995124	      3.61603189	      9.75868434
     22.46670000	      5.90009660	    162.76757215	    144.13745449	    388.11372734	      3.07289097	      9.07264685
     22.50000000	      6.27059937	    309.63743214	    287.91658591	    531.23876288	      2.66845231	    249.14161698
     22.53330000	      6.52112978	    323.30174107	    381.69978960	    505.06166198	      2.68005242	    254.58097390
     22.56670000	      6.13984718	    393.47410761	    354.41197033	    566.37901836	      3.46901266	     26.35709345
     22.60000000	      5.63832078	    393.52994546	    465.43062441	    722.62187516	      5.02745024	     24.95231850
     22.63330000	      5.47651769	    259.82531234	    233.84744278	    482.19798768	      5.12247316	     11.42117770
     22.66670000	      5.69438726	    359.17466968	    286.27565351	    682.06810462	      4.26994490	     10.43132107
     22.70000000	      6.02805594	    546.83258908	    529.62161277	    605.08158570	      3.86878614	    887.86429496
     22.73330000	      6.20737083	    350.95004777	    302.68248800	    609.86397867	      4.14833512	     11.12143785
     22.76670000	      5.82307872	    203.20220129	    182.34543932	    349.87115228	      4.88672274	     10.88410298
     22.80000000	     36.90858137	     10.46395289	      9.53256430	      7.50998908	     11.07251419	     11.76849017
     22.83330000	      5.31710133	    134.20487657	    119.66745138	    305.71502405	      4.04224280	     11.02324310
     22.86670000	      5.69529671	    294.25159217	    261.98737731	    667.30466555	      3.64554288	     11.67771923
     22.90000000	      6.65826626	    320.58557522	    288.11944267	    575.81341595	      3.69875309	    138.82810657
     22.93330000	      7.33382440	    287.23358777	    257.49078327	    556.44609697	      4.14545573	     49.98677445
     22.96670000	      6.98515327	    162.40486365	    145.23980717	    294.96122808	      4.82555908	     10.01304076
     23.00000000	     16.25455248	     19.67706024	     17.15444686	      6.74806395	      4.98637076	     10.89270404
     23.03330000	      5.69110374	    164.73976333	    146.82769984	    339.02394228	      4.79441345	     11.22334285
     23.06670000	      5.67428689	    313.34395022	    273.57186661	    720.30503298	      4.73209971	     13.54430425
     23.10000000	      5.85857371	    297.63438406	    254.30754841	    698.52825829	      4.70681583	     47.29919935
     23.13330000	      6.15924020	    455.40820993	    446.10664844	    650.21209208	      4.42292903	    806.28572255
     23.16670000	      6.82307510	    207.03604754	    182.60886316	    579.71213493	      3.76649219	     12.65109635
     23.20000000	      7.60096051	    265.55851830	    317.05666502	    510.82637748	      3.18966488	    382.95116139
     23.23330000	      7.69311061	    334.76057745	    146.26613364	    477.54633652	      3.01127994	     48.78802411
     23.26670000	      6.78441133	    280.95899203	    252.36469835	    438.21438298	      3.73772819	      9.25488218
     23.30000000	      5.73272712	    275.97051389	    248.07060206	    471.77987912	      5.09199681	     11.24469248
     23.33330000	      5.61194373	    290.14923806	    259.82183880	    593.30028655	      5.16910482	     11.59923193
     23.36670000	      5.80234195	    314.62090789	    280.65094628	    700.09371844	      4.73622747	     11.00853845
     23.40000000	      6.07787979	    309.01534162	    276.73433116	    642.96555027	      4.20864520	     99.17772876
     23.43330000	      6.47965596	    264.35428592	    239.79473700	    594.25539184	      3.92184356	     13.30130708
     23.46670000	      6.87246098	    354.03943645	    343.16479804	    563.33062883	      3.71038833	    386.10960420
     23.50000000	      7.03480304	    360.78824784	    338.58539735	    539.00638440	      3.50467134	    377.48363318
     23.53330000	      6.95291667	    257.17657127	    231.02098007	    482.89101547	      3.37229983	      8.80966377
     23.56670000	      6.76633223	    264.16254036	    238.44315106	    464.20147794	      3.27721493	      8.76258386
     23.60000000	      6.68718340	    583.96809417	      6.91093394	    508.69189669	      3.13293095	      8.96546804
     23.63330000	      6.64673453	    380.41839499	    346.91749395	    499.59221641	      3.12718756	    115.27066129
     23.66670000	      6.50589715	    418.39248961	    383.39336354	    531.62604548	      3.54480968	     11.56867999
     23.70000000	      6.39318973	    467.32914332	    438.27881967	    589.80440536	      4.28707850	     50.35968750
     23.73330000	      6.27549342	    457.02288349	    420.22033567	    599.01973378	      4.97150996	     10.20000290
     23.76670000	      5.78774931	    355.84332629	    326.80421662	    432.21825588	      5.58056908	     11.23429837
     23.80000000	      5.18313132	    340.10090781	    310.89641482	    434.69323256	      6.24470218	     12.66664336
     23.83330000	      4.91986861	    350.04576024	    316.77189264	    611.34718711	      6.27297388	     13.28057778
     23.86670000	      5.20999975	    259.39006303	    232.11003497	    586.16371219	      5.80328751	     12.81369589
     23.90000000	      5.60535243	    147.81149240	    131.25239828	    386.65394004	      5.00517555	     11.68843062
     23.93330000	      5.93051401	    146.61122675	    129.74746056	    402.73859124	      3.81145637	      9.95150337
     23.96670000	      6.65015718	    303.48230557	    284.55058252	    551.88999369	      3.10093097	    365.85721917
     24.00000000	      7.79502107	    239.06422371	    180.63713069	    446.63617738	      2.59038320	     37.80680347
     24.03330000	      7.69933505	    374.45825841	    493.43035198	    442.76371216	      2.92255257	    487.67884163
     24.06670000	      6.52326420	    370.29869456	    336.33485159	    492.97708255	      4.81639723	     10.01946996
     24.10000000	      5.66189487	    357.66393568	    324.08736785	    566.31047848	      5.78557268	     11.90492798
     24.13330000	      5.57362159	    405.43846239	    365.24417508	    744.39766488	      5.78168235	     12.19615549
     24.16670000	      5.69891433	    351.22212030	    314.38335332	    724.74690473	      5.54885798	     11.98809282
     24.20000000	      5.84087973	    233.68247584	    208.09052769	    522.67633506	      5.14306678	     11.45556530
     24.23330000	      5.91383867	    194.59300646	    172.71238053	    451.74585434	      4.57564310	     10.77586249
     24.26670000	      5.95659198	    267.94357484	    237.44555174	    633.40893856	      3.99199741	     10.19180486
     24.30000000	      5.99786946	    447.08400571	    438.76477868	    632.35968077	      3.89070813	    664.81229926
     24.33330000	      6.01874519	    283.03000325	    255.31385687	    638.62982600	      3.99606716	     48.01117821
     24.36670000	      6.01414365	    279.66665107	    246.19739591	    652.04862038	      4.28283540	     11.22133364
     24.40000000	      6.04360785	    301.16688342	    249.12724701	    656.37993169	      4.45404888	     95.47132532
     24.43330000	      6.17429170	    264.62733450	    223.72910958	    643.31697289	      4.54886043	     11.31907590
     24.46670000	      6.48460348	    251.30951154	    207.16099095	    616.76506574	      4.57820892	     14.44828208
     24.50000000	      6.61081139	    371.15707726	    368.23573808	    605.47206736	      4.49165927	    534.31047502
     24.53330000	      6.24305209	    101.00490168	     88.86174885	    231.55947684	      4.27425425	     10.24981870
     24.56670000	      5.84201719	     77.45508327	     68.06415586	    160.08417812	      4.03638911	     10.66698076
     24.60000000	      5.65440041	    247.52395689	    219.24996732	    689.48485353	      3.90724831	     31.28861410
     24.63330000	      5.97961611	    294.34653608	    270.33094281	    651.86881570	      3.84289573	    261.51183348
     24.66670000	      6.77978947	    279.50732769	    247.56060700	    588.59281771	      3.81784326	    256.30545773
     24.70000000	      7.07156937	    214.34925074	    187.46270662	    573.61523529	      3.78134998	     60.61836659
     24.73330000	      6.73598891	     71.95193007	     63.12240390	    176.49564973	      3.59381149	      9.30111254
     24.76670000	      6.54005606	    203.07606039	    178.59694250	    557.04159733	      3.29727994	      9.01033683
     24.80000000	      6.86029592	    357.04612264	    346.23353776	    548.89785745	      3.13950982	    487.71435832
     24.83330000	      7.05391068	    274.50393035	    245.26011976	    539.23980755	      3.32525425	     43.08442781
     24.86670000	      6.68341118	    312.85953280	    278.17884025	    579.18992364	      3.88539135	     65.50560328
     24.90000000	      6.05396126	    309.28253336	    275.86462062	    625.05244813	      4.63331834	     10.55090375
     24.93330000	      5.98016430	    267.12177057	    300.52478945	    663.59320857	      4.59848497	     12.95689895
     24.96670000	      6.27466483	    256.94554985	    228.50283336	    594.29884603	      3.89947951	      9.67438459
     25.00000000	      6.53168465	    177.70015033	    158.29966721	    391.47793585	      3.41349138	      9.07010024
     25.03330000	      6.30010071	    287.67686479	    257.27780257	    552.82193545	      3.27063206	      8.96929727
     25.06670000	      5.85958132	    388.13605167	    352.02048074	    644.20319631	      3.98980122	     38.78419649
     25.10000000	      5.75728085	    407.70696121	    382.77048909	    749.95701304	      5.48339406	     59.66734026
     25.13330000	      6.03324291	    287.03656298	    302.62614764	    716.34782268	      5.45976244	     21.31084179
     25.16670000	     11.47380083	      5.06557292	      4.77977296	      6.89099281	     18.09403906	     17.32673683
     25.20000000	      6.16813597	     20.10978469	     18.08384468	     48.44266844	      3.52129699	      9.68486836
     25.23330000	      6.09309356	    434.91019702	    394.94042870	    583.38757466	      3.31654691	    572.29766019
     25.26670000	      6.14662069	    391.02070666	    356.22123526	    598.70567209	      3.72949243	    302.01088168
     25.30000000	      6.28823652	    307.86453681	    280.25625651	    614.19702640	      4.30085071	     51.52375625
     25.33330000	      6.20036781	    236.09286856	    210.69002751	    491.62307835	      4.35267754	     10.09233659
     25.36670000	      6.07721073	    284.47385521	    253.75737965	    599.38859383	      4.21583188	     10.11242007
     25.40000000	      6.11209271	    303.44977048	    275.95552582	    632.16951853	      4.23526565	     51.02837943
     25.43330000	      6.34890974	    287.79273822	    254.35187850	    609.44656247	      4.21703203	      9.87489833
     25.46670000	      6.44409837	    293.84904814	    256.06846274	    605.02005225	      4.23927093	     16.59670024
     25.50000000	      6.22921806	    501.94055800	    469.52644158	    628.01394979	      4.48848441	    743.72194305
     25.53330000	      6.07458615	    266.95687131	    237.71685128	    577.17249790	      4.60176282	     10.53487914
     25.56670000	      6.02612821	     79.40656982	     70.63568919	    180.14303797	      4.05407468	     10.12574358
     25.60000000	     50.96488120	      6.08285426	      5.75242111	      6.12565069	     30.01033219	     21.73226959
     25.63330000	      5.73496622	     75.37854417	     67.24111591	    160.19897778	      2.98974649	      8.96281071
     25.66670000	      5.65138488	    340.41566402	    287.94878429	    613.82566126	      3.19648643	     10.01102210
     25.70000000	      6.17952347	    386.96190718	    293.12952123	    623.82178294	      4.03918071	     68.10934587
     25.73330000	      7.18688394	    391.04085972	    383.75360729	    609.35104072	      5.27628577	    325.61795745
     25.76670000	      7.13519964	    203.70884123	    182.38748864	    408.94087524	      5.55688923	     11.17041288
     25.80000000	      6.69349212	     42.26119699	     37.72837720	     88.50798021	      5.27301108	     11.05138813
     25.83330000	      6.42183852	    120.35647699	    107.20369429	    269.95075374	      4.67047749	     10.35547248
     25.86670000	      6.39910679	    212.86129689	    189.47178881	    475.12949020	      4.03545303	      9.75902593
     25.90000000	      6.28181743	    210.97900351	    187.93309433	    446.93265582	      3.85379199	      9.62526152
     25.93330000	      5.96787778	    185.89314036	    165.76362303	    365.25747485	      3.93315694	      9.87228972
     25.96670000	      5.63511736	    239.56046423	    213.50414565	    490.69962930	      4.35978744	     10.97675593
     26.00000000	      5.55926586	    321.91339871	    287.31594938	    738.86458625	      4.73625699	     28.88089535
     26.03330000	      5.90684391	    284.36692539	    248.13542933	    697.30886662	      4.64731748	     50.21922440
     26.06670000	      6.52544801	    270.96360312	    246.40149344	    607.07331182	      4.25737241	    166.52597825
     26.10000000	      7.14712359	    227.29441571	    201.00547282	    573.81360965	      4.02198154	     13.06668695
     26.13330000	      7.14478805	    247.21455006	    218.22767614	    577.33121177	      4.27486601	     11.88018644
     26.16670000	      6.76575050	    271.85128479	    245.10713525	    612.78929794	      4.88944719	     44.44405009
     26.20000000	      6.28445101	    270.64054393	    232.75364488	    669.96350256	      5.19387615	     12.29758779
     26.23330000	      6.22822515	    158.09116690	    139.07115854	    453.60273968	      4.97604611	     11.33405249
     26.26670000	      6.44725108	     87.47630029	     76.74062248	    274.85583336	      4.10058396	      9.94866597
     26.30000000	      6.55930270	    158.26072042	    138.89492818	    445.62517649	      3.50041292	      9.24918365
     26.33330000	      6.38149332	    432.41770028	    427.34032866	    588.20177273	      3.47203766	    748.21997961
     26.36670000	      6.37700691	    505.11578543	    478.34535760	    594.35605434	      3.66721861	    935.23105180
     26.40000000	      6.68934900	    240.23936453	    235.45174366	    583.48769200	      3.75520934	     60.25885531
     26.43330000	      6.95427990	    256.70942807	    235.59647628	    565.31560623	      3.67137474	     79.85254805
     26.46670000	      6.89979403	    267.88151990	    237.97449819	    561.29563784	      3.60752805	     68.40761760
     26.50000000	      6.52298564	    286.96843513	    254.49744623	    582.93964229	      3.74684054	     33.21558672
     26.53330000	      6.13952266	    313.67943134	    281.40013047	    613.04550046	      4.02214778	     66.91205513
     26.56670000	      6.12256975	    328.17654505	    277.84554339	    627.07028508	      4.22281307	     93.61911179
     26.60000000	      6.17322065	    293.72365869	    263.20526397	    614.47905407	      4.10499472	     41.77788710
     26.63330000	      6.04574007	    208.11296186	    185.44063341	    431.74127658	      4.03862120	     10.03417820
     26.66670000	      5.86479741	    256.75606512	    228.70149270	    550.93784359	      4.05571874	     10.27805409
     26.70000000	      5.99420232	    287.68186803	    254.80960106	    642.48514251	      3.98120092	     10.39040921
     26.73330000	      7.04721849	    262.51641362	    237.40479978	    552.45398990	      3.64340300	     91.31209413
     26.76670000	      8.03389550	    240.13744257	    209.08839136	    445.60065126	      3.07944998	     69.42429104
     26.80000000	      7.91145129	    222.40845275	    201.28202526	    334.97724743	      2.93950690	      8.01226815
     26.83330000	     60.63571473	     46.78658083	     42.65726540	      5.17218875	      3.69741130	      9.04026299
     26.86670000	      5.52709710	    260.05167568	    237.47681239	    329.92963492	      4.85464634	     10.57557527
     26.90000000	      5.36755216	    496.70612813	    458.53474598	    753.74148577	      5.20625714	     11.15131892
     26.93330000	      5.53248243	    424.88734264	    385.99750303	    683.15744552	      4.93194197	     10.80261583
     26.96670000	      5.62565426	    259.00084552	    234.91606253	    419.58405576	      4.28244748	     10.20119125
     27.00000000	      5.45820577	    228.59825159	    207.22902438	    345.56394788	      4.17134907	     10.33770573
     27.03330000	      5.14417202	    330.73240420	    299.31122443	    513.78911639	      4.94507744	     11.41184742
     27.06670000	      4.97208142	    419.48657527	    380.57500309	    759.93766517	      5.51141044	     12.34251394
     27.10000000	      5.17367285	    392.51577342	    312.63102675	    806.14263227	      5.44475134	     36.60724894
     27.13330000	      5.73677675	    324.11043932	    292.87241292	    720.65038858	      4.81743447	    161.97112528
     27.16670000	      6.25548769	    276.82288140	    255.18500070	    615.95591861	      3.96340403	    148.47297638
     27.20000000	      6.32669683	    202.39777065	    300.08347010	    606.55634247	      3.93902736	     30.44155389
     27.23330000	      6.15959276	    294.44967888	    260.55155864	    652.54964144	      4.37998552	     58.94721489
     27.26670000	      6.17247905	    278.00722684	    246.18785682	    662.55829562	      4.63093572	     56.35046311
     27.30000000	      6.32747374	    225.08816715	    198.91284407	    604.18588527	      4.36645007	     10.31657731
     27.33330000	      6.56111480	    174.55665069	    154.17553954	    474.42955207	      3.85227575	      9.68124537
     27.36670000	      6.73556150	    199.20037706	    176.24253043	    508.85044205	      3.54046071	      9.15472264
     27.40000000	      6.73608720	    175.86400698	    292.18551516	    566.56851734	      3.49157623	     20.24705815
     27.43330000	      6.67222322	    247.92495031	    263.17622147	    576.11470455	      3.69292257	     12.11872459
     27.46670000	      6.74790242	    279.64828768	    251.33938969	    578.77170294	      3.85343398	     50.81174603
     27.50000000	      6.94392187	    339.65448504	    325.53438040	    563.34624594	      3.78108924	    298.89622299
     27.53330000	      7.35533956	    464.62282297	    222.12644770	    549.99881748	      3.69071775	    294.07277425
     27.56670000	      6.88557631	    329.25460233	    300.53464433	    562.22643321	      3.86741586	     81.97627245
     27.60000000	      6.51570533	    329.84753858	    297.30027647	    572.97916546	      4.30042144	      9.80562199
     27.63330000	      6.10875629	    288.49558824	    259.94271883	    507.64474715	      4.96084972	     10.70405310
     27.66670000	      5.92694323	    257.00780792	    231.03973023	    479.72314534	      5.16313539	     11.18606397
     27.70000000	      5.88454095	    274.01680138	    245.53319283	    557.51245666	      5.09604218	     11.24911090
     27.73330000	      6.04860719	    322.69450081	    304.07269887	    681.43794451	      4.79310399	     84.56502805
     27.76670000	      6.52016649	    388.86979549	    373.24244527	    603.71528739	      4.19343736	    479.59054993
     27.80000000	      7.04924810	    378.65408672	    372.67943656	    561.67579167	      3.86886715	    484.80546037
     27.83330000	      7.08495987	    356.39882391	    328.23561869	    554.68326725	      3.85372411	    276.63435523
     27.86670000	      6.71470644	    311.48532239	    279.42999386	    574.44708675	      4.16164168	      9.66055001
     27.90000000	      6.24299395	    328.40284712	    385.84011637	    646.17592802	      4.82084212	    118.75503509
     27.93330000	      6.09800204	    348.93121373	    307.98092397	    678.39749331	      5.08181933	     11.55463180
     27.96670000	      6.21770651	    324.27851525	    290.92277533	    666.48710368	      5.08047497	     11.56468160
     28.00000000	      6.37918536	    337.57885072	    260.98216177	    644.15214667	      4.96839422	     62.06832434
     28.03330000	      6.35340422	    294.28733020	    261.15988945	    635.20736010	      4.81934882	     12.27905532
     28.06670000	      6.18204551	    276.70665360	    245.96538241	    606.59001153	      4.66071204	     10.50230956
     28.10000000	      6.06837721	    286.32978279	    254.22251867	    641.11721298	      4.48741338	     10.41250390
     28.13330000	      6.08933436	    285.71226058	    258.81690371	    627.63868079	      4.27157462	     50.23787407
     28.16670000	      6.22378996	    276.15439912	    247.09250589	    608.49023303	      3.98956117	     42.03086856
     28.20000000	      6.23332009	    288.29506682	    258.57912841	    603.43107831	      3.87628015	     73.72187599
     28.23330000	      6.02838565	    290.79867517	    259.12496752	    617.90985687	      3.91898010	     33.83537842
     28.26670000	     74.31441488	    361.79662002	     98.08679193	    569.30987129	      5.22698971	     10.56224964
     28.30000000	      5.72780137	    297.02106846	    261.44660636	    689.07783290	      4.38054918	     14.68378287
     28.33330000	      5.76128751	    279.24159040	    250.88657976	    681.64209063	      4.20179658	     43.32272272
     28.36670000	      5.88662225	    249.37059638	    226.49979512	    654.91896889	      3.85428790	     10.42168060
     28.40000000	      6.00638022	    244.67909008	    227.83518648	    632.93139401	      3.73683475	     14.04134381
     28.43330000	      6.07826231	    358.21719589	    321.58741528	    627.80989091	      3.78929663	    361.07511589
     28.46670000	      6.10681937	    247.86955358	    225.91164160	    631.64274392	      3.87982660	     25.47033580
     28.50000000	      6.10278229	    235.54081467	    207.69736096	    619.97657467	      3.87020302	      9.94387193
     28.53330000	      6.08553382	    214.56636967	    189.17549800	    569.59226889	      3.77778686	      9.82579209
     28.56670000	      6.10241035	    484.72457873	    477.75791100	    627.68523150	      3.70640857	    918.27754960
     28.60000000	      6.19408157	    237.84756128	    210.71952546	    616.57851719	      3.72348016	      9.97524753
     28.63330000	      6.31366090	    240.55856976	    212.10358440	    606.93451786	      3.82605411	     12.46157433
     28.66670000	      6.36466104	    256.94004204	    196.58539822	    608.43660025	      3.95443148	     10.59031533
     28.70000000	      6.33307258	    225.78190458	    199.59559664	    576.28113455	      4.02934833	      9.90255163
     28.73330000	      6.29293096	    208.96127381	    184.70348997	    540.07406403	      4.01307176	      9.93617638
     28.76670000	      6.30038100	    225.93930326	    199.68851242	    589.79176965	      3.96061450	      9.83999820
     28.80000000	      6.32626377	    299.29339966	    254.25389937	    621.54343807	      3.97462785	    188.71845288
     28.83330000	      6.32054470	    238.81573392	    220.31441145	    630.57727878	      4.07469706	     10.05085907
     28.86670000	      6.32839724	    441.39531086	     10.79891980	    636.35819807	      4.19957361	     10.75691820
     28.90000000	      6.44960372	    324.20491465	    299.62460721	    619.46639189	      4.16630522	    355.45601228
     28.93330000	      6.84605616	    210.55418647	    221.98574209	    592.65932589	      4.10039016	     34.36341845
     28.96670000	      7.20697402	    225.32829731	    199.01059836	    578.20425564	      4.22227129	     11.48860114
     29.00000000	      7.25186699	    237.71982430	    202.86944164	    578.64977730	      4.42607778	     30.87205572
     29.03330000	      7.02743039	    176.29321125	    155.90969082	    435.57714393	      4.48166231	      9.86627259
     29.06670000	      6.68358256	    157.60789470	    139.38487635	    386.96355902	      4.37900845	     10.09130063
     29.10000000	      6.41041322	    191.28180477	    169.11156242	    482.82366226	      4.20313809	     10.03412028
     29.13330000	      6.38311405	    230.15639558	    203.43139336	    595.67888725	      4.01573779	      9.89430213
     29.16670000	      6.53183992	    213.66023988	    221.22057869	    594.29934506	      3.84967444	     12.22301975
     29.20000000	      6.65989973	    226.56100133	    200.59980619	    562.52421405	      3.69114796	      9.33260462
     29.23330000	      6.58346450	    229.72363322	    203.88166026	    532.83337700	      3.63953504	      9.37158506
     29.26670000	      6.31733639	    242.94807120	    216.09969358	    532.92861644	      3.75147206	      9.51100464
     29.30000000	      6.13442799	    243.09130026	    216.51287889	    525.41474333	      3.96340146	      9.86932996
     29.33330000	      6.01669563	    231.61488380	    206.26257804	    514.67558279	      4.11816638	     10.30010723
     29.36670000	      6.01032653	    238.03494703	    211.77420390	    553.77120850	      4.13105517	     10.37786381
     29.40000000	      6.11374031	    272.37722892	    242.09677810	    653.02229620	      4.09230835	     10.22050240
     29.43330000	      6.26993638	    272.58612467	    236.55679019	    640.39058083	      4.11524567	     18.96986702
     29.46670000	      6.42337988	    277.04727712	    253.35784208	    625.92471056	      4.22868628	     83.52840756
     29.50000000	      6.58058730	    245.72584393	    222.21586786	    608.81184342	      4.29364939	     14.02210425
     29.53330000	      6.84687362	    266.04931976	    185.45688380	    593.60493628	      4.15668743	      9.74446226
     29.56670000	      7.09951736	    272.99738075	    197.27214685	    576.91135109	      4.04397305	     46.10835093
     29.60000000	      7.23139030	    259.46886228	    215.31586082	    567.37216178	      4.01016380	     30.54910718
     29.63330000	      7.17515234	    248.95276750	    221.81546349	    548.51902905	      4.07391622	      9.49953900
     29.66670000	      6.98419769	    223.68861943	    199.58663591	    477.23455199	      4.14735914	      9.63279781
     29.70000000	      6.75524002	    216.59240169	    193.43197131	    455.20325358	      4.17189691	      9.75635961
     29.73330000	      6.53966898	    226.43072372	    202.32964796	    472.67444330	      4.17332570	      9.80956095
     29.76670000	      6.35046303	    236.75505853	    211.61611715	    492.76857552	      4.17889009	      9.87010082
     29.80000000	      6.26919151	    250.32710683	    223.74603632	    524.97632165	      4.18784971	      9.96336926
     29.83330000	      6.25787498	    267.84948472	    239.36189610	    567.80889537	      4.17200585	      9.95855427
     29.86670000	      6.30945432	    260.19788937	    232.49228038	    562.36199636	      4.09430732	      9.81461829
     29.90000000	      6.39604029	    188.90478217	    168.86175589	    403.16579986	      3.88468737	      9.61612171
     29.93330000	      6.32138771	    105.77879970	     94.72036360	    237.00136484	      3.59741790	      9.27849901
     29.96670000	      6.30671826	     64.26820874	     57.74031330	    118.02354508	      3.26770889	      8.97553066
     30.00000000	      5.96408223	    213.65545604	    192.72339956	    393.72184870	      3.35905796	      9.26168953
     30.03330000	      5.67394934	    303.45418591	    274.31880085	    408.05449491	      4.05293427	     10.30235896
     30.06670000	      4.69801719	    325.80486455	    304.18954212	    590.20049440	      6.34615768	     13.82787142
     30.10000000	      5.90456256	    164.98859010	    154.34247356	    754.49965889	      5.42768295	     39.96823112
     30.13330000	      9.17192871	    233.22884173	    228.03923089	    413.57465167	      2.62958900	    434.09248873
     30.16670000	      8.84550359	    164.19662932	    147.88712078	    261.96157697	      2.56775526	      7.27235515
     30.20000000	      8.27305464	    194.72207079	    177.41294871	    291.60431368	      2.83870425	      7.91433190
     30.23330000	      7.45976352	    171.42763583	    157.27005698	    200.84539155	      3.46344656	      8.70169279
     30.26670000	      6.81234467	    213.12927000	    196.13477271	    294.16761398	      3.95456049	      9.34831155
     30.30000000	      6.77221361	    279.43993891	    257.53944588	    397.16248985	      3.96639216	      9.34614834
     30.33330000	      6.90609056	    291.96010799	    269.56789542	    386.47962232	      3.93143624	      9.25650538
     30.36670000	      6.48481887	    230.45533647	    213.08194246	    267.12821501	      4.57650552	     10.02213877
     30.40000000	      5.96139654	    173.84000672	    160.47718702	    185.66332352	      5.69024335	     11.79074265
     30.43330000	      5.53636565	    215.86662548	    198.14886828	    290.96402344	      6.21547313	     12.77630150
     30.46670000	      5.70747834	    416.31722388	    397.08851058	    765.21682268	      6.12801274	     12.62616011
     30.50000000	      6.81535004	    404.59981635	    380.97854583	    679.88498140	      5.29926655	    269.87107807
     30.53330000	      7.71913410	    364.84143985	    262.79402486	    575.10800098	      4.78593148	     61.10096822
     30.56670000	      7.47081928	    214.89683671	    193.96767935	    383.32486136	      5.19280203	     10.43750211
     30.60000000	      7.27583203	    153.18742852	    138.10333860	    306.49480698	      4.99141876	     10.24027200
     30.63330000	      7.35194447	    191.11709911	    172.24163737	    382.90671528	      4.15005808	      9.50765127
     30.66670000	      7.43539075	    302.85484643	    274.69548559	    536.66773296	      3.85362991	      9.15085258
     30.70000000	      7.16590600	    401.47886259	    296.54548349	    572.42755864	      4.24561961	     22.00954629
     30.73330000	      6.45504345	    353.94403157	    320.69321123	    561.74733960	      5.38380618	     10.97203401
     30.76670000	      6.04138246	    259.40071201	    234.25688095	    453.74557524	      5.66102993	     11.63972605
     30.80000000	      5.98800899	    210.71025182	    189.43299368	    416.12538683	      5.42959235	     11.48286915
     30.83330000	      6.09037570	    246.65366037	    220.99542062	    512.98150242	      4.92902537	     10.80751916
     30.86670000	      6.22202283	    303.08864292	    272.62106264	    631.39219763	      4.49027744	     10.90670478
     30.90000000	      6.33395628	    303.37564537	    281.55363165	    615.04251345	      4.37978755	     43.01813643
     30.93330000	      6.30239354	    297.98652003	    273.75264840	    619.62251662	      4.41920369	     10.49531100
     30.96670000	      6.18510783	    284.54299484	    254.22362262	    585.96955433	      4.43974221	     10.18915857
     31.00000000	      6.11068523	    296.03785877	    264.30357438	    617.41052011	      4.48287719	     10.34477380
     31.03330000	      6.08736377	    333.56454480	    330.11246132	    653.96653580	      4.51972647	    168.03753412
     31.06670000	      6.14515909	    298.41009053	    265.15032689	    640.00077598	      4.38998963	     39.26825529
     31.10000000	      6.28511920	    327.35823953	    296.56851748	    609.68729919	      4.07313060	    209.87819113
     31.13330000	      6.44350687	    284.80827223	    253.51995299	    595.40803686	      3.92564916	     48.15271961
     31.16670000	      6.46184309	    290.93762223	    261.05397818	    594.20062438	      3.93735815	     36.45797851
     31.20000000	      6.37652837	    337.45087212	    308.69993876	    603.65436271	      4.06857052	    174.25364160
     31.23330000	      6.29850280	    423.84397757	    432.36848582	    611.32070747	      4.24919049	    558.45692451
     31.26670000	      6.29768996	    216.48282690	    334.47846866	    609.45944931	      4.12243932	      9.86063517
     31.30000000	      6.30974792	    289.29644981	    265.47138533	    605.25281053	      4.05015561	     13.69265201
     31.33330000	      6.21654469	    304.08055847	    270.04223490	    611.79482081	      4.10234710	      9.89474286
     31.36670000	      6.09552121	    303.45159908	    298.01252285	    640.79313755	      4.40963337	     12.23184638
     31.40000000	      6.05486332	    314.91816727	    281.33633317	    657.97968247	      4.58456757	     13.20169925
     31.43330000	      6.09789042	    296.16125798	    265.60726139	    645.43940372	      4.45500063	     10.37440549
     31.46670000	      6.17014688	    274.57825180	    261.24447665	    621.05863187	      4.17722406	      9.99172126
     31.50000000	      6.18369986	    164.94864800	    447.35951177	    613.37145630	      4.06582848	    147.29814150
     31.53330000	      6.15470126	    289.81553303	    257.45928668	    620.19723048	      4.59092351	     11.87734495
     31.56670000	      6.13581322	    264.60535264	    280.92691628	    624.90186469	      4.10133032	     19.46109856
     31.60000000	      6.17373431	    286.32072547	    266.92846801	    613.61927531	      4.03264661	     56.86433919
     31.63330000	      6.20370735	    308.74254101	    283.44178603	    608.59594980	      3.98131885	     90.35589981
     31.66670000	      9.04697525	    500.07800316	    460.83657008	    597.83860215	      3.99497696	    803.33130620
     31.70000000	      6.14483411	    274.28147295	    244.48390340	    589.95245277	      3.97729863	      9.79522733
     31.73330000	      6.14151825	    271.18525781	    241.80573744	    585.89807702	      3.88725412	      9.69931477
     31.76670000	      8.30006285	    231.04485889	    298.28238557	    594.39041665	      5.54241802	      9.53211157
     31.80000000	      6.32209296	    334.50158235	    235.57357020	    585.88476920	      3.67995667	     64.57617224
     31.83330000	      6.38563223	    294.18183645	    261.36588870	    580.46907464	      3.67103193	      9.32790267
     31.86670000	      6.24737912	    269.45496276	    241.94827097	    509.31191014	      3.72520689	      9.42934737
     31.90000000	      6.09400384	    257.68483337	    231.79360300	    474.29416627	      3.80847859	      9.57319378
     31.93330000	      6.02012241	    285.84948879	    257.43651758	    527.60273156	      3.86361123	      9.65275859
     31.96670000	      6.08300771	    326.27298742	    294.12996739	    605.00966691	      3.82807283	      9.56842847
     32.00000000	      6.35458631	    300.32518926	    542.73642402	    586.68224237	      3.74519380	    430.34555135
     32.03330000	      6.54296451	    340.63654584	    307.42645733	    576.63048035	      3.76314270	     23.50420679
     32.06670000	      6.49921970	    346.42556524	    314.09789237	    568.30626245	      3.97033050	      9.55332194
     32.10000000	      6.36872906	    341.90555179	    310.33090284	    558.67972313	      4.25007839	      9.82346094
     32.13330000	      6.46960828	    343.04345924	    311.37954684	    579.75734263	      4.30207185	      9.84206536
     32.16670000	      6.83836232	    334.89243069	    304.09372931	    571.06616549	      4.04547830	      9.58791190
     32.20000000	      7.05507399	    315.91554664	    287.44196960	    510.51470454	      3.80910220	      9.25340124
     32.23330000	      6.95756917	    319.34156815	    291.36263579	    475.66657805	      3.85154175	      9.27195254
     32.26670000	      6.65293232	    371.80378446	    339.91558073	    523.14671477	      4.22367262	      9.65502268
     32.30000000	      6.21839432	    435.38507396	    398.05251546	    606.14037192	      5.28677109	     10.84196670
     32.33330000	      5.97510645	    420.61980808	    383.27519911	    628.64697050	      5.92856188	     11.93965415
     32.36670000	      5.74260411	    303.44170855	    274.74715874	    527.29312746	      6.02138408	     12.36241662
     32.40000000	      5.80135429	    182.43107665	    164.03811955	    373.65473229	      5.71132369	     12.05984729
     32.43330000	      5.91888004	    154.30058503	    138.02903977	    342.26147844	      5.13293569	     11.32253622
     32.46670000	      6.03345411	    216.81072192	    193.40516800	    486.76277713	      4.45886034	     10.51758001
     32.50000000	      6.16109433	    356.70481467	    330.56743031	    631.95562662	      4.07593447	    211.98063761
     32.53330000	      6.27610603	    283.42888223	    246.66262104	    612.42837081	      4.06185743	     10.16005017
     32.56670000	      6.33046503	    279.01565112	    250.43083381	    610.54653029	      4.11737922	     10.01658859
     32.60000000	      6.34223685	    264.52428088	    235.81525553	    580.81135825	      4.11611475	      9.83676716
     32.63330000	      6.35042472	    270.48221003	    241.17082796	    591.73155868	      4.07803116	      9.82836961
     32.66670000	      6.35388594	    283.47437363	    267.80894616	    608.18098412	      4.09325674	     43.02326780
     32.70000000	      6.31492006	    304.73029529	    261.16825259	    617.87034069	      4.24682402	     45.32188026
     32.73330000	      6.27614308	    285.24319435	    254.40288972	    617.26311376	      4.46111404	     10.25325747
     32.76670000	      6.26206589	    261.48130338	    233.00850568	    580.77573129	      4.48236809	     10.31247957
     32.80000000	      6.29332330	    252.36299931	    224.69907162	    572.82252936	      4.30337247	     10.10303194
     32.83330000	      6.34021578	    268.80451161	    239.26703147	    608.85601440	      4.12371431	      9.91440331
     32.86670000	      6.33530798	    285.52371456	    250.06245464	    614.09157316	      4.18221599	     34.21729461
     32.90000000	      6.28787046	    294.68870675	    258.90730916	    637.80695118	      4.51842196	     31.27844675
     32.93330000	      6.24629136	    284.06698506	    254.49737127	    655.97552273	      4.74675538	     13.37130718
     32.96670000	      6.26375508	    249.43690359	    221.28921797	    605.25990596	      4.70093686	     10.67851231
     33.00000000	      6.32947406	    227.12277235	    201.18166440	    570.21050009	      4.41965664	     10.32838617
     33.03330000	      6.41166139	    234.07775543	    207.21044726	    588.66584795	      4.06956008	      9.84042430
     33.06670000	      6.46808404	    292.30717881	    167.71796135	    601.05147311	      3.97366648	      9.70556060
     33.10000000	      6.50555320	    266.51327564	    244.23069430	    598.93959606	      3.96743881	     85.77781046
     33.13330000	      6.56405857	    465.06520411	    482.81910119	    596.95640118	      3.98995057	    866.48969765
     33.16670000	      6.62502970	    414.78354332	    427.51763290	    594.15990393	      3.99918350	    667.35208159
     33.20000000	      6.66969205	    256.03452597	    231.58614276	    589.79677987	      3.95989391	     29.43528556
     33.23330000	      6.71259121	    252.00723187	    224.05348233	    577.50278134	      3.85004243	      9.45386260
     33.26670000	      6.73683541	    255.28940761	    227.41603882	    561.93200107	      3.71922892	      9.30273543
     33.30000000	      6.85297786	    256.05965110	    264.49578497	    569.53644225	      3.67087794	     12.39324423
     33.33330000	      6.53976858	    297.88972039	    261.61664012	    577.31633964	      3.73234055	     24.65801393
     33.36670000	      6.47648694	    373.92946106	    363.16848304	    579.17731857	      3.74734610	    330.41407201
     33.40000000	      6.58256057	    335.04232838	    307.46389209	    565.48430878	      3.64497936	    151.83041534
     33.43330000	      6.60581030	    335.44348987	    306.48530648	    558.45710972	      3.61042033	     80.12741324
     33.46670000	      6.29773763	    336.59144393	    304.48611400	    549.56445025	      3.88493769	      9.49633471
     33.50000000	      5.97141334	    352.50649842	    319.18693881	    571.30583306	      4.57150032	     10.39744837
     33.53330000	      5.84465904	    344.70906585	    311.61222436	    594.55964962	      5.11233046	     11.05774809
     33.56670000	      5.88683433	    306.04494654	    275.85002334	    571.05119327	      5.10792977	     11.10407973
     33.60000000	      6.01012032	    276.97230209	    248.99248588	    545.60862030	      4.80120935	     10.71971739
     33.63330000	      6.15580825	    300.72632930	    269.94554990	    603.89165383	      4.38056396	     10.17588925
     33.66670000	      6.36587091	    323.25498928	    291.03855454	    609.39035109	      4.17498401	     70.79769581
     33.70000000	      6.64186935	    305.01813977	    387.67851192	    600.18457878	      4.31015625	    204.96589810
     33.73330000	      6.73253158	    292.30556421	    360.21214582	    604.59751661	      4.64836494	    103.81082218
     33.76670000	      6.64145628	    272.75389782	    244.78781419	    528.15678583	      4.77567217	     10.20948757
     33.80000000	      6.47945085	    230.27130086	    206.52036880	    451.80226240	      4.63512273	     10.15149492
     33.83330000	      6.36280754	    276.43075183	    247.80897201	    544.50832335	      4.41625882	      9.99019275
     33.86670000	      6.35609264	    323.95692832	    287.52967418	    622.15446134	      4.54706823	     25.79662847
     33.90000000	      6.16645644	    336.69069672	    302.06232877	    654.16668724	      4.82322653	     12.74609270
     33.93330000	      6.09262051	    328.13875007	    293.35647506	    670.86401675	      5.02301590	     10.94639090
     33.96670000	      6.07215287	    268.99934079	    239.88532443	    581.81785332	      4.91591475	     10.90252503
     34.00000000	      6.12448473	    253.51014898	    225.60659195	    572.81796480	      4.54595544	     10.45443590
     34.03330000	      6.23938713	    275.36369904	    250.45800053	    610.33652698	      4.04389347	     45.00465462
     34.06670000	      6.37108841	    281.57696757	    250.26038502	    596.42539540	      3.86992750	     47.31951873
     34.10000000	      6.37128909	    262.22972237	    264.77171955	    594.15428296	      3.84129812	      9.58993493
     34.13330000	      6.26282330	    307.92152530	    293.12655930	    599.58864064	      3.87080538	    121.57676740
     34.16670000	      6.14380041	    279.85064881	    249.76881914	    582.16309609	      3.86971018	      9.65458411
     34.20000000	      6.10728166	    281.17473899	    251.17873574	    582.01507450	      3.81129041	      9.61179916
     34.23330000	      6.12754086	    290.16920337	    261.61830683	    597.00080299	      3.70952987	     10.28070564
     34.26670000	      6.21457927	    328.06910053	    302.02093398	    581.84215021	      3.57745316	    154.44790187
     34.30000000	      6.32313983	    294.75608750	    268.92207473	    566.40972365	      3.45784295	      9.18039433
     34.33330000	      6.29810824	    310.59679574	    280.08372894	    554.99403548	      3.42918891	      9.06201192
     34.36670000	      6.14598260	    340.23523853	    307.83627977	    570.44782071	      3.54404138	      9.20184422
     34.40000000	      6.16134928	    373.36229683	    338.47165484	    600.03117115	      3.82027833	      9.69814183
     34.43330000	      6.10906502	    401.63986260	    364.67508244	    644.14277292	      4.20001079	      9.90358157
     34.46670000	      6.13960244	    383.24152747	    347.82761463	    632.65260305	      4.60595591	     10.36604299
     34.50000000	      6.27150593	    341.98596246	    310.08735485	    588.87183975	      4.52051994	     10.14945587
     34.53330000	      6.57007749	    305.63012579	    277.06050337	    533.74766006	      4.10767332	      9.70142416
     34.56670000	      6.76758871	    307.51978456	    279.16183710	    510.31218146	      3.86897952	      9.41888949
     34.60000000	      6.61650902	    356.97293393	    324.72443288	    543.52251622	      4.04305463	      9.57200442
     34.63330000	      6.19862119	    416.53450487	    379.10465957	    616.27822300	      5.09788147	     10.75457328
     34.66670000	      5.95625974	    395.59319389	    358.93465648	    636.70343405	      5.80196977	     11.89548085
     34.70000000	      5.81634207	    269.23979264	    242.84211285	    509.10965757	      5.80909235	     12.11352076
     34.73330000	      5.96372569	    155.67275150	    139.62728149	    341.59395851	      5.32946280	     11.52523822
     34.76670000	      6.10051305	    162.73759681	    145.51278831	    361.18279545	      4.50467219	     10.45703339
     34.80000000	      6.16419043	    262.81417294	    234.82587435	    559.92947565	      4.05965306	      9.86760413
     34.83330000	      6.19238417	    323.19406635	    248.40361747	    634.37312912	      4.14162451	     10.08139106
     34.86670000	      6.25131650	    269.80668702	    241.00579603	    584.83270433	      4.21629405	     10.04333142
     34.90000000	      6.37933345	    177.99267997	    158.96439799	    405.57722306	      3.88662283	      9.65202749
     34.93330000	      6.62882876	    186.26724644	    166.71294482	    405.64609285	      3.44757163	      9.02185425
     34.96670000	      6.73775893	    349.65540450	    280.23135007	    548.16782562	      3.36088336	    143.29221986
     35.00000000	      6.44566661	    362.17079270	    326.12257390	    590.68012626	      3.85931452	     65.27213239
     35.03330000	      6.34585022	    347.78871644	    373.10378503	    665.47070275	      4.76023940	     19.81834529
     35.06670000	      6.46559549	    315.25338921	    284.14340098	    604.78105050	      4.86627275	     10.49804742
     35.10000000	      6.89527274	    298.65546476	    268.93739202	    580.28846043	      4.32473109	      9.80545197
     35.13330000	      7.06603836	    324.25744820	    289.19281527	    585.50378180	      4.24256309	     13.78584807
     35.16670000	      6.66171250	    324.50103019	    292.58670985	    570.88744003	      4.83338518	     10.25028421
     35.20000000	      6.26063586	    271.22448008	    244.20902335	    492.29977813	      5.25543444	     11.07947769
     35.23330000	      6.11822506	    232.86157791	    209.05782784	    454.81720666	      5.28593865	     11.30926630
     35.26670000	      6.08147282	    241.33611585	    215.96480520	    502.44778071	      5.12680359	     11.17575594
     35.30000000	      6.10292405	    267.90165788	    239.04354397	    585.76557994	      4.97275950	     11.06437834
     35.33330000	      6.15931121	    279.25340296	    248.53812215	    641.15525486	      4.84460895	     10.88485835
     35.36670000	      6.26055672	    268.70807751	    238.65023031	    644.27835024	      4.65323782	     10.58785379
     35.40000000	      6.38892819	    252.72254990	    224.16719779	    617.08909820	      4.36123949	     10.12840113
     35.43330000	      6.47329748	    247.21057382	    219.20621614	    595.04077903	      4.12128123	      9.83585809
     35.46670000	      6.37907961	    251.41370748	    222.97451295	    595.30195846	      4.11725755	      9.93459684
     35.50000000	      6.30176996	    245.09206866	    241.98554185	    619.48421498	      4.15792494	      9.99827715
     35.53330000	      6.38728137	    249.75998774	    228.37548539	    605.44588360	      4.01794519	     35.67070006
     35.56670000	      6.73331020	    223.78310959	    250.69375457	    580.04821713	      3.77954018	     50.10137951
     35.60000000	      6.95167207	    321.26368507	    295.97256103	    559.52803283	      3.61509169	    283.36546357
     35.63330000	      6.78395678	    267.53336414	    238.68339278	    550.09958972	      3.70032907	      9.24981693
     35.66670000	      6.28273659	    242.08924782	    216.44607795	    474.85976775	      3.96673193	      9.68338107
     35.70000000	      6.06376652	    238.96016227	    213.75899684	    484.52543430	      4.12342779	     10.06365756
     35.73330000	      6.08850437	    280.37923833	    250.71592054	    598.45455802	      4.01482656	      9.85070010
     35.76670000	      6.41116948	    306.13162399	    283.29515428	    585.54748849	      3.74134320	    115.33741941
     35.80000000	      6.92152549	    490.68693601	    505.80728212	    547.48344643	      3.54608602	    890.43231067
     35.83330000	      6.94639331	    298.44665574	    272.85079267	    543.72779046	      3.59528637	     10.35249247
     35.86670000	      6.71197903	    257.54523137	    232.69016750	    447.70228653	      3.69555359	      9.22917795
     35.90000000	      6.63306519	    281.37244782	    254.97014130	    480.46490417	      3.59675300	      9.12016289
     35.93330000	      6.75657218	    345.55615051	    322.38704415	    541.92459778	      3.52818823	     35.00686314
     35.96670000	      6.52951650	    384.41461083	    350.69298768	    554.58556994	      3.81286629	      9.35227094
     36.00000000	      6.08602501	    372.73185765	    340.48510596	    515.01458332	      4.77059599	     10.38757196
     36.03330000	      5.78274048	    345.66135575	    315.02425017	    507.53162470	      5.64628246	     11.65001615
     36.06670000	      5.72651950	    350.81551817	    318.02939838	    607.07662991	      5.78678391	     12.04837550
     36.10000000	      5.98312005	    361.66525878	    326.08515299	    718.48146403	      5.32833850	     11.31106846
     36.13330000	      6.73749166	    302.08986527	    275.87120451	    593.57852116	      4.25308209	     42.54699926
     36.16670000	      7.05025975	    299.79716322	    279.06110862	    556.22868604	      3.92292706	     20.80502857
     36.20000000	      6.84362997	    296.14817051	    267.37634235	    504.38088714	      4.05869698	      9.49009610
     36.23330000	      6.44610078	    314.70053274	    284.47990381	    526.11672636	      4.52165975	      9.95588899
     36.26670000	      6.15056312	    344.91155889	    311.60355617	    595.08025931	      4.92898773	     10.58963694
     36.30000000	      6.11511481	    347.86253889	    313.76533332	    626.52112054	      5.01053662	     10.68564201
     36.33330000	      6.16367490	    321.56515108	    289.54662710	    595.80506081	      4.90973467	     10.56430863
     36.36670000	      6.14601207	    299.89453722	    269.65852113	    561.30823803	      4.79270806	     10.47883457
     36.40000000	      6.06870048	    303.60486109	    272.64812435	    573.93665434	      4.78129624	     10.56695849
     36.43330000	      5.99842411	    320.73201493	    287.57235527	    624.52548414	      4.83918730	     10.73534526
     36.46670000	      6.00529127	    324.57667263	    290.44686796	    663.41935369	      4.79380130	     10.73210495
     36.50000000	      6.11507973	    308.74759618	    268.68651085	    644.52504384	      4.51418152	     14.78635191
     36.53330000	      6.30233843	    290.43150549	    265.08657528	    608.12414522	      4.09899846	     34.83226661
     36.56670000	      6.34862307	    340.15232946	    217.42901542	    601.74224841	      4.01848279	     10.55612769
     36.60000000	      6.15726025	    266.43428405	    401.36894077	    617.33682762	      4.16896681	    167.37206246
     36.63330000	      6.05371963	    320.49244728	    287.68671386	    649.04851270	      4.44291058	     26.87601968
     36.66670000	      6.08949081	    297.98195957	    268.35463398	    639.72982661	      4.34269037	     11.36208195
     36.70000000	      6.28391543	     57.52172130	    506.85761421	    605.25326678	      4.01176842	     64.25040126
     36.73330000	      6.38972744	    328.69044697	    284.65185482	    594.95689156	      3.91327782	    128.31326087
     36.76670000	      6.19747835	     93.48798704	    504.18947045	    610.80757444	      4.06795482	     42.44993393
     36.80000000	      6.05656543	    327.55419193	    288.47937501	    647.05651356	      4.41581425	     32.87569362
     36.83330000	      6.07546733	    313.64471602	    283.46760947	    645.85234301	      4.42233385	     45.66456283
     36.86670000	      6.22459007	    284.29685374	    252.99105780	    610.90718094	      4.07601614	     12.26196799
     36.90000000	      6.37167096	    284.79654891	    253.02494179	    594.60208605	      4.32035757	      9.57763803
     36.93330000	      6.28595044	    287.79167069	    257.21436755	    583.53971757	      3.84034135	      9.55553818
     36.96670000	      6.17145506	    313.94375496	    284.43548291	    599.41621494	      3.83734840	     68.93291871
     37.00000000	      6.26526158	    309.64762665	    249.66591248	    587.45951144	      3.71772222	      9.40865929
     37.03330000	      6.47213121	    576.32752433	      6.14215428	    562.62308962	      3.50607489	     64.32113476
     37.06670000	      6.47360848	    306.36267897	    276.19027697	    543.31796910	      3.41899986	      9.00694306
     37.10000000	      6.10770180	    333.86611506	    302.00461265	    543.07970312	      3.64331548	      9.37924679
     37.13330000	      5.86389730	    354.17484858	    320.92397061	    567.92997934	      4.12517162	      9.90983195
     37.16670000	      5.76903223	    326.32028056	    295.49135354	    551.43872990	      4.59075234	     10.56348557
     37.20000000	      5.84071291	    273.05173834	    246.88655615	    492.01265713	      4.36489862	     10.35508116
     37.23330000	      6.07006399	    241.37251554	    218.10016147	    442.46565587	      3.98860191	      9.77953323
     37.26670000	      6.12808772	    254.13885427	    229.80727172	    452.97572608	      3.77432436	      9.55904592
     37.30000000	      6.17513602	    306.89642973	    277.96858162	    531.14594242	      3.70027667	      9.41426788
     37.33330000	      6.27966954	    349.62464872	    318.99421205	    586.80600077	      3.69205775	      9.53416995
     37.36670000	      6.36304738	    345.82913189	    314.56975873	    553.47480831	      3.77590199	      9.39456317
     37.40000000	      6.35064433	    320.52337696	    292.07607606	    496.83339429	      3.96502862	      9.56631048
     37.43330000	      6.34433977	    322.34315549	    294.03280806	    501.47330905	      4.12109353	      9.71155680
     37.46670000	      6.45699090	    351.59446181	    320.90691770	    552.41847726	      4.11412716	      9.68230968
     37.50000000	      6.81393044	    358.93890204	    327.94989976	    556.13046912	      4.00347542	      9.48037936
     37.53330000	      6.99699169	    313.37782174	    286.83222103	    466.72347295	      3.94067777	      9.33431524
     37.56670000	      6.87372851	    261.36382536	    239.68708588	    369.46558276	      4.01434247	      9.41455226
     37.60000000	      6.55490576	    272.41247906	    250.15225287	    373.17832904	      4.22600012	      9.68184527
     37.63330000	      6.36988261	    354.77088699	    325.87015280	    493.18337946	      4.58424475	     10.07794284
     37.66670000	      6.56560016	    418.24296202	    383.94600460	    598.44189895	      4.75014430	     10.19792956
     37.70000000	      6.88313749	    365.40027278	    335.30098606	    530.86058491	      4.61821194	      9.85461608
     37.73330000	      6.93860298	    258.98629379	    237.68187244	    374.58828732	      4.35654662	      9.69235279
     37.76670000	      6.73032305	    257.59835893	    236.55493204	    354.77924234	      4.32152739	      9.70555540
     37.80000000	      6.35608046	    397.50436811	    365.09150676	    521.73027100	      5.01091272	     10.50218484
     37.83330000	      6.10004159	    474.13054120	    453.84943945	    655.07879277	      5.90276878	     11.83993427
     37.86670000	      5.96285202	    419.29042838	    400.10622893	    670.95930211	      6.26189990	     12.58948950
     37.90000000	      5.85952497	    254.77605940	    230.02352156	    488.46467892	      6.13662809	     12.63645485
     37.93330000	      5.99695029	    160.19314964	    143.53416047	    358.21492852	      5.69589737	     12.03853086
     37.96670000	      6.13356644	    190.39663744	    169.75139935	    438.63203927	      5.14376442	     11.23990874
     38.00000000	      6.23222951	    256.52850411	    228.09795348	    598.45393706	      4.73203998	     10.67297167
     38.03330000	      6.29699465	    380.52194013	    337.87647062	    634.14756222	      4.55191763	    391.48263734
     38.06670000	      6.35974030	    260.50805663	    231.75332950	    622.16063785	      4.43088927	     14.34194240
     38.10000000	      6.37022991	    232.12282575	    205.76322368	    559.64821627	      4.21381911	      9.97263838
     38.13330000	      6.31951297	    235.82998472	    209.02269768	    565.80634952	      4.01804237	      9.81619502
     38.16670000	      6.28443898	    254.44764681	    226.14444895	    607.59277656	      3.95211341	      9.75663315
     38.20000000	      6.28504497	    252.77327650	    224.19629497	    601.89885652	      3.89480484	      9.69058817
     38.23330000	      6.30152537	    220.47726633	    195.70986732	    520.72006706	      3.76363465	      9.55710371
     38.26670000	      6.31436501	    216.62390178	    192.61226615	    497.67406907	      3.58559895	      9.39059650
     38.30000000	      6.30407581	    268.53338995	    241.58775453	    581.09798252	      3.51605556	      9.20222637
     38.33330000	      6.25302707	    319.27572792	    263.86831537	    595.06391677	      3.72866626	     41.40660162
     38.36670000	      6.16079547	    397.37400636	    364.36370249	    642.15515392	      4.20675127	    278.40182935
     38.40000000	      6.08534921	    293.93578159	    262.78597052	    610.22204068	      4.79643441	     10.81850434
     38.43330000	      6.05670179	    227.69718037	    203.10077635	    500.38648957	      4.84074911	     10.97350657
     38.46670000	      6.04127861	    212.75139477	    189.30295899	    488.92732528	      4.72224309	     10.93607038
     38.50000000	      6.04038463	    229.50740151	    203.72616970	    555.80415577	      4.64767424	     10.93620200
     38.53330000	      6.14777146	    251.54359518	    222.76676369	    657.00291717	      4.50292300	     10.72864652
     38.56670000	      6.46703838	    227.02154484	    204.36295702	    608.80885529	      4.05494957	     37.60868749
     38.60000000	      7.17354310	    259.01853228	    213.64879907	    561.70613513	      3.71026495	    133.77915184
     38.63330000	    183.96466544	    282.35158792	    408.54541115	     12.21361084	    166.09597555	    882.45116421
     38.66670000	      7.08567072	    241.82124517	    215.55860378	    502.84372306	      3.82741829	      9.28117415
     38.70000000	      6.58747451	    244.06267102	    217.96961460	    501.40941843	      4.17698369	      9.80655206
     38.73330000	      6.39652092	    262.14081865	    234.12277703	    566.34371545	      4.37695567	     10.05901933
     38.76670000	      6.61054381	    531.66813853	    510.35193621	    599.10556444	      4.13320951	    973.80042950
     38.80000000	      6.78596291	    275.38509172	    246.58092641	    584.36933294	      4.01376559	      9.55256415
     38.83330000	      6.64850642	    270.43989907	    241.96152837	    542.29618259	      4.12973593	      9.71307463
     38.86670000	      6.28614760	    255.06678287	    228.29443870	    505.50787662	      4.56586017	     10.29826576
     38.90000000	      6.13820111	    241.98131971	    216.31058612	    504.96237373	      4.77789363	     10.73185711
     38.93330000	      6.15789077	    241.72436206	    215.67474585	    538.48065945	      4.60330005	     10.56749320
     38.96670000	      6.28705864	    253.58667348	    225.99474025	    578.87997652	      4.17579991	      9.99882250
     39.00000000	      6.43616393	    313.65582691	    288.12564837	    601.26154191	      4.00689140	    183.87182835
     39.03330000	      7.65685089	    408.11466950	    467.58397466	    586.91283602	      3.95759336	    674.51257021
     39.06670000	      6.56801260	    272.08700824	    242.96525619	    581.90269093	      3.95261710	      9.62799738
     39.10000000	      6.56254680	    271.88928061	    243.08534856	    566.29282006	      3.96027979	      9.58134584
     39.13330000	      6.45508147	    279.63476125	    250.30678704	    563.42610957	      4.05190225	      9.69666394
     39.16670000	      6.27502730	    291.71483588	    261.27212573	    579.51880407	      4.35313890	     10.09212279
     39.20000000	      6.18724124	    291.50003403	    260.86771266	    598.94030088	      4.71710839	     10.60122819
     39.23330000	      6.25859063	    266.70771643	    238.29175800	    587.17440512	      4.61725403	     10.44958632
     39.26670000	      6.64168610	    232.78441401	    207.80530744	    536.72626389	      3.99034746	      9.60059159
     39.30000000	      7.07793135	    221.66225699	    198.32954560	    487.52466438	      3.48307069	      8.90634398
     39.33330000	      7.14363815	    237.38186559	    213.49034129	    450.70856969	      3.23754782	      8.60741407
     39.36670000	      6.84138165	    240.27066053	    217.24038015	    386.86996770	      3.40310471	      8.94506583
     39.40000000	      6.13011821	    220.34901785	    199.84524416	    324.73346809	      3.94416872	      9.66663238
     39.43330000	      5.77531764	    251.77311972	    228.32541949	    406.45608324	      4.69214248	     10.79962506
     39.46670000	     22.15460846	    405.46323078	    379.45295362	    709.89107673	     10.26203301	    123.37508828
     39.50000000	      6.93493485	    281.78460107	    274.91062905	    549.79145196	      3.60206572	     26.78952796
     39.53330000	      7.66600247	    294.75485994	    276.89518431	    475.77896306	      3.18407342	     37.32644642
     39.56670000	      7.35884902	    233.24691478	    213.39308458	    315.00106043	      3.38355666	      8.67037373
     39.60000000	      6.57566210	    220.14430664	    202.13876619	    270.89517588	      3.92420376	      9.36657072
     39.63330000	      6.04117744	    318.63910285	    292.79163762	    410.70354297	      4.89302897	     10.61764642
     39.66670000	      5.95251872	    426.26738252	    390.77549566	    608.90913544	      5.49916472	     11.40599798
     39.70000000	      6.19124758	    431.14548614	    393.81514848	    678.06407407	      5.48788283	     11.23874991
     39.73330000	      6.60489365	    339.62974745	    309.38056257	    560.20639346	      5.13203870	     10.60135563
     39.76670000	      6.78271782	    266.60102079	    242.57071425	    434.46765061	      4.81411071	     10.15289022
     39.80000000	      6.65015875	    285.11940525	    259.27671312	    456.34734431	      4.81697142	     10.22020524
     39.83330000	      6.57611352	    359.15066996	    326.30820250	    585.48829999	      4.97780167	     10.46409826
     39.86670000	      6.74834850	    387.27567238	    360.50029546	    637.00903369	      5.02273173	     58.63602322
     39.90000000	      6.96671772	    330.52612766	    299.65668736	    566.87263866	      4.84610023	     10.04647411
     39.93330000	      6.84303241	    249.12567723	    225.82867493	    421.80622455	      4.50562350	      9.76177758
     39.96670000	      6.62500775	    252.74046868	    229.24459781	    407.40599464	      4.34690436	      9.74497489
     40.00000000	      6.23871493	    351.80703493	    319.20479440	    552.81801448	      4.79095261	     10.30657280
     40.03330000	      5.96780083	    431.54111318	    412.03353951	    721.08906671	      5.39298198	     11.16883211
     40.06670000	      5.92050577	    423.80842260	    378.51562552	    748.05313950	      5.64212451	     14.21901922
     40.10000000	      5.99754137	    318.58631173	    286.23874945	    622.66779428	      5.50342763	     11.54497379
     40.13330000	      6.07919744	    236.43904170	    211.64204147	    487.12356657	      5.13002657	     11.03983546
     40.16670000	      6.08311171	    233.99267298	    208.97455993	    488.77978358	      4.71292253	     10.56499152
     40.20000000	      6.06165385	    280.58252022	    250.26803447	    594.59244514	      4.39456501	     10.27098432
     40.23330000	      6.07722818	    330.96147501	    233.12866625	    630.24373073	      4.18117161	     21.08338698
     40.26670000	      6.14026079	    335.31022418	    309.10785595	    612.00651418	      4.01408469	    202.35629417
     40.30000000	      6.31608417	    278.76307627	    252.04013291	    595.29649326	      3.83767282	     10.45616468
     40.33330000	      6.68148692	    497.22254246	     30.64110480	    576.33833807	      3.79189433	     19.85884403
     40.36670000	      6.47441793	    316.41117226	    228.53305222	    563.79878499	      3.47590770	      9.68921326
     40.40000000	      6.28482844	    309.52232142	    278.05868075	    567.44052475	      3.49189473	      9.17674059
     40.43330000	      5.98584395	    334.86832610	    301.61423162	    583.02461477	      3.72737052	      9.53110889
     40.46670000	      5.79541003	    323.33727483	    291.56738141	    561.51293976	      4.06420575	     10.01977180
     40.50000000	      5.70800676	    283.51922101	    255.50706807	    512.99819440	      4.22709318	     10.41453407
     40.53330000	      5.72906121	    265.19673945	    238.72629267	    500.99365999	      4.13338509	     10.29244544
     40.56670000	      5.79944450	    300.52164484	    270.34036239	    573.74188443	      4.02418402	     10.04913682
     40.60000000	      5.88113422	    343.05722355	    308.50938949	    654.79738811	      4.08254211	     10.08492997
     40.63330000	      6.06033186	    308.99397095	    277.72372512	    597.78171707	      4.22503432	     10.29138755
     40.66670000	      6.09517789	    213.11842007	    191.37348723	    427.49551664	      4.21608692	     10.28042265
     40.70000000	      6.13350893	    166.57785288	    149.48204685	    353.36212267	      3.96208646	      9.82437644
     40.73330000	      6.28885489	    226.48814345	    203.38857646	    479.25479559	      3.60403598	      9.33478049
     40.76670000	      6.57969160	    324.52905346	    299.37484546	    550.19675997	      3.34265069	    170.70185334
     40.80000000	      6.97977774	    389.33433036	    381.58977152	    526.87135181	      3.32163111	    362.88779363
     40.83330000	      6.99411160	    311.71720901	    283.49321976	    496.28835697	      3.51159414	      8.96203346
     40.86670000	      6.73302992	    225.58517305	    205.84449573	    346.21545379	      3.77797976	      9.28292691
     40.90000000	      6.46723217	    229.66478619	    209.96734410	    345.76870187	      4.07626260	      9.62624716
     40.93330000	      6.43981496	    268.62113075	    245.73551143	    423.76100826	      4.25332005	      9.80705295
     40.96670000	      6.81689513	    283.10457715	    259.07751640	    466.67491608	      4.00307636	      9.46700552
     41.00000000	      7.25173708	    240.07603593	    220.21132149	    376.15760268	      3.65267306	      8.97207319
     41.03330000	      7.12630537	    205.01877492	    188.70058136	    280.35309499	      3.67594398	      8.97665045
     41.06670000	      6.67701398	    234.08050075	    215.96979333	    298.26977353	      4.05391345	      9.46373187
     41.10000000	      6.40809055	    285.26135854	    263.34761024	    373.22570870	      4.68233728	     10.23763107
     41.13330000	      6.38978698	    277.87851541	    256.24867122	    379.54509555	      5.08428246	     10.75011116
     41.16670000	      6.33488925	    196.76767328	    181.11793253	    277.04725807	      5.26032356	     11.00116625
     41.20000000	      6.09572323	    129.93030923	    119.28625218	    172.15941844	      5.50399644	     11.46387229
     41.23330000	      5.83085857	    221.51667288	    202.49453881	    346.54306086	      5.81210818	     11.99502017
     41.26670000	      6.34439711	    388.81325232	    353.98966438	    734.74522137	      5.40923131	     12.37849281
     41.30000000	      8.10685290	    288.93703018	    264.30266393	    515.13125217	      4.02136652	     42.63557951
     41.33330000	      8.34126307	    408.13205200	    290.30832885	    494.76509104	      4.07224646	    137.16984301
     41.36670000	      7.70407369	     68.26920073	     62.34881233	     78.23881351	      5.03085369	      9.86611482
     41.40000000	      6.91402164	     29.73492526	     27.15908914	     42.62548175	      5.17142758	     10.47956288
     41.43330000	      6.35942488	    229.06649325	    208.82884390	    354.26037904	      5.00188061	     10.48966687
     41.46670000	      6.33833054	    445.65629406	    406.95469487	    687.31707858	      5.18999852	     14.21954254
     41.50000000	      6.48134046	    447.47136805	    420.61523351	    718.70898934	      5.62416466	     29.14168909
     41.53330000	      6.35500663	    350.54814312	    317.13279465	    611.46454312	      5.76842890	     11.60489736
     41.56670000	      6.33861142	    216.81002135	    195.31147941	    415.83361672	      5.53650656	     11.33946297
     41.60000000	      6.42408242	    220.04266682	    197.63133393	    438.97449600	      5.02388078	     10.61470938
     41.63330000	      6.54634205	    366.08313984	    338.65774859	    604.51852648	      4.49390115	    169.01634599
     41.66670000	      6.77801236	    385.11446438	    359.65483873	    591.46697438	      4.39353136	    295.82306794
     41.70000000	      6.74344614	    381.55104982	    360.36400146	    586.05438599	      4.24137972	    281.83758490
     41.73330000	      6.54374306	    250.89450963	    378.51524721	    588.78192728	      4.12461979	     38.17000609
     41.76670000	      6.27953644	    345.83568800	    312.72222800	    610.07793342	      4.37488913	     12.42573645
     41.80000000	      5.96581612	    386.14011883	    355.24878275	    664.27771991	      4.86156503	     71.77325983
     41.83330000	      5.90062933	    380.22420126	    339.31147843	    689.16289046	      5.05708570	     46.03734479
     41.86670000	      5.93138585	    324.09366194	    290.20937604	    639.90256064	      4.87214389	     10.74975460
     41.90000000	      5.94539112	    272.17851101	    243.32736669	    545.41836603	      4.44646983	     10.31493877
     41.93330000	      5.93408272	    316.92237220	    282.63541101	    632.65042556	      4.10284912	     11.97853764
     41.96670000	      5.91244935	    313.82969567	    279.93405172	    629.77420791	      4.01058996	      9.92831629
     42.00000000	      5.93549636	    328.98592074	    289.95616434	    625.79700411	      3.99892824	     56.87320728
     42.03330000	      5.90278365	    301.66284975	    269.43653089	    606.66563047	      3.95422175	      9.89863058
     42.06670000	      5.80684715	    275.76803835	    246.31649928	    554.00991396	      3.89614183	      9.90838189
     42.10000000	      5.76212765	    415.89931997	    387.11315266	    652.52018811	      3.86461839	    372.44841398
     42.13330000	      5.85763659	    311.54897419	    278.28781963	    638.43337529	      3.84976533	      9.84710250
     42.16670000	      6.05505236	    489.53577283	    478.99199462	    607.15399869	      3.79905389	    758.67288884
     42.20000000	      6.32789630	    293.54455776	    264.44469277	    583.62859663	      3.67648321	     31.49112473
     42.23330000	      6.49267995	    599.68536720	    234.75301834	    564.77345384	      3.53273207	    534.87779810
     42.26670000	      6.51686057	    389.81239068	    363.27566383	    555.40757996	      3.47227514	    334.25846808
     42.30000000	      6.43755567	    342.94612497	    310.64636854	    562.04551038	      3.58639789	     59.51706176
     42.33330000	      6.28302376	    309.83509800	    541.02923805	    583.82680263	      3.84755458	    323.61522387
     42.36670000	      6.14581915	    366.28889674	    331.99838029	    598.60821151	      4.06115326	      9.67548177
     42.40000000	      6.11080734	    332.11443484	    301.24809487	    546.13123627	      4.06226994	      9.67740980
     42.43330000	      6.15807012	    331.98573663	    301.41356787	    540.88162357	      3.93184626	      9.54269195
     42.46670000	      6.19557737	    357.87549107	    325.41925122	    564.88994973	      3.84591196	      9.44275952
     42.50000000	      6.16418032	    383.05606307	    348.93090458	    583.03623945	      3.89458232	      9.48096850
     42.53330000	      6.07272322	    387.53185269	    353.50852644	    575.90363879	      4.04941061	      9.62915192
     42.56670000	      5.98191395	    370.60988751	    338.33524761	    546.91945197	      4.21870314	      9.79395573
     42.60000000	      5.93635429	    347.98579450	    317.72749155	    517.47548874	      4.31509620	      9.93695473
     42.63330000	      5.92787445	    337.31606150	    307.93242939	    509.51609410	      4.28749157	      9.91232166
     42.66670000	      5.97338470	    349.01244736	    318.60142425	    531.50855662	      4.15344480	      9.79223793
     42.70000000	      6.19107780	    376.78461881	    344.15894757	    566.18002479	      4.01694048	      9.58917140
     42.73330000	      6.30226380	    392.02375007	    358.50289754	    571.93650133	      3.99280203	      9.56291956
     42.76670000	      6.28185618	    371.24806681	    339.92308319	    527.93079426	      4.08094511	      9.59290647
     42.80000000	      6.16770798	    326.84858843	    299.52535024	    461.98736321	      4.16257844	      9.70718967
     42.83330000	      6.10082754	    299.69582374	    274.79808359	    426.94940889	      4.11213008	      9.66447461
     42.86670000	      6.08828852	    318.44454780	    292.21808313	    450.71977011	      3.97324682	      9.60239957
     42.90000000	      6.10543112	    368.73086276	    338.78974977	    508.00587148	      3.89493499	      9.43215827
     42.93330000	      6.13952144	    398.64152648	    366.80317006	    536.55513635	      3.91899755	      9.43924946
     42.96670000	      6.22212026	    375.87271411	    346.34507191	    501.92218835	      3.90891004	      9.36752132
     43.00000000	      6.30775042	    336.56726911	    310.65554429	    442.94087136	      3.78566528	      9.21794374
     43.03330000	      6.27439566	    329.38709306	    304.70138590	    413.59917465	      3.69775568	      9.10898489
     43.06670000	      6.11963610	    356.62553174	    330.62374963	    424.09737325	      3.79244227	      9.23957171
     43.10000000	      6.02625423	    386.36415327	    358.72327524	    449.65625300	      4.04007189	      9.50446771
     43.13330000	      5.99955919	    392.26740068	    364.40229922	    462.85850712	      4.25355435	      9.75810683
     43.16670000	      6.04821666	    376.69042388	    349.92613106	    454.99866140	      4.26709427	      9.75620397
     43.20000000	      6.12180733	    313.15352798	    290.94689270	    388.37447376	      4.13999161	      9.58679085
     43.23330000	      6.15595215	    297.24969568	    276.37030066	    362.27543507	      4.04146308	      9.46048542
     43.26670000	      6.13964889	    297.55731342	    276.88771567	    354.31019629	      4.04062970	      9.45607068
     43.30000000	      6.11939131	    311.73531415	    290.30427521	    366.53779770	      4.10497726	      9.53931828
     43.33330000	      6.12508391	    323.28866003	    301.21577747	    378.60677213	      4.18409542	      9.62955088
     43.36670000	      6.14719420	    321.43287055	    299.56594750	    376.64771794	      4.25597115	      9.70526853
     43.40000000	      6.17507830	    314.03244601	    292.69029603	    371.00591200	      4.29432881	      9.74009054
     43.43330000	      6.22739701	    313.46408877	    292.16946012	    375.47394733	      4.24506039	      9.66244405
     43.46670000	      6.38793908	    318.85151294	    297.29340115	    382.72259539	      4.10372258	      9.45751835
     43.50000000	      6.53851237	    316.74244206	    295.60570677	    372.09081681	      3.96604087	      9.25097841
     43.53330000	      6.57102892	    307.67191883	    287.53147524	    347.99414934	      3.92821036	      9.18415325
     43.56670000	      6.49997769	    322.39289353	    301.68192620	    351.02346852	      4.02038943	      9.29765247
     43.60000000	      6.44620969	    371.73674344	    348.14520652	    396.71806181	      4.23003688	      9.55319713
     43.63330000	      6.49970010	    414.57343546	    388.31101409	    443.02946637	      4.64154887	      9.96169479
     43.66670000	      6.60604988	    398.87573092	    373.41295667	    433.61541396	      4.92375339	     10.27730727
     43.70000000	      6.63607253	    324.27702044	    303.34159182	    361.81208675	      4.98277303	     10.32225672
     43.73330000	      6.53071445	    291.65007502	    272.64511088	    325.06784136	      4.84106780	     10.15702914
     43.76670000	      6.32745876	    281.59495497	    263.11210784	    311.85320781	      4.63179541	      9.93505494
     43.80000000	      6.09928740	    333.87139643	    311.87418155	    362.21608290	      4.61097665	     10.01448860
     43.83330000	      5.97216108	    401.70832290	    375.03398523	    433.53433522	      4.86193206	     10.41097617
     43.86670000	      5.92994495	    432.27182786	    403.16654392	    475.92878345	      5.18136780	     10.87722004
     43.90000000	      5.92256443	    406.39865216	    378.21681657	    466.77182661	      5.35411436	     11.11317457
     43.93330000	      5.93842396	    357.94350152	    332.38392267	    432.22138484	      5.30413545	     11.02494191
     43.96670000	      5.96603592	    334.57910752	    310.10093448	    418.19516109	      5.06381492	     10.69183069
     44.00000000	      6.00042734	    350.79678219	    324.73230974	    443.01279035	      4.75941976	     10.32974676
     44.03330000	      6.03964883	    385.30646153	    356.44426137	    485.35756153	      4.56640062	     10.10376982
     44.06670000	      6.07898310	    408.39347382	    377.64926717	    512.87584124	      4.57275879	     10.09046555
     44.10000000	      6.10297281	    405.44767418	    374.76128586	    510.50908427	      4.69528143	     10.20727948
     44.13330000	      6.10398135	    383.82951869	    354.55989214	    488.26536314	      4.80657075	     10.33277945
     44.16670000	      6.09328282	    360.79758749	    333.01664398	    466.79466467	      4.82585699	     10.31599139
     44.20000000	      6.09198836	    349.57776229	    322.40562816	    460.17697620	      4.72401101	     10.20892157
     44.23330000	      6.10513769	    354.72606982	    326.97944470	    470.44292681	      4.54011401	     10.00948623
     44.26670000	      6.12082158	    367.10254147	    338.31684519	    484.53124160	      4.41992888	      9.88263848
     44.30000000	      6.10347922	    369.08173852	    340.10730795	    484.60360675	      4.46123519	      9.93495971
     44.33330000	      6.07960206	    356.08054019	    328.04634657	    470.82113849	      4.53025252	     10.06384552
     44.36670000	      6.07440131	    344.04298625	    316.85479495	    462.32660297	      4.42584189	      9.94770534
     44.40000000	      6.10212098	    352.36514432	    324.49306362	    475.28333667	      4.25012752	      9.74279112
     44.43330000	      6.14405593	    375.51491427	    345.94918284	    498.09109481	      4.16431997	      9.64065184
     44.46670000	      6.14802408	    390.66737080	    360.12924588	    508.26673773	      4.21189149	      9.67996817
     44.50000000	      6.11346602	    388.96773548	    358.70231368	    503.14694218	      4.33587059	      9.80678648
     44.53330000	      6.09856583	    379.85002236	    350.27039204	    494.53701116	      4.50402827	      9.99741833
     44.56670000	      6.09716343	    366.68360287	    338.02204856	    482.45339257	      4.55179521	     10.04077111
     44.60000000	      6.10079038	    343.52125358	    316.56579378	    457.31633104	      4.46520607	      9.95943551
     44.63330000	      6.10520973	    319.77806992	    294.64802370	    430.28658012	      4.27548963	      9.76662533
     44.66670000	      6.11707482	    321.14756624	    296.01401826	    430.97454045	      4.08411670	      9.56903313
     44.70000000	      6.14125107	    359.82230347	    332.00148937	    469.96226023	      3.94910657	      9.42141104
     44.73330000	      6.15395060	    405.88674571	    375.01094202	    510.69188277	      3.98534783	      9.42847943
     44.76670000	      6.11602628	    409.88012607	    379.09028944	    504.08743256	      4.19446778	      9.64890613
     44.80000000	      6.06545750	    369.94349218	    342.23838624	    457.10788684	      4.48979806	     10.00717828
     44.83330000	      6.02562353	    334.36898502	    309.18415847	    423.82760912	      4.61661949	     10.18841214
     44.86670000	      6.03001404	    341.48122749	    315.58522258	    440.93457135	      4.46803188	     10.04941659
     44.90000000	      6.08206370	    377.53001052	    348.85146566	    486.73694388	      4.33181563	      9.90370101
     44.93330000	      6.13288082	    392.68855081	    362.81072603	    503.75424332	      4.32140674	      9.79899067
     44.96670000	      6.17911661	    363.92839655	    336.25363073	    469.90388271	      4.31155102	      9.76743056
     45.00000000	      6.24342165	    322.49465407	    298.03394827	    420.56370778	      4.18447250	      9.64567682
     45.03330000	      6.26147135	    308.12530375	    284.97470610	    396.80715668	      4.00244940	      9.41859538
     45.06670000	      6.20654884	    326.99137112	    302.82682824	    406.15035289	      3.91534492	      9.32501132
     45.10000000	      6.13985987	    356.06590983	    330.21454221	    429.04780851	      3.96499237	      9.43797767
     45.13330000	      6.11246044	    370.25456275	    343.73377417	    442.54221888	      4.05339707	      9.48957806
     45.16670000	      6.12983608	    369.14857841	    342.97816894	    441.69678327	      4.06534691	      9.49061035
     45.20000000	      6.16452985	    326.40430046	    303.52006834	    393.79485978	      4.02916298	      9.42992446
     45.23330000	      6.17871946	    336.30047360	    313.01615934	    395.13498825	      4.06764531	      9.46119753
     45.26670000	      6.16919130	    342.52015363	    319.03108438	    395.86929705	      4.22024532	      9.65668388
     45.30000000	      6.16032843	    331.74487007	    309.04375460	    386.55848696	      4.41667511	      9.87124953
     45.33330000	      6.17057754	    307.74213858	    286.61781570	    366.74111867	      4.47198243	      9.93271452
     45.36670000	      6.18768006	    287.72155617	    267.92924517	    347.40861594	      4.30914819	      9.73053844
     45.40000000	      6.18833932	    283.67665889	    264.20231450	    339.88697588	      4.20425280	      9.61205110
     45.43330000	      6.17345467	    292.44277124	    272.49627784	    345.53364206	      4.15875088	      9.57040568
     45.46670000	      6.16204311	    305.18076574	    284.48966587	    356.74581460	      4.15863378	      9.57016963
     45.50000000	      6.16141783	    317.07031814	    295.70302335	    367.00768696	      4.19217557	      9.60829065
     45.53330000	      6.16637662	    325.81016249	    303.94466686	    374.52293773	      4.26450870	      9.69040755
     45.56670000	      6.17832895	    327.83166502	    305.84504589	    377.65385546	      4.37880056	      9.83029651
     45.60000000	      6.19856621	    321.94236818	    300.29828847	    373.52141430	      4.47617052	      9.92842852
     45.63330000	      6.21251088	    312.22642210	    291.15670592	    362.97638231	      4.53788536	      9.99115571
     45.66670000	      6.19201951	    305.79433971	    285.04525996	    354.51876571	      4.66169899	     10.15709772
     45.70000000	      6.15616926	    303.92186740	    283.10616034	    355.28778606	      4.83756724	     10.41338496
     45.73330000	      6.14294190	    305.04603632	    283.85799583	    366.59925593	      4.92646726	     10.54872092
     45.76670000	      6.17897133	    312.23639428	    290.22477540	    385.72862651	      4.84597199	     10.40916837
     45.80000000	      6.26570385	    324.18227358	    301.08549352	    403.22569223	      4.68775731	     10.15075855
     45.83330000	      6.36315750	    331.84233243	    308.05792241	    409.33622084	      4.64454152	     10.05117186
     45.86670000	      6.38113264	    365.29037390	    338.96089626	    441.91962632	      4.74275697	     10.15306033
     45.90000000	      6.35280672	    332.81585298	    308.64106912	    409.76728528	      4.78078440	     10.20594203
     45.93330000	      6.32266358	    305.56605852	    283.21170226	    384.43860352	      4.61492074	     10.01922408
     45.96670000	      6.31729940	    309.15888207	    286.48947022	    390.92259489	      4.30619465	      9.73555613
     46.00000000	      6.34589429	    349.90731813	    324.37300932	    434.05750760	      4.15387656	      9.54188091
     46.03330000	      6.39259513	    404.12481923	    374.93050365	    486.18204297	      4.14906571	      9.51555355
     46.06670000	      6.40528458	    426.07498609	    395.56242671	    500.79438543	      4.33051364	      9.69611400
     46.10000000	      6.33809944	    395.22780414	    366.91677708	    463.97746170	      4.79352568	     10.18787306
     46.13330000	      6.21665722	    348.51084138	    323.27143476	    419.64295178	      5.03103668	     10.53464195
     46.16670000	      6.13630358	    342.06153419	    316.89653957	    424.81660788	      5.02335286	     10.55094621
     46.20000000	      6.16172903	    377.03761971	    348.89899820	    475.45212874	      4.92080208	     10.42866965
     46.23330000	      6.25415042	    406.41343708	    375.74478634	    515.92494969	      4.86996666	     10.29972894
     46.26670000	      6.33544683	    394.85664348	    364.77477820	    505.34574610	      4.87714429	     10.30591067
     46.30000000	      6.33675852	    355.17721486	    327.88996444	    458.57133143	      4.85221187	     10.22978944
     46.33330000	      6.24680030	    333.15127960	    307.35675042	    431.23759578	      4.81889920	     10.22045976
     46.36670000	      6.10158828	    350.53263908	    323.15737276	    454.46781129	      4.87714222	     10.36682883
     46.40000000	      6.04223226	    378.77591205	    348.82955221	    499.28196852	      5.00601395	     10.55160093
     46.43330000	      6.04383711	    378.66569278	    348.24701079	    515.37210881	      5.03404214	     10.58607312
     46.46670000	      6.09187878	    347.47166357	    319.15005435	    488.25401183	      4.83001025	     10.34523104
     46.50000000	      6.17625983	    321.73635137	    295.33447733	    457.39460567	      4.37781276	      9.84137599
     46.53330000	      6.21082546	    337.59109279	    309.95134743	    470.82262554	      4.15344654	      9.64359325
     46.56670000	      6.17908487	    384.31025213	    353.15821623	    520.05164123	      4.14761866	      9.68003059
     46.60000000	      6.09472937	    414.21412678	    380.82376791	    551.63828059	      4.32620103	      9.85607593
     46.63330000	      6.05490876	    399.64191286	    367.35995972	    536.90812507	      4.70133314	     10.24861920
     46.66670000	      6.04224203	    364.25630555	    334.56839968	    503.07415864	      4.78891252	     10.33989991
     46.70000000	      6.07151144	    349.91778835	    321.14706543	    494.28191337	      4.57994187	     10.13577599
     46.73330000	      6.13194464	    361.56344522	    331.74577945	    510.75821956	      4.29573023	      9.79843575
     46.76670000	      6.19536843	    370.39200916	    339.97809502	    515.96298458	      4.21386907	      9.76596146
     46.80000000	      6.17107186	    358.85483019	    329.52463163	    493.41237768	      4.19997771	      9.69322199
     46.83330000	      6.09286329	    344.11833362	    316.15069453	    469.59618528	      4.21106036	      9.72078781
     46.86670000	      6.05134042	    350.33695868	    321.99041280	    476.65517083	      4.21473161	      9.74368952
     46.90000000	      6.04733970	    371.24476437	    341.34825940	    504.79147990	      4.21377020	      9.80604744
     46.93330000	      6.06575090	    375.14120570	    345.01199367	    509.61137241	      4.18429873	      9.70628052
     46.96670000	      6.08698164	    347.93705408	    320.14883959	    471.21533650	      4.12328090	      9.63491536
     47.00000000	      6.08103640	    319.58602401	    294.28456528	    430.10648003	      4.02211639	      9.56436122
     47.03330000	      6.06729559	    327.97187009	    302.34471595	    435.12190201	      3.90715164	      9.43976224
     47.06670000	      6.07599087	    374.54146522	    345.78888243	    483.36427006	      3.83868868	      9.35004897
     47.10000000	      6.10308448	    422.71520506	    390.89202028	    527.27294829	      3.88795988	      9.35831267
     47.13330000	      6.11893771	    427.09457966	    395.46303526	    520.14954454	      4.05782588	      9.49797326
     47.16670000	      6.10988798	    385.58180244	    357.28312705	    468.70949807	      4.23585385	      9.68708582
     47.20000000	      6.09745161	    342.71909000	    317.63954481	    423.50993904	      4.26885330	      9.72952484
     47.23330000	      6.11053299	    331.65027639	    307.45920429	    413.72390414	      4.14263824	      9.61585664
     47.26670000	      6.13436094	    352.15522503	    326.71313331	    430.45425529	      4.00310266	      9.41932893
     47.30000000	      6.13353372	    386.41016150	    358.88738593	    455.20023226	      4.02240836	      9.43177679
     47.33330000	      6.11344949	    408.99850689	    380.21287856	    472.38934985	      4.22298736	      9.69119545
     47.36670000	      6.10580819	    401.91905821	    373.63215780	    470.58032659	      4.49458297	      9.98743982
     47.40000000	      6.15882790	    372.62695121	    346.28562121	    451.20411499	      4.43953846	      9.88149204
     47.43330000	      6.34153025	    348.78579326	    324.14525265	    428.34764304	      4.13114200	      9.54006744
     47.46670000	      6.44589540	    353.49066762	    328.88005052	    418.50794791	      3.90191538	      9.19645089
     47.50000000	      6.39490657	    339.67037909	    316.53419345	    384.72308817	      3.93537189	      9.23077139
     47.53330000	      6.23099030	    362.22433953	    337.93011112	    396.07929018	      4.24254985	      9.61415879
     47.56670000	      6.09017188	    368.85402012	    344.07685670	    407.10731157	      4.86237335	     10.40184596
     47.60000000	      6.06063182	    414.70340001	    386.35903419	    468.78410004	      5.18984930	     10.86202975
     47.63330000	      6.09559978	    411.40062951	    382.58972524	    483.85096637	      5.26468472	     10.93009674
     47.66670000	      6.17502511	    390.71632998	    362.69456156	    473.93957942	      5.21802574	     10.80374492
     47.70000000	      6.25500820	    346.75558969	    321.39568267	    433.73945081	      5.05978061	     10.54184203
     47.73330000	      6.30963969	    315.85442646	    292.47806260	    404.50155797	      4.68662095	     10.05226088
     47.76670000	      6.35072561	    334.05451952	    309.29381802	    422.19630716	      4.26376594	      9.64044866
     47.80000000	      6.31887481	    384.70673008	    356.40424324	    465.57057413	      4.22304616	      9.59769135
     47.83330000	      6.15291060	    417.22840244	    386.67593967	    489.06382473	      4.68263059	     10.13143602
     47.86670000	      5.97209764	    404.07220014	    374.09877279	    478.64658937	      5.34015177	     11.04123305
     47.90000000	      5.85739217	    370.37858185	    341.96348033	    469.29426066	      5.65824429	     11.56395852
     47.93330000	      5.88561321	    354.39684270	    326.02777822	    496.36927900	      5.57681702	     11.41917612
     47.96670000	      6.10508669	    358.85326826	    329.21137140	    537.12110916	      4.99191998	     10.52725024
     48.00000000	      6.56596126	    371.84103261	    340.93373973	    548.77234887	      4.11631014	      9.54864430
     48.03330000	      6.71865098	    395.39239073	    363.13206411	    539.63645044	      3.91908444	      9.28088485
     48.06670000	      6.48419612	    404.01919222	    371.71422171	    511.70492864	      4.27590380	      9.64576350
     48.10000000	      5.97725335	    356.01269328	    327.48712197	    441.14216144	      5.32744292	     10.96120612
     48.13330000	      5.65387858	    278.28065390	    255.16151368	    370.53799427	      5.81343057	     11.85506838
     48.16670000	      5.41159023	    248.21963162	    226.39031590	    389.97370015	      5.78239690	     11.93225852
     48.20000000	      5.58105815	    289.23405629	    262.46614143	    512.22522187	      5.27158909	     11.33891819
     48.23330000	      5.91528051	    369.31758100	    334.26361669	    660.72914361	      4.37390518	     10.27930195
     48.26670000	      6.13305146	    360.77825598	    357.09865697	    618.99507270	      4.21248959	     46.57843241
     48.30000000	      6.12425305	    409.89343053	    366.90878386	    673.58982277	      4.95965750	     11.38180999
     48.33330000	      6.07461876	    374.85374917	    338.35638338	    669.98176368	      5.39040131	     11.22989596
     48.36670000	      6.27269283	    235.43294667	    211.85335396	    477.68633276	      5.00773965	     10.65907199
     48.40000000	      6.77341080	    159.71303285	    143.61785445	    341.90539865	      3.80682000	      9.31231233
     48.43330000	      6.91146550	    256.37160087	    231.42951786	    458.97002450	      3.28940508	      8.72721247
     48.46670000	      6.54442782	    421.33297490	    414.85648171	    550.85655238	      3.57896095	    252.23019610
     48.50000000	      5.94346747	    436.27794580	    396.43775030	    666.09647224	      4.79206397	     10.43976166
     48.53330000	      5.77981413	    123.08629451	    111.61478906	    192.07378251	      5.08900645	     10.97231541
     48.56670000	     15.00313957	      5.42887583	      5.18215327	     17.64463031	     31.76494498	     37.49288029
     48.60000000	     82.44558214	     24.65875105	     22.36427977	      6.33616808	     10.06900150	      9.68577063
     48.63330000	      4.81922863	    431.67969694	    410.80536796	    732.37266787	      5.39799814	     12.27886363
     48.66670000	      7.17860624	    311.93277952	    301.55290621	    561.56040797	      3.84007309	    509.52974316
     48.70000000	      8.91606381	    264.94290709	    240.54211466	    374.58691802	      2.94378519	      8.20031187
     48.73330000	     90.07275709	     24.82732593	     22.68086982	      5.37369366	      4.95806378	      9.60623806
     48.76670000	     13.54241294	      6.59668974	      6.31173838	     15.50553868	     26.21404832	     30.44321017
     48.80000000	      6.74967707	    106.60234642	     97.82841960	    140.09302789	      3.56584915	      9.04470512
     48.83330000	      6.55368056	    384.45701355	    354.17385937	    507.04007862	      3.40094519	      8.73385997
     48.86670000	      6.36186218	    432.43059136	    399.77102390	    520.63131400	      3.59394912	      8.92034064
     48.90000000	      6.23500701	    435.77366217	    403.88319137	    520.36067130	      3.77104368	      9.11230672
     48.93330000	      6.23616618	    466.84497027	    433.50994548	    544.64465955	      3.84384636	      9.19476374
     48.96670000	      6.23605028	    438.85724240	    408.25370850	    492.63336925	      3.93676460	      9.23029319
     49.00000000	      5.89259728	    301.26723203	    280.59427888	    314.82372235	      4.26770643	      9.68654394
     49.03330000	      5.49643487	    206.64529923	    192.35590910	    194.00134433	      5.19300236	     11.15947033
     49.06670000	      5.08014490	    297.59005438	    276.01334507	    309.56975123	      5.99362636	     12.55559981
     49.10000000	      5.00771733	    422.19729653	    405.08685611	    597.74333586	      6.26626087	     12.98987819
     49.13330000	      5.78578622	    467.05629499	    445.09889609	    806.86368435	      6.01873956	     18.89602285
     49.16670000	      6.64368726	    311.72693010	    283.87587154	    545.42680360	      4.02815419	      9.57356255
     49.20000000	      6.75863289	    216.12795915	    197.29338360	    320.92339494	      3.64404803	      9.12467944
     49.23330000	      6.22156111	    310.24309680	    283.93757625	    421.26149510	      3.98241383	      9.62532383
     49.26670000	      6.00137152	    407.78717899	    373.33507575	    570.06124892	      4.87793113	     10.62948259
     49.30000000	      6.01072761	    402.73590300	    367.92990693	    607.56285183	      5.32813381	     11.09981331
     49.33330000	      6.14594742	    340.28326911	    309.98610021	    548.28548553	      5.26437894	     10.97547049
     49.36670000	      6.24532386	    306.51590154	    278.57703463	    504.89403624	      5.08742671	     10.73976714
     49.40000000	      6.23190815	    312.41176780	    283.38559778	    516.97139912	      5.14309717	     10.85308322
     49.43330000	      6.16456149	    315.96380072	    285.88703921	    542.73895490	      5.34641487	     11.23353675
     49.46670000	      6.14029941	    287.63261853	    259.35096362	    533.35072076	      5.41107784	     11.41563626
     49.50000000	      6.10127802	    240.48318241	    216.04294723	    488.81983048	      5.19280937	     11.16479234
     49.53330000	      6.27334023	    213.47590790	    191.30186261	    461.07309813	      4.59058343	     10.38070880
     49.56670000	      6.55210331	    229.49679028	    205.56875210	    486.60474703	      3.95776786	      9.56748457
     49.60000000	      6.67328422	    275.05532733	    246.80666164	    542.27246481	      3.78343166	      9.34477642
     49.63330000	      6.54855180	    310.59646422	    279.29731289	    576.75569146	      3.92692632	      9.51643451
     49.66670000	      6.32387406	    312.97273533	    281.78504224	    572.37568115	      4.22178263	      9.84530386
     49.70000000	      6.23784640	    298.51003974	    268.71792882	    555.85502288	      4.58410216	     10.27821243
     49.73330000	      6.21831812	    290.39296684	    261.15529310	    554.35414613	      4.70812110	     10.45851035
     49.76670000	      6.21797451	    291.23290825	    261.57546734	    567.74523076	      4.77198842	     10.59107346
     49.80000000	      6.22213140	    287.43450148	    257.77073122	    576.39285809	      4.82896865	     10.64927319
     49.83330000	      6.25541401	    274.50292615	    245.75966930	    571.38270037	      4.78895323	     10.61676599
     49.86670000	      6.32241129	    260.65524817	    233.02550122	    558.53549403	      4.61169191	     10.35619419
     49.90000000	      6.39521872	    254.15352374	    227.03001010	    546.83435299	      4.39887117	     10.08069184
     49.93330000	      6.36424825	    257.11542670	    229.60358555	    547.11908223	      4.34946359	     10.04867974
     49.96670000	      6.28977767	    264.71828073	    236.28895119	    564.54924138	      4.48346944	     10.27570794
     50.00000000	      6.23789600	    270.03751669	    240.79923169	    590.35274527	      4.61990273	     10.51384702
     50.03330000	      6.23675328	    268.80439636	    239.35408202	    608.44348845	      4.66117629	     10.60141817
     50.06670000	      6.27115399	    261.25111628	    232.26720025	    611.06128824	      4.61985243	     10.55530415
     50.10000000	      6.31913387	    251.30980203	    223.12054499	    604.24070170	      4.51892479	     10.41116068
     50.13330000	      6.37423440	    245.22926611	    217.50223305	    600.91361966	      4.36380232	     10.18721049
     50.16670000	      6.43802706	    246.21744596	    218.26881549	    606.23434575	      4.19731124	      9.93929083
     50.20000000	      6.47917898	    247.88401403	    220.41772938	    606.01055384	      4.10991978	      9.83908627
     50.23330000	      6.43943707	    271.15807879	    244.66931781	    608.37084892	      4.14895962	     84.46068574
     50.26670000	      6.37899046	    250.79474647	    222.31073821	    608.28230189	      4.24687010	     10.05864208
     50.30000000	      6.35615200	    248.28265907	    219.98878817	    611.60601824	      4.28839136	     10.13858700
     50.33330000	      6.37978333	    246.05764096	    217.91835789	    617.17208896	      4.21977584	     10.07530133
     50.36670000	      6.43608295	    243.03492271	    210.80545602	    606.70780692	      4.07449219	      9.82506385
     50.40000000	      6.50411270	    240.84594732	    213.26206115	    600.10832068	      4.00507950	      9.73786499
     50.43330000	      6.47372261	    241.76708169	    214.19927185	    590.19792180	      3.99120817	      9.72168233
     50.46670000	      6.39688691	    306.46980453	    303.18525143	    606.46425337	      4.03264728	    255.24201261
     50.50000000	      6.42539654	    252.25138985	    220.80828397	    606.50230977	      4.06874390	      9.82519028
     50.53330000	      6.67625020	    248.33792526	    222.89315909	    593.57717267	      4.01444145	     38.00612267
     50.56670000	      6.96707062	    467.20603245	    495.08991700	    573.30521145	      3.87291042	    930.29269940
     50.60000000	      7.00588423	    246.69618540	    219.52156721	    548.34750314	      3.79804296	      9.28065288
     50.63330000	      6.67246557	    248.59932165	    221.71679021	    510.90940909	      3.95594669	      9.56603431
     50.66670000	      6.23980746	    285.83600231	    255.16195006	    592.02019636	      4.39173174	     10.18623444
     50.70000000	      6.20845555	    277.51509461	    276.09940927	    648.15907956	      4.54850588	     10.41886904
     50.73330000	      6.51104045	    242.33263873	    215.91964072	    563.67613367	      4.04280245	      9.72189999
     50.76670000	      6.83722223	    172.69390080	    154.10653298	    392.36356043	      3.56226101	      9.11135798
     50.80000000	      6.81312829	    170.77160477	    153.04030285	    346.35940534	      3.24669338	      8.74142225
     50.83330000	      6.52695131	    261.63972691	    235.69095191	    470.31340503	      3.20930806	      8.81633934
     50.86670000	      6.34010657	    338.26726087	    306.21347449	    560.11117072	      3.42538457	     11.26440310
     50.90000000	      6.30516241	    548.94446290	    464.67702664	    584.35413652	      3.74518100	    602.98230496
     50.93330000	      6.31860305	    380.78289393	    346.15185309	    603.74716070	      4.04200079	      9.63967350
     50.96670000	      6.25439326	    317.11740402	    288.47771801	    495.84839196	      4.34128829	     10.00524995
     51.00000000	      6.14566390	    280.47305789	    254.98864588	    448.69597026	      4.74921344	     10.47323992
     51.03330000	      6.15126609	    273.97499292	    248.73307686	    468.25516953	      4.67449870	     10.48626121
     51.06670000	      6.32319540	    287.16829674	    260.49178910	    505.00022707	      4.16323501	      9.82166260
     51.10000000	      6.50501754	    307.08518660	    278.77342482	    512.11262903	      3.95080805	      9.51788967
     51.13330000	      6.38321214	    313.48953761	    284.98263955	    489.33380001	      4.16934856	      9.74713810
     51.16670000	      6.19030972	    286.51064793	    260.43700703	    449.35350039	      4.85469165	     10.58017577
     51.20000000	      6.12633958	    254.73482161	    231.10979151	    441.87906432	      5.01574016	     10.84885687
     51.23330000	      6.35779521	    263.12956164	    238.29455656	    497.00885639	      4.25695201	      9.90547217
     51.26670000	      6.87897819	    293.38079808	    265.93037463	    524.58023547	      3.70543377	      9.22206045
     51.30000000	      6.93149072	    301.76573182	    274.37917247	    472.41383261	      3.69088643	      9.16029258
     51.33330000	      6.42540437	    280.21200678	    255.40491793	    406.10418129	      4.20511701	      9.75365986
     51.36670000	      6.15123160	    265.66739871	    242.05364355	    405.89488662	      5.01861420	     10.76763773
     51.40000000	      6.15579823	    287.30799972	    261.16490156	    490.17527466	      5.05073987	     10.86012679
     51.43330000	      6.44141967	    311.98556911	    283.11012324	    558.46054891	      4.39245060	      9.99746498
     51.46670000	      6.91023182	    298.94761785	    271.37103608	    516.89670714	      3.98131497	      9.51145577
     51.50000000	      6.97271895	    266.50070374	    242.39608680	    429.37813131	      3.91931856	      9.40761730
     51.53330000	      6.74392664	    269.66840517	    245.72790057	    414.84860153	      4.08166350	      9.57538052
     51.56670000	      6.54608602	    324.22150788	    295.71670477	    496.95103205	      4.32175960	      9.82591596
     51.60000000	      6.57842089	    367.10508503	    334.80493178	    569.64878696	      4.67993848	     10.12352412
     51.63330000	      6.68800219	    339.06137326	    309.02276395	    533.15948976	      4.88394757	     10.29109080
     51.66670000	      6.63869828	    273.82871838	    249.32082972	    433.63269633	      5.00697357	     10.45923185
     51.70000000	      6.39007490	    246.97449009	    224.54672076	    393.21101538	      5.15496091	     10.74610179
     51.73330000	      6.23955371	    285.28876877	    258.79231633	    471.92447745	      5.34588138	     11.13522753
     51.76670000	      6.23700075	    335.35007974	    303.21674245	    601.83424885	      5.42738654	     11.32104793
     51.80000000	      6.47037746	    328.09067256	    295.67233810	    640.71618856	      5.19735256	     10.90874786
     51.83330000	      7.02283099	    271.09056022	    243.89725181	    545.96830944	      4.55165244	      9.87683313
     51.86670000	      7.05160003	    229.60547139	    206.70351399	    435.57314699	      4.05031588	      9.45582354
     51.90000000	      6.79431170	    249.76878475	    225.26982282	    432.74843605	      4.09299185	      9.59613357
     51.93330000	      6.30190080	    307.81587825	    277.87455449	    523.99453697	      4.66855570	     10.22708066
     51.96670000	      6.07477588	    332.84558947	    300.05306934	    595.94301007	      5.17572071	     11.01586443
     52.00000000	      6.03673240	    297.70577941	    267.58575229	    573.32573465	      5.27168544	     11.25546031
     52.03330000	      6.05637743	    250.38976460	    224.32949254	    511.64801381	      5.13331679	     11.21848407
     52.06670000	      6.06344633	    237.69268625	    212.34937952	    508.27279639	      4.92542672	     10.96855803
     52.10000000	      6.10724031	    257.24651144	    229.28463593	    577.39045148	      4.69054316	     10.71257440
     52.13330000	      6.23674557	    309.23787789	    215.77072625	    637.71550172	      4.37018775	     20.97315186
     52.16670000	      6.47363652	    264.80162521	    227.77674946	    602.49750548	      4.05993910	      9.76641119
     52.20000000	      6.66557665	    294.32521225	    204.86766617	    588.68601981	      3.95530854	     17.42182999
     52.23330000	      6.64807357	    352.45081939	    326.19711773	    589.61514169	      3.98064146	    307.49277526
     52.26670000	      6.51444078	    289.45708813	    272.10705017	    599.71558429	      4.07959968	     59.27254721
     52.30000000	      6.45702298	    530.99831253	    501.46676969	    605.13831207	      4.14663247	    915.62465924
     52.33330000	      6.55783779	    290.30160706	    257.57316735	    598.39328803	      4.11116505	     37.57034511
     52.36670000	      6.68764632	    313.36540528	    289.93832985	    586.75057810	      4.01697575	    146.78879070
     52.40000000	      6.66940252	    275.29766367	    246.27789787	    556.55660327	      3.96431817	      9.53110655
     52.43330000	      6.46860438	    269.27434334	    241.22191140	    524.52452449	      4.00468713	      9.63603575
     52.46670000	      6.19861541	    291.84866979	    261.68044160	    562.21585270	      4.11625578	      9.82163331
     52.50000000	      6.10419312	    321.98020593	    288.72428169	    626.71022858	      4.29610596	     10.09340933
     52.53330000	      6.09064370	    328.95211876	    293.79310075	    649.20082554	      4.44895819	     10.98604872
     52.56670000	      6.11771855	    319.31401472	    285.92170026	    646.48604076	      4.47338784	     10.29046875
     52.60000000	      6.15316156	    299.75953580	    268.19511023	    615.78425832	      4.39140530	     10.18651750
     52.63330000	      6.16683982	    293.46912659	    262.42104594	    605.37053345	      4.30156575	     10.09705410
     52.66670000	      6.15289492	    302.51510250	    270.39123139	    625.36697064	      4.33238922	     10.20601414
     52.70000000	      6.13184015	    308.24633988	    275.33923521	    646.07387249	      4.44685482	     10.36778306
     52.73330000	      6.13530924	    294.04251725	    262.38030077	    633.51201267	      4.45897633	     10.35498064
     52.76670000	      6.19501403	    265.97998110	    237.12645180	    588.27489743	      4.23872516	     10.07959060
     52.80000000	      6.26833714	    251.48574925	    224.14749418	    557.33663873	      3.97987065	      9.73324419
     52.83330000	      6.33989021	    266.56712421	    237.77965337	    575.30074246	      3.83468539	      9.54435348
     52.86670000	      6.30841861	    184.18986731	    358.33037885	    595.48616467	      3.82755493	      9.53341166
     52.90000000	      6.20608598	    279.67631791	    250.16136328	    562.85024934	      3.94921891	      9.70094293
     52.93330000	      6.04573234	    231.78196149	    207.43727035	    457.26292255	      4.13244643	     10.10863471
     52.96670000	      5.83679301	    190.39935589	    170.26634541	    377.85427893	      4.41147193	     10.68368058
     53.00000000	      5.66903342	    203.62764800	    181.70803496	    431.67048405	      4.62758151	     11.16044634
     53.03330000	      5.65883485	    252.07497834	    224.21262665	    595.19162830	      4.70712097	     11.37532157
     53.06670000	      5.85545297	    272.34275975	    241.68535306	    712.84669833	      4.60295707	     11.63760096
     53.10000000	      6.17080129	    473.74118731	     46.55075907	    670.02081404	      4.34980608	    126.03969352
     53.13330000	      6.42109778	    344.70736581	     78.47432062	    632.96292232	      4.13024773	     11.00583365
     53.16670000	      6.54055250	    209.52855643	    184.87397713	    587.04551577	      4.10037629	      9.92529419
     53.20000000	      6.61688977	    208.41443795	    183.87150182	    585.70478462	      4.10116155	      9.84271322
     53.23330000	      6.73878171	    200.88976365	    177.24150483	    565.93315795	      4.07411891	      9.79783873
     53.26670000	      6.92622951	    190.66369812	    168.30468285	    534.79641702	      3.98093550	      9.64077695
     53.30000000	      7.26281559	    194.93444705	    172.31216247	    534.47707449	      3.82116019	      9.29280394
     53.33330000	      7.50238578	    215.30265050	    187.20913291	    549.46096069	      3.64474683	      8.98200926
     53.36670000	      7.63822033	    233.48924806	    200.81981526	    533.39801587	      3.54599681	      8.82851271
     53.40000000	      7.58886191	    249.63545534	    223.21315282	    522.88616156	      3.58934786	      8.89412312
     53.43330000	      7.42588324	    252.56369184	    226.72978240	    492.82727744	      3.71627492	      9.08069045
     53.46670000	      7.30388059	    256.60293172	    231.09614682	    482.88629517	      3.78633568	      9.18155148
     53.50000000	      7.28292092	    262.15524452	    236.81491444	    476.14043700	      3.73672724	      9.13014945
     53.53330000	      7.28228290	    264.57814713	    239.85208839	    455.57673381	      3.64085508	      9.01747155
     53.56670000	      7.21207220	    264.52410197	    240.70259912	    426.78023462	      3.55995049	      8.95248577
     53.60000000	      7.07202009	    272.46189342	    248.91407323	    409.93353041	      3.53407642	      8.92197045
     53.63330000	      6.87442132	    299.99583778	    275.08866214	    421.17764919	      3.59386471	      8.96447251
     53.66670000	      6.63448277	    334.38743496	    307.54729736	    442.03979101	      3.78669759	      9.17706853
     53.70000000	      6.33965613	    349.90696738	    322.40884427	    446.89694283	      4.14369712	      9.59783268
     53.73330000	      6.14937133	    340.44275822	    313.77668524	    437.98304586	      4.72466939	     10.30244420
     53.76670000	      6.06993917	    326.92700219	    300.95488665	    440.18204701	      5.06629067	     10.76162427
     53.80000000	      6.10120659	    329.21567553	    302.51729024	    467.51870006	      5.02439119	     10.69997571
     53.83330000	      6.22233327	    339.11792639	    311.17657394	    495.41798331	      4.72766470	     10.29343889
     53.86670000	      6.37204058	    338.76756421	    310.68709230	    493.48513847	      4.39040203	      9.86021858
     53.90000000	      6.44179957	    324.57943210	    297.69898472	    461.94195022	      4.34019161	      9.80738164
     53.93330000	      6.30412636	    311.73560913	    285.92189777	    435.94685889	      4.62274120	     10.11522126
     53.96670000	      6.20542121	    311.59853332	    285.57250442	    444.49595049	      4.93682425	     10.52547417
     54.00000000	      6.20204313	    317.50481165	    290.55687094	    476.41935180	      4.96811955	     10.57025982
     54.03330000	      6.31706361	    318.99478597	    291.55230787	    495.17100721	      4.64108562	     10.15282247
     54.06670000	      6.48313696	    313.45398850	    286.40762521	    475.83728957	      4.31408108	      9.80253816
     54.10000000	      6.31785426	    313.88378452	    286.84739788	    452.71946457	      4.64525057	     10.14982630
     54.13330000	      6.10911083	    329.83273386	    301.05074968	    482.22818813	      5.30871667	     11.02385317
     54.16670000	      6.01196812	    334.86321164	    304.62336781	    536.77529109	      5.60631482	     11.54987993
     54.20000000	      6.09392945	    303.55740966	    274.95793194	    537.82582206	      5.52943122	     11.50341138
     54.23330000	      6.22342641	    258.36971267	    233.15567037	    484.92516354	      5.26690319	     11.21358250
     54.26670000	      6.24885439	    229.73450167	    206.74265955	    439.26259994	      5.06231061	     10.94611608
     54.30000000	      6.07849534	    225.78886780	    202.69507563	    445.63169099	      4.99689031	     10.98533686
     54.33330000	      6.07319541	    239.59146516	    214.53652514	    502.70635653	      4.89737634	     10.95010445
     54.36670000	      6.17798782	    254.03964895	    226.95829065	    562.29644535	      4.66049526	     10.64226951
     54.40000000	      6.33949929	    257.03422579	    229.32138569	    582.61970386	      4.32954467	     10.14517655
     54.43330000	      6.50215410	    247.45573388	    220.70337289	    558.48206833	      4.09889530	      9.78740371
     54.46670000	      6.63677175	    244.02725126	    217.77707941	    537.33134604	      3.99726562	      9.61193452
     54.50000000	      6.67739056	    274.69899775	    245.43483837	    586.73169390	      3.99365996	      9.58352270
     54.53330000	      6.76551692	    299.17158746	    270.79429886	    590.11107527	      4.08700489	     65.82257157
     54.56670000	      6.98775333	    290.35746743	    262.39894743	    583.25628038	      4.18603972	     46.93293783
     54.60000000	      7.21895277	    288.13999633	    260.42282303	    569.29324465	      4.19650564	     45.50574204
     54.63330000	      7.30766341	    509.37196827	    532.73915903	    559.53307030	      4.17494964	    937.10334039
     54.66670000	      7.26440277	    403.82062734	    388.32522495	    563.44386892	      4.35759958	    400.15289628
     54.70000000	      7.17240415	    324.98080039	    293.44725208	    579.76834678	      4.83739545	      9.81954179
     54.73330000	      7.04816665	    348.62558064	    316.52626684	    594.32886972	      5.08893844	    100.42935552
     54.76670000	      6.89044285	    193.62912904	    174.18245076	    361.58295787	      4.85697402	      9.91865385
     54.80000000	      6.72330031	    185.43473521	    166.84388484	    340.56425661	      4.13984968	      9.62976766
     54.83330000	      6.59876539	    338.42817702	    345.71442646	    569.30930410	      3.92369881	    111.68378506
     54.86670000	      6.56815025	    368.34706747	    335.99881417	    580.49362164	      4.17019983	     35.79038686
     54.90000000	      6.56725884	    382.59365386	    344.76528737	    598.72005120	      4.82505964	     40.77135140
     54.93330000	      6.52402851	    358.64333079	    340.39502091	    604.30412993	      4.95476295	     10.09379404
     54.96670000	      6.44846441	    361.63958596	    328.39940223	    597.26392267	      4.74307093	     10.56401847
     55.00000000	      6.31761569	    374.43759618	    333.41022921	    595.87728882	      4.54605514	     10.46432530
     55.03330000	      6.07306832	    402.66589100	    370.65028384	    611.20162741	      4.56979543	     67.36462597
     55.06670000	      5.73599260	    410.95314796	    372.68021149	    647.98674326	      4.67290750	     10.74938491
     55.10000000	      5.53262605	    454.93779853	    370.40182880	    674.11843440	      4.66687806	     60.76426234
     55.13330000	      5.50193220	    496.01576951	    298.51355310	    674.38971699	      4.55554151	     19.54237549
     55.16670000	      5.50837073	    503.96049949	    282.15112805	    668.87608203	      4.44762586	     44.07095763
     55.20000000	      5.49100876	    427.81082696	    398.49811087	    671.17821929	      4.39048739	    155.34837163
     55.23330000	      5.48578741	    392.43026671	    349.20915478	    670.28620964	      4.30337167	     11.04096669
     55.26670000	      5.56129360	    371.28709135	    332.30668679	    647.07776398	      4.07087965	     11.16717850
     55.30000000	      5.69590834	    351.70764497	    320.56311008	    614.07378350	      3.87088782	     12.86051760
     55.33330000	      5.75651396	    318.96809437	    405.78365626	    609.78052510	      3.86043517	     84.77758602
     55.36670000	      5.55867537	    393.96393775	    362.87434873	    652.85219921	      4.16278001	     62.78402379
     55.40000000	    260.29129636	    116.48305588	    102.14333688	      7.12655585	    182.95519952	     10.85417597
     55.43330000	      5.30146812	    304.01117176	    271.96770980	    581.86577199	      4.14597341	     10.74600985
     55.46670000	      5.47467313	    263.64611258	    235.51640334	    538.62776561	      3.44772549	      9.68436354
     55.50000000	      5.69243647	    292.64183251	    266.32298752	    571.13988174	      2.97321848	      9.04158040
     55.53330000	      5.73070744	    339.95601864	    304.91942827	    561.50927480	      2.97869126	     60.43020905
     55.56670000	      5.57926776	    427.67018216	    397.21655294	    617.49099947	      3.58073061	    138.28978643
     55.60000000	      5.44201885	    431.63515908	    402.85897258	    721.12357263	      4.46215217	     45.11060375
     55.63330000	      5.45652217	    274.82136496	    247.44184465	    509.17646097	      4.50508239	     10.84710934
     55.66670000	      5.59586780	    213.90419795	    192.27274778	    425.93783929	      3.83076641	     10.00289470
     55.70000000	      5.78863545	    296.26790047	    266.47517070	    575.95973597	      3.37582883	      9.27749776
     55.73330000	      5.99955510	    324.69600748	    295.10496980	    559.64614333	      3.17160154	     64.74165349
     55.76670000	      6.15966332	    335.01794725	    304.08247578	    541.10613688	      3.18813312	     17.53907906
     55.80000000	      6.20837423	    303.67758983	    276.53516314	    458.32960970	      3.36773888	      9.03405204
     55.83330000	      5.86118369	    122.43990135	    111.83101246	    159.41774850	      3.66749521	      9.46210421
     55.86670000	      5.42140758	    107.30910179	     98.10997417	    136.07125673	      4.08628162	     10.32423646
     55.90000000	      5.25231504	    339.56418802	    309.91963021	    523.35137462	      4.71895218	     11.14634410
     55.93330000	      5.63981805	    475.64979694	    377.04769569	    773.63247443	      4.83661256	     20.61739118
     55.96670000	      6.44538505	    359.23841066	    461.23304679	    644.22870960	      4.27820121	    284.46690644
     56.00000000	      7.29650617	    265.26345653	    240.98661856	    483.34193714	      3.93485428	      9.42509472
     56.03330000	      7.44696788	    138.10174842	    125.81078051	    250.48732390	      3.68315241	      9.13852230
     56.06670000	      7.30768108	    135.43979235	    123.87027627	    229.27150890	      3.46821206	      8.81051520
     56.10000000	      7.12234439	    205.65771815	    188.92737048	    302.61920173	      3.40861566	      8.69012758
     56.13330000	      6.93040126	    262.20511989	    241.82834618	    351.10834814	      3.57635741	      8.86348121
     56.16670000	      6.77502714	    256.86847651	    237.55910405	    335.84244976	      3.82809120	      9.16533464
     56.20000000	      6.69622158	    218.02401660	    202.00088318	    291.70983282	      3.91545963	      9.30784843
     56.23330000	      6.65064866	    201.52603504	    187.02386542	    268.91075363	      3.83786886	      9.16611813
     56.26670000	      6.56714954	    218.61677720	    203.27044157	    276.18553581	      3.80320420	      9.12815244
     56.30000000	      6.47151602	    244.97922298	    228.17579182	    294.49586788	      3.90636984	      9.25489836
     56.33330000	      6.44281114	    280.98444986	    262.00904266	    331.80856788	      4.08870395	      9.49716974
     56.36670000	      6.53637412	    342.07821845	    319.13655840	    404.44936173	      4.24910304	      9.67085274
     56.40000000	      6.89382098	    368.16407281	    343.51277070	    437.22435300	      4.38255640	      9.73057113
     56.43330000	      7.13809545	    295.63141964	    275.84488763	    356.81807976	      4.43791330	      9.69964581
     56.46670000	      7.15106210	    202.17311887	    188.66928920	    255.24109991	      4.27084290	      9.55708113
     56.50000000	      7.07870357	    212.89865693	    198.81016701	    263.66529893	      4.06088177	      9.29947786
     56.53330000	      7.05747736	    316.07478505	    295.52661320	    357.25340242	      4.01019143	      9.22224049
     56.56670000	      7.04024625	    379.48332007	    355.18935538	    403.17556089	      4.37145651	      9.58679365
     56.60000000	      6.90650375	    347.94779575	    325.58324085	    367.89590138	      5.17812966	     10.68186353
     56.63330000	      6.71022724	    313.51628122	    292.81206424	    350.59031922	      5.57111842	     11.34839468
     56.66670000	      6.62439205	    334.92280087	    311.93108793	    398.27101821	      5.68666111	     11.49071394
     56.70000000	      6.66034133	    398.35694295	    369.92661024	    483.03107084	      5.69000674	     11.39620389
     56.73330000	      6.64730162	    377.60615763	    349.66709685	    469.61669390	      5.69880694	     11.33535250
     56.76670000	      6.52457437	    397.98156331	    367.44916028	    507.72410609	      5.78715100	     11.46211945
     56.80000000	      6.44200407	    453.64195916	    417.41049384	    610.56656779	      5.89654899	     11.61729432
     56.83330000	      6.36805988	    439.19820567	    402.52126055	    635.40577194	      5.87889226	     11.49790682
     56.86670000	      6.48410366	    319.34305333	    291.64893162	    492.74161779	      5.62725184	     10.99224184
     56.90000000	      6.46649610	    211.25285237	    192.54245295	    333.12406008	      5.11269884	     10.38163962
     56.93330000	      6.30633473	    256.77321347	    233.91641315	    390.74202476	      4.50750443	      9.80921573
     56.96670000	      6.13919816	    407.65628483	    371.49091144	    605.30203578	      4.32248268	      9.77789817
     57.00000000	      6.02876462	    428.14872120	    385.15767007	    621.93520682	      4.60017236	     10.70176971
     57.03330000	      5.93905046	    420.03644828	    382.69326426	    627.71054693	      4.77067800	     10.20394132
     57.06670000	      5.88245842	    330.11537539	    300.57026424	    504.59429566	      4.51194483	     10.02804976
     57.10000000	      5.83329930	    282.27566511	    256.99369080	    430.90235976	      4.04805622	      9.69329004
     57.13330000	      5.68873856	    282.26903494	    257.22758796	    411.43031933	      3.86248301	      9.60036681
     57.16670000	      5.46945003	    340.62285494	    310.71120937	    480.41626118	      4.02753358	      9.88025591
     57.20000000	      5.30619837	    452.59179505	    412.57749357	    663.77878221	      4.58753067	     10.72135484
     57.23330000	      5.39593373	    475.38365868	    432.30552680	    749.13251069	      4.88966990	     11.55000899
     57.26670000	      5.78629883	    401.34971849	    361.56666525	    667.13454717	      4.41470868	     11.28703339
     57.30000000	      6.44771272	    335.36532833	    335.27487636	    572.75897658	      3.89699412	      9.72593653
     57.33330000	      6.62552929	    383.91409965	    351.52181371	    558.16148692	      3.89962774	     43.18588547
     57.36670000	      6.22560494	    426.74092209	    388.86032487	    606.84000369	      4.68495360	     10.03144766
     57.40000000	      5.72108970	    362.37747671	    329.78348370	    534.80664233	      5.44673360	     11.21049922
     57.43330000	      5.63359257	    333.13240064	    302.07372130	    557.36876360	      5.41127514	     11.34832945
     57.46670000	      5.90324790	    365.51092518	    329.98008360	    652.86812859	      4.62066391	     19.45648663
     57.50000000	      6.53267903	    335.34440109	    307.92566710	    563.49031173	      3.80824205	     51.42247504
     57.53330000	      6.72609399	    357.31473758	    324.63175267	    541.82932268	      3.74588659	     23.16788914
     57.56670000	      6.55740575	    406.30948466	    374.72021572	    570.11999135	      4.13891182	     68.94035197
     57.60000000	      6.25413153	    412.15673550	    375.97925958	    610.17215857	      4.72547738	     11.64772485
     57.63330000	      6.05677121	    357.20500854	    324.98743367	    544.32300237	      4.67888646	     10.02152093
     57.66670000	      6.05708239	    376.74261517	    342.71837064	    578.87550963	      4.15312589	      9.69172289
     57.70000000	      6.05005991	    417.11253489	    390.72994340	    582.47079039	      3.95354730	     90.72028669
     57.73330000	      5.77926347	    426.12457315	    406.77326236	    608.38790080	      4.10726336	      9.72165665
     57.76670000	      5.42229880	    465.95966205	    424.87711498	    646.16791001	      4.98826716	     10.78795532
     57.80000000	      5.16417313	    439.56135534	    399.71262405	    655.47252079	      5.51853816	     11.73271291
     57.83330000	      5.15184589	    422.72241517	    382.30160817	    719.80920371	      5.47172859	     11.90414288
     57.86670000	    159.92538249	    271.09694419	    243.96594614	    375.09648471	    119.73824218	     33.69296905
     57.90000000	      5.73564191	    474.13304668	    393.22893769	    655.28842051	      4.10093191	    408.03246035
     57.93330000	      5.91545800	    340.96614254	    308.85547506	    609.26266186	      3.87899765	     48.52993547
     57.96670000	      5.99288356	    330.40543277	    310.23963542	    605.32673100	      3.90884197	     10.62006257
     58.00000000	      6.08856820	    349.25394487	    299.05632390	    602.90132916	      3.96581453	     19.01847536
     58.03330000	      6.23184098	    459.44386798	    199.10321261	    594.43218730	      3.96931020	     41.31409805
     58.06670000	      6.34495249	    341.85998091	    312.51120469	    585.61813101	      3.95752989	     43.19445196
     58.10000000	      6.37012618	    357.16791987	    324.84987574	    583.47553848	      3.98954426	     44.30330337
     58.13330000	      6.26287714	    365.49930193	    330.65588308	    593.22792838	      4.09213507	     18.50405366
     58.16670000	      6.01837058	    415.69664597	    396.79168779	    615.18667126	      4.32162910	    176.53224112
     58.20000000	      5.78180965	    280.47001676	    470.51145617	    647.95445920	      4.51144437	     11.94470405
     58.23330000	      5.76487569	    384.92502516	    348.07037708	    647.09908415	      4.42543266	     11.01622669
     58.26670000	      5.91476743	    393.71259397	    335.39758943	    614.50322707	      4.12016413	     92.71655884
     58.30000000	      6.06779807	    404.61289669	    419.70443133	    598.09853325	      3.99635698	    259.06837037
     58.33330000	      6.00476612	    286.61974885	    449.43942277	    602.98864626	      4.04236092	     49.09957649
     58.36670000	      5.80656281	    400.13729798	    396.42323238	    621.48379641	      4.18822681	    123.30539509
     58.40000000	      5.70642830	    392.89221782	    361.73428668	    645.14625266	      4.30184905	     10.43240844
     58.43330000	      5.67924120	    536.20493082	    204.09942384	    644.47071172	      4.15787971	     10.03575035
     58.46670000	      5.67697823	    383.27469579	    346.94861048	    631.30743088	      4.01342130	     22.98301478
     58.50000000	      5.67331020	    362.29720300	    354.01987491	    621.85094162	      3.90798969	      9.74642293
     58.53330000	     17.99145524	    221.68069149	    316.65052547	    140.54370234	     52.79568607	    469.70928267
     58.56670000	      5.58213926	    423.56978008	    377.88913516	    666.32174977	      4.07859819	     41.62379177
     58.60000000	      5.52682589	    436.86723091	    401.64732175	    715.63308032	      4.67052832	     11.25912205
     58.63330000	      5.67519459	    458.77633310	    379.20584525	    727.28806644	      5.16181746	     53.03163775
     58.66670000	      6.32080800	    351.12563824	    380.79563369	    662.41328892	      5.22992715	    107.66113146
     58.70000000	      7.07156219	    323.01030433	    299.52129434	    572.39509635	      4.90011395	    110.26760976
     58.73330000	      7.08217256	    140.14368152	    126.00374174	    239.89005218	      4.30038490	      9.34416039
     58.76670000	    122.22208561	     23.53379867	     21.32596238	      5.89292934	     37.67357371	     10.35779533
     58.80000000	      5.30008172	     76.59677497	     69.04696063	     76.93013340	      4.39910538	     10.86103660
     58.83330000	      5.11646824	    458.36273683	    447.53030696	    760.17740293	      4.65327791	    188.21186407
     58.86670000	      5.59588300	    365.24839305	    336.19387299	    677.62757321	      4.19822726	     71.60226181
     58.90000000	      6.45424940	    525.99781651	    509.39626015	    563.00249905	      3.56914130	    910.67560185
     58.93330000	      6.56129648	    226.55790481	    203.84014897	    393.78211339	      3.22573175	      8.85757769
     58.96670000	      6.40221363	    413.06135365	    342.90948435	    353.15840425	    165.88408170	     12.53407281
     59.00000000	      5.73696480	    404.23945170	    363.86111174	    597.36888757	      3.71517275	     10.22312477
     59.03330000	      5.95827519	    435.89503894	    365.72397072	    610.18483613	      4.15797498	     64.64525506
     59.06670000	      6.36433535	    415.49488876	    344.92792295	    584.48251202	      4.17644359	    121.68177519
     59.10000000	      6.53350353	    371.25874316	    367.12111134	    552.08727900	      3.89716081	    111.08843071
     59.13330000	      6.47113132	    377.13202524	    342.78998760	    538.76775519	      3.72778472	     11.10835866
     59.16670000	      6.20349002	    424.70946242	    387.92086428	    561.79457775	      3.90483190	     14.38076668
     59.20000000	      5.71581039	    492.23613231	    466.18698065	    637.80252040	      4.69635882	     31.98677551
     59.23330000	      5.37365101	    496.62906924	    474.81034169	    677.77264504	      5.49371632	     11.27016578
     59.26670000	      5.30456963	    468.16276000	    446.69800110	    699.55157561	      5.69532985	     11.71505970
     59.30000000	      5.43645002	    142.00560942	     96.54940065	    755.46321297	      5.47617292	    172.10287312
     59.33330000	      5.54513719	    266.66727263	    240.83061131	    445.14112039	      4.94688338	     10.84369226
     59.36670000	      5.41094030	    118.71304509	    107.02511846	    180.44933777	      4.34147440	     10.50385057
     59.40000000	      5.19500198	    295.10841891	    265.67782230	    497.81999361	      4.06352998	     10.67752959
     59.43330000	      5.21120560	    401.81547111	    367.48638477	    723.03599387	      4.02402958	     14.64683062
     59.46670000	      5.51645634	    391.10287304	    320.00598115	    673.05985405	      3.92255894	     29.10215017
     59.50000000	      5.88037215	    368.55268635	    284.01310091	    607.30563059	      3.81593902	     89.85527329
     59.53330000	      6.19669440	    355.40427162	    327.22238003	    587.42616412	      3.78902622	    119.21708215
     59.56670000	      6.23077188	    333.57820558	    303.35317149	    581.50958421	      3.75682983	     41.72256972
     59.60000000	      6.26250195	    500.89266322	    526.66366931	    567.23276101	      3.59553262	    767.72249113
     59.63330000	      6.35507796	    348.56326455	    320.70130275	    546.18962593	      3.42440689	     70.07435584
     59.66670000	      6.38653709	    372.79866221	    342.10104243	    542.40763847	      3.49885440	     74.40433032
     59.70000000	      6.27648218	    375.82499505	    400.60785135	    572.49631943	      3.94517520	     33.03190664
     59.73330000	      6.01869726	    433.18174483	    391.41776709	    618.59046528	      4.62989563	     17.08025119
     59.76670000	      5.71281891	    170.50521609	    155.30021118	    255.62123244	      4.48660929	     10.05762437
     59.80000000	      5.60268028	     13.18776274	     12.09570440	     35.01632535	      3.69321162	      9.58971567
     59.83330000	      5.45254307	    145.17039543	    132.54570215	    216.52658049	      3.16263114	      9.14731954
     59.86670000	      5.28173579	    483.33088865	    456.52130911	    588.78820067	      3.19628145	    179.09853375
     59.90000000	      5.25141083	    509.94752556	    491.75302286	    667.39211065	      3.73003845	     19.85102164
     59.93330000	      5.52844733	    538.52552423	    515.19101231	    718.68028377	      4.32433245	     51.91454772
     59.96670000	      5.83407271	    492.00916117	    457.46715117	    701.35695122	      4.67770979	     17.32054243
     60.00000000	      5.98184546	    395.79858662	    362.71410874	    577.09485603	      4.27031415	      9.89313658
     60.03330000	      6.11260709	    374.17432034	    342.96273589	    538.73485761	      4.04853768	      9.59936830
     60.06670000	      6.24323118	    407.82848138	    374.21393296	    571.43107422	      3.96733904	      9.53003859
     60.10000000	      6.41191667	    434.80196710	    405.59843219	    580.85272457	      3.98552249	     49.35191079
     60.13330000	      6.64825834	    441.51926333	    407.10395929	    575.24803490	      4.11028819	     15.99684369
     60.16670000	      6.81301072	    457.88658351	    420.11827972	    581.85462705	      4.43123604	      9.83309212
     60.20000000	      6.74278217	    418.54012573	    385.76891726	    532.14213839	      5.00564594	     10.04833001
     60.23330000	      6.29872020	    256.03300586	    235.82510921	    332.79594394	      5.16780548	     10.42334036
     60.26670000	      6.05581661	    221.29679391	    203.63864479	    307.45531542	      4.72121581	     10.07817458
     60.30000000	      6.06342558	    303.51876218	    279.32045049	    418.00664821	      4.00479950	      9.44534005
     60.33330000	      6.09468162	    371.15738978	    342.19047569	    480.03087644	      3.70629092	      9.11034208
     60.36670000	      5.90539955	    362.43670916	    334.95416351	    437.86625897	      3.73358046	      9.15593336
     60.40000000	      5.75397880	    356.04060066	    329.61157922	    413.76102303	      3.98002667	      9.51306025
     60.43330000	      5.58923932	    407.81092410	    377.70956238	    477.88196738	      4.33456091	     10.16773279
     60.46670000	      5.52996336	    444.30167939	    411.08802711	    535.40851061	      4.91542847	     10.83211728
     60.50000000	      5.50688425	    408.45338062	    377.11485667	    509.15150574	      5.29701967	     11.30412717
     60.53330000	      5.44916105	    355.10735680	    326.78632022	    463.16928207	      5.57282029	     11.70831637
     60.56670000	      5.39203336	    353.36176431	    323.68636525	    501.69054087	      5.75972042	     11.99412978
     60.60000000	      5.47377705	    374.48632829	    341.09149477	    604.22137612	      5.74435782	     12.00629817
     60.63330000	      5.76352136	    344.31358387	    311.91607914	    623.80319293	      5.39856215	     11.53666409
     60.66670000	      6.09521568	    287.65932288	    259.71835177	    545.95846653	      4.73979110	     10.63015414
     60.70000000	      6.26516968	    301.54188195	    271.95243584	    559.93068571	      4.25732746	     10.02989793
     60.73330000	      6.37092931	    368.40112442	    292.19266889	    631.40350591	      4.32295299	     21.56934923
     60.76670000	      6.77598754	    328.08818799	    300.17523709	    602.91574075	      4.34262347	     48.89984092
     60.80000000	      7.24075103	    310.83130518	    276.54906116	    563.01150322	      4.06042041	     40.18704783
     60.83330000	      7.32439518	    268.89917078	    243.11656118	    473.57443083	      3.84276398	      9.18415666
     60.86670000	      7.22857612	    635.25544276	    604.94848082	    541.37453640	      3.83783434	      9.19335214
     60.90000000	      7.11376133	    351.12941714	    321.31809348	    537.65120179	      3.89990315	     57.20256262
     60.93330000	      6.92342531	     26.52595305	     24.20440050	     25.18101940	      3.89340645	      9.32358238
     60.96670000	    509.16720824	    101.01335035	     92.28814648	      7.77282695	    163.02681994	     11.00961417
     61.00000000	    339.10934788	     85.28644967	     77.39934330	      9.48649543	    144.94404264	     13.79125437
     61.03330000	      3.86005102	    302.82187828	    285.96619338	    903.63211774	      5.94638781	     14.04749792
     61.06670000	      5.61075507	    230.33179794	    202.76482111	    756.54006029	      5.07710290	     17.30625036
     61.10000000	      8.43741140	    203.13059597	    185.55809486	    553.64325735	      5.01973799	    216.27022909
     61.13330000	     10.03481510	    140.80927456	    162.09488367	    415.90266097	      4.10598700	    242.29104446
     61.16670000	    421.88025615	      7.55201545	      7.12191680	      5.87897777	    132.24647370	    128.77247717
     61.20000000	    681.22109269	      7.07306911	      6.71647972	      4.63003795	    150.71803576	     57.35634837
     61.23330000	      5.74069199	    111.81991557	    101.04470176	    148.65925269	      4.00242192	      9.91834325
     61.26670000	      5.82083052	    389.61922151	    356.84332246	    681.78346938	      4.27096690	     13.75443671
     61.30000000	      6.23493289	    370.69335721	    325.53990665	    628.71852412	      4.48424100	     50.52131134
     61.33330000	      6.42328764	    285.81152862	    257.86935778	    506.65843398	      4.54196397	     10.01193548
     61.36670000	      6.08174152	    221.54025520	    199.77829216	    383.94319203	      4.73371700	     10.45841481
     61.40000000	      5.94368709	    287.63956786	    258.99034473	    531.63340467	      4.83372588	     10.74731907
     61.43330000	      5.99928204	    307.45934575	    276.30708840	    598.79269975	      4.70754215	     10.65537902
     61.46670000	      6.10616050	    280.59994225	    251.82654353	    558.88009517	      4.40061988	     10.22812322
     61.50000000	      6.15283473	    286.92109887	    257.36780770	    568.44436239	      4.18373007	      9.96979614
     61.53330000	      6.18243043	    336.38918860	    313.54239630	    631.13652444	      4.22756109	     92.36083551
     61.56670000	      6.30863233	    318.45062807	    278.34380230	    622.30373480	      4.39833277	     10.18095888
     61.60000000	      6.64545575	    345.06813055	    321.60034936	    604.62500848	      4.43883490	    188.83273864
     61.63330000	      6.65277490	    232.91844190	    208.81183725	    464.55146210	      4.14631300	      9.71842525
     61.66670000	      6.46001873	    202.10519907	    181.34491971	    388.96634189	      4.00777767	      9.64806656
     61.70000000	      6.25552289	    298.76129594	    268.34991196	    570.13057503	      3.97932607	      9.65523874
     61.73330000	      6.42508603	    318.20360922	    286.99827511	    595.66587487	      4.01823625	      9.62877631
     61.76670000	      6.84386507	    401.18583737	    350.50288194	    572.87518137	      4.03049523	    299.80354468
     61.80000000	      7.00642055	    317.73412140	    295.98922246	    559.42798698	      4.02599815	     41.29423769
     61.83330000	      6.67690297	    174.60143216	    157.75064844	    281.73175166	      4.09796548	      9.56272524
     61.86670000	      5.98286761	    148.34355882	    134.16312848	    228.57573898	      4.27415262	     10.01418276
     61.90000000	      5.73017664	    276.58055015	    249.97405366	    473.67271155	      4.47327084	     10.48870878
     61.93330000	      5.82789828	    319.18668226	    435.27838094	    676.85275361	      4.30914036	     95.66051827
     61.96670000	      6.11827936	    336.73727585	    304.37365970	    611.76242362	      4.06822564	      9.76419541
     62.00000000	      6.37869533	    317.24182071	    286.43273148	    560.49480336	      3.94984254	      9.54195053
     62.03330000	      6.12576659	    207.05865280	    187.20610518	    345.17471204	      3.97443320	      9.63339241
     62.06670000	      5.87821147	    181.98555898	    164.67720450	    302.62445048	      4.02506287	      9.82783914
     62.10000000	      5.77536992	    257.77156826	    233.29064224	    447.84029009	      3.97471227	      9.84067124
     62.13330000	      6.00448834	    354.95095757	    321.32127023	    623.25804036	      3.85882934	      9.72361927
     62.16670000	      6.22616253	    348.57784052	    316.53806385	    595.15995881	      3.75542773	      9.88637006
     62.20000000	      6.39339206	    363.76863284	    336.94971332	    581.51960961	      3.78591088	     52.50643145
     62.23330000	      6.41643143	    367.31117650	    334.20113912	    573.50690113	      3.99873499	      9.58433279
     62.26670000	      6.34197690	    384.78487670	    350.40906540	    593.90522615	      4.44862053	     10.01121829
     62.30000000	      6.36408710	    393.29862003	    357.89593404	    628.22605676	      4.95440680	     10.54588958
     62.33330000	      6.61704312	    347.79160195	    316.04701509	    584.18839879	      4.92147430	     10.36315127
     62.36670000	      6.88553040	    264.89611878	    240.55082896	    454.41147283	      4.43012079	      9.79329983
     62.40000000	      6.86479832	    213.25129708	    193.78191896	    350.82363643	      4.10692245	      9.55784567
     62.43330000	      6.59068913	    271.72240307	    247.24194676	    421.83150646	      4.11744702	      9.62943562
     62.46670000	     17.15257828	    358.09591386	    519.54873935	    510.30456960	      7.70886209	    440.77059785
     62.50000000	      6.57483498	    434.08222131	    405.80346818	    652.80994036	      5.03200160	    102.34138217
     62.53330000	      6.85846401	    376.63090575	    370.26609563	    634.51171501	      5.17677693	     21.32353810
     62.56670000	      6.70840541	    191.85956150	    174.18205248	    320.88705814	      4.92425674	     10.15539426
     62.60000000	      6.34932484	     77.99814069	     70.78948873	    128.93034729	      4.39442524	      9.94814661
     62.63330000	      5.98525064	    148.26967815	    134.58831383	    244.39645923	      4.03770873	      9.72361444
     62.66670000	      5.91243452	    282.08228583	    256.25796521	    459.98987749	      3.84826229	      9.58719151
     62.70000000	      6.04705574	    342.83981326	    311.86422859	    542.28349719	      3.80982013	      9.53033906
     62.73330000	      6.01966658	    339.46129559	    309.19783734	    519.84231915	      3.94730177	      9.66311184
     62.76670000	      5.95942932	    344.04462871	    313.56089449	    526.01621212	      4.19075490	      9.97015232
     62.80000000	      5.99558494	    373.78159153	    340.50385362	    589.87716691	      4.37805651	     10.22702657
     62.83330000	      6.17301891	    382.59094808	    348.28842431	    620.96720493	      4.30850631	     10.01861753
     62.86670000	      6.37342156	    350.11203427	    318.69001325	    567.78247102	      4.17337211	      9.73526749
     62.90000000	      6.52795406	    304.41704723	    277.28524738	    482.48005842	      4.10747546	      9.63801361
     62.93330000	      6.48513920	    287.09917910	    261.75855144	    446.98029818	      4.11064442	      9.64417010
     62.96670000	      6.48760957	    333.95944799	    304.75414102	    515.54538626	      4.10629793	      9.63187603
     63.00000000	      6.69066469	    399.95188612	    368.41984456	    590.32385172	      4.13355210	     49.09737291
     63.03330000	      6.96987726	    449.08704757	    434.09689814	    587.03780767	      4.31944197	    202.88327288
     63.06670000	      7.11659112	    407.48327939	    385.11445757	    596.27979759	      4.83809296	     23.13973319
     63.10000000	      7.04747128	    307.76694256	    281.49599942	    452.29956859	      5.07260850	     10.15516885
     63.13330000	      6.81625202	    214.30358797	    195.89343851	    319.05922125	      4.96172354	     10.12568210
     63.16670000	      6.35826818	    245.60422724	    224.39724746	    357.39183361	      4.83218658	     10.14959055
     63.20000000	      5.99180520	    330.75698293	    301.95175520	    479.12453708	      5.07019630	     10.59747899
     63.23330000	      5.86736721	    380.88693718	    347.01711787	    582.61569121	      5.34076874	     11.03424862
     63.26670000	      5.96135634	    391.27010338	    355.49591291	    648.71818401	      5.20500358	     10.85233109
     63.30000000	      6.42112726	    349.30479304	    326.82778589	    609.05792195	      4.53267746	      9.86704340
     63.33330000	      6.77107409	    350.30989811	    321.37560538	    560.96822826	      4.00238161	     46.62910782
     63.36670000	      6.73707737	      6.46941640	    444.66756793	    556.51626865	      3.97597862	    168.03202109
     63.40000000	      6.39932181	    326.15260804	    297.23656328	    471.85554815	      4.23235946	      9.66230060
     63.43330000	      5.96981704	    294.57207439	    268.59260919	    430.92679058	      4.56989414	     10.04438707
     63.46670000	      5.80563684	    286.06605601	    260.71169425	    436.35244656	      4.37463554	     10.03489837
     63.50000000	      5.79461105	    297.84756270	    271.41654777	    457.73137900	      4.03584958	      9.71965666
     63.53330000	      5.77017056	    346.76350518	    316.24609265	    516.51015281	      3.88530056	      9.59992733
     63.56670000	      5.71086846	    423.18181200	    386.32679419	    614.55514234	      4.01186426	      9.73627813
     63.60000000	      5.68565424	    471.10416049	    415.83442300	    675.60800386	      4.32650125	     11.28782182
     63.63330000	      5.73356995	    445.42760508	    406.37142397	    669.12154319	      4.71854334	     10.45438463
     63.66670000	      5.81355930	    375.18751146	    341.84124938	    581.74333264	      4.70714093	     10.46464594
     63.70000000	      5.86940732	    335.54315250	    305.42580704	    529.23634691	      4.45958657	     10.15930460
     63.73330000	      5.90676200	    353.07582651	    321.24200574	    557.71322032	      4.26491560	      9.95658413
     63.76670000	      5.95889693	    392.43249375	    357.01005129	    620.64629629	      4.23376408	      9.86265192
     63.80000000	      6.05334816	    395.89130818	    351.91499060	    616.28783200	      4.21032627	     14.46763177
     63.83330000	      6.24431810	    401.68831177	    371.89614734	    602.27276194	      4.15847001	     88.65694589
     63.86670000	      6.32512215	    374.19568717	    340.83891709	    577.31103051	      4.11937557	      9.63001473
     63.90000000	      6.29351086	    374.53014444	    341.46686389	    564.87435618	      4.17083149	      9.67264849
     63.93330000	      6.22087521	    379.73836343	    346.44577449	    567.22406846	      4.27275591	      9.77117188
     63.96670000	      6.17901323	    375.95811101	    343.10794188	    562.19743589	      4.35071868	      9.82210581
     64.00000000	      6.16651410	    366.52979897	    334.55465616	    547.96362201	      4.32673992	      9.81226527
     64.03330000	      6.13713140	    365.83204975	    333.99026053	    542.95329444	      4.29712800	      9.79915165
     64.06670000	      6.07458645	    376.82887230	    344.11564396	    554.67726608	      4.33980303	      9.83951716
     64.10000000	      5.99830569	    382.99254307	    349.74870695	    562.65312741	      4.47955408	     10.01640908
     64.13330000	      5.92772762	    366.82990781	    334.88388842	    542.01628798	      4.59280354	     10.14266236
     64.16670000	      5.87301464	    320.99675946	    292.87268576	    479.36353940	      4.59920464	     10.18666545
     64.20000000	      5.79446005	    266.77889024	    243.24158775	    403.49059109	      4.46013629	     10.17445980
     64.23330000	      5.71640701	    252.66863778	    230.29163971	    387.28596054	      4.26194513	     10.15490440
     64.26670000	      5.66617596	    319.71223886	    291.20249932	    496.58900779	      4.15745146	     10.03294804
     64.30000000	      5.74963007	    424.01468045	    386.72834018	    664.30035459	      4.14707692	      9.99939116
     64.33330000	      6.08835549	    411.56829018	    381.77821520	    633.83566231	      4.20940310	     57.28484487
     64.36670000	      6.33690414	    448.48095051	    411.76440662	    615.16111251	      4.29380577	    206.05019009
     64.40000000	      6.20622133	    235.70791965	    214.65810905	    360.93693521	      4.40942930	      9.96012954
     64.43330000	      6.04827732	    279.36299715	    254.33165794	    440.43632489	      4.34766790	     10.07809818
     64.46670000	      6.41817882	    419.05729810	    353.35280260	    602.73444083	      4.16022130	    124.45674613
     64.50000000	      7.47247214	    360.41425970	    318.40517208	    513.81216053	      4.00290389	     12.29407931
     64.53330000	      7.62107648	    336.63445720	    307.87355751	    443.02459504	      4.64114673	      9.26232347
     64.56670000	    554.37749665	    327.73268744	    299.91087413	      7.81502573	    414.21808675	     11.61616198
     64.60000000	    372.03665701	    373.47439545	    356.01559236	      9.33324896	    529.42438001	     13.27087500
     64.63330000	     63.25051654	     11.38062680	     10.21449968	      9.36158260	     80.69398153	     13.77600058
     64.66670000	      3.70623165	    339.84299235	    182.79306783	    875.44627401	      4.56300551	     33.22676363
     64.70000000	      4.73341295	    205.16151967	    142.26974937	    788.56745374	      4.48161578	     18.46865540
     64.73330000	      6.40604132	    116.04283735	    104.10910271	    659.56195978	      4.23457180	     50.96908105
     64.76670000	      9.30364633	    101.38102692	     86.66485736	    495.66751300	      3.90529791	     50.56465190
     64.80000000	     10.47554164	    166.26106754	    184.34300078	    404.43416776	      3.60102299	    267.78709155
     64.83330000	     10.67403047	    180.17355091	    152.33760976	    332.02113686	      3.45780915	    179.33820261
     64.86670000	    189.71859798	     18.27342435	     16.45822896	      3.74421732	     16.61484840	      8.51902701
     64.90000000	    663.08657886	    371.36469766	    352.10351112	      7.99875090	    606.97525045	     13.15310187
     64.93330000	    404.77285050	    155.80973131	    137.88041187	      8.88736589	    426.90752799	     14.46521846
     64.96670000	      4.84897554	    195.58421499	    159.82933356	    773.07940619	      4.56081977	    238.15068285
     65.00000000	      7.00574369	     68.79227483	     74.21732844	    583.15038640	      3.31441031	     43.64617911
     65.03330000	      9.69831658	    138.25117748	     33.99069926	    390.72398608	      2.29051266	    171.19685263
     65.06670000	    169.63756553	      8.30819766	      7.87720372	      5.18589307	     17.35027191	     36.09064493
     65.10000000	    470.19395983	     39.38862617	     36.15170351	      4.29836688	     34.62339128	      8.35210542
     65.13330000	      5.16959004	    122.21006777	    112.21943331	    109.03992850	      4.34431009	     10.89705637
     65.16670000	      5.47914130	    486.56463383	    465.46191585	    759.32214100	      5.32902723	     11.53300913
     65.20000000	      7.43968673	    471.78550936	    439.19539497	    616.61258213	      5.28591132	    235.35528292
     65.23330000	      8.17216543	    269.44833825	    245.63113742	    429.78439134	      5.35074538	      9.85979522
     65.26670000	    346.13804477	     13.69554472	     12.57131358	      5.99739050	    114.39904162	     10.19092439
     65.30000000	    265.47418843	     14.21449734	     13.03164689	      6.91447048	     93.74581628	     10.10180569
     65.33330000	      5.28319589	    429.82193805	    391.47662550	    649.79598566	      4.10884295	     10.55499746
     65.36670000	      5.62347977	    448.92677471	    427.83709025	    667.47068329	      5.71449046	     12.02561650
     65.40000000	      6.62669609	    397.70238935	    383.15430146	    775.74268442	      6.15384920	     25.21863577
     65.43330000	      7.47251167	    183.13068229	    164.04463938	    429.03557355	      5.85814755	     11.65018763
     65.46670000	     79.38635611	      5.71275047	      5.36300984	      6.14886198	     36.28183790	     11.12766310
     65.50000000	      6.38696949	     15.26622207	     13.61862845	     12.05429377	      4.86149725	     10.73131675
     65.53330000	      6.06846058	    204.88030349	    182.23967831	    457.65674943	      4.57094718	     10.64154287
     65.56670000	      6.10333039	    277.88174405	    253.64536737	    658.43564972	      4.47868263	     15.15495504
     65.60000000	      6.28860905	    387.93667635	    361.30733244	    628.78820149	      4.40252902	    473.79688293
     65.63330000	      6.47510298	    269.38747486	    245.32739374	    609.43483574	      4.34036712	     71.00768020
     65.66670000	      6.43304436	    246.82944761	    232.21053404	    610.15848023	      4.30040734	     10.20191925
     65.70000000	      6.32006998	    249.95873334	    221.40529937	    603.82494186	      4.23820251	     10.04275289
     65.73330000	      6.25956884	    254.53097047	    225.37688585	    617.92641109	      4.17594273	     10.06790495
     65.76670000	      6.19512221	    259.25683122	    229.46488275	    631.88893829	      4.19492049	     10.20833242
     65.80000000	      6.12446412	    260.34260225	    233.78319399	    648.81081379	      4.29069310	     11.85601706
     65.83330000	      6.11942790	    263.88045915	    230.89716955	    653.47949697	      4.35069059	     36.45566089
     65.86670000	      6.20505097	    237.11667852	    222.32485765	    641.06124070	      4.28899035	     17.78515464
     65.90000000	      6.32106071	    303.19589120	    197.73005814	    620.50631992	      4.14250928	    128.67093068
     65.93330000	      6.37838420	    230.16590365	    197.67542741	    608.89650692	      4.04245049	     11.56261851
     65.96670000	      6.36281356	    255.74387266	    231.20805433	    612.21484804	      4.06892951	    106.14515800
     66.00000000	      6.33660412	    261.25927749	    178.94630110	    619.18186639	      4.15001273	     20.85485157
     66.03330000	      6.33971879	    470.64128541	    391.56038136	    621.19203486	      4.20714990	    764.66537478
     66.06670000	      6.35293205	    324.75926641	    252.64935686	    620.95431131	      4.24291124	    269.35123738
     66.10000000	      6.35537583	    339.96438359	    314.47787790	    621.53198058	      4.25991431	    418.24309091
     66.13330000	      6.36385893	    352.11619448	    326.42840268	    619.33010087	      4.21706243	    480.92758386
     66.16670000	      6.38938712	    307.23272397	    281.56884722	    612.55381186	      4.10948681	    331.13510234
     66.20000000	      6.40878362	    311.97548387	    287.81121708	    607.48566593	      4.02383694	    357.79868004
     66.23330000	      6.80592145	    310.74077989	    286.29787390	    608.00749842	      4.75345478	    339.69098254
     66.26670000	      6.37506216	    239.25675014	    200.86249399	    613.70383550	      4.06821654	     83.01641291
     66.30000000	      6.40167927	    208.61651275	    186.46266192	    608.09188174	      3.99338224	     23.51147776
     66.33330000	      6.50556289	    444.30543921	    461.39214505	    600.50570206	      3.89496268	    896.22248744
     66.36670000	      6.54273966	    260.89621789	    237.14527103	    598.07329645	      3.86633565	    197.47425903
     66.40000000	      6.44250562	    209.21697697	    203.46866099	    603.48783706	      3.93002033	     22.12656930
     66.43330000	      6.34793695	    216.82304589	    202.96595391	    616.70360256	      4.07479659	     24.51206197
     66.46670000	      6.32333488	    277.37856479	    266.11230160	    622.52994760	      4.13252674	    246.23624064
     66.50000000	      6.35406643	    308.05545236	    279.57686126	    616.66414562	      4.05149042	    341.09105977
     66.53330000	      6.40260088	    445.41434044	    404.72639452	    606.81027399	      3.94167801	    797.22535723
     66.56670000	      6.44559871	    192.29444566	    198.97596941	    603.31322394	      3.91487281	     17.54603150
     66.60000000	      6.44800781	    200.75749421	    189.99793995	    603.64687519	      3.93188332	     15.07585253
     66.63330000	      6.42632628	    272.79208494	    250.74922587	    605.07868979	      3.95585131	    232.83099763
     66.66670000	      6.42096196	    324.60843433	    291.85552533	    605.01608857	      3.94718782	    393.68900990
     66.70000000	      6.43739356	    237.82266554	    148.68486222	    603.28287384	      3.90873318	      9.79811355
     66.73330000	      6.44684204	    202.83778680	    374.67634071	    602.09326296	      3.88342000	    317.98267468
     66.76670000	      6.44002814	    216.00562158	    191.83265044	    602.72319086	      3.90061368	     32.90539009
     66.80000000	      6.45057807	    215.12592084	    187.97810749	    603.37733923	      3.93850195	     10.51745901
     66.83330000	      6.49007449	    321.77747096	    308.40353058	    602.33209815	      3.95481597	    402.14260835
     66.86670000	      6.48783809	    291.69813671	    268.46647833	    602.05512208	      3.94600791	    282.23313335
     66.90000000	      6.38239454	    237.78854792	    172.91170773	    607.27592587	      3.95759475	      9.82415677
     66.93330000	      6.29425690	    237.24624286	    187.97780081	    625.17459078	      4.08153061	     10.28840360
     66.96670000	      6.27838846	    207.93650721	    220.69954247	    635.25795915	      4.30440393	     17.21594973
     67.00000000	      6.38209139	    226.61229081	    206.67548851	    624.40882254	      4.37584481	     86.29622364
     67.03330000	      6.52403866	    164.43744922	    144.10762474	    508.42116703	      4.09931809	     10.01851678
     67.06670000	      6.39339782	     21.41081676	     18.93860372	     41.92621737	      3.66953071	      9.57982054
     67.10000000	     54.83297657	      6.62499769	      6.16473901	      6.27214237	     15.75202595	     10.18295377
     67.13330000	      5.58744091	     99.21155220	     87.22709208	    208.35527463	      3.39290866	      9.80776686
     67.16670000	      5.19158015	    324.26878231	    280.05709286	    762.64289096	      4.25895740	    151.50312128
     67.20000000	      5.58842116	    192.16996028	    167.68124091	    731.41645996	      4.94405975	     12.51589862
     67.23330000	      6.67579726	    196.71273772	    183.25641846	    617.10354140	      4.46529759	    265.47081626
     67.26670000	      7.41823180	     68.62202246	     59.44983999	    325.37918025	      3.82404463	      9.21204749
     67.30000000	      7.16153741	     58.34706021	     50.66679846	    206.50328833	      3.60678657	      9.02013322
     67.33330000	      6.80200343	    117.16975719	    102.05494711	    421.01063619	      3.55517497	      9.10036693
     67.36670000	      6.71165768	     46.14202892	    330.77969990	    591.95592361	      3.68728694	     96.78210615
     67.40000000	      6.79650523	    181.11328917	    158.96583970	    603.34843390	      3.94327596	     11.30081556
     67.43330000	      6.79055096	    167.52687191	    146.58103175	    569.02460607	      4.22661827	     10.21149312
     67.46670000	      6.76913317	    125.75239885	    109.93000803	    441.50925760	      4.30962124	     10.38211732
     67.50000000	      6.75708285	    126.83371114	    110.76566077	    462.64803721	      4.21269411	     10.29961718
     67.53330000	      6.79521356	    168.14303973	    154.69274498	    618.31498523	      4.28059893	     31.60153975
     67.56670000	      6.91351265	    213.27369062	    193.56808393	    611.09961434	      4.54626708	    190.31340412
     67.60000000	      7.22908646	    143.02925336	    125.30553253	    585.44946857	      4.48793992	     45.55639726
     67.63330000	      7.81746838	     94.19495690	     81.95714178	    460.16902561	      3.87392807	      9.08931420
     67.66670000	      8.27873586	    114.79952987	    100.30071217	    460.47250919	      3.34277154	      8.15104213
     67.70000000	      8.46392871	    175.24181585	    154.41160747	    482.88185382	      3.12827406	      7.91481085
     67.73330000	      7.83225744	    187.52059668	    166.45699067	    373.18476065	      3.54314421	      8.82846264
     67.76670000	      6.48055624	    125.45938206	    111.68447507	    198.29113364	      4.79731546	     10.80929314
     67.80000000	      5.76934437	     74.73902368	     66.28047141	    130.02056797	      5.48474315	     12.47732486
     67.83330000	      5.58875473	    101.86170267	     89.60493210	    329.28217215	      5.35725613	     12.77447377
     67.86670000	      6.05970077	    252.59658251	    231.91903243	    698.00957246	      4.68582152	    343.51420758
     67.90000000	      7.36046803	    194.41034646	    180.00477166	    575.55695755	      3.79989649	    243.50227210
     67.93330000	      8.63675998	    397.07906690	    379.96551842	    515.34407637	      3.59832384	    828.40139995
     67.96670000	      8.49207171	     70.34186199	     61.80143534	    163.26576305	      3.77088764	      8.93182451
     68.00000000	    213.74550720	      6.11724407	      5.77756374	      5.62439559	     68.40713792	     47.75502968
     68.03330000	     79.51437136	      6.81192583	      6.44136650	      6.21066241	     17.42805039	     11.36950509
     68.06670000	      6.24426645	    416.51893795	    401.14881845	    682.97015078	      4.30056863	    389.18383164
     68.10000000	      8.63976356	    275.16159955	    265.45519543	    578.46828324	      5.92929823	     57.19590417
     68.13330000	      9.18873717	    153.94967926	    116.64446849	    508.16194167	      6.06342574	     14.19693005
     68.16670000	    666.31381432	      5.83422107	      5.45103945	      5.39545269	    364.74312574	     12.23573295
     68.20000000	    695.88815485	    172.26321979	    164.58386540	      5.75873926	    369.75695420	    599.70057978
     68.23330000	    561.79722308	    129.97338764	    127.16110992	      5.96029530	    245.02840035	    593.30422207
     68.26670000	      4.93390487	    200.51809958	    177.36798076	    510.49334363	      2.09035684	      8.08980349
     68.30000000	      5.20556425	    412.32232384	    378.39481497	    710.60390114	      3.02099650	    261.30556173
     68.33330000	      6.31201250	    353.21002275	    309.27506213	    709.15018913	      5.14863951	     35.04537856
     68.36670000	      7.07320782	    104.29241320	     92.47735370	    299.17319964	      5.28614120	     11.27593625
     68.40000000	     38.30200963	      5.10699371	      4.80946762	      6.15253786	     27.60882683	     25.58272668
     68.43330000	      6.81381698	    177.36711134	    156.91748393	    485.73141574	      3.74740802	      9.39237789
     68.46670000	      7.35967637	    375.14985823	    375.89416036	    560.36394703	      3.74763402	    598.78968461
     68.50000000	      7.80295192	    254.44367592	    223.30250037	    545.35990399	      3.93016288	     79.13960307
     68.53330000	      7.78931041	    142.69129017	    127.29832298	    318.93082459	      3.92587743	      9.30968095
     68.56670000	      7.44741735	    107.90602009	     96.55593155	    220.00777236	      3.78422536	      9.16647513
     68.60000000	      7.03624278	    286.36975654	    256.97290125	    547.01683551	      3.92885210	      9.42068341
     68.63330000	      6.87918260	    334.93342360	    305.16583453	    613.91801613	      4.72763006	     44.69643260
     68.66670000	      7.00520034	    333.47095419	    305.10196451	    649.65589951	      5.30585946	     52.17117831
     68.70000000	      6.98158171	    192.91588747	    172.69890041	    418.27871105	      5.17929899	     10.76002988
     68.73330000	      6.97061498	    131.54429441	    117.60656349	    291.32874749	      4.56849225	      9.86318495
     68.76670000	      6.88929307	    232.37619762	    207.83179836	    482.70983157	      4.08992604	      9.58395739
     68.80000000	      6.84765155	    300.00887596	    270.93406096	    583.37583074	      4.12427810	     44.96199630
     68.83330000	      6.96984510	    366.99682983	    347.46275247	    577.05855183	      4.17152864	    311.06393648
     68.86670000	      7.22037892	    279.87725516	    250.21657626	    547.00033720	      3.93716829	     12.53879031
     68.90000000	      7.29789654	    507.25592188	    525.20309099	    525.58819448	      3.76393619	    894.83606062
     68.93330000	      6.88789232	    356.57341573	    322.20333747	    558.26541626	      4.22135848	      9.54855345
     68.96670000	      5.79172142	    281.25000631	    254.10559970	    407.77437387	      5.60666921	     11.63022399
     69.00000000	      5.19917071	    208.93472087	    187.57422020	    370.42131451	      5.92136951	     12.85975102
     69.03330000	      5.22653443	    190.94650157	    169.79167308	    472.52217030	      5.55627920	     12.72092980
     69.06670000	      5.62800050	    175.79165863	    155.17679427	    505.21955739	      4.70387399	     11.54657814
     69.10000000	      5.92068576	    199.70327845	    175.75186076	    571.02057732	      3.79792546	     10.18643542
     69.13330000	      6.08227460	    230.81152963	    206.23758686	    621.44549199	      3.57002495	     37.05172667
     69.16670000	      6.36194620	    471.22743512	    447.92653265	    589.33011412	      3.48463441	    914.79964255
     69.20000000	      6.89148762	    251.77168572	    224.07999759	    564.50065744	      3.48594584	     76.46858530
     69.23330000	      6.73692158	    354.75975613	    344.55225314	    580.12288253	      3.77125058	    380.56932940
     69.26670000	      6.13256693	    243.04352778	    215.70539710	    528.48334230	      4.47760830	     10.54524869
     69.30000000	      5.86520807	    240.13585288	    212.64832589	    584.75550370	      4.89237389	     11.44961269
     69.33330000	      8.35853929	    286.62731490	    263.02575547	    685.86873838	      6.71606424	    170.74211809
     69.36670000	      6.36476471	    316.13553161	    291.21612062	    618.49027776	      4.02846699	    375.04323717
     69.40000000	      6.85004452	    233.28925746	    189.29334381	    581.25709971	      3.76386501	     59.44795237
     69.43330000	      6.81647392	    239.82952874	    211.92769430	    583.51275640	      3.83086773	     51.07924727
     69.46670000	      6.43403038	    399.04844849	    419.39144602	    608.03405701	      4.12338745	    647.89535516
     69.50000000	      6.27816784	    239.54882360	    211.45319603	    626.16584641	      4.41680619	     10.47359684
     69.53330000	      6.29533243	    237.96335051	    210.08362628	    635.89225199	      4.32579752	     37.25268319
     69.56670000	      6.42867575	    302.78071296	    293.81036778	    608.62303315	      4.00844046	    342.98724416
     69.60000000	      6.56553280	    228.89949152	    204.59509996	    594.37074631	      3.82925629	     61.03731704
     69.63330000	      6.64560573	    225.34918717	    211.59727490	    587.50126544	      3.75001396	     44.49411255
     69.66670000	      6.75404331	    452.29852674	     10.95916595	    580.55757404	      3.72129374	     70.26935904
     69.70000000	      7.00688484	    333.30154254	    316.18124959	    563.33744918	      3.63228012	    396.44444041
     69.73330000	      7.25794962	    244.01143883	    217.00301462	    537.20717957	      3.44167031	     60.01185496
     69.76670000	      7.27518829	    221.45845699	    197.93889063	    462.43803456	      3.27556622	      8.60549771
     69.80000000	      6.95237902	    225.92189763	    203.05487056	    409.16822097	      3.30349905	      8.88794668
     69.83330000	      6.39346262	    290.35951782	    262.06929530	    487.19197534	      3.59129872	      9.19914087
     69.86670000	      6.05142044	    347.21977480	    314.06411509	    577.10804582	      4.03833341	      9.74749751
     69.90000000	      6.05775543	    339.87060454	    307.42074153	    578.54225639	      4.57051636	     10.43804221
     69.93330000	      6.01971347	    287.79619332	    259.91822238	    511.11662505	      4.85210718	     10.79696886
     69.96670000	      6.01935895	    249.34762652	    224.70969989	    467.50459288	      4.81352905	     10.83395674
     70.00000000	      6.08464393	    252.21734608	    226.84442277	    496.34391701	      4.55319155	     10.56780746
     70.03330000	      6.20430305	    274.70083406	    246.76445673	    548.93077830	      4.23930252	     10.18801579
     70.06670000	      6.28565173	    293.73113733	    263.72699233	    580.68120555	      4.23351122	     10.11231169
     70.10000000	      6.31039790	    305.02539933	    273.69595387	    607.93942285	      4.52367603	     10.40417774
     70.13330000	      6.39594492	    302.74746235	    271.30680221	    630.51100903	      4.67472075	     10.51634646
     70.16670000	      6.57978472	    276.21260848	    247.22913254	    594.13250919	      4.49993383	     10.16073318
     70.20000000	      6.72954501	    225.72611859	    201.97592888	    472.13918360	      4.33408981	      9.91002345
     70.23330000	      6.43156768	    175.32445280	    156.84442773	    341.45184407	      4.63424256	     10.46983582
     70.26670000	      6.05627401	    157.94125487	    141.02501112	    310.20821927	      5.10705113	     11.55292583
     70.30000000	      5.75255579	    196.99628464	    175.09852899	    476.22717026	      5.25421662	     11.97442051
     70.33330000	      6.09363930	    313.57126742	    282.82651495	    696.85736586	      4.82529702	    283.65677483
     70.36670000	      7.06766342	    276.18154697	    249.49178877	    578.28001512	      3.91370854	    300.02332572
     70.40000000	      7.68880813	    318.37278780	    263.62556740	    537.51367660	      3.65732603	    349.20245838
     70.43330000	      7.71945285	    214.62500041	    190.63639449	    504.05777942	      3.73491749	      9.00829912
     70.46670000	      7.65409549	    228.36355505	    203.57279208	    519.50244352	      3.70534545	      8.99407565
     70.50000000	      7.69804610	    256.09032913	    241.06173551	    523.24348799	      3.59507971	     32.36752978
     70.53330000	      7.52068274	    350.62088245	    307.00980165	    537.17848132	      3.78928305	    187.70470691
     70.56670000	      7.01145484	    343.27259507	    309.35120405	    588.10787071	      4.68106729	      9.95713617
     70.60000000	      6.22525124	    305.85286312	    275.25200466	    545.94604179	      5.52658130	     11.46396623
     70.63330000	      5.99418657	    221.97972859	    198.83693915	    450.61918696	      5.65618434	     12.00213290
     70.66670000	      5.98154457	    170.57507976	    151.93877643	    399.85613021	      5.37862618	     11.78212433
     70.70000000	      6.08554386	    185.52397764	    164.53828891	    468.57445613	      4.90248666	     11.16594641
     70.73330000	      6.20180464	    236.57712368	    209.28559856	    613.28901598	      4.49174610	     10.60371325
     70.76670000	      6.29491674	    245.22438454	    215.34455748	    636.10392443	      4.34504972	     11.70275594
     70.80000000	      6.37363711	    315.97290492	    293.82669338	    625.48808936	      4.34215969	    303.46362706
     70.83330000	      6.46238581	    268.34587554	    240.06393854	    614.19990972	      4.31870562	    144.68169272
     70.86670000	      6.61074009	    474.34718197	    357.26334260	    603.88272056	      4.28243073	    727.01818450
     70.90000000	      6.76230707	    275.09030051	    184.58956458	    597.90150583	      4.31008025	     72.73561721
     70.93330000	      6.85687724	    228.13442958	    204.35090380	    594.71092604	      4.37940514	     36.10834573
     70.96670000	      6.86374793	    300.58545700	    267.08039660	    595.73981449	      4.42140678	    264.95782181
     71.00000000	      6.68405752	    219.33844494	    193.25014764	    580.89261211	      4.33796875	      9.96675662
     71.03330000	      6.48723676	    227.56428072	    203.06623878	    606.77650888	      4.24665015	     10.98732486
     71.06670000	      6.37890076	     23.41051553	    432.01335472	    612.94033999	      4.23086691	     50.22974971
     71.10000000	      6.44847634	    242.60371688	    218.72018276	    611.99961155	      4.58008233	     55.84093315
     71.13330000	      6.51812422	    233.94595890	    210.93171128	    609.53289468	      4.42529389	     48.38911315
     71.16670000	      6.53666922	    256.54960523	    225.56684529	    610.03733684	      4.47687173	    107.57053242
     71.20000000	      6.48350534	    224.37532491	    194.15613634	    611.67218130	      4.42119858	     10.42992665
     71.23330000	      7.70190112	    220.16375816	    203.80351393	    609.92731297	      5.67621860	     36.51856506
     71.26670000	      7.21180551	    330.12995731	    109.22922503	    603.71640448	      4.52860952	     67.61732411
     71.30000000	      6.34068463	    220.55535659	    196.58600430	    607.07275278	      3.98118486	     33.90185116
     71.33330000	      6.29208055	    223.93486609	    199.13429033	    608.22867399	      3.94280153	     26.78436367
     71.36670000	      6.25971057	    220.80123870	    192.95421127	    609.61051678	      3.91298670	     11.68649115
     71.40000000	      6.23716555	      7.16124298	    430.40224709	    611.17008399	      3.86710742	     52.12890265
     71.43330000	      6.18815034	    408.03162378	    417.32225621	    617.48602601	      3.84160962	    695.41431282
     71.46670000	      7.80150509	    290.34145462	    269.27737533	    626.97129238	      6.37237638	    251.19924592
     71.50000000	      6.06943274	    282.03797875	    446.21179205	    632.02667921	      3.75216320	    550.53576282
     71.53330000	      6.07908174	    286.15655319	    263.23464477	    628.36167767	      3.66670660	    261.20823399
     71.56670000	      6.12547559	    214.64439627	    190.27868938	    621.56543068	      3.62392883	     32.92217945
     71.60000000	      6.16548709	    320.69638288	    301.40034779	    619.95247780	      3.66563366	    392.92812219
     71.63330000	      6.18794423	    324.45879558	    291.26949648	    623.97696947	      3.76406190	    361.66540313
     71.66670000	      6.20453929	    225.33932144	    191.13017570	    628.48531790	      3.85882326	     30.84288845
     71.70000000	      6.22081854	    206.16099406	    194.93842649	    631.49928777	      3.92767763	     15.28647885
     71.73330000	      6.24554401	    171.00691312	    221.06546686	    631.90971786	      4.00170980	     17.24977849
     71.76670000	      6.30655339	    184.61749392	    183.64450633	    624.75449185	      3.97080304	     13.96411633
     71.80000000	      6.41707079	    208.73599717	    207.30276990	    607.01050341	      3.86390552	    112.35105212
     71.83330000	      6.55866560	    188.19152741	    168.51437232	    596.60351388	      3.77950483	     10.85729471
     71.86670000	      6.55695873	    296.96166945	    256.94515048	    596.67257638	      3.79493458	    318.94757808
     71.90000000	      6.40993290	    482.61581558	    264.43785660	    609.04085133	      3.92010284	    609.76944325
     71.93330000	      6.31837301	    207.73100513	    181.92073114	    628.61984659	      4.12659866	     10.27634799
     71.96670000	      6.32790296	    199.96139918	    173.31772752	    628.97530022	      4.14384231	     14.49060260
     72.00000000	      6.43374752	    295.87999619	    275.73806977	    611.39050699	      3.94658832	    383.19779377
     72.03330000	      6.59085732	    258.97237854	    261.55080873	    597.36412262	      3.84573435	    302.57012646
     72.06670000	      6.66207095	    195.66981060	    169.70866126	    594.71700310	      3.85136589	     13.72575354
     72.10000000	      6.63528852	    467.09982545	    364.92454810	    597.40924988	      3.92734303	    784.85263567
     72.13330000	      6.64783420	    203.70255934	    183.14545623	    597.52427051	      3.95398634	     42.85628622
     72.16670000	      6.72927928	    215.06342761	    193.46710624	    592.59409389	      3.89044444	     83.88496120
     72.20000000	      6.81284274	    274.90785944	    251.40918065	    586.81650546	      3.81988966	    276.35991678
     72.23330000	      6.84949837	    217.25002729	    222.04529026	    584.91755828	      3.83796089	     89.04912655
     72.26670000	      6.83050832	    271.12951019	    246.67653574	    587.48203092	      3.92547702	    211.43875465
     72.30000000	      6.78325931	    227.06032719	    201.75819438	    591.62900302	      4.02762195	     39.17155037
