Coordinates
version=1
nRows=2170
nColumns=3
inDegrees=yes

Units are S.I. units (second, meters, Newtons, ...)
If the header above contains a line with 'inDegrees', this indicates whether rotational values are in degrees (yes) or radians (no).

endheader
time	r_shoulder_elev	r_elbow_flex
      0.00000000	     52.87626878	     26.73686169
      0.03330000	     51.34537329	     29.83540354
      0.06670000	     50.06681528	     32.57396956
      0.10000000	     49.34631479	     34.22664447
      0.13330000	     49.24963277	     34.43572846
      0.16670000	     49.56556941	     33.56155818
      0.20000000	     49.97606804	     32.43024347
      0.23330000	     50.26903405	     31.70748361
      0.26670000	     50.43822175	     31.42512173
      0.30000000	     50.59173180	     31.14755333
      0.33330000	     50.78765500	     30.58015167
      0.36670000	     50.99072192	     29.85845544
      0.40000000	     51.15748419	     29.28816817
      0.43330000	     51.27694763	     29.04752151
      0.46670000	     51.32024451	     29.14653665
      0.50000000	     51.23015317	     29.48531928
      0.53330000	     51.01178110	     29.84460401
      0.56670000	     50.76012998	     29.99646584
      0.60000000	     50.56009928	     29.93534993
      0.63330000	     50.37132252	     29.92076365
      0.66670000	     49.98557208	     30.33065400
      0.70000000	     49.13324424	     31.39783719
      0.73330000	     47.66799146	     33.15061180
      0.76670000	     45.75944847	     35.36189726
      0.80000000	     43.86895185	     37.53318376
      0.83330000	     42.37182084	     39.19772168
      0.86670000	     41.21237357	     40.30305199
      0.90000000	     40.10456426	     41.04465970
      0.93330000	     38.93792305	     41.52388931
      0.96670000	     37.79575858	     41.81390883
      1.00000000	     36.68191815	     42.17639723
      1.03330000	     35.44286293	     43.02684659
      1.06670000	     33.90128215	     44.90077706
      1.10000000	     32.05935701	     48.12587210
      1.13330000	     30.21971346	     52.12126982
      1.16670000	     28.80983100	     55.57008747
      1.20000000	     28.02519723	     57.67862523
      1.23330000	     27.79603393	     58.38037122
      1.26670000	     27.94442613	     57.90028017
      1.30000000	     28.27841740	     56.89819247
      1.33330000	     28.62077564	     56.67313656
      1.36670000	     28.92309851	     58.08843516
      1.40000000	     29.34076578	     60.15733914
      1.43330000	     29.94416477	     61.21852592
      1.46670000	     30.73634143	     59.99314545
      1.50000000	     31.98116368	     55.46893005
      1.53330000	     34.00412759	     48.01860818
      1.56670000	     36.31956979	     41.11974404
      1.60000000	     38.03264478	     37.70307014
      1.63330000	     39.02065125	     36.71718776
      1.66670000	     39.64562848	     36.16391411
      1.70000000	     40.26723723	     35.12653637
      1.73330000	     40.95629296	     33.88682431
      1.76670000	     41.51848471	     33.04309316
      1.80000000	     41.84302554	     32.45512772
      1.83330000	     42.06885710	     31.51517133
      1.86670000	     42.42844626	     30.13778373
      1.90000000	     43.01225120	     29.02192326
      1.93330000	     43.77932913	     28.60307827
      1.96670000	     44.69781651	     28.34732495
      2.00000000	     45.69240822	     27.64438221
      2.03330000	     46.55019117	     26.62642933
      2.06670000	     46.99881609	     25.91179352
      2.10000000	     46.91404764	     25.89682960
      2.13330000	     46.39287131	     26.51767351
      2.16670000	     45.57308579	     27.71770949
      2.20000000	     44.50784906	     29.67489150
      2.23330000	     43.32299923	     32.20913176
      2.26670000	     42.39466382	     34.24828526
      2.30000000	     42.11784547	     34.62690370
      2.33330000	     42.40338775	     33.69090186
      2.36670000	     42.57237276	     33.52911355
      2.40000000	     42.11662690	     35.54074688
      2.43330000	     41.51003599	     38.14062649
      2.46670000	     41.72874111	     38.43156935
      2.50000000	     43.12179370	     35.42177485
      2.53330000	     44.96906373	     30.95695864
      2.56670000	     46.19086874	     27.74778757
      2.60000000	     46.43548153	     26.72338421
      2.63330000	     46.14108948	     27.00605703
      2.66670000	     45.82241671	     27.49286683
      2.70000000	     45.59802811	     27.73966845
      2.73330000	     45.37478022	     27.58668042
      2.76670000	     45.21488084	     26.64585704
      2.80000000	     45.26608824	     24.79048971
      2.83330000	     45.35993791	     23.11285449
      2.86670000	     45.02595676	     23.37030150
      2.90000000	     44.10472949	     25.87751213
      2.93330000	     42.99437982	     29.09958801
      2.96670000	     42.21581369	     31.31304412
      3.00000000	     41.98494068	     31.90398249
      3.03330000	     42.18184496	     31.30066261
      3.06670000	     42.54367444	     30.27813958
      3.10000000	     42.82722265	     29.47125923
      3.13330000	     42.87177621	     29.23037891
      3.16670000	     42.64960159	     29.52748370
      3.20000000	     42.30501773	     29.94727164
      3.23330000	     42.06756413	     30.06506542
      3.26670000	     42.01577475	     30.08844784
      3.30000000	     41.91161308	     30.94963136
      3.33330000	     41.36563977	     33.37927626
      3.36670000	     40.17489549	     37.08355967
      3.40000000	     38.53560087	     40.85978417
      3.43330000	     37.00329011	     43.27948524
      3.46670000	     36.01819778	     43.96927573
      3.50000000	     35.38366722	     44.52287171
      3.53330000	     34.52671663	     46.97610783
      3.56670000	     33.27268446	     51.21333973
      3.60000000	     32.01755054	     55.01278157
      3.63330000	     31.25464019	     56.52702969
      3.66670000	     31.19453538	     55.74518322
      3.70000000	     31.62532338	     54.07476112
      3.73330000	     32.08753016	     53.01556264
      3.76670000	     32.30736998	     52.89667188
      3.80000000	     32.41868319	     52.85275912
      3.83330000	     32.74680856	     52.01538840
      3.86670000	     33.43524321	     50.46450262
      3.90000000	     34.26367088	     49.11025168
      3.93330000	     34.92030966	     48.58847072
      3.96670000	     35.39727390	     48.53416053
      4.00000000	     36.02478589	     47.93445545
      4.03330000	     37.12008240	     46.05614173
      4.06670000	     38.62081999	     43.17095529
      4.10000000	     40.11819802	     40.30212858
      4.13330000	     41.23132159	     38.29805119
      4.16670000	     41.88865930	     37.27922125
      4.20000000	     42.28885523	     36.82322348
      4.23330000	     42.70101319	     36.42144918
      4.26670000	     43.31029739	     35.73425655
      4.30000000	     44.15990688	     34.66346518
      4.33330000	     45.11614030	     33.44474032
      4.36670000	     45.93655874	     32.53173285
      4.40000000	     46.40075602	     32.30723111
      4.43330000	     46.43093438	     32.86365412
      4.46670000	     46.14284223	     33.93044391
      4.50000000	     45.81899525	     34.91841433
      4.53330000	     45.74955256	     35.22845647
      4.56670000	     45.99126197	     34.77702394
      4.60000000	     46.33785257	     34.08895408
      4.63330000	     46.54064808	     33.80784442
      4.66670000	     46.49194557	     34.13678663
      4.70000000	     46.15163064	     34.85946399
      4.73330000	     45.43447504	     35.75681875
      4.76670000	     44.33874393	     36.71870643
      4.80000000	     43.06741336	     37.67186225
      4.83330000	     41.83807624	     38.68192472
      4.86670000	     40.59775115	     40.03704305
      4.90000000	     39.13080527	     41.96784183
      4.93330000	     37.45499254	     44.14829908
      4.96670000	     35.95432642	     45.60117450
      5.00000000	     35.00202926	     45.60793102
      5.03330000	     34.52371602	     44.72066607
      5.06670000	     34.06639482	     44.41202309
      5.10000000	     33.35745560	     45.58574101
      5.13330000	     32.72977068	     47.34809905
      5.16670000	     32.78649987	     47.74415345
      5.20000000	     33.69665523	     45.87472848
      5.23330000	     35.07703295	     42.74047707
      5.26670000	     36.40029975	     40.47821656
      5.30000000	     37.56205403	     39.86466442
      5.33330000	     38.93594214	     39.23998246
      5.36670000	     40.71117464	     37.25189570
      5.40000000	     42.65260029	     34.12217370
      5.43330000	     44.29211850	     31.02292375
      5.46670000	     45.24307370	     29.02048768
      5.50000000	     45.45375112	     28.18429506
      5.53330000	     45.15106262	     27.85162733
      5.56670000	     44.63979603	     27.50371863
      5.60000000	     44.19841613	     27.04250515
      5.63330000	     43.99494818	     26.56356310
      5.66670000	     44.00147004	     26.11207394
      5.70000000	     44.05393201	     25.62022451
      5.73330000	     44.03064960	     25.00981719
      5.76670000	     43.91496859	     24.39512526
      5.80000000	     43.67397634	     24.24931921
      5.83330000	     43.18837962	     25.18752655
      5.86670000	     42.42219010	     27.25421147
      5.90000000	     41.63518251	     29.45351263
      5.93330000	     41.26298530	     30.37997649
      5.96670000	     41.49850710	     29.52935926
      6.00000000	     42.00093783	     28.00472540
      6.03330000	     42.16658206	     27.60872245
      6.06670000	     41.87150109	     28.65975710
      6.10000000	     41.71486718	     29.33800603
      6.13330000	     42.26779846	     27.97169721
      6.16670000	     43.34650038	     25.13577373
      6.20000000	     44.20174811	     23.01499165
      6.23330000	     44.39707464	     22.81542898
      6.26670000	     44.24914630	     23.50293154
      6.30000000	     44.31613123	     23.39292435
      6.33330000	     44.73814081	     22.12807922
      6.36670000	     45.19571262	     20.71713445
      6.40000000	     45.34130830	     20.19100815
      6.43330000	     45.14350645	     20.63004109
      6.46670000	     44.81197268	     21.45190532
      6.50000000	     44.48511658	     22.31650777
      6.53330000	     44.09414990	     23.44681605
      6.56670000	     43.56425222	     25.00001602
      6.60000000	     43.07097255	     26.39928368
      6.63330000	     42.94455924	     26.68644466
      6.66670000	     43.28292451	     25.62425274
      6.70000000	     43.77012927	     24.15256443
      6.73330000	     43.96062208	     23.52437015
      6.76670000	     43.71216334	     24.09283555
      6.80000000	     43.23288737	     25.26408287
      6.83330000	     42.79727401	     26.37170813
      6.86670000	     42.50988805	     27.33303391
      6.90000000	     42.30093574	     28.51309270
      6.93330000	     42.04644955	     30.21909441
      6.96670000	     41.66267447	     32.32544967
      7.00000000	     41.16259686	     34.13126529
      7.03330000	     40.65218754	     34.66486093
      7.06670000	     40.29511778	     33.33271445
      7.10000000	     40.26132138	     30.43322288
      7.13330000	     40.43975248	     27.84108529
      7.16670000	     40.26045850	     28.48786583
      7.20000000	     39.37647856	     32.88719417
      7.23330000	     38.04094417	     38.58540175
      7.26670000	     36.69594324	     43.22995389
      7.30000000	     35.77464786	     45.48134867
      7.33330000	     35.41053579	     45.35948139
      7.36670000	     35.29500829	     44.29899870
      7.40000000	     35.09146505	     43.71912510
      7.43330000	     34.93963498	     43.45767936
      7.46670000	     35.26674933	     42.46727105
      7.50000000	     36.19011044	     40.63674636
      7.53330000	     37.29107971	     39.20915428
      7.56670000	     38.06433188	     39.14025906
      7.60000000	     38.45268175	     39.93775901
      7.63330000	     38.80967225	     40.55432411
      7.66670000	     39.50998087	     40.50105484
      7.70000000	     40.57631828	     40.08592738
      7.73330000	     41.65257131	     39.85457036
      7.76670000	     42.33716059	     40.02555172
      7.80000000	     42.53626196	     40.41854452
      7.83330000	     42.57156573	     40.59183988
      7.86670000	     42.98131597	     39.97845484
      7.90000000	     44.10698212	     38.15641731
      7.93330000	     45.77039198	     35.27484540
      7.96670000	     47.43877533	     32.14589314
      8.00000000	     48.68648858	     29.79104433
      8.03330000	     49.38995632	     28.87042115
      8.06670000	     49.58968489	     29.24269720
      8.10000000	     49.29586088	     30.02868810
      8.13330000	     48.50609131	     30.50495404
      8.16670000	     47.45033629	     31.17306654
      8.20000000	     46.60196848	     33.72892897
      8.23330000	     46.29679497	     39.11434626
      8.26670000	     46.31979093	     45.24591149
      8.30000000	     45.88153754	     48.09320488
      8.33330000	     44.59514855	     45.65212101
      8.36670000	     43.15218497	     40.08688504
      8.40000000	     42.20826291	     35.73980095
      8.43330000	     41.86662665	     33.84651086
      8.46670000	     41.90438431	     32.32427991
      8.50000000	     41.95309338	     29.49999448
      8.53330000	     41.76603285	     25.91531862
      8.56670000	     41.28447740	     23.44607017
      8.60000000	     40.56758166	     23.37176066
      8.63330000	     39.65186542	     25.66711224
      8.66670000	     38.49537055	     29.60562174
      8.70000000	     37.22642355	     33.95924520
      8.73330000	     36.22880128	     37.23743174
      8.76670000	     35.78932847	     38.77258951
      8.80000000	     35.83323675	     39.22630131
      8.83330000	     36.12009029	     39.68447651
      8.86670000	     36.63420558	     40.16457683
      8.90000000	     37.59394727	     39.63843490
      8.93330000	     39.07016621	     37.46641001
      8.96670000	     40.78349144	     34.12628586
      9.00000000	     42.28694147	     30.83676015
      9.03330000	     43.37384740	     28.55006683
      9.06670000	     44.24373927	     27.26386124
      9.10000000	     45.18907626	     26.40507434
      9.13330000	     46.18795208	     25.72036717
      9.16670000	     46.96800814	     25.39463328
      9.20000000	     47.37838202	     25.50307518
      9.23330000	     47.57918634	     25.66422325
      9.26670000	     47.87077189	     25.31239431
      9.30000000	     48.34773885	     24.33937000
      9.33330000	     48.79015423	     23.27405638
      9.36670000	     48.93450663	     22.72331951
      9.40000000	     48.76276591	     22.82780548
      9.43330000	     48.50101330	     23.25036668
      9.46670000	     48.35241987	     23.62084342
      9.50000000	     48.33582639	     23.76303628
      9.53330000	     48.39030609	     23.55449859
      9.56670000	     48.49660137	     22.96789033
      9.60000000	     48.57964924	     22.46008362
      9.63330000	     48.34892909	     22.92353453
      9.66670000	     47.40520096	     24.85545956
      9.70000000	     45.57488368	     27.78090975
      9.73330000	     43.29306000	     30.19790478
      9.76670000	     41.57131185	     30.32348619
      9.80000000	     40.81160579	     29.24319499
      9.83330000	     40.03946023	     31.41360284
      9.86670000	     38.76834269	     37.00737473
      9.90000000	     37.59407688	     41.83193514
      9.93330000	     37.14697241	     42.91900487
      9.96670000	     37.58890870	     40.39836575
     10.00000000	     38.47727996	     36.78930016
     10.03330000	     39.07357235	     34.79957693
     10.06670000	     38.99714194	     35.45965511
     10.10000000	     38.57913748	     37.70065727
     10.13330000	     38.52780658	     39.40400126
     10.16670000	     39.12104780	     39.55070393
     10.20000000	     39.98079566	     38.76351930
     10.23330000	     40.62083253	     38.05666675
     10.26670000	     40.97651760	     37.81571129
     10.30000000	     41.41738663	     37.61941576
     10.33330000	     42.30326255	     36.82325126
     10.36670000	     43.52451322	     35.43793843
     10.40000000	     44.61780432	     34.15742050
     10.43330000	     45.30159018	     33.51613733
     10.46670000	     45.71757382	     33.34805404
     10.50000000	     46.16388438	     33.06687371
     10.53330000	     46.75639703	     32.30718742
     10.56670000	     47.41795547	     31.19595189
     10.60000000	     48.08037556	     30.06473906
     10.63330000	     48.72282783	     29.15515700
     10.66670000	     49.21725767	     28.63291602
     10.70000000	     49.24829393	     28.78295489
     10.73330000	     48.49159887	     30.00181976
     10.76670000	     46.92156722	     32.43297274
     10.80000000	     44.97475414	     35.51986724
     10.83330000	     43.29029282	     38.19842864
     10.86670000	     42.16960286	     39.75711194
     10.90000000	     41.45326914	     40.12836759
     10.93330000	     40.88056088	     39.48805478
     10.96670000	     40.32661045	     38.15987602
     11.00000000	     39.71410466	     36.78724082
     11.03330000	     38.96308658	     35.94678931
     11.06670000	     38.10235379	     35.71674845
     11.10000000	     37.34111085	     35.72513455
     11.13330000	     36.89669500	     35.61033319
     11.16670000	     36.70663276	     35.50303001
     11.20000000	     36.36783400	     36.24659495
     11.23330000	     35.64583201	     38.27848462
     11.26670000	     34.92536238	     40.54804313
     11.30000000	     34.84396301	     41.52095022
     11.33330000	     35.44122291	     41.32778435
     11.36670000	     36.04101185	     41.75413916
     11.40000000	     36.22112899	     43.39077146
     11.43330000	     36.44554762	     44.43592611
     11.46670000	     37.48409079	     42.84709522
     11.50000000	     39.43860583	     38.82470017
     11.53330000	     41.52765980	     34.78814705
     11.56670000	     43.08651628	     32.34188166
     11.60000000	     44.20231119	     30.94958749
     11.63330000	     45.27669967	     29.47002021
     11.66670000	     46.52741723	     27.45983828
     11.70000000	     47.93816243	     25.29680844
     11.73330000	     49.42756770	     23.61624311
     11.76670000	     50.90336804	     22.71284838
     11.80000000	     52.16582858	     22.43626338
     11.83330000	     52.93337818	     22.44594158
     11.86670000	     53.01713819	     22.48627492
     11.90000000	     52.45527221	     22.50266790
     11.93330000	     51.53267854	     22.52594154
     11.96670000	     50.65376305	     22.47448531
     12.00000000	     50.03174414	     22.24213422
     12.03330000	     49.42887908	     22.05578096
     12.06670000	     48.39947163	     22.39655148
     12.10000000	     46.86399635	     23.32628364
     12.13330000	     45.33209680	     24.08854867
     12.16670000	     44.48472545	     23.66505747
     12.20000000	     44.50026667	     21.98522694
     12.23330000	     44.83045063	     20.54970135
     12.26670000	     44.78873680	     21.10651322
     12.30000000	     44.28110573	     23.60712653
     12.33330000	     43.73162004	     26.45085590
     12.36670000	     43.48791832	     28.32077352
     12.40000000	     43.52713463	     29.00863845
     12.43330000	     43.57165038	     29.00888253
     12.46670000	     43.36666479	     28.85777068
     12.50000000	     42.90878666	     28.77822301
     12.53330000	     42.42125639	     28.83563648
     12.56670000	     42.07106512	     29.29170513
     12.60000000	     41.73434298	     30.58170677
     12.63330000	     41.12294930	     32.78652261
     12.66670000	     40.13870495	     35.29715252
     12.70000000	     39.08831383	     36.92830610
     12.73330000	     38.53144973	     36.43270066
     12.76670000	     38.65868224	     34.14015550
     12.80000000	     38.70700263	     33.54922942
     12.83330000	     37.93501534	     37.16705590
     12.86670000	     36.85978445	     42.01808052
     12.90000000	     36.22348366	     44.50685042
     12.93330000	     36.24603479	     43.73037972
     12.96670000	     36.68322334	     41.19541216
     13.00000000	     37.13809825	     39.28672819
     13.03330000	     37.60186365	     38.77393642
     13.06670000	     38.40798273	     38.48917709
     13.10000000	     39.52510096	     37.78608773
     13.13330000	     40.46554206	     37.26162872
     13.16670000	     40.82149914	     37.63279716
     13.20000000	     40.67386706	     38.92064465
     13.23330000	     40.54001339	     40.38057544
     13.26670000	     40.94089536	     41.01054614
     13.30000000	     41.90623226	     40.49878384
     13.33330000	     42.95256200	     39.53364118
     13.36670000	     43.63706601	     38.87643259
     13.40000000	     43.99193911	     38.53597684
     13.43330000	     44.39011195	     37.93988072
     13.46670000	     45.03296654	     36.80321536
     13.50000000	     45.70053774	     35.57576645
     13.53330000	     46.05406468	     34.90443029
     13.56670000	     46.03493790	     34.94147802
     13.60000000	     45.87293367	     35.33709264
     13.63330000	     45.79782651	     35.68796242
     13.66670000	     45.85193293	     35.82152413
     13.70000000	     45.97726827	     35.68756082
     13.73330000	     46.15597953	     35.24420574
     13.76670000	     46.38172335	     34.61670208
     13.80000000	     46.55542878	     34.21532026
     13.83330000	     46.52912860	     34.41983207
     13.86670000	     46.24622019	     35.20090407
     13.90000000	     45.78897946	     36.20175740
     13.93330000	     45.32507864	     37.06109426
     13.96670000	     45.01330644	     37.58670908
     14.00000000	     44.88586502	     37.80883427
     14.03330000	     44.77541510	     37.96446794
     14.06670000	     44.40042552	     38.36232007
     14.10000000	     43.56247613	     39.22513006
     14.13330000	     42.30846189	     40.59866722
     14.16670000	     40.96923675	     42.17730475
     14.20000000	     40.03195618	     43.10590647
     14.23330000	     39.79016239	     42.41953054
     14.26670000	     39.99739590	     40.13359074
     14.30000000	     39.98226326	     37.50686230
     14.33330000	     39.21286272	     35.95846653
     14.36670000	     37.69456083	     36.17976151
     14.40000000	     35.84746242	     38.08847406
     14.43330000	     34.12076792	     40.98214240
     14.46670000	     32.70754256	     43.99708078
     14.50000000	     31.59099999	     46.57793931
     14.53330000	     30.75857699	     48.38988350
     14.56670000	     30.23482897	     49.33314532
     14.60000000	     30.01305305	     49.65920251
     14.63330000	     30.09424801	     49.57123763
     14.66670000	     30.53588049	     48.75383831
     14.70000000	     31.36775894	     46.71506369
     14.73330000	     32.44955993	     43.77539000
     14.76670000	     33.43512588	     41.73501817
     14.80000000	     34.16585558	     42.07409538
     14.83330000	     35.17344347	     42.88155373
     14.86670000	     36.89138301	     41.61586205
     14.90000000	     38.99783907	     38.29463022
     14.93330000	     40.84170855	     34.47693073
     14.96670000	     42.08403512	     31.44135896
     15.00000000	     42.90833690	     29.50918939
     15.03330000	     43.72944668	     28.30943379
     15.06670000	     44.69707354	     27.37676349
     15.10000000	     45.51399806	     26.64034037
     15.13330000	     45.82814495	     26.30987171
     15.16670000	     45.65115944	     26.46811210
     15.20000000	     45.32544239	     26.86188797
     15.23330000	     45.13996718	     26.98364922
     15.26670000	     45.02698286	     26.49239639
     15.30000000	     44.74331203	     25.40668746
     15.33330000	     44.24706319	     23.86047136
     15.36670000	     43.72435514	     22.10200965
     15.40000000	     43.32344106	     20.61344293
     15.43330000	     43.06813981	     19.68943542
     15.46670000	     42.96428183	     19.32856371
     15.50000000	     42.98073192	     19.72659023
     15.53330000	     43.00080220	     21.12491675
     15.56670000	     42.89193442	     23.30947163
     15.60000000	     42.57723131	     25.82970533
     15.63330000	     42.08833416	     28.21128322
     15.66670000	     41.58239556	     29.73278472
     15.70000000	     41.26168368	     29.62572711
     15.73330000	     41.19285337	     27.98166524
     15.76670000	     41.07185609	     26.55808428
     15.80000000	     40.28752206	     28.00368929
     15.83330000	     38.64419127	     32.87107553
     15.86670000	     36.81974180	     38.17056025
     15.90000000	     35.72695468	     40.20031694
     15.93330000	     35.83430486	     37.63086074
     15.96670000	     36.64249715	     33.42233392
     16.00000000	     36.56867824	     33.93894207
     16.03330000	     35.10045791	     40.06747519
     16.06670000	     33.21453963	     47.12304110
     16.10000000	     31.83158394	     51.64133813
     16.13330000	     31.44639816	     52.29010060
     16.16670000	     32.02455924	     49.59313499
     16.20000000	     33.01749648	     45.75739147
     16.23330000	     33.77893643	     43.37343180
     16.26670000	     34.22603661	     42.95080819
     16.30000000	     34.68940883	     43.18258328
     16.33330000	     35.17087747	     43.57192438
     16.36670000	     35.37143537	     44.68128408
     16.40000000	     35.28748518	     46.54880795
     16.43330000	     35.40099800	     48.00138399
     16.46670000	     36.17029683	     47.79671183
     16.50000000	     37.50916652	     45.95308193
     16.53330000	     38.88355170	     43.66845294
     16.56670000	     39.84452002	     42.17102291
     16.60000000	     40.44119744	     41.68281011
     16.63330000	     41.18406849	     41.32755604
     16.66670000	     42.56671398	     40.07383535
     16.70000000	     44.52337331	     37.82166230
     16.73330000	     46.44835005	     35.40621075
     16.76670000	     47.81929986	     33.57949085
     16.80000000	     48.63154696	     32.40081575
     16.83330000	     49.25668184	     31.47676697
     16.86670000	     49.96173955	     30.56404987
     16.90000000	     50.65730610	     29.82148279
     16.93330000	     51.12638555	     29.47683150
     16.96670000	     51.22535374	     29.64732718
     17.00000000	     50.80177337	     30.52906761
     17.03330000	     49.64773330	     32.46014213
     17.06670000	     47.75953960	     35.49192548
     17.10000000	     45.62401313	     38.89470057
     17.13330000	     44.03212115	     41.39018619
     17.16670000	     43.34896428	     42.35401951
     17.20000000	     43.19372147	     42.35096182
     17.23330000	     42.98942304	     42.18213418
     17.26670000	     42.50102088	     42.10565072
     17.30000000	     41.79759519	     42.14781397
     17.33330000	     41.00981515	     42.49438136
     17.36670000	     40.27378589	     43.15965375
     17.40000000	     39.76398193	     43.61758890
     17.43330000	     39.57584897	     43.41315115
     17.46670000	     39.57627951	     42.97257080
     17.50000000	     39.50714623	     43.13427717
     17.53330000	     39.22342791	     44.14624307
     17.56670000	     38.78787809	     45.54004091
     17.60000000	     38.42171791	     46.57569109
     17.63330000	     38.35080017	     46.72739240
     17.66670000	     38.58721285	     46.10757800
     17.70000000	     38.88837349	     45.40840395
     17.73330000	     38.98754604	     45.26742953
     17.76670000	     38.81226372	     45.70934136
     17.80000000	     38.42455384	     46.28033546
     17.83330000	     37.83448327	     46.64105701
     17.86670000	     36.98054633	     46.92136651
     17.90000000	     35.88754197	     47.48480643
     17.93330000	     34.77626350	     48.30447141
     17.96670000	     33.90915511	     48.83436825
     18.00000000	     33.31172755	     48.74803840
     18.03330000	     32.73406876	     48.52888106
     18.06670000	     31.93216372	     49.11881422
     18.10000000	     31.03618166	     50.75669384
     18.13330000	     30.54766615	     52.31360971
     18.16670000	     30.82544295	     52.47697346
     18.20000000	     31.76975627	     51.08857295
     18.23330000	     32.98236202	     49.18124316
     18.26670000	     34.12448912	     47.95658752
     18.30000000	     35.23815813	     47.29100461
     18.33330000	     36.63098376	     45.89017525
     18.36670000	     38.42152054	     42.95634248
     18.40000000	     40.25733360	     39.07971555
     18.43330000	     41.56138406	     35.64173747
     18.46670000	     42.14134009	     33.34197219
     18.50000000	     42.32908184	     31.78924146
     18.53330000	     42.50375559	     30.47195476
     18.56670000	     42.68708437	     29.52722346
     18.60000000	     42.65324281	     29.42727830
     18.63330000	     42.34108871	     30.11916250
     18.66670000	     41.99691110	     30.87104571
     18.70000000	     41.91039211	     31.03052303
     18.73330000	     42.17008836	     30.59475079
     18.76670000	     42.64820498	     30.10566222
     18.80000000	     43.14275320	     30.11654397
     18.83330000	     43.51813754	     30.73765536
     18.86670000	     43.78992746	     31.59111999
     18.90000000	     44.10109181	     32.07737625
     18.93330000	     44.58229422	     31.73944042
     18.96670000	     45.18577510	     30.65746915
     19.00000000	     45.70145574	     29.40404642
     19.03330000	     45.96177645	     28.49963718
     19.06670000	     46.00171289	     27.97699526
     19.10000000	     46.02224941	     27.42912599
     19.13330000	     46.19315498	     26.47305849
     19.16670000	     46.45824263	     25.29396090
     19.20000000	     46.57348035	     24.60783790
     19.23330000	     46.38963670	     24.88438322
     19.26670000	     46.01642481	     25.83917390
     19.30000000	     45.65964539	     26.82617643
     19.33330000	     45.37679672	     27.52969232
     19.36670000	     45.07247483	     28.07474329
     19.40000000	     44.68910558	     28.62494141
     19.43330000	     44.24368072	     29.31072006
     19.46670000	     43.66021549	     30.53306465
     19.50000000	     42.72947451	     32.78998495
     19.53330000	     41.34070674	     35.99344139
     19.56670000	     39.64115057	     39.38326000
     19.60000000	     37.96783096	     42.08083608
     19.63330000	     36.61101718	     43.93180250
     19.66670000	     35.48460828	     46.28310020
     19.70000000	     34.30847130	     50.19291321
     19.73330000	     33.15100570	     54.21047168
     19.76670000	     32.31390440	     56.42275713
     19.80000000	     32.10718037	     56.04457088
     19.83330000	     32.51909170	     53.94052499
     19.86670000	     33.04060207	     52.38001863
     19.90000000	     33.17077633	     52.83857270
     19.93330000	     33.00310105	     54.43549328
     19.96670000	     33.00455318	     55.50473914
     20.00000000	     33.58224532	     55.11405683
     20.03330000	     34.82859989	     53.33872841
     20.06670000	     36.45574262	     50.95875528
     20.10000000	     38.02189055	     48.77275109
     20.13330000	     39.36212131	     46.85574026
     20.16670000	     40.77808310	     44.43502792
     20.20000000	     42.65291438	     40.87275618
     20.23330000	     44.83894875	     36.91644585
     20.26670000	     46.70331476	     34.17530149
     20.30000000	     47.85315188	     33.17784691
     20.33330000	     48.37577188	     33.17014884
     20.36670000	     48.50545440	     33.35323373
     20.40000000	     48.31657911	     33.68013967
     20.43330000	     47.63797115	     34.83658370
     20.46670000	     46.27529744	     37.41548747
     20.50000000	     44.36031242	     41.02737780
     20.53330000	     42.42742920	     44.36517428
     20.56670000	     41.08750575	     46.08136772
     20.60000000	     40.51897390	     45.76994886
     20.63330000	     40.22753041	     44.35727854
     20.66670000	     39.46969969	     43.22407931
     20.70000000	     37.88829104	     43.21117346
     20.73330000	     35.72996214	     44.52700187
     20.76670000	     33.55379172	     46.89875887
     20.80000000	     31.71012755	     49.47837646
     20.83330000	     30.06549900	     51.51032652
     20.86670000	     28.40708280	     52.80988488
     20.90000000	     26.94150396	     53.20170692
     20.93330000	     26.12482342	     52.48120187
     20.96670000	     26.03352243	     51.19863945
     21.00000000	     26.13907669	     50.79252841
     21.03330000	     25.91812379	     52.06733106
     21.06670000	     25.47937326	     53.98709148
     21.10000000	     25.31550987	     54.83814693
     21.13330000	     25.68127273	     53.92597722
     21.16670000	     26.29604483	     52.21682371
     21.20000000	     26.58640457	     51.66776468
     21.23330000	     26.37496787	     52.99719129
     21.26670000	     26.09442867	     54.84112077
     21.30000000	     26.13169169	     55.79884682
     21.33330000	     26.52736047	     55.21312874
     21.36670000	     27.27977347	     52.51867355
     21.40000000	     28.69481140	     47.19094136
     21.43330000	     30.78000820	     42.10757697
     21.46670000	     32.78045473	     42.88008175
     21.50000000	     35.43395204	     44.66084925
     21.53330000	     38.89754356	     43.46554944
     21.56670000	     42.57004351	     39.85686112
     21.60000000	     45.85777755	     35.64494351
     21.63330000	     48.35774052	     32.39393108
     21.66670000	     50.05328958	     30.51924398
     21.70000000	     51.27918257	     29.34575799
     21.73330000	     52.44564763	     27.85867105
     21.76670000	     53.76687743	     25.55314627
     21.80000000	     55.15373566	     22.82015190
     21.83330000	     56.37439399	     20.43266210
     21.86670000	     57.33405554	     18.68668101
     21.90000000	     58.06158922	     17.43126943
     21.93330000	     58.51716060	     16.80799575
     21.96670000	     58.64114554	     17.43153862
     22.00000000	     58.58177743	     19.44356243
     22.03330000	     58.60626833	     21.57377134
     22.06670000	     58.74282787	     21.56592112
     22.10000000	     58.75854998	     18.13694901
     22.13330000	     58.47247735	     13.05397013
     22.16670000	     57.88502745	     10.27764971
     22.20000000	     57.20119487	     11.85252476
     22.23330000	     56.75748154	     16.41277704
     22.26670000	     57.05602944	     20.93519030
     22.30000000	     58.52217473	     23.30261230
     22.33330000	     60.91855336	     23.52864589
     22.36670000	     63.31739237	     22.76224915
     22.40000000	     64.78983340	     21.90134479
     22.43330000	     64.75829383	     21.65176213
     22.46670000	     62.90139977	     22.97274491
     22.50000000	     59.32104461	     26.69445418
     22.53330000	     55.12471733	     32.26580393
     22.56670000	     52.36925173	     36.50427920
     22.60000000	     52.01812034	     36.47902229
     22.63330000	     52.69463015	     33.75949407
     22.66670000	     52.72646958	     31.81275574
     22.70000000	     52.06491189	     31.85630691
     22.73330000	     51.77166515	     32.49630007
     22.76670000	     52.29756141	     31.75575140
     22.80000000	     52.67036301	     29.41460870
     22.83330000	     51.67913829	     26.99254861
     22.86670000	     49.52102915	     26.09941445
     22.90000000	     47.86330586	     27.19674673
     22.93330000	     48.08733614	     28.92163276
     22.96670000	     49.72011781	     29.55267572
     23.00000000	     51.23601404	     28.60075264
     23.03330000	     51.82828386	     26.55827435
     23.06670000	     51.87305713	     24.09988548
     23.10000000	     52.05529165	     21.67460757
     23.13330000	     52.43632122	     19.89551909
     23.16670000	     52.48500489	     19.92725861
     23.20000000	     51.71229334	     23.06052923
     23.23330000	     50.29055834	     28.94317486
     23.26670000	     49.36002499	     33.34174401
     23.30000000	     49.63527412	     32.91951371
     23.33330000	     50.41502846	     29.88852529
     23.36670000	     50.88347396	     27.28251006
     23.40000000	     50.91334141	     26.09725555
     23.43330000	     50.73185987	     26.26631195
     23.46670000	     50.43629172	     27.66532787
     23.50000000	     49.89185207	     30.20987253
     23.53330000	     48.96360532	     33.51955657
     23.56670000	     47.61621283	     37.11401685
     23.60000000	     45.82227814	     41.07081922
     23.63330000	     43.79174525	     45.47429711
     23.66670000	     42.31123291	     49.15281505
     23.70000000	     42.12293910	     50.78458332
     23.73330000	     43.00302441	     50.75310964
     23.76670000	     44.37827927	     49.51612539
     23.80000000	     46.45751031	     45.12777638
     23.83330000	     49.45373191	     36.84655346
     23.86670000	     52.32018829	     28.66363866
     23.90000000	     53.87732901	     23.58162701
     23.93330000	     53.66748513	     21.84237675
     23.96670000	     51.75260661	     23.58213708
     24.00000000	     48.79590188	     29.73566182
     24.03330000	     46.52764424	     38.01626057
     24.06670000	     46.66804127	     41.20567214
     24.10000000	     48.53680005	     38.67631988
     24.13330000	     50.95847444	     33.99825578
     24.16670000	     53.43931318	     29.35120383
     24.20000000	     55.47978306	     25.79491432
     24.23330000	     56.56648135	     23.66676649
     24.26670000	     56.63292899	     22.75871304
     24.30000000	     56.13459560	     22.54716059
     24.33330000	     55.68556419	     22.35717597
     24.36670000	     55.60190629	     21.72410722
     24.40000000	     55.87806310	     20.64485927
     24.43330000	     56.53111361	     19.40568894
     24.46670000	     57.64354564	     18.35529756
     24.50000000	     59.02129868	     17.68495309
     24.53330000	     60.07131812	     17.18320330
     24.56670000	     60.23094746	     16.29561517
     24.60000000	     59.54936219	     14.71249903
     24.63330000	     58.74148897	     13.25289171
     24.66670000	     58.52388654	     13.25107512
     24.70000000	     58.85424206	     14.48062307
     24.73330000	     58.82363589	     15.98916658
     24.76670000	     57.62821504	     17.97019440
     24.80000000	     55.57248571	     21.13123470
     24.83330000	     53.83510773	     24.94583157
     24.86670000	     53.27914936	     27.41743704
     24.90000000	     53.72398898	     27.41552442
     24.93330000	     54.41704570	     26.10109607
     24.96670000	     54.61594202	     25.69679724
     25.00000000	     53.78501719	     27.31400604
     25.03330000	     51.90702046	     30.22264782
     25.06670000	     50.20698008	     31.96469334
     25.10000000	     50.76544423	     29.85883255
     25.13330000	     53.35915944	     25.74055768
     25.16670000	     55.30725433	     23.53215511
     25.20000000	     55.01546757	     24.01073213
     25.23330000	     52.98446658	     26.08878418
     25.26670000	     51.21374956	     27.86245876
     25.30000000	     50.97633417	     28.22852417
     25.33330000	     51.39872346	     27.95013053
     25.36670000	     51.53292721	     27.62905804
     25.40000000	     51.51240141	     27.26389819
     25.43330000	     51.69220953	     27.09115784
     25.46670000	     52.06074071	     27.21178265
     25.50000000	     52.57389402	     27.04294577
     25.53330000	     53.23981154	     26.18225769
     25.56670000	     53.52962724	     25.39225876
     25.60000000	     52.31968443	     25.95483981
     25.63330000	     48.92634692	     28.32021649
     25.66670000	     44.52241603	     31.12657950
     25.70000000	     42.03058505	     32.29393887
     25.73330000	     43.06714334	     31.80937374
     25.76670000	     46.32952364	     29.96369187
     25.80000000	     49.40908074	     27.77654849
     25.83330000	     51.11219885	     26.44459335
     25.86670000	     51.58768340	     26.29158321
     25.90000000	     51.30469931	     26.96646312
     25.93330000	     50.58087047	     27.48942644
     25.96670000	     49.72232798	     26.67584207
     26.00000000	     49.11733203	     24.25683299
     26.03330000	     48.97699860	     21.58930660
     26.06670000	     49.19630593	     20.40459735
     26.10000000	     49.62229303	     20.94950933
     26.13330000	     50.35247871	     21.96054264
     26.16670000	     51.74638331	     21.80545605
     26.20000000	     53.96532838	     19.72786283
     26.23330000	     56.35226213	     16.81220679
     26.26670000	     57.62278044	     15.38983708
     26.30000000	     57.18639300	     16.33334100
     26.33330000	     55.82196291	     18.17775380
     26.36670000	     54.66116972	     19.56382735
     26.40000000	     54.09342008	     20.68364926
     26.43330000	     53.79333775	     22.32168818
     26.46670000	     53.35632946	     24.53906988
     26.50000000	     52.78563207	     26.43330451
     26.53330000	     52.40906488	     27.17232788
     26.56670000	     52.39041003	     27.02955961
     26.60000000	     52.49129614	     26.88028339
     26.63330000	     52.35316067	     26.87809224
     26.66670000	     51.84882851	     26.50064586
     26.70000000	     51.15935039	     25.96646947
     26.73330000	     50.62180128	     26.89381474
     26.76670000	     50.36063942	     31.46481443
     26.80000000	     50.27423694	     39.09589716
     26.83330000	     50.38481508	     44.54457630
     26.86670000	     50.57121738	     45.20348127
     26.90000000	     50.87391455	     43.19608693
     26.93330000	     51.25336430	     41.10741974
     26.96670000	     51.22824577	     40.07990485
     27.00000000	     50.48530645	     39.62515284
     27.03330000	     49.50219145	     37.94285625
     27.06670000	     49.08736859	     33.73217872
     27.10000000	     49.41867101	     28.08922590
     27.13330000	     49.82096157	     23.91779883
     27.16670000	     49.65637868	     22.81555486
     27.20000000	     49.11185409	     23.33874052
     27.23330000	     48.86929124	     23.11386643
     27.26670000	     49.18740984	     21.81403530
     27.30000000	     49.64839228	     20.65284919
     27.33330000	     49.60288384	     20.71075452
     27.36670000	     48.71330072	     22.29409586
     27.40000000	     47.29147269	     24.75628307
     27.43330000	     46.07922807	     26.92659470
     27.46670000	     45.44173578	     28.43506096
     27.50000000	     45.07133580	     30.02915444
     27.53330000	     44.62476536	     32.23834552
     27.56670000	     44.24177589	     34.45002523
     27.60000000	     44.31268624	     35.50974930
     27.63330000	     44.93978335	     34.89434258
     27.66670000	     45.84337013	     32.97833800
     27.70000000	     46.69416812	     30.52618889
     27.73330000	     47.33081943	     28.44692138
     27.76670000	     47.71301302	     27.71277153
     27.80000000	     47.87707226	     28.74670129
     27.83330000	     47.99227685	     30.74377550
     27.86670000	     48.32450412	     32.13888847
     27.90000000	     49.07756769	     31.96530343
     27.93330000	     50.29438375	     30.50518989
     27.96670000	     51.86560427	     28.67579453
     28.00000000	     53.58408643	     27.12184878
     28.03330000	     55.19984641	     25.92263548
     28.06670000	     56.49602065	     24.89542401
     28.10000000	     57.39096497	     23.96570565
     28.13330000	     57.94502147	     23.29323111
     28.16670000	     58.21941655	     23.13342733
     28.20000000	     58.21251447	     23.47828796
     28.23330000	     57.99648524	     23.80247099
     28.26670000	     57.78477803	     23.38389829
     28.30000000	     57.69938436	     22.02630025
     28.33330000	     57.53089320	     20.39407579
     28.36670000	     56.95295810	     19.38534006
     28.40000000	     55.98544312	     19.21133113
     28.43330000	     55.01214567	     19.35582645
     28.46670000	     54.29703220	     19.34359157
     28.50000000	     53.67736871	     19.19535904
     28.53330000	     52.80894129	     19.18089279
     28.56670000	     51.58890480	     19.45146915
     28.60000000	     50.27488914	     19.97014817
     28.63330000	     49.23825350	     20.56421639
     28.66670000	     48.63108819	     20.97833457
     28.70000000	     48.29301172	     21.06907212
     28.73330000	     47.93826928	     20.96773168
     28.76670000	     47.40868372	     20.94879556
     28.80000000	     46.80096431	     21.05231993
     28.83330000	     46.33518571	     20.97249723
     28.86670000	     46.09100249	     20.53340714
     28.90000000	     45.99147247	     20.07649440
     28.93330000	     46.07114684	     20.11183799
     28.96670000	     46.56160064	     20.64866485
     29.00000000	     47.55445392	     21.18699257
     29.03330000	     48.72712291	     21.39116814
     29.06670000	     49.62358798	     21.29846247
     29.10000000	     50.04903102	     21.08929551
     29.13330000	     50.07262446	     21.02989932
     29.16670000	     49.77053556	     21.50231973
     29.20000000	     49.11364081	     22.74559900
     29.23330000	     48.12902558	     24.48715335
     29.26670000	     47.03250462	     26.00048011
     29.30000000	     46.07500986	     26.63721156
     29.33330000	     45.29234678	     26.33493660
     29.36670000	     44.53117548	     25.58830577
     29.40000000	     43.72677300	     24.94773829
     29.43330000	     43.05671543	     24.56979967
     29.46670000	     42.75450195	     24.27857871
     29.50000000	     42.82912729	     24.02463099
     29.53330000	     43.06848400	     24.08109812
     29.56670000	     43.29943264	     24.76014014
     29.60000000	     43.55633849	     25.97357385
     29.63330000	     43.94782272	     27.23864380
     29.66670000	     44.43295294	     28.17059795
     29.70000000	     44.84591977	     28.74681733
     29.73330000	     45.08471297	     29.07804648
     29.76670000	     45.15727160	     29.21122091
     29.80000000	     45.10235299	     29.16320139
     29.83330000	     44.96264946	     29.02289983
     29.86670000	     44.74901840	     29.03362786
     29.90000000	     44.29565478	     29.58327380
     29.93330000	     43.18404374	     31.03619637
     29.96670000	     40.97097267	     33.53977235
     30.00000000	     37.77469570	     36.50524356
     30.03330000	     34.84086809	     37.51583158
     30.06670000	     34.14775568	     32.03663231
     30.10000000	     36.03248840	     20.41084049
     30.13330000	     34.85151611	     24.81673977
     30.16670000	     32.34669919	     35.49845074
     30.20000000	     30.40534851	     44.23885860
     30.23330000	     29.31478174	     49.56529223
     30.26670000	     28.81864409	     51.84288669
     30.30000000	     28.47496676	     53.02883619
     30.33330000	     28.16444251	     54.52842217
     30.36670000	     28.18202859	     55.31211638
     30.40000000	     28.75189205	     53.53723763
     30.43330000	     29.89978068	     48.47570580
     30.46670000	     31.59785823	     41.40957360
     30.50000000	     33.29315249	     37.07211831
     30.53330000	     34.89971001	     36.69555008
     30.56670000	     36.98796631	     36.30979102
     30.60000000	     39.04106719	     35.43805900
     30.63330000	     40.26061270	     35.69719104
     30.66670000	     40.61962979	     37.66265705
     30.70000000	     41.04818902	     39.52086818
     30.73330000	     42.43107749	     39.03510282
     30.76670000	     44.60260024	     36.22480473
     30.80000000	     46.66426645	     32.90685150
     30.83330000	     47.97242640	     30.64535818
     30.86670000	     48.60072707	     29.68993499
     30.90000000	     48.99540943	     29.39869007
     30.93330000	     49.42314683	     29.15928120
     30.96670000	     49.83902784	     28.77892218
     31.00000000	     50.18051452	     28.19000852
     31.03330000	     50.50098637	     27.36261083
     31.06670000	     50.79319279	     26.57307374
     31.10000000	     50.90393596	     26.33013431
     31.13330000	     50.75175963	     26.82160223
     31.16670000	     50.49972802	     27.65642343
     31.20000000	     50.40845901	     28.24592173
     31.23330000	     50.54234245	     28.39729961
     31.26670000	     50.71235099	     28.43804014
     31.30000000	     50.73604126	     28.69787098
     31.33330000	     50.68383043	     28.99040560
     31.36670000	     50.79632301	     28.79119445
     31.40000000	     51.15894582	     27.96545013
     31.43330000	     51.56676488	     27.05278366
     31.46670000	     51.77019532	     26.61904753
     31.50000000	     51.75502485	     26.61479299
     31.53330000	     51.67436886	     26.61645845
     31.56670000	     51.59916467	     26.47348563
     31.60000000	     51.45536021	     26.44485911
     31.63330000	     51.20192739	     26.69046148
     31.66670000	     50.89419655	     27.02052768
     31.70000000	     50.52489193	     27.27229350
     31.73330000	     49.95701477	     27.63038479
     31.76670000	     49.09819390	     28.40933938
     31.80000000	     48.03185709	     29.72282310
     31.83330000	     46.91656979	     31.38135827
     31.86670000	     45.80736067	     33.00100293
     31.90000000	     44.65744905	     34.23678638
     31.93330000	     43.43438850	     35.06083419
     31.96670000	     42.15722416	     35.85346134
     32.00000000	     40.87975670	     37.09668805
     32.03330000	     39.73519750	     38.77196153
     32.06670000	     38.92792154	     40.20396623
     32.10000000	     38.58418868	     40.77603582
     32.13330000	     38.58668259	     40.79384817
     32.16670000	     38.61426167	     41.35000935
     32.20000000	     38.44453323	     43.03957916
     32.23330000	     38.18525981	     45.14722370
     32.26670000	     38.15264115	     46.49532559
     32.30000000	     38.79212336	     46.03256583
     32.33330000	     40.52436608	     42.98320127
     32.36670000	     43.16829518	     37.86773356
     32.40000000	     45.72891817	     32.75685808
     32.43330000	     47.29239629	     29.24088150
     32.46670000	     47.70748382	     27.49729011
     32.50000000	     47.42655760	     26.99782978
     32.53330000	     47.04995198	     27.07031511
     32.56670000	     46.88111238	     27.20865502
     32.60000000	     46.82274309	     27.30756434
     32.63330000	     46.69814593	     27.49670587
     32.66670000	     46.53053324	     27.76119816
     32.70000000	     46.50111523	     27.82689057
     32.73330000	     46.71310697	     27.45955751
     32.76670000	     47.05298366	     26.79856641
     32.80000000	     47.29271125	     26.27174474
     32.83330000	     47.31986481	     26.14944301
     32.86670000	     47.28842303	     26.19228069
     32.90000000	     47.51424535	     25.82068471
     32.93330000	     48.14069354	     24.75024034
     32.96670000	     48.94953760	     23.37197787
     33.00000000	     49.55797483	     22.37974422
     33.03330000	     49.76409539	     22.11455031
     33.06670000	     49.65705501	     22.39649496
     33.10000000	     49.45652890	     22.88383518
     33.13330000	     49.31988191	     23.41041796
     33.16670000	     49.28250410	     23.97988375
     33.20000000	     49.26524974	     24.67458231
     33.23330000	     49.09652081	     25.68966296
     33.26670000	     48.62276011	     27.21461140
     33.30000000	     47.87303280	     29.10915148
     33.33330000	     47.03744656	     30.92564455
     33.36670000	     46.21898426	     32.51452922
     33.40000000	     45.31348830	     34.33246313
     33.43330000	     44.26994327	     36.62625688
     33.46670000	     43.36811690	     38.50870136
     33.50000000	     43.00069045	     38.75223850
     33.53330000	     43.26262521	     37.23634046
     33.56670000	     43.84723869	     34.99905815
     33.60000000	     44.31350082	     33.17985655
     33.63330000	     44.44137939	     32.26551826
     33.66670000	     44.38625174	     32.17483696
     33.70000000	     44.57945278	     32.44168852
     33.73330000	     45.33922166	     32.48236386
     33.76670000	     46.48949429	     32.10710905
     33.80000000	     47.52608713	     31.61991322
     33.83330000	     48.15654681	     31.34470076
     33.86670000	     48.58600596	     31.14953063
     33.90000000	     49.28646368	     30.45596935
     33.93330000	     50.43513728	     28.94790752
     33.96670000	     51.68126279	     27.11210638
     34.00000000	     52.53760747	     25.76952803
     34.03330000	     52.79613619	     25.39345027
     34.06670000	     52.58062766	     25.90005227
     34.10000000	     52.16082630	     26.80511806
     34.13330000	     51.69551916	     27.66056924
     34.16670000	     51.14161270	     28.36067936
     34.20000000	     50.38271206	     29.06788975
     34.23330000	     49.35233774	     30.04617416
     34.26670000	     48.03531333	     31.55953323
     34.30000000	     46.43628989	     33.72797976
     34.33330000	     44.63053910	     36.32188717
     34.36670000	     42.82491547	     38.78046459
     34.40000000	     41.32918864	     40.46930196
     34.43330000	     40.41543070	     41.00884445
     34.46670000	     40.13016501	     40.55159073
     34.50000000	     40.20079640	     39.88017650
     34.53330000	     40.19200547	     39.98472305
     34.56670000	     39.85840174	     41.22692952
     34.60000000	     39.45691510	     42.70078866
     34.63330000	     39.67539371	     42.59003302
     34.66670000	     41.05915395	     39.69595263
     34.70000000	     43.25116786	     35.06080423
     34.73330000	     45.08695876	     31.14802273
     34.76670000	     45.74329092	     29.26933932
     34.80000000	     45.40849911	     28.95303731
     34.83330000	     44.90491936	     28.95117565
     34.86670000	     44.70091943	     28.67112279
     34.90000000	     44.34115144	     28.90315317
     34.93330000	     43.10380237	     30.77636965
     34.96670000	     41.12627481	     33.97793161
     35.00000000	     39.58003976	     36.35303094
     35.03330000	     39.34802062	     36.38323771
     35.06670000	     40.00132149	     35.20976624
     35.10000000	     40.62705291	     34.84399265
     35.13330000	     41.08069718	     35.46264459
     35.16670000	     41.87468031	     35.57336302
     35.20000000	     43.21425756	     34.24729946
     35.23330000	     44.73589886	     31.95612751
     35.26670000	     46.02958767	     29.57818509
     35.30000000	     47.03010206	     27.48239095
     35.33330000	     47.88216037	     25.65758954
     35.36670000	     48.62930015	     24.22712202
     35.40000000	     49.16028152	     23.46800691
     35.43330000	     49.41212487	     23.36654693
     35.46670000	     49.49464257	     23.45188106
     35.50000000	     49.53770451	     23.33254279
     35.53330000	     49.49075849	     23.29931416
     35.56670000	     49.17110929	     24.11631140
     35.60000000	     48.52988659	     26.08305629
     35.63330000	     47.80273247	     28.34437028
     35.66670000	     47.25235057	     29.63573099
     35.70000000	     46.82173381	     29.73330093
     35.73330000	     46.24262338	     29.55139916
     35.76670000	     45.37024723	     30.27533367
     35.80000000	     44.33751297	     32.46979807
     35.83330000	     43.43324652	     35.31781920
     35.86670000	     42.69442554	     37.71250520
     35.90000000	     41.79836559	     39.97068949
     35.93330000	     40.63268583	     42.66067909
     35.96670000	     39.61888231	     45.02800169
     36.00000000	     39.32124756	     45.51333580
     36.03330000	     39.94886409	     43.24830939
     36.06670000	     41.25300077	     38.96500751
     36.10000000	     42.60249692	     35.14725485
     36.13330000	     43.39914845	     34.11690732
     36.16670000	     43.69032451	     35.42404437
     36.20000000	     43.90703483	     37.03788167
     36.23330000	     44.34773807	     37.61221144
     36.26670000	     45.09513892	     36.97228484
     36.30000000	     46.06792889	     35.69609733
     36.33330000	     47.07994904	     34.44480098
     36.36670000	     47.96649458	     33.43766346
     36.40000000	     48.70312245	     32.45559694
     36.43330000	     49.38983066	     31.20326758
     36.46670000	     50.08133631	     29.73818440
     36.50000000	     50.63434155	     28.63120844
     36.53330000	     50.86891496	     28.39421162
     36.56670000	     50.83651757	     28.81498362
     36.60000000	     50.80425034	     29.08714633
     36.63330000	     50.95865484	     28.67403632
     36.66670000	     51.17979883	     27.98383530
     36.70000000	     51.18722413	     27.91448978
     36.73330000	     50.93579977	     28.61417080
     36.76670000	     50.70954355	     29.20589017
     36.80000000	     50.76288339	     28.96140293
     36.83330000	     51.00585765	     28.22836158
     36.86670000	     51.11793735	     27.94583658
     36.90000000	     50.89466157	     28.50296215
     36.93330000	     50.38467314	     29.46996210
     36.96670000	     49.71500932	     30.39035493
     37.00000000	     48.86861014	     31.49042840
     37.03330000	     47.68360018	     33.40633601
     37.06670000	     46.14345187	     36.13309389
     37.10000000	     44.58859007	     38.55876986
     37.13330000	     43.47878490	     39.42809786
     37.16670000	     42.90499260	     38.71096366
     37.20000000	     42.44442430	     37.64953390
     37.23330000	     41.58765975	     37.42531148
     37.26670000	     40.19636097	     38.18977071
     37.30000000	     38.49096235	     39.49315515
     37.33330000	     36.77600838	     41.07870331
     37.36670000	     35.29263057	     42.75380334
     37.40000000	     34.17902086	     44.03096350
     37.43330000	     33.40377208	     44.70358404
     37.46670000	     32.85449100	     45.20969895
     37.50000000	     32.47148377	     46.13539904
     37.53330000	     32.23340969	     47.57897447
     37.56670000	     32.08256412	     49.05632915
     37.60000000	     31.98018201	     49.94316707
     37.63330000	     32.02782806	     49.96927855
     37.66670000	     32.40718890	     49.49719112
     37.70000000	     33.12879405	     49.23404785
     37.73330000	     33.91294541	     49.46581714
     37.76670000	     34.44746430	     49.94646474
     37.80000000	     34.95626539	     49.79426112
     37.83330000	     36.34233529	     47.43868804
     37.86670000	     39.24478804	     42.13434261
     37.90000000	     42.98410195	     35.52699315
     37.93330000	     46.17987101	     30.11184132
     37.96670000	     48.17905574	     26.79824910
     38.00000000	     49.25347650	     25.05352332
     38.03330000	     49.95346818	     24.06061912
     38.06670000	     50.55247324	     23.39404377
     38.10000000	     50.95265716	     23.05421055
     38.13330000	     51.00517922	     23.07667617
     38.16670000	     50.75862270	     23.32979638
     38.20000000	     50.33136253	     23.72923967
     38.23330000	     49.64612927	     24.46383844
     38.26670000	     48.48507370	     25.82523281
     38.30000000	     46.87421000	     27.76427771
     38.33330000	     45.34441841	     29.52937869
     38.36670000	     44.58147549	     30.03717167
     38.40000000	     44.69273930	     29.02094800
     38.43330000	     45.14852097	     27.25572703
     38.46670000	     45.46902697	     25.44924138
     38.50000000	     45.59244453	     23.68754553
     38.53330000	     45.62820626	     22.05378788
     38.56670000	     45.52725977	     21.31302460
     38.60000000	     45.12694401	     22.46219932
     38.63330000	     44.51595176	     25.18936413
     38.66670000	     44.07724052	     27.69929311
     38.70000000	     44.04326397	     28.69153174
     38.73330000	     44.26839932	     28.55376984
     38.76670000	     44.44569062	     28.55852258
     38.80000000	     44.46241049	     29.29153848
     38.83330000	     44.49722128	     30.11485972
     38.86670000	     44.76993869	     30.05944718
     38.90000000	     45.24601134	     28.96374739
     38.93330000	     45.64038980	     27.63382244
     38.96670000	     45.70418594	     26.98163046
     39.00000000	     45.45410294	     27.20559857
     39.03330000	     45.07615036	     27.92276577
     39.06670000	     44.69495150	     28.78986130
     39.10000000	     44.32181414	     29.70642985
     39.13330000	     43.99944318	     30.48081337
     39.16670000	     43.89373859	     30.63245954
     39.20000000	     44.14680608	     29.84735651
     39.23330000	     44.59679541	     28.69259800
     39.26670000	     44.73089683	     28.56528309
     39.30000000	     44.06832757	     30.57198876
     39.33330000	     42.62166399	     34.41938817
     39.36670000	     40.92781704	     38.34078686
     39.40000000	     39.53805514	     40.34035334
     39.43330000	     38.57696832	     39.76057663
     39.46670000	     37.81456000	     38.08534432
     39.50000000	     36.84182012	     38.67093404
     39.53330000	     35.61042980	     42.77907422
     39.56670000	     34.57372983	     47.40580206
     39.60000000	     33.87686120	     50.06327996
     39.63330000	     33.57365059	     50.12639229
     39.66670000	     33.89766237	     48.00146358
     39.70000000	     34.85810081	     45.17735666
     39.73330000	     36.06202908	     43.27173010
     39.76670000	     37.12300793	     42.50555903
     39.80000000	     37.98733462	     42.06132238
     39.83330000	     38.88144119	     41.31928921
     39.86670000	     40.03815215	     40.37894562
     39.90000000	     41.39020667	     39.78826187
     39.93330000	     42.58883834	     39.87028095
     39.96670000	     43.38544863	     40.34357784
     40.00000000	     44.01137634	     40.33404594
     40.03330000	     45.08664236	     38.85916148
     40.06670000	     46.96915981	     35.82610988
     40.10000000	     49.25269900	     32.40791805
     40.13330000	     51.17730230	     29.84342781
     40.16670000	     52.35792881	     28.33831820
     40.20000000	     52.87892724	     27.51726096
     40.23330000	     53.01161556	     27.08233810
     40.26670000	     52.93765489	     27.02068362
     40.30000000	     52.62947911	     27.54542460
     40.33330000	     51.93350232	     28.90024625
     40.36670000	     50.77088891	     31.05383432
     40.40000000	     49.29106048	     33.46963142
     40.43330000	     47.84562373	     35.24653395
     40.46670000	     46.72290322	     35.73499608
     40.50000000	     45.85720430	     35.14076880
     40.53330000	     44.89255607	     34.33807666
     40.56670000	     43.64840557	     33.90744397
     40.60000000	     42.38485705	     33.66560317
     40.63330000	     41.44402665	     33.18480147
     40.66670000	     40.71352002	     32.49733330
     40.70000000	     39.66193420	     32.20951288
     40.73330000	     37.89074705	     33.12063510
     40.76670000	     35.55826503	     35.68516014
     40.80000000	     33.28413985	     39.32844029
     40.83330000	     31.55527293	     42.76885566
     40.86670000	     30.35291134	     45.23186318
     40.90000000	     29.50081515	     46.51952964
     40.93330000	     28.94707164	     46.85217805
     40.96670000	     28.54650678	     47.38216904
     41.00000000	     28.01416466	     49.37888508
     41.03330000	     27.36072114	     52.09135689
     41.06670000	     26.86157144	     53.84873800
     41.10000000	     26.77102517	     54.00665144
     41.13330000	     27.16660350	     52.98222057
     41.16670000	     27.85056181	     51.41097889
     41.20000000	     28.53720675	     49.14142334
     41.23330000	     29.20771477	     45.48423605
     41.26670000	     30.09711180	     41.43680916
     41.30000000	     31.13041325	     41.34494467
     41.33330000	     32.80200008	     44.23977037
     41.36670000	     35.24305222	     45.50145419
     41.40000000	     37.35101519	     44.94394353
     41.43330000	     38.52283604	     43.92107589
     41.46670000	     39.39996736	     42.73387682
     41.50000000	     41.07849128	     40.69061630
     41.53330000	     43.75897582	     37.59160682
     41.56670000	     46.54654999	     34.47184176
     41.60000000	     48.54528331	     32.53065907
     41.63330000	     49.66346153	     31.99552004
     41.66670000	     50.38491896	     32.28012092
     41.70000000	     51.04175764	     32.88237473
     41.73330000	     51.59267356	     33.62157996
     41.76670000	     52.07375259	     34.06178075
     41.80000000	     52.82547581	     33.51206652
     41.83330000	     54.03448454	     31.93650148
     41.86670000	     55.32339586	     30.23071198
     41.90000000	     56.11270297	     29.19352922
     41.93330000	     56.23436887	     28.81176117
     41.96670000	     55.99582085	     28.69127709
     42.00000000	     55.70746540	     28.64958316
     42.03330000	     55.32743093	     28.67230545
     42.06670000	     54.63489142	     28.67460248
     42.10000000	     53.60335954	     28.59816952
     42.13330000	     52.47389150	     28.60458876
     42.16670000	     51.47434801	     29.03033999
     42.20000000	     50.54677902	     30.17175395
     42.23330000	     49.45018062	     32.11421561
     42.26670000	     48.12359905	     34.62719568
     42.30000000	     46.83841814	     37.12246119
     42.33330000	     45.94489942	     38.92333871
     42.36670000	     45.48994830	     39.85773289
     42.40000000	     45.18270538	     40.42144399
     42.43330000	     44.71309776	     41.23496689
     42.46670000	     44.02417311	     42.46864565
     42.50000000	     43.29579134	     43.80014897
     42.53330000	     42.73365857	     44.79596833
     42.56670000	     42.40306367	     45.26051648
     42.60000000	     42.22152452	     45.28032676
     42.63330000	     42.03037388	     45.14877406
     42.66670000	     41.69231584	     45.25091468
     42.70000000	     41.18613297	     45.84396887
     42.73330000	     40.64474827	     46.80601404
     42.76670000	     40.23020849	     47.72168780
     42.80000000	     39.93819924	     48.32239244
     42.83330000	     39.56161111	     48.78525400
     42.86670000	     38.90308322	     49.48982861
     42.90000000	     38.00664965	     50.53855241
     42.93330000	     37.11022406	     51.69535769
     42.96670000	     36.34270558	     52.85624684
     43.00000000	     35.55814212	     54.29520097
     43.03330000	     34.59171593	     56.13104888
     43.06670000	     33.53510538	     57.89997954
     43.10000000	     32.63508726	     58.98832509
     43.13330000	     32.01553246	     59.28973203
     43.16670000	     31.58241165	     59.27764076
     43.20000000	     31.15433162	     59.51064608
     43.23330000	     30.63073139	     60.13245580
     43.26670000	     30.03420082	     60.88669993
     43.30000000	     29.44966707	     61.49665577
     43.33330000	     28.95929897	     61.87644931
     43.36670000	     28.60773773	     62.05585839
     43.40000000	     28.38682182	     62.09570675
     43.43330000	     28.23388644	     62.17059459
     43.46670000	     28.07712507	     62.57451927
     43.50000000	     27.89138907	     63.47041103
     43.53330000	     27.70753615	     64.66844651
     43.56670000	     27.58667782	     65.75908029
     43.60000000	     27.65960388	     66.37002248
     43.63330000	     28.11758091	     66.35955229
     43.66670000	     29.05519170	     65.84585382
     43.70000000	     30.30193608	     65.13202239
     43.73330000	     31.47888549	     64.54440890
     43.76670000	     32.28496614	     64.21630397
     43.80000000	     32.71134313	     63.96950369
     43.83330000	     33.01113184	     63.41694182
     43.86670000	     33.47138388	     62.25824075
     43.90000000	     34.18371591	     60.54175335
     43.93330000	     34.97814964	     58.68256372
     43.96670000	     35.58958039	     57.17177626
     44.00000000	     35.89493528	     56.23180285
     44.03330000	     35.98778455	     55.74437628
     44.06670000	     36.06393492	     55.43146778
     44.10000000	     36.26912743	     55.05316843
     44.13330000	     36.62610756	     54.50224203
     44.16670000	     37.05085202	     53.82965916
     44.20000000	     37.41902679	     53.20945719
     44.23330000	     37.64580209	     52.82180726
     44.26670000	     37.74618978	     52.67994104
     44.30000000	     37.81318915	     52.58852961
     44.33330000	     37.90174690	     52.37092546
     44.36670000	     37.94330636	     52.13040158
     44.40000000	     37.82456543	     52.16143242
     44.43330000	     37.55264994	     52.55302443
     44.46670000	     37.28250705	     53.02236123
     44.50000000	     37.15539806	     53.23698942
     44.53330000	     37.18437852	     53.13346969
     44.56670000	     37.29561102	     52.86361934
     44.60000000	     37.39089842	     52.61575898
     44.63330000	     37.33684118	     52.59277814
     44.66670000	     37.00052025	     53.01009799
     44.70000000	     36.38112196	     53.91772447
     44.73330000	     35.69383916	     55.00312707
     44.76670000	     35.23186172	     55.72204218
     44.80000000	     35.08978568	     55.77052942
     44.83330000	     35.08841106	     55.34888981
     44.86670000	     34.99659202	     54.92193962
     44.90000000	     34.77664289	     54.75547214
     44.93330000	     34.57599438	     54.76280106
     44.96670000	     34.48152402	     54.81930580
     45.00000000	     34.35789360	     55.09046404
     45.03330000	     33.99789919	     55.83440861
     45.06670000	     33.37144497	     56.96854379
     45.10000000	     32.64564079	     58.08820716
     45.13330000	     31.98576849	     58.91781870
     45.16670000	     31.40969118	     59.57727699
     45.20000000	     30.85947353	     60.31479862
     45.23330000	     30.35864053	     61.09143802
     45.26670000	     30.02879752	     61.59240682
     45.30000000	     29.93840612	     61.64004921
     45.33330000	     29.99660253	     61.43445631
     45.36670000	     30.02256336	     61.34493143
     45.40000000	     29.89999397	     61.54547018
     45.43330000	     29.64091396	     61.92992395
     45.46670000	     29.31807505	     62.34581633
     45.50000000	     29.00909217	     62.69990129
     45.53330000	     28.78519267	     62.90768258
     45.56670000	     28.69954700	     62.90439921
     45.60000000	     28.75058083	     62.73749739
     45.63330000	     28.89535524	     62.49244003
     45.66670000	     29.10933304	     62.12083386
     45.70000000	     29.40174854	     61.47824777
     45.73330000	     29.76726905	     60.55948387
     45.76670000	     30.14494536	     59.64301442
     45.80000000	     30.49117356	     59.01802502
     45.83330000	     30.85792405	     58.65000249
     45.86670000	     31.33316456	     58.26413028
     45.90000000	     31.89103493	     57.74967206
     45.93330000	     32.36249646	     57.31913386
     45.96670000	     32.57683049	     57.26802593
     46.00000000	     32.52083500	     57.68628254
     46.03330000	     32.38405277	     58.35516888
     46.06670000	     32.45561215	     58.81497500
     46.10000000	     32.89617727	     58.66016302
     46.13330000	     33.60022423	     57.87523704
     46.16670000	     34.31627960	     56.83684385
     46.20000000	     34.91982856	     55.91927266
     46.23330000	     35.50073837	     55.19786182
     46.26670000	     36.17728447	     54.57336716
     46.30000000	     36.91290612	     54.00398468
     46.33330000	     37.57658266	     53.47405578
     46.36670000	     38.12658772	     52.85026128
     46.40000000	     38.65933414	     51.95125655
     46.43330000	     39.25345779	     50.82621662
     46.46670000	     39.80401056	     49.86854319
     46.50000000	     40.09263122	     49.51158619
     46.53330000	     40.01780648	     49.83450102
     46.56670000	     39.73846930	     50.45683669
     46.60000000	     39.56384212	     50.80313322
     46.63330000	     39.68093756	     50.54493450
     46.66670000	     39.99058508	     49.87455893
     46.70000000	     40.23880255	     49.30863713
     46.73330000	     40.28113778	     49.20195362
     46.76670000	     40.17087234	     49.49474919
     46.80000000	     40.00749364	     49.91837223
     46.83330000	     39.80172348	     50.29425688
     46.86670000	     39.51537645	     50.58795022
     46.90000000	     39.16191445	     50.83911784
     46.93330000	     38.78738001	     51.13392455
     46.96670000	     38.37770512	     51.57423325
     47.00000000	     37.82805947	     52.24265936
     47.03330000	     37.03380848	     53.20326360
     47.06670000	     36.03339367	     54.44134627
     47.10000000	     35.04733025	     55.74313285
     47.13330000	     34.33231847	     56.74124359
     47.16670000	     33.95722779	     57.22651581
     47.20000000	     33.74121191	     57.38948845
     47.23330000	     33.42392877	     57.68513847
     47.26670000	     32.89396595	     58.39785960
     47.30000000	     32.28040834	     59.30633331
     47.33330000	     31.83682897	     59.87176652
     47.36670000	     31.70317219	     59.83568753
     47.40000000	     31.76270125	     59.57243486
     47.43330000	     31.73496768	     59.80109072
     47.46670000	     31.45681083	     60.85109034
     47.50000000	     31.06920830	     62.21055831
     47.53330000	     30.88322454	     62.98977603
     47.56670000	     31.09264524	     62.70291193
     47.60000000	     31.67233008	     61.51561017
     47.63330000	     32.48901692	     59.95341524
     47.66670000	     33.42155814	     58.44811964
     47.70000000	     34.33601157	     57.22934620
     47.73330000	     35.02283982	     56.54798846
     47.76670000	     35.32766548	     56.60887470
     47.80000000	     35.37787516	     57.12477961
     47.83330000	     35.55226599	     57.24484297
     47.86670000	     36.16354097	     56.15493928
     47.90000000	     37.20759494	     53.74116279
     47.93330000	     38.37966611	     50.82851095
     47.96670000	     39.25075882	     48.85992131
     48.00000000	     39.56312779	     48.83728522
     48.03330000	     39.50133992	     50.27280991
     48.06670000	     39.58985246	     51.48873276
     48.10000000	     40.24742636	     50.90251084
     48.13330000	     41.44419661	     47.99949236
     48.16670000	     42.70212190	     43.71540619
     48.20000000	     43.40617498	     40.04959961
     48.23330000	     43.33117655	     38.45662164
     48.26670000	     42.97920490	     38.41936164
     48.30000000	     43.24681143	     37.98978790
     48.33330000	     44.51724121	     36.03328091
     48.36670000	     46.03821995	     33.92456699
     48.40000000	     46.52373132	     34.13207321
     48.43330000	     45.53651265	     37.17713479
     48.46670000	     44.12729805	     40.63912615
     48.50000000	     43.77755185	     41.40987966
     48.53330000	     44.36330173	     39.63821097
     48.56670000	     44.01772611	     38.36716249
     48.60000000	     41.47325222	     38.99164613
     48.63330000	     38.26867875	     38.07424656
     48.66670000	     37.44477075	     33.68955586
     48.70000000	     37.39343516	     41.57406335
     48.73330000	     39.69920019	     45.40213556
     48.76670000	     41.45923540	     47.23106273
     48.80000000	     41.43292675	     49.74628764
     48.83330000	     40.34088178	     52.85890147
     48.86670000	     39.20347160	     55.66067767
     48.90000000	     38.37498869	     57.68547286
     48.93330000	     37.75197117	     59.28472854
     48.96670000	     37.32300410	     60.73588473
     49.00000000	     37.09614031	     61.52903608
     49.03330000	     36.90426205	     60.71515158
     49.06670000	     36.80862877	     57.21847906
     49.10000000	     37.31009121	     50.75818368
     49.13330000	     38.25700395	     44.75248701
     49.16670000	     38.53553462	     43.55089075
     49.20000000	     37.89663726	     45.59450631
     49.23330000	     36.97857705	     47.40182004
     49.26670000	     36.55734476	     47.21694706
     49.30000000	     36.90693834	     45.35819650
     49.33330000	     37.67997136	     43.16697600
     49.36670000	     38.45700640	     41.45480874
     49.40000000	     39.20748854	     39.92653407
     49.43330000	     40.16676299	     37.86709225
     49.46670000	     41.40351885	     35.15157906
     49.50000000	     42.62059454	     32.49529241
     49.53330000	     43.34091068	     30.94531266
     49.56670000	     43.28814466	     31.09994142
     49.60000000	     42.66372303	     32.52773179
     49.63330000	     42.00829409	     34.02524793
     49.66670000	     41.73172369	     34.65360170
     49.70000000	     41.85742660	     34.35257780
     49.73330000	     42.20104002	     33.55948303
     49.76670000	     42.65189702	     32.56442487
     49.80000000	     43.21418018	     31.39272177
     49.83330000	     43.85201310	     30.15484429
     49.86670000	     44.42611509	     29.17688833
     49.90000000	     44.81592590	     28.68045210
     49.93330000	     45.05573497	     28.45879940
     49.96670000	     45.29586119	     28.05135547
     50.00000000	     45.64073853	     27.23263263
     50.03330000	     46.09044545	     26.13183260
     50.06670000	     46.58270991	     25.00328759
     50.10000000	     47.04199926	     24.04161450
     50.13330000	     47.39437029	     23.38526778
     50.16670000	     47.59858202	     23.10542494
     50.20000000	     47.68715742	     23.11263694
     50.23330000	     47.75087737	     23.15867671
     50.26670000	     47.86323930	     23.01489750
     50.30000000	     48.02455307	     22.66102415
     50.33330000	     48.16507833	     22.30671975
     50.36670000	     48.20158027	     22.21179295
     50.40000000	     48.09932157	     22.46311973
     50.43330000	     47.89104886	     22.88945233
     50.46670000	     47.66279108	     23.21765369
     50.50000000	     47.51345887	     23.37378548
     50.53330000	     47.46489822	     23.70187666
     50.56670000	     47.40935847	     24.71913923
     50.60000000	     47.22342912	     26.42423623
     50.63330000	     46.99385072	     27.91281249
     50.66670000	     47.00130678	     28.15155797
     50.70000000	     47.31878998	     27.35194641
     50.73330000	     47.52193782	     27.06547751
     50.76670000	     46.98998993	     28.57111493
     50.80000000	     45.44318789	     31.77861705
     50.83330000	     43.18684825	     35.61059789
     50.86670000	     40.93172495	     38.86309057
     50.90000000	     39.27855750	     40.98418357
     50.93330000	     38.35768408	     42.12369714
     50.96670000	     37.98658855	     42.40705994
     51.00000000	     37.94161008	     41.78977900
     51.03330000	     37.95440654	     40.72976768
     51.06670000	     37.69235707	     40.35591206
     51.10000000	     37.08472405	     41.16123472
     51.13330000	     36.52894347	     42.04414811
     51.16670000	     36.43471869	     41.63352635
     51.20000000	     36.68439935	     40.03067761
     51.23330000	     36.67856277	     39.00170980
     51.26670000	     36.00177850	     40.16573885
     51.30000000	     35.02270124	     42.64666419
     51.33330000	     34.42853366	     44.07037338
     51.36670000	     34.42534823	     43.36667032
     51.40000000	     34.69094367	     41.54792414
     51.43330000	     34.79516138	     40.51036475
     51.46670000	     34.59323500	     41.15277633
     51.50000000	     34.25087589	     42.70631623
     51.53330000	     33.95917585	     44.00447123
     51.56670000	     33.86386973	     44.51621740
     51.60000000	     34.12551130	     44.33965674
     51.63330000	     34.80819327	     43.77183854
     51.66670000	     35.76018850	     42.94970870
     51.70000000	     36.76268579	     41.74083433
     51.73330000	     37.79855487	     39.85053507
     51.76670000	     39.02588778	     37.29391003
     51.80000000	     40.40650216	     34.95233274
     51.83330000	     41.56087257	     34.08734555
     51.86670000	     42.18324881	     34.91137412
     51.90000000	     42.42407578	     36.21330732
     51.93330000	     42.76808972	     36.48197039
     51.96670000	     43.58227584	     35.15086434
     52.00000000	     44.78506416	     32.83709753
     52.03330000	     45.99281510	     30.45906310
     52.06670000	     46.91557818	     28.42149351
     52.10000000	     47.49510689	     26.80340681
     52.13330000	     47.77779811	     25.82036530
     52.16670000	     47.82035133	     25.71970973
     52.20000000	     47.71068088	     26.38673578
     52.23330000	     47.57937226	     27.30743475
     52.26670000	     47.54240032	     27.95971622
     52.30000000	     47.63426503	     28.24489608
     52.33330000	     47.79674323	     28.52129206
     52.36670000	     47.92728355	     29.17409051
     52.40000000	     47.94632927	     30.17757439
     52.43330000	     47.84516496	     31.11875150
     52.46670000	     47.69603496	     31.60114555
     52.50000000	     47.60976736	     31.52059411
     52.53330000	     47.66658203	     31.02972331
     52.56670000	     47.84801378	     30.38233072
     52.60000000	     48.04281726	     29.81968537
     52.63330000	     48.15310166	     29.43939157
     52.66670000	     48.20686432	     29.08693712
     52.70000000	     48.31693686	     28.53371710
     52.73330000	     48.51435982	     27.78623817
     52.76670000	     48.63839596	     27.22308940
     52.80000000	     48.45156169	     27.28567841
     52.83330000	     47.88048970	     28.04005090
     52.86670000	     47.10137289	     29.10870053
     52.90000000	     46.37040038	     29.93841977
     52.93330000	     45.78137504	     30.07418779
     52.96670000	     45.22160845	     29.26869303
     53.00000000	     44.57806789	     27.48804577
     53.03330000	     43.90875354	     24.98612557
     53.06670000	     43.34852997	     22.44019831
     53.10000000	     42.91902706	     20.66195693
     53.13330000	     42.55579310	     19.87720027
     53.16670000	     42.24658278	     19.65533331
     53.20000000	     42.02609313	     19.62348180
     53.23330000	     41.88457457	     19.77813052
     53.26670000	     41.71445945	     20.31997050
     53.30000000	     41.35179274	     21.56023385
     53.33330000	     40.71290071	     23.76064593
     53.36670000	     39.88502218	     26.83256952
     53.40000000	     39.10597353	     30.12319427
     53.43330000	     38.54922834	     32.97369688
     53.46670000	     38.17732693	     35.32167535
     53.50000000	     37.81640341	     37.61111801
     53.53330000	     37.32664736	     40.22740941
     53.56670000	     36.66590198	     43.18291679
     53.60000000	     35.85270501	     46.25331227
     53.63330000	     34.96149107	     49.13893209
     53.66670000	     34.16152893	     51.44856278
     53.70000000	     33.67067167	     52.70922322
     53.73330000	     33.59535697	     52.65922643
     53.76670000	     33.83558180	     51.55966760
     53.80000000	     34.16794458	     50.12456941
     53.83330000	     34.41264626	     49.10466178
     53.86670000	     34.53689646	     48.78621069
     53.90000000	     34.62237951	     48.89114824
     53.93330000	     34.79015259	     48.79445236
     53.96670000	     35.11707825	     48.04905953
     54.00000000	     35.54693172	     46.86330813
     54.03330000	     35.89687814	     46.00664613
     54.06670000	     36.05459042	     45.92782873
     54.10000000	     36.20446516	     45.91583762
     54.13330000	     36.71973478	     44.66346286
     54.16670000	     37.76046911	     41.86436037
     54.20000000	     39.07835673	     38.57155158
     54.23330000	     40.27641043	     35.87600796
     54.26670000	     41.17298324	     33.87046324
     54.30000000	     41.82129974	     32.02648640
     54.33330000	     42.29460287	     30.13233221
     54.36670000	     42.57885888	     28.56943584
     54.40000000	     42.65842863	     27.74836466
     54.43330000	     42.55406397	     27.73599083
     54.46670000	     42.28934133	     28.33598235
     54.50000000	     41.95029460	     29.21449133
     54.53330000	     41.77693368	     30.01859651
     54.56670000	     42.01952234	     30.69150824
     54.60000000	     42.69521986	     31.50584505
     54.63330000	     43.61290134	     32.65613297
     54.66670000	     44.74014350	     33.84068178
     54.70000000	     46.36053912	     34.45166722
     54.73330000	     48.59586840	     34.27075790
     54.76670000	     50.84176648	     33.94912624
     54.80000000	     52.20229902	     34.40908829
     54.83330000	     52.61109972	     35.70611338
     54.86670000	     53.02534421	     36.93620792
     54.90000000	     54.31459638	     37.31728391
     54.93330000	     56.30279775	     37.07704161
     54.96670000	     58.24632419	     36.96070105
     55.00000000	     59.79444851	     37.19375179
     55.03330000	     61.05646821	     37.36202487
     55.06670000	     62.14276172	     37.00899727
     55.10000000	     63.01174481	     36.13946542
     55.13330000	     63.63348432	     35.13204431
     55.16670000	     64.06985548	     34.23736154
     55.20000000	     64.37558725	     33.39620967
     55.23330000	     64.54272516	     32.53295084
     55.26670000	     64.53634540	     31.89425419
     55.30000000	     64.35060137	     31.86134841
     55.33330000	     64.08750262	     32.29647125
     55.36670000	     63.95406106	     32.33975120
     55.40000000	     63.99525491	     31.22384902
     55.43330000	     63.73061578	     29.52529475
     55.46670000	     62.34116723	     28.99368460
     55.50000000	     59.45667497	     30.81086686
     55.53330000	     55.81706015	     34.13783349
     55.56670000	     52.97060351	     36.40123033
     55.60000000	     51.68982700	     36.03970085
     55.63330000	     51.11862517	     34.29360554
     55.66670000	     49.94971087	     33.36980269
     55.70000000	     47.70338587	     34.32683076
     55.73330000	     44.78819006	     36.96796863
     55.76670000	     41.91670101	     40.45265153
     55.80000000	     39.48334552	     43.73880263
     55.83330000	     37.27546357	     45.87884856
     55.86670000	     34.86078972	     46.20761209
     55.90000000	     32.34649015	     44.58506371
     55.93330000	     30.40706909	     42.12474525
     55.96670000	     29.42003373	     40.94823914
     56.00000000	     29.08808743	     41.81904184
     56.03330000	     28.75108151	     44.04128646
     56.06670000	     27.89564718	     47.12233677
     56.10000000	     26.57981234	     50.62945813
     56.13330000	     25.29527086	     53.75364234
     56.16670000	     24.41203047	     55.90074840
     56.20000000	     23.82673708	     57.33531060
     56.23330000	     23.19705739	     58.75383075
     56.26670000	     22.39748983	     60.35578481
     56.30000000	     21.58708343	     61.76549182
     56.33330000	     20.96449140	     62.63008183
     56.36670000	     20.68816071	     62.96053140
     56.40000000	     20.92659427	     63.02433646
     56.43330000	     21.69228245	     63.06880876
     56.46670000	     22.63783766	     63.27649057
     56.50000000	     23.30755764	     63.96337638
     56.53330000	     23.72623863	     65.07241464
     56.56670000	     24.42202862	     65.83228390
     56.60000000	     25.78613577	     65.35816325
     56.63330000	     27.69565368	     63.56025989
     56.66670000	     29.83718818	     61.09817354
     56.70000000	     32.07118123	     58.60700426
     56.73330000	     34.37310284	     56.25903463
     56.76670000	     36.75336384	     53.77979382
     56.80000000	     39.33291921	     50.87164871
     56.83330000	     42.20858000	     47.73140934
     56.86670000	     45.07327924	     45.14071664
     56.90000000	     47.28739697	     43.78875730
     56.93330000	     48.50383550	     43.59613285
     56.96670000	     49.03694068	     43.88653603
     57.00000000	     49.52076856	     43.94489983
     57.03330000	     50.22680432	     43.53265693
     57.06670000	     50.83630428	     43.08675065
     57.10000000	     50.87103727	     43.25117699
     57.13330000	     50.16998959	     44.04098483
     57.16670000	     49.01482066	     44.54811620
     57.20000000	     47.93094954	     43.78097849
     57.23330000	     47.29697399	     41.91612672
     57.26670000	     47.02705285	     40.52662203
     57.30000000	     46.79799877	     41.03687482
     57.33330000	     46.65863977	     42.83856677
     57.36670000	     47.06630952	     43.72727606
     57.40000000	     48.21305978	     42.30630150
     57.43330000	     49.61407378	     39.46464925
     57.46670000	     50.47926374	     37.62493462
     57.50000000	     50.53576925	     38.27922550
     57.53330000	     50.36152682	     40.50597968
     57.56670000	     50.71386757	     42.31508207
     57.60000000	     51.69320590	     42.77252276
     57.63330000	     52.75112649	     42.49608070
     57.66670000	     53.32514322	     42.61988063
     57.70000000	     53.31516820	     43.54567018
     57.73330000	     53.09244733	     44.47275341
     57.76670000	     53.17900710	     43.96204377
     57.80000000	     53.81932873	     41.21618138
     57.83330000	     54.73687165	     37.10700694
     57.86670000	     55.32087250	     33.71103931
     57.90000000	     55.23227153	     32.33709413
     57.93330000	     54.69546671	     32.52562148
     57.96670000	     54.14198098	     33.16565130
     58.00000000	     53.79173410	     33.77037528
     58.03330000	     53.62942674	     34.46732425
     58.06670000	     53.59863621	     35.39372471
     58.10000000	     53.69478599	     36.44680250
     58.13330000	     53.92907166	     37.33795139
     58.16670000	     54.27707815	     37.71987961
     58.20000000	     54.65947426	     37.45421618
     58.23330000	     54.95738079	     36.91562269
     58.26670000	     55.08063722	     36.76563736
     58.30000000	     55.04598219	     37.26053024
     58.33330000	     54.98111148	     37.94273377
     58.36670000	     54.99052349	     38.23063215
     58.40000000	     55.03023620	     38.04560842
     58.43330000	     54.92385979	     37.74878817
     58.46670000	     54.50308025	     37.69459187
     58.50000000	     53.74046926	     37.95492158
     58.53330000	     52.76088071	     38.34640008
     58.56670000	     51.79203632	     38.42864292
     58.60000000	     51.20530966	     37.57798893
     58.63330000	     51.52597658	     35.60609215
     58.66670000	     53.09472503	     33.48385774
     58.70000000	     55.57659072	     32.81589085
     58.73330000	     57.98395120	     34.01678028
     58.76670000	     59.29571082	     35.47308960
     58.80000000	     59.23000873	     35.18996541
     58.83330000	     58.52985512	     32.96575510
     58.86670000	     58.01290269	     31.02248975
     58.90000000	     57.54830680	     31.68446437
     58.93330000	     56.45940889	     34.69851417
     58.96670000	     54.62011333	     38.01127508
     59.00000000	     52.93523763	     39.98670822
     59.03330000	     52.37416620	     40.61469461
     59.06670000	     52.80027597	     41.08138423
     59.10000000	     53.34084933	     42.39163504
     59.13330000	     53.50124273	     44.53881018
     59.16670000	     53.49263332	     46.59195351
     59.20000000	     53.81697226	     47.25766303
     59.23330000	     54.85335712	     45.71973933
     59.26670000	     56.64093623	     42.39862017
     59.30000000	     58.72287242	     38.89064736
     59.33330000	     60.28562199	     36.59223113
     59.36670000	     60.68085325	     35.39616733
     59.40000000	     59.89718944	     34.27260810
     59.43330000	     58.54363835	     32.85466808
     59.46670000	     57.27890716	     31.88052150
     59.50000000	     56.37948972	     32.02043875
     59.53330000	     55.81112815	     33.00697139
     59.56670000	     55.35783930	     34.29009643
     59.60000000	     54.67862693	     35.92733441
     59.63330000	     53.58458912	     38.30853671
     59.66670000	     52.42426118	     41.11949579
     59.70000000	     51.93737655	     43.19938526
     59.73330000	     52.41410512	     43.72992821
     59.76670000	     53.06908201	     43.34791168
     59.80000000	     52.54824687	     43.71130256
     59.83330000	     50.14249730	     45.74080978
     59.86670000	     46.56770127	     48.40650678
     59.90000000	     43.39380121	     49.85779948
     59.93330000	     41.56703078	     49.60538735
     59.96670000	     40.83317743	     48.66226396
     60.00000000	     40.44394820	     48.17560811
     60.03330000	     39.94497081	     48.54034602
     60.06670000	     39.33758748	     49.47804755
     60.10000000	     38.84377332	     50.61784285
     60.13330000	     38.75317724	     51.75394346
     60.16670000	     39.35633394	     52.60158063
     60.20000000	     40.68823832	     52.74270016
     60.23330000	     42.28024235	     52.10239929
     60.26670000	     43.37338776	     51.43168422
     60.30000000	     43.52450177	     51.80571865
     60.33330000	     42.91764527	     53.39953993
     60.36670000	     42.00006227	     55.32720195
     60.40000000	     41.03598159	     56.58529549
     60.43330000	     40.15165976	     56.70328117
     60.46670000	     39.51262355	     55.72009576
     60.50000000	     39.23004030	     53.81478093
     60.53330000	     39.26024921	     50.99137162
     60.56670000	     39.54735163	     47.14736167
     60.60000000	     40.08425311	     42.62662381
     60.63330000	     40.67249686	     38.65914405
     60.66670000	     40.91633761	     36.45906871
     60.70000000	     40.71709744	     35.83095249
     60.73330000	     40.49047761	     35.66055681
     60.76670000	     40.67409453	     35.58443691
     60.80000000	     41.14109599	     36.33703999
     60.83330000	     41.43897955	     38.24071016
     60.86670000	     41.53274109	     40.50625703
     60.90000000	     41.79987649	     42.66446864
     60.93330000	     42.21723613	     44.83977779
     60.96670000	     41.72675043	     45.41640318
     61.00000000	     39.51278227	     38.68094458
     61.03330000	     36.86400525	     25.02867611
     61.06670000	     35.20342018	     16.12790367
     61.10000000	     36.31502878	     13.21133321
     61.13330000	     40.35402175	     15.88655619
     61.16670000	     44.43009957	     26.07696355
     61.20000000	     45.84440349	     35.15472830
     61.23330000	     45.00726511	     37.33632528
     61.26670000	     43.92928273	     36.81689467
     61.30000000	     43.79007993	     36.29909167
     61.33330000	     44.27879665	     36.13970105
     61.36670000	     44.78691902	     35.60169897
     61.40000000	     45.14988323	     34.35261732
     61.43330000	     45.42352991	     32.96581533
     61.46670000	     45.53402585	     32.09172107
     61.50000000	     45.39786154	     31.79813446
     61.53330000	     45.19446315	     31.66709031
     61.56670000	     45.26043321	     31.42695319
     61.60000000	     45.67327388	     31.30257433
     61.63330000	     46.10178517	     31.62048380
     61.66670000	     46.13608011	     32.32632217
     61.70000000	     45.74688868	     33.07252726
     61.73330000	     45.34479738	     33.76817704
     61.76670000	     45.35220569	     34.75078036
     61.80000000	     45.78362369	     36.18197472
     61.83330000	     46.25480615	     37.52687323
     61.86670000	     46.36541480	     37.95604386
     61.90000000	     46.05510207	     37.29117495
     61.93330000	     45.55923618	     36.36572468
     61.96670000	     45.09262656	     36.23300533
     62.00000000	     44.68317049	     37.03561541
     62.03330000	     44.17918210	     38.00691688
     62.06670000	     43.35533685	     38.46955807
     62.10000000	     42.09670396	     38.56095741
     62.13330000	     40.53768589	     38.92058569
     62.16670000	     38.97476323	     39.97120231
     62.20000000	     37.66476018	     41.52036304
     62.23330000	     36.77422231	     42.85496353
     62.26670000	     36.46436176	     43.23007685
     62.30000000	     36.82776130	     42.51571595
     62.33330000	     37.66474352	     41.48192695
     62.36670000	     38.48500299	     41.18746023
     62.40000000	     38.87456461	     41.89097703
     62.43330000	     38.83967574	     42.85397993
     62.46670000	     38.85168215	     43.18185728
     62.50000000	     39.52919585	     42.58188775
     62.53330000	     41.00489742	     41.54241728
     62.56670000	     42.64020067	     40.81441302
     62.60000000	     43.56086419	     40.66319064
     62.63330000	     43.37084619	     40.95410162
     62.66670000	     42.31472894	     41.66266530
     62.70000000	     40.91682513	     42.70706490
     62.73330000	     39.57789443	     43.62143368
     62.76670000	     38.49001454	     43.85965366
     62.80000000	     37.71596699	     43.42622081
     62.83330000	     37.21231303	     42.95846818
     62.86670000	     36.86387196	     43.05499445
     62.90000000	     36.57448778	     43.66337323
     62.93330000	     36.27794344	     44.38826695
     62.96670000	     35.94977939	     45.08504778
     63.00000000	     35.73541830	     45.86301680
     63.03330000	     36.02278821	     46.58903532
     63.06670000	     37.12796061	     46.86715546
     63.10000000	     38.83720114	     46.57998024
     63.13330000	     40.48206315	     46.11856139
     63.16670000	     41.62198495	     45.73500540
     63.20000000	     42.45287467	     44.96129941
     63.23330000	     43.41742007	     43.23984495
     63.26670000	     44.53849972	     41.17549838
     63.30000000	     45.43551283	     40.26875376
     63.33330000	     45.93819964	     41.13015314
     63.36670000	     46.27114872	     42.84581897
     63.40000000	     46.68967154	     44.04165015
     63.43330000	     47.15394302	     44.16726787
     63.46670000	     47.35470054	     43.82387942
     63.50000000	     46.99497990	     43.92444978
     63.53330000	     46.08426725	     44.63936914
     63.56670000	     45.00049181	     45.31530537
     63.60000000	     44.22503228	     45.27404768
     63.63330000	     43.95606875	     44.49421716
     63.66670000	     43.98556352	     43.50874996
     63.70000000	     43.96005723	     42.82422356
     63.73330000	     43.72989670	     42.54230735
     63.76670000	     43.41826619	     42.48699255
     63.80000000	     43.19308857	     42.59486111
     63.83330000	     43.07822659	     42.98201334
     63.86670000	     43.01455761	     43.65384663
     63.90000000	     43.00503396	     44.35148395
     63.93330000	     43.10742973	     44.79821270
     63.96670000	     43.32148517	     44.98824518
     64.00000000	     43.56167359	     45.11560518
     64.03330000	     43.75251572	     45.29672247
     64.06670000	     43.90618198	     45.44408719
     64.10000000	     44.09064975	     45.40287855
     64.13330000	     44.33408829	     45.11172673
     64.16670000	     44.55317526	     44.63794284
     64.20000000	     44.55357451	     44.11934769
     64.23330000	     44.13078029	     43.67824817
     64.26670000	     43.25989658	     43.35813265
     64.30000000	     42.22835857	     43.16034282
     64.33330000	     41.51107492	     43.12014371
     64.36670000	     41.36080127	     43.23866546
     64.40000000	     41.49581966	     43.26814715
     64.43330000	     41.38373114	     42.98113329
     64.46670000	     41.08129933	     42.97048008
     64.50000000	     41.61163320	     44.45061787
     64.53330000	     43.93384474	     46.99206426
     64.56670000	     46.69910060	     46.50979037
     64.60000000	     45.79314397	     40.09933613
     64.63330000	     39.90486338	     29.66835604
     64.66670000	     32.43892159	     19.64234388
     64.70000000	     26.71072501	     12.32229661
     64.73330000	     23.85820342	      8.22301453
     64.76670000	     23.46950220	      9.23043953
     64.80000000	     25.06714383	     15.13230571
     64.83330000	     28.95437958	     24.26220325
     64.86670000	     35.88163251	     32.92524970
     64.90000000	     44.11781920	     31.90855139
     64.93330000	     48.73787308	     18.61831319
     64.96670000	     48.71195758	      6.10109709
     65.00000000	     46.57062575	      4.10350220
     65.03330000	     43.80273301	     13.92225830
     65.06670000	     40.09974638	     33.75493158
     65.10000000	     36.97222010	     47.36474785
     65.13330000	     34.18293877	     49.49859262
     65.16670000	     32.24140180	     46.55946638
     65.20000000	     32.93894836	     44.36063707
     65.23330000	     36.32382464	     44.07759687
     65.26670000	     39.57597830	     43.91042325
     65.30000000	     39.68375686	     43.64229720
     65.33330000	     37.11986843	     43.15834850
     65.36670000	     35.71509155	     40.42568260
     65.40000000	     38.41341788	     34.81410954
     65.43330000	     43.33796784	     30.11694535
     65.46670000	     47.25263527	     27.85419660
     65.50000000	     49.23739886	     26.53792181
     65.53330000	     49.89838551	     25.33027883
     65.56670000	     50.11896556	     24.15285711
     65.60000000	     50.42678397	     23.32451722
     65.63330000	     50.89466596	     22.94253955
     65.66670000	     51.37368017	     22.71761217
     65.70000000	     51.72247380	     22.46947798
     65.73330000	     51.89740583	     22.20664592
     65.76670000	     51.94474161	     21.84648927
     65.80000000	     51.96369242	     21.18831865
     65.83330000	     52.04057036	     20.21277793
     65.86670000	     52.17775387	     19.24663443
     65.90000000	     52.30225251	     18.67197581
     65.93330000	     52.36475680	     18.50965799
     65.96670000	     52.40323955	     18.43977262
     66.00000000	     52.49150913	     18.20145483
     66.03330000	     52.66982992	     17.79602604
     66.06670000	     52.93945481	     17.31161491
     66.10000000	     53.27690153	     16.76640527
     66.13330000	     53.61697250	     16.21500967
     66.16670000	     53.86722312	     15.81988241
     66.20000000	     53.99602519	     15.65490831
     66.23330000	     54.07513742	     15.55289418
     66.26670000	     54.17867776	     15.33670153
     66.30000000	     54.26537636	     15.13573550
     66.33330000	     54.23003710	     15.25130405
     66.36670000	     54.07113356	     15.68893835
     66.40000000	     53.93125034	     16.05037972
     66.43330000	     53.93701924	     15.98172010
     66.46670000	     54.05889627	     15.55875125
     66.50000000	     54.16196087	     15.14683240
     66.53330000	     54.15483198	     15.00801293
     66.56670000	     54.06172968	     15.11987396
     66.60000000	     53.97303350	     15.28636966
     66.63330000	     53.94029513	     15.36651976
     66.66670000	     53.92266366	     15.39952873
     66.70000000	     53.83289025	     15.52839382
     66.73330000	     53.64192214	     15.80393295
     66.76670000	     53.42291371	     16.11451139
     66.80000000	     53.27987190	     16.33884658
     66.83330000	     53.23507870	     16.51151137
     66.86670000	     53.21181623	     16.72242067
     66.90000000	     53.13316712	     16.88488228
     66.93330000	     53.04826091	     16.72327065
     66.96670000	     53.17008504	     16.04387600
     67.00000000	     53.64745183	     15.09634413
     67.03330000	     54.16038168	     14.55436478
     67.06670000	     53.90297452	     14.93384650
     67.10000000	     52.14660327	     16.14212907
     67.13330000	     48.99203152	     17.09670372
     67.16670000	     46.02230951	     15.31778432
     67.20000000	     45.19148960	      9.91587227
     67.23330000	     45.78255431	      6.16640845
     67.26670000	     46.01476987	      6.45264079
     67.30000000	     45.28443560	      8.46105132
     67.33330000	     43.80084489	     10.69991600
     67.36670000	     42.22171460	     12.50272699
     67.40000000	     41.19281913	     13.40366602
     67.43330000	     40.89743807	     13.27078957
     67.46670000	     40.96950662	     12.54456779
     67.50000000	     40.95929301	     11.79801467
     67.53330000	     40.89045387	     11.10991112
     67.56670000	     41.24945524	     10.07659248
     67.60000000	     42.15045809	      8.97558727
     67.63330000	     42.73721315	      9.58032004
     67.66670000	     42.16034755	     13.32035207
     67.70000000	     40.63868706	     19.50648622
     67.73330000	     39.36327886	     24.80856724
     67.76670000	     39.24594720	     25.85057479
     67.80000000	     40.06756467	     22.15563203
     67.83330000	     40.98476421	     15.87986618
     67.86670000	     41.26955936	     10.55316586
     67.90000000	     40.78617125	      9.50302154
     67.93330000	     40.27958366	     12.97837579
     67.96670000	     40.55992928	     17.19146307
     68.00000000	     40.58070502	     20.03437083
     68.03330000	     38.67111124	     22.12083434
     68.06670000	     36.26447013	     22.62334100
     68.10000000	     38.90715592	     19.62959847
     68.13330000	     48.44831517	     15.66914838
     68.16670000	     57.98702175	     13.62244051
     68.20000000	     61.66286729	     13.96175458
     68.23330000	     58.31617258	     16.85223219
     68.26670000	     49.01095792	     22.31014202
     68.30000000	     39.78294108	     26.62433256
     68.33330000	     37.35242064	     25.65788151
     68.36670000	     39.34211741	     22.72864197
     68.40000000	     40.68665006	     21.38383181
     68.43330000	     40.10822161	     22.15564745
     68.46670000	     39.06997732	     24.11196523
     68.50000000	     38.93411234	     26.23151176
     68.53330000	     39.41963643	     28.29856608
     68.56670000	     39.49848886	     30.55376063
     68.60000000	     39.09520903	     32.52453097
     68.63330000	     39.30465281	     33.01794049
     68.66670000	     40.88928638	     31.73982304
     68.70000000	     43.12559648	     30.04085247
     68.73330000	     44.74232120	     29.39778340
     68.76670000	     45.38442501	     29.96414856
     68.80000000	     45.69324977	     30.85951724
     68.83330000	     46.26556124	     31.61685430
     68.86670000	     46.94310246	     32.97428122
     68.90000000	     47.41566728	     35.47557792
     68.93330000	     48.06385563	     37.63409808
     68.96670000	     49.61225343	     36.58011899
     69.00000000	     52.10938989	     31.10557689
     69.03330000	     54.51663208	     24.00352461
     69.06670000	     55.58895027	     19.26486122
     69.10000000	     55.10077981	     17.65497975
     69.13330000	     53.66435911	     17.85338965
     69.16670000	     51.99659028	     19.07703857
     69.20000000	     50.56175588	     21.33710890
     69.23330000	     49.69775780	     23.51129324
     69.26670000	     49.57563471	     23.72815800
     69.30000000	     50.01479570	     21.67071551
     69.33330000	     50.55184424	     18.93188718
     69.36670000	     50.70145476	     17.62381297
     69.40000000	     50.37963751	     18.34091233
     69.43330000	     49.97280440	     19.75724589
     69.46670000	     49.87806475	     20.32953230
     69.50000000	     50.12011143	     19.75300879
     69.53330000	     50.42010543	     18.81311217
     69.56670000	     50.47482209	     18.41280017
     69.60000000	     50.15454447	     18.87414648
     69.63330000	     49.54480308	     19.94648143
     69.66670000	     48.83590197	     21.33299552
     69.70000000	     48.11995935	     23.17757986
     69.73330000	     47.26022108	     25.98435118
     69.76670000	     46.04613918	     29.85128154
     69.80000000	     44.49998685	     33.92629566
     69.83330000	     42.96535023	     36.94868475
     69.86670000	     41.86329935	     38.22341264
     69.90000000	     41.36834368	     37.91206783
     69.93330000	     41.30389726	     36.62013009
     69.96670000	     41.31953805	     34.98397725
     70.00000000	     41.13366440	     33.58698841
     70.03330000	     40.68356033	     32.80724371
     70.06670000	     40.16056269	     32.45834975
     70.10000000	     39.88184921	     31.88934592
     70.13330000	     39.98784317	     30.90180992
     70.16670000	     40.30252085	     30.13305033
     70.20000000	     40.58888118	     29.98461731
     70.23330000	     40.84316659	     29.62936397
     70.26670000	     41.20963274	     27.77323589
     70.30000000	     41.73224399	     24.15495675
     70.33330000	     42.17578582	     20.56922471
     70.36670000	     42.14456706	     19.91702513
     70.40000000	     41.75901068	     22.30378977
     70.43330000	     41.49494999	     25.20457453
     70.46670000	     41.32184301	     27.84445189
     70.50000000	     41.00456380	     30.92209544
     70.53330000	     40.79216158	     33.99104937
     70.56670000	     41.32543191	     35.27870821
     70.60000000	     42.94596941	     33.68525283
     70.63330000	     45.26726365	     29.91267410
     70.66670000	     47.39864126	     25.84924236
     70.70000000	     48.70548866	     22.93129830
     70.73330000	     49.24156995	     21.30981419
     70.76670000	     49.46409427	     20.40741791
     70.80000000	     49.73021267	     19.74810484
     70.83330000	     50.10827858	     19.23077880
     70.86670000	     50.55492760	     18.92397135
     70.90000000	     51.12803237	     18.81052484
     70.93330000	     51.93005871	     18.77177392
     70.96670000	     52.90210785	     18.70449955
     71.00000000	     53.80598309	     18.57853427
     71.03330000	     54.45397088	     18.38332531
     71.06670000	     54.90206839	     18.09013774
     71.10000000	     55.40877252	     17.68099880
     71.13330000	     56.19727281	     17.15650750
     71.16670000	     57.25897246	     16.50777455
     71.20000000	     58.37162704	     15.80220679
     71.23330000	     59.28496706	     15.21514248
     71.26670000	     59.88207256	     14.88032557
     71.30000000	     60.21433010	     14.75037626
     71.33330000	     60.40853911	     14.67264963
     71.36670000	     60.53589682	     14.58354729
     71.40000000	     60.58350926	     14.51208565
     71.43330000	     60.51865710	     14.41307324
     71.46670000	     60.29443544	     14.18913950
     71.50000000	     59.81695068	     13.89757620
     71.53330000	     59.00889035	     13.77823883
     71.56670000	     57.94208982	     13.97711197
     71.60000000	     56.85102789	     14.32557222
     71.63330000	     55.96375219	     14.51579256
     71.66670000	     55.34943745	     14.41194528
     71.70000000	     54.95834300	     14.05572095
     71.73330000	     54.73139238	     13.51672454
     71.76670000	     54.58898099	     12.97065157
     71.80000000	     54.38842615	     12.78740988
     71.83330000	     54.02825092	     13.20994098
     71.86670000	     53.58930492	     13.93669198
     71.90000000	     53.27726557	     14.31317712
     71.93330000	     53.21276473	     13.97029200
     71.96670000	     53.29529569	     13.22093357
     72.00000000	     53.29872869	     12.75618112
     72.03330000	     53.10848898	     12.95794836
     72.06670000	     52.85100862	     13.54684064
     72.10000000	     52.73538112	     14.00995760
     72.13330000	     52.78373833	     14.26684134
     72.16670000	     52.80888186	     14.67706991
     72.20000000	     52.67600268	     15.48546981
     72.23330000	     52.49360901	     16.53174461
     72.26670000	     52.49513205	     17.44034304
     72.30000000	     52.73071499	     18.04951928
