[2026-07-01 09:54:10.104] [info] Updating Model file from 40000 to latest format...
[2026-07-01 09:54:10.125] [info] Loaded model Right from file C:\Users\youss\exosquelette\test\MoBL-ARMS Upper Extremity Model\Model\4.1\MOBL_ARMS_fixed_41.osim
[2026-07-01 09:54:10.125] [warning] Couldn't find file 'thorax.vtp'.
[2026-07-01 09:54:10.126] [warning] Couldn't find file 'clavicle.vtp'.
[2026-07-01 09:54:10.126] [warning] Couldn't find file 'scapula.vtp'.
[2026-07-01 09:54:10.138] [warning] Couldn't find file 'lunate.vtp'.
[2026-07-01 09:54:10.138] [warning] Couldn't find file 'sdfastSCAPHOIDw.vtp'.
[2026-07-01 09:54:10.138] [warning] Couldn't find file 'sdfastPISIFORMw.vtp'.
[2026-07-01 09:54:10.138] [warning] Couldn't find file 'sdfastTRIQUETRALw.vtp'.
[2026-07-01 09:54:10.139] [warning] Couldn't find file 'sdfast_1seg_hand_fr_c_5mc.vtp'.
[2026-07-01 09:54:10.139] [warning] Couldn't find file 'sdfast_1seg_hand_fr_c_4mc.vtp'.
[2026-07-01 09:54:10.139] [warning] Couldn't find file 'sdfast_1seg_hand_fr_c_3mc.vtp'.
[2026-07-01 09:54:10.139] [warning] Couldn't find file 'sdfast_1seg_hand_fr_c_2mc.vtp'.
[2026-07-01 09:54:10.139] [warning] Couldn't find file 'sdfast_1seg_hand_fr_c_trapezium.vtp'.
[2026-07-01 09:54:10.139] [warning] Couldn't find file 'sdfast_1seg_hand_fr_c_trapezoid.vtp'.
[2026-07-01 09:54:10.139] [warning] Couldn't find file 'sdfast_1seg_hand_fr_c_hamate.vtp'.
[2026-07-01 09:54:10.139] [warning] Couldn't find file 'capitate.vtp'.
[2026-07-01 09:54:10.139] [warning] Couldn't find file 'hand_2proxph.vtp'.
[2026-07-01 09:54:10.139] [warning] Couldn't find file 'hand_2midph.vtp'.
[2026-07-01 09:54:10.139] [warning] Couldn't find file 'hand_2distph.vtp'.
[2026-07-01 09:54:10.139] [warning] Couldn't find file 'hand_3proxph.vtp'.
[2026-07-01 09:54:10.139] [warning] Couldn't find file 'hand_3midph.vtp'.
[2026-07-01 09:54:10.139] [warning] Couldn't find file 'hand_3distph.vtp'.
[2026-07-01 09:54:10.139] [warning] Couldn't find file 'hand_4proxph.vtp'.
[2026-07-01 09:54:10.139] [warning] Couldn't find file 'hand_4midph.vtp'.
[2026-07-01 09:54:10.140] [warning] Couldn't find file 'hand_4distph.vtp'.
[2026-07-01 09:54:10.140] [warning] Couldn't find file 'hand_5proxph.vtp'.
[2026-07-01 09:54:10.140] [warning] Couldn't find file 'hand_5midph.vtp'.
[2026-07-01 09:54:10.140] [warning] Couldn't find file 'hand_5distph.vtp'.
[2026-07-01 09:54:10.140] [warning] Couldn't find file 'hand_thumbprox.vtp'.
[2026-07-01 09:54:10.140] [warning] Couldn't find file 'hand_thumbdist.vtp'.
[2026-07-01 09:54:10.140] [warning] Couldn't find file 'hand_1mc.vtp'.
[2026-07-01 09:54:10.263] [warning] Visualizer couldn't open thorax.vtp because: SimTK Exception thrown at PolygonalMesh.cpp:411:
  Error detected by Simbody method PolygonalMesh::loadVtpFile(): Attempt to load a VTK PolyData (.vtp) file from file name 'C:\OpenSim 4.5\opensim\..\\Geometry\thorax.vtp' failed with message:
  SimTK Exception thrown at Xml.cpp:108:
  Error detected by Simbody method Xml::readFromFile(): Failed to load the Xml file 'C:\OpenSim 4.5\opensim\..\\Geometry\thorax.vtp' with error 'Failed to open file (line=0, col=0)'.
  (Required condition 'loadOK' was not met.)

  (Required condition '!"failed"' was not met.)

[2026-07-01 09:54:10.264] [warning] Visualizer couldn't open clavicle.vtp because: SimTK Exception thrown at PolygonalMesh.cpp:411:
  Error detected by Simbody method PolygonalMesh::loadVtpFile(): Attempt to load a VTK PolyData (.vtp) file from file name 'C:\OpenSim 4.5\opensim\..\\Geometry\clavicle.vtp' failed with message:
  SimTK Exception thrown at Xml.cpp:108:
  Error detected by Simbody method Xml::readFromFile(): Failed to load the Xml file 'C:\OpenSim 4.5\opensim\..\\Geometry\clavicle.vtp' with error 'Failed to open file (line=0, col=0)'.
  (Required condition 'loadOK' was not met.)

  (Required condition '!"failed"' was not met.)

[2026-07-01 09:54:10.264] [warning] Visualizer couldn't open scapula.vtp because: SimTK Exception thrown at PolygonalMesh.cpp:411:
  Error detected by Simbody method PolygonalMesh::loadVtpFile(): Attempt to load a VTK PolyData (.vtp) file from file name 'C:\OpenSim 4.5\opensim\..\\Geometry\scapula.vtp' failed with message:
  SimTK Exception thrown at Xml.cpp:108:
  Error detected by Simbody method Xml::readFromFile(): Failed to load the Xml file 'C:\OpenSim 4.5\opensim\..\\Geometry\scapula.vtp' with error 'Failed to open file (line=0, col=0)'.
  (Required condition 'loadOK' was not met.)

  (Required condition '!"failed"' was not met.)

[2026-07-01 09:54:10.295] [warning] Visualizer couldn't open lunate.vtp because: SimTK Exception thrown at PolygonalMesh.cpp:411:
  Error detected by Simbody method PolygonalMesh::loadVtpFile(): Attempt to load a VTK PolyData (.vtp) file from file name 'C:\OpenSim 4.5\opensim\..\\Geometry\lunate.vtp' failed with message:
  SimTK Exception thrown at Xml.cpp:108:
  Error detected by Simbody method Xml::readFromFile(): Failed to load the Xml file 'C:\OpenSim 4.5\opensim\..\\Geometry\lunate.vtp' with error 'Failed to open file (line=0, col=0)'.
  (Required condition 'loadOK' was not met.)

  (Required condition '!"failed"' was not met.)

[2026-07-01 09:54:10.296] [warning] Visualizer couldn't open sdfastSCAPHOIDw.vtp because: SimTK Exception thrown at PolygonalMesh.cpp:411:
  Error detected by Simbody method PolygonalMesh::loadVtpFile(): Attempt to load a VTK PolyData (.vtp) file from file name 'C:\OpenSim 4.5\opensim\..\\Geometry\sdfastSCAPHOIDw.vtp' failed with message:
  SimTK Exception thrown at Xml.cpp:108:
  Error detected by Simbody method Xml::readFromFile(): Failed to load the Xml file 'C:\OpenSim 4.5\opensim\..\\Geometry\sdfastSCAPHOIDw.vtp' with error 'Failed to open file (line=0, col=0)'.
  (Required condition 'loadOK' was not met.)

  (Required condition '!"failed"' was not met.)

[2026-07-01 09:54:10.296] [warning] Visualizer couldn't open sdfastPISIFORMw.vtp because: SimTK Exception thrown at PolygonalMesh.cpp:411:
  Error detected by Simbody method PolygonalMesh::loadVtpFile(): Attempt to load a VTK PolyData (.vtp) file from file name 'C:\OpenSim 4.5\opensim\..\\Geometry\sdfastPISIFORMw.vtp' failed with message:
  SimTK Exception thrown at Xml.cpp:108:
  Error detected by Simbody method Xml::readFromFile(): Failed to load the Xml file 'C:\OpenSim 4.5\opensim\..\\Geometry\sdfastPISIFORMw.vtp' with error 'Failed to open file (line=0, col=0)'.
  (Required condition 'loadOK' was not met.)

  (Required condition '!"failed"' was not met.)

[2026-07-01 09:54:10.296] [warning] Visualizer couldn't open sdfastTRIQUETRALw.vtp because: SimTK Exception thrown at PolygonalMesh.cpp:411:
  Error detected by Simbody method PolygonalMesh::loadVtpFile(): Attempt to load a VTK PolyData (.vtp) file from file name 'C:\OpenSim 4.5\opensim\..\\Geometry\sdfastTRIQUETRALw.vtp' failed with message:
  SimTK Exception thrown at Xml.cpp:108:
  Error detected by Simbody method Xml::readFromFile(): Failed to load the Xml file 'C:\OpenSim 4.5\opensim\..\\Geometry\sdfastTRIQUETRALw.vtp' with error 'Failed to open file (line=0, col=0)'.
  (Required condition 'loadOK' was not met.)

  (Required condition '!"failed"' was not met.)

[2026-07-01 09:54:10.297] [warning] Visualizer couldn't open sdfast_1seg_hand_fr_c_5mc.vtp because: SimTK Exception thrown at PolygonalMesh.cpp:411:
  Error detected by Simbody method PolygonalMesh::loadVtpFile(): Attempt to load a VTK PolyData (.vtp) file from file name 'C:\OpenSim 4.5\opensim\..\\Geometry\sdfast_1seg_hand_fr_c_5mc.vtp' failed with message:
  SimTK Exception thrown at Xml.cpp:108:
  Error detected by Simbody method Xml::readFromFile(): Failed to load the Xml file 'C:\OpenSim 4.5\opensim\..\\Geometry\sdfast_1seg_hand_fr_c_5mc.vtp' with error 'Failed to open file (line=0, col=0)'.
  (Required condition 'loadOK' was not met.)

  (Required condition '!"failed"' was not met.)

[2026-07-01 09:54:10.297] [warning] Visualizer couldn't open sdfast_1seg_hand_fr_c_4mc.vtp because: SimTK Exception thrown at PolygonalMesh.cpp:411:
  Error detected by Simbody method PolygonalMesh::loadVtpFile(): Attempt to load a VTK PolyData (.vtp) file from file name 'C:\OpenSim 4.5\opensim\..\\Geometry\sdfast_1seg_hand_fr_c_4mc.vtp' failed with message:
  SimTK Exception thrown at Xml.cpp:108:
  Error detected by Simbody method Xml::readFromFile(): Failed to load the Xml file 'C:\OpenSim 4.5\opensim\..\\Geometry\sdfast_1seg_hand_fr_c_4mc.vtp' with error 'Failed to open file (line=0, col=0)'.
  (Required condition 'loadOK' was not met.)

  (Required condition '!"failed"' was not met.)

[2026-07-01 09:54:10.297] [warning] Visualizer couldn't open sdfast_1seg_hand_fr_c_3mc.vtp because: SimTK Exception thrown at PolygonalMesh.cpp:411:
  Error detected by Simbody method PolygonalMesh::loadVtpFile(): Attempt to load a VTK PolyData (.vtp) file from file name 'C:\OpenSim 4.5\opensim\..\\Geometry\sdfast_1seg_hand_fr_c_3mc.vtp' failed with message:
  SimTK Exception thrown at Xml.cpp:108:
  Error detected by Simbody method Xml::readFromFile(): Failed to load the Xml file 'C:\OpenSim 4.5\opensim\..\\Geometry\sdfast_1seg_hand_fr_c_3mc.vtp' with error 'Failed to open file (line=0, col=0)'.
  (Required condition 'loadOK' was not met.)

  (Required condition '!"failed"' was not met.)

[2026-07-01 09:54:10.297] [warning] Visualizer couldn't open sdfast_1seg_hand_fr_c_2mc.vtp because: SimTK Exception thrown at PolygonalMesh.cpp:411:
  Error detected by Simbody method PolygonalMesh::loadVtpFile(): Attempt to load a VTK PolyData (.vtp) file from file name 'C:\OpenSim 4.5\opensim\..\\Geometry\sdfast_1seg_hand_fr_c_2mc.vtp' failed with message:
  SimTK Exception thrown at Xml.cpp:108:
  Error detected by Simbody method Xml::readFromFile(): Failed to load the Xml file 'C:\OpenSim 4.5\opensim\..\\Geometry\sdfast_1seg_hand_fr_c_2mc.vtp' with error 'Failed to open file (line=0, col=0)'.
  (Required condition 'loadOK' was not met.)

  (Required condition '!"failed"' was not met.)

[2026-07-01 09:54:10.297] [warning] Visualizer couldn't open sdfast_1seg_hand_fr_c_trapezium.vtp because: SimTK Exception thrown at PolygonalMesh.cpp:411:
  Error detected by Simbody method PolygonalMesh::loadVtpFile(): Attempt to load a VTK PolyData (.vtp) file from file name 'C:\OpenSim 4.5\opensim\..\\Geometry\sdfast_1seg_hand_fr_c_trapezium.vtp' failed with message:
  SimTK Exception thrown at Xml.cpp:108:
  Error detected by Simbody method Xml::readFromFile(): Failed to load the Xml file 'C:\OpenSim 4.5\opensim\..\\Geometry\sdfast_1seg_hand_fr_c_trapezium.vtp' with error 'Failed to open file (line=0, col=0)'.
  (Required condition 'loadOK' was not met.)

  (Required condition '!"failed"' was not met.)

[2026-07-01 09:54:10.297] [warning] Visualizer couldn't open sdfast_1seg_hand_fr_c_trapezoid.vtp because: SimTK Exception thrown at PolygonalMesh.cpp:411:
  Error detected by Simbody method PolygonalMesh::loadVtpFile(): Attempt to load a VTK PolyData (.vtp) file from file name 'C:\OpenSim 4.5\opensim\..\\Geometry\sdfast_1seg_hand_fr_c_trapezoid.vtp' failed with message:
  SimTK Exception thrown at Xml.cpp:108:
  Error detected by Simbody method Xml::readFromFile(): Failed to load the Xml file 'C:\OpenSim 4.5\opensim\..\\Geometry\sdfast_1seg_hand_fr_c_trapezoid.vtp' with error 'Failed to open file (line=0, col=0)'.
  (Required condition 'loadOK' was not met.)

  (Required condition '!"failed"' was not met.)

[2026-07-01 09:54:10.297] [warning] Visualizer couldn't open sdfast_1seg_hand_fr_c_hamate.vtp because: SimTK Exception thrown at PolygonalMesh.cpp:411:
  Error detected by Simbody method PolygonalMesh::loadVtpFile(): Attempt to load a VTK PolyData (.vtp) file from file name 'C:\OpenSim 4.5\opensim\..\\Geometry\sdfast_1seg_hand_fr_c_hamate.vtp' failed with message:
  SimTK Exception thrown at Xml.cpp:108:
  Error detected by Simbody method Xml::readFromFile(): Failed to load the Xml file 'C:\OpenSim 4.5\opensim\..\\Geometry\sdfast_1seg_hand_fr_c_hamate.vtp' with error 'Failed to open file (line=0, col=0)'.
  (Required condition 'loadOK' was not met.)

  (Required condition '!"failed"' was not met.)

[2026-07-01 09:54:10.297] [warning] Visualizer couldn't open capitate.vtp because: SimTK Exception thrown at PolygonalMesh.cpp:411:
  Error detected by Simbody method PolygonalMesh::loadVtpFile(): Attempt to load a VTK PolyData (.vtp) file from file name 'C:\OpenSim 4.5\opensim\..\\Geometry\capitate.vtp' failed with message:
  SimTK Exception thrown at Xml.cpp:108:
  Error detected by Simbody method Xml::readFromFile(): Failed to load the Xml file 'C:\OpenSim 4.5\opensim\..\\Geometry\capitate.vtp' with error 'Failed to open file (line=0, col=0)'.
  (Required condition 'loadOK' was not met.)

  (Required condition '!"failed"' was not met.)

[2026-07-01 09:54:10.297] [warning] Visualizer couldn't open hand_2proxph.vtp because: SimTK Exception thrown at PolygonalMesh.cpp:411:
  Error detected by Simbody method PolygonalMesh::loadVtpFile(): Attempt to load a VTK PolyData (.vtp) file from file name 'C:\OpenSim 4.5\opensim\..\\Geometry\hand_2proxph.vtp' failed with message:
  SimTK Exception thrown at Xml.cpp:108:
  Error detected by Simbody method Xml::readFromFile(): Failed to load the Xml file 'C:\OpenSim 4.5\opensim\..\\Geometry\hand_2proxph.vtp' with error 'Failed to open file (line=0, col=0)'.
  (Required condition 'loadOK' was not met.)

  (Required condition '!"failed"' was not met.)

[2026-07-01 09:54:10.298] [warning] Visualizer couldn't open hand_2midph.vtp because: SimTK Exception thrown at PolygonalMesh.cpp:411:
  Error detected by Simbody method PolygonalMesh::loadVtpFile(): Attempt to load a VTK PolyData (.vtp) file from file name 'C:\OpenSim 4.5\opensim\..\\Geometry\hand_2midph.vtp' failed with message:
  SimTK Exception thrown at Xml.cpp:108:
  Error detected by Simbody method Xml::readFromFile(): Failed to load the Xml file 'C:\OpenSim 4.5\opensim\..\\Geometry\hand_2midph.vtp' with error 'Failed to open file (line=0, col=0)'.
  (Required condition 'loadOK' was not met.)

  (Required condition '!"failed"' was not met.)

[2026-07-01 09:54:10.298] [warning] Visualizer couldn't open hand_2distph.vtp because: SimTK Exception thrown at PolygonalMesh.cpp:411:
  Error detected by Simbody method PolygonalMesh::loadVtpFile(): Attempt to load a VTK PolyData (.vtp) file from file name 'C:\OpenSim 4.5\opensim\..\\Geometry\hand_2distph.vtp' failed with message:
  SimTK Exception thrown at Xml.cpp:108:
  Error detected by Simbody method Xml::readFromFile(): Failed to load the Xml file 'C:\OpenSim 4.5\opensim\..\\Geometry\hand_2distph.vtp' with error 'Failed to open file (line=0, col=0)'.
  (Required condition 'loadOK' was not met.)

  (Required condition '!"failed"' was not met.)

[2026-07-01 09:54:10.298] [warning] Visualizer couldn't open hand_3proxph.vtp because: SimTK Exception thrown at PolygonalMesh.cpp:411:
  Error detected by Simbody method PolygonalMesh::loadVtpFile(): Attempt to load a VTK PolyData (.vtp) file from file name 'C:\OpenSim 4.5\opensim\..\\Geometry\hand_3proxph.vtp' failed with message:
  SimTK Exception thrown at Xml.cpp:108:
  Error detected by Simbody method Xml::readFromFile(): Failed to load the Xml file 'C:\OpenSim 4.5\opensim\..\\Geometry\hand_3proxph.vtp' with error 'Failed to open file (line=0, col=0)'.
  (Required condition 'loadOK' was not met.)

  (Required condition '!"failed"' was not met.)

[2026-07-01 09:54:10.298] [warning] Visualizer couldn't open hand_3midph.vtp because: SimTK Exception thrown at PolygonalMesh.cpp:411:
  Error detected by Simbody method PolygonalMesh::loadVtpFile(): Attempt to load a VTK PolyData (.vtp) file from file name 'C:\OpenSim 4.5\opensim\..\\Geometry\hand_3midph.vtp' failed with message:
  SimTK Exception thrown at Xml.cpp:108:
  Error detected by Simbody method Xml::readFromFile(): Failed to load the Xml file 'C:\OpenSim 4.5\opensim\..\\Geometry\hand_3midph.vtp' with error 'Failed to open file (line=0, col=0)'.
  (Required condition 'loadOK' was not met.)

  (Required condition '!"failed"' was not met.)

[2026-07-01 09:54:10.298] [warning] Visualizer couldn't open hand_3distph.vtp because: SimTK Exception thrown at PolygonalMesh.cpp:411:
  Error detected by Simbody method PolygonalMesh::loadVtpFile(): Attempt to load a VTK PolyData (.vtp) file from file name 'C:\OpenSim 4.5\opensim\..\\Geometry\hand_3distph.vtp' failed with message:
  SimTK Exception thrown at Xml.cpp:108:
  Error detected by Simbody method Xml::readFromFile(): Failed to load the Xml file 'C:\OpenSim 4.5\opensim\..\\Geometry\hand_3distph.vtp' with error 'Failed to open file (line=0, col=0)'.
  (Required condition 'loadOK' was not met.)

  (Required condition '!"failed"' was not met.)

[2026-07-01 09:54:10.298] [warning] Visualizer couldn't open hand_4proxph.vtp because: SimTK Exception thrown at PolygonalMesh.cpp:411:
  Error detected by Simbody method PolygonalMesh::loadVtpFile(): Attempt to load a VTK PolyData (.vtp) file from file name 'C:\OpenSim 4.5\opensim\..\\Geometry\hand_4proxph.vtp' failed with message:
  SimTK Exception thrown at Xml.cpp:108:
  Error detected by Simbody method Xml::readFromFile(): Failed to load the Xml file 'C:\OpenSim 4.5\opensim\..\\Geometry\hand_4proxph.vtp' with error 'Failed to open file (line=0, col=0)'.
  (Required condition 'loadOK' was not met.)

  (Required condition '!"failed"' was not met.)

[2026-07-01 09:54:10.298] [warning] Visualizer couldn't open hand_4midph.vtp because: SimTK Exception thrown at PolygonalMesh.cpp:411:
  Error detected by Simbody method PolygonalMesh::loadVtpFile(): Attempt to load a VTK PolyData (.vtp) file from file name 'C:\OpenSim 4.5\opensim\..\\Geometry\hand_4midph.vtp' failed with message:
  SimTK Exception thrown at Xml.cpp:108:
  Error detected by Simbody method Xml::readFromFile(): Failed to load the Xml file 'C:\OpenSim 4.5\opensim\..\\Geometry\hand_4midph.vtp' with error 'Failed to open file (line=0, col=0)'.
  (Required condition 'loadOK' was not met.)

  (Required condition '!"failed"' was not met.)

[2026-07-01 09:54:10.299] [warning] Visualizer couldn't open hand_4distph.vtp because: SimTK Exception thrown at PolygonalMesh.cpp:411:
  Error detected by Simbody method PolygonalMesh::loadVtpFile(): Attempt to load a VTK PolyData (.vtp) file from file name 'C:\OpenSim 4.5\opensim\..\\Geometry\hand_4distph.vtp' failed with message:
  SimTK Exception thrown at Xml.cpp:108:
  Error detected by Simbody method Xml::readFromFile(): Failed to load the Xml file 'C:\OpenSim 4.5\opensim\..\\Geometry\hand_4distph.vtp' with error 'Failed to open file (line=0, col=0)'.
  (Required condition 'loadOK' was not met.)

  (Required condition '!"failed"' was not met.)

[2026-07-01 09:54:10.299] [warning] Visualizer couldn't open hand_5proxph.vtp because: SimTK Exception thrown at PolygonalMesh.cpp:411:
  Error detected by Simbody method PolygonalMesh::loadVtpFile(): Attempt to load a VTK PolyData (.vtp) file from file name 'C:\OpenSim 4.5\opensim\..\\Geometry\hand_5proxph.vtp' failed with message:
  SimTK Exception thrown at Xml.cpp:108:
  Error detected by Simbody method Xml::readFromFile(): Failed to load the Xml file 'C:\OpenSim 4.5\opensim\..\\Geometry\hand_5proxph.vtp' with error 'Failed to open file (line=0, col=0)'.
  (Required condition 'loadOK' was not met.)

  (Required condition '!"failed"' was not met.)

[2026-07-01 09:54:10.299] [warning] Visualizer couldn't open hand_5midph.vtp because: SimTK Exception thrown at PolygonalMesh.cpp:411:
  Error detected by Simbody method PolygonalMesh::loadVtpFile(): Attempt to load a VTK PolyData (.vtp) file from file name 'C:\OpenSim 4.5\opensim\..\\Geometry\hand_5midph.vtp' failed with message:
  SimTK Exception thrown at Xml.cpp:108:
  Error detected by Simbody method Xml::readFromFile(): Failed to load the Xml file 'C:\OpenSim 4.5\opensim\..\\Geometry\hand_5midph.vtp' with error 'Failed to open file (line=0, col=0)'.
  (Required condition 'loadOK' was not met.)

  (Required condition '!"failed"' was not met.)

[2026-07-01 09:54:10.299] [warning] Visualizer couldn't open hand_5distph.vtp because: SimTK Exception thrown at PolygonalMesh.cpp:411:
  Error detected by Simbody method PolygonalMesh::loadVtpFile(): Attempt to load a VTK PolyData (.vtp) file from file name 'C:\OpenSim 4.5\opensim\..\\Geometry\hand_5distph.vtp' failed with message:
  SimTK Exception thrown at Xml.cpp:108:
  Error detected by Simbody method Xml::readFromFile(): Failed to load the Xml file 'C:\OpenSim 4.5\opensim\..\\Geometry\hand_5distph.vtp' with error 'Failed to open file (line=0, col=0)'.
  (Required condition 'loadOK' was not met.)

  (Required condition '!"failed"' was not met.)

[2026-07-01 09:54:10.299] [warning] Visualizer couldn't open hand_thumbprox.vtp because: SimTK Exception thrown at PolygonalMesh.cpp:411:
  Error detected by Simbody method PolygonalMesh::loadVtpFile(): Attempt to load a VTK PolyData (.vtp) file from file name 'C:\OpenSim 4.5\opensim\..\\Geometry\hand_thumbprox.vtp' failed with message:
  SimTK Exception thrown at Xml.cpp:108:
  Error detected by Simbody method Xml::readFromFile(): Failed to load the Xml file 'C:\OpenSim 4.5\opensim\..\\Geometry\hand_thumbprox.vtp' with error 'Failed to open file (line=0, col=0)'.
  (Required condition 'loadOK' was not met.)

  (Required condition '!"failed"' was not met.)

[2026-07-01 09:54:10.300] [warning] Visualizer couldn't open hand_thumbdist.vtp because: SimTK Exception thrown at PolygonalMesh.cpp:411:
  Error detected by Simbody method PolygonalMesh::loadVtpFile(): Attempt to load a VTK PolyData (.vtp) file from file name 'C:\OpenSim 4.5\opensim\..\\Geometry\hand_thumbdist.vtp' failed with message:
  SimTK Exception thrown at Xml.cpp:108:
  Error detected by Simbody method Xml::readFromFile(): Failed to load the Xml file 'C:\OpenSim 4.5\opensim\..\\Geometry\hand_thumbdist.vtp' with error 'Failed to open file (line=0, col=0)'.
  (Required condition 'loadOK' was not met.)

  (Required condition '!"failed"' was not met.)

[2026-07-01 09:54:10.300] [warning] Visualizer couldn't open hand_1mc.vtp because: SimTK Exception thrown at PolygonalMesh.cpp:411:
  Error detected by Simbody method PolygonalMesh::loadVtpFile(): Attempt to load a VTK PolyData (.vtp) file from file name 'C:\OpenSim 4.5\opensim\..\\Geometry\hand_1mc.vtp' failed with message:
  SimTK Exception thrown at Xml.cpp:108:
  Error detected by Simbody method Xml::readFromFile(): Failed to load the Xml file 'C:\OpenSim 4.5\opensim\..\\Geometry\hand_1mc.vtp' with error 'Failed to open file (line=0, col=0)'.
  (Required condition 'loadOK' was not met.)

  (Required condition '!"failed"' was not met.)

[2026-07-01 09:54:26.050] [info] Updating Model file from 40000 to latest format...
[2026-07-01 09:54:26.069] [info] Loaded model Right from file C:\Users\youss\exosquelette\test\MoBL-ARMS Upper Extremity Model\Model\4.1\MOBL_ARMS_41.osim
[2026-07-01 09:54:26.070] [warning] Couldn't find file 'thorax.vtp'.
[2026-07-01 09:54:26.070] [warning] Body 'thorax' is massless but nonzero inertia provided.
[2026-07-01 09:54:26.070] [warning]  Inertia reset to zero. Otherwise provide nonzero mass.
[2026-07-01 09:54:26.070] [warning] Couldn't find file 'clavicle.vtp'.
[2026-07-01 09:54:26.070] [warning] Couldn't find file 'scapula.vtp'.
[2026-07-01 09:54:26.071] [warning] Couldn't find file 'lunate.vtp'.
[2026-07-01 09:54:26.071] [warning] Couldn't find file 'sdfastSCAPHOIDw.vtp'.
[2026-07-01 09:54:26.071] [warning] Couldn't find file 'sdfastPISIFORMw.vtp'.
[2026-07-01 09:54:26.071] [warning] Couldn't find file 'sdfastTRIQUETRALw.vtp'.
[2026-07-01 09:54:26.071] [warning] Couldn't find file 'sdfast_1seg_hand_fr_c_5mc.vtp'.
[2026-07-01 09:54:26.071] [warning] Couldn't find file 'sdfast_1seg_hand_fr_c_4mc.vtp'.
[2026-07-01 09:54:26.071] [warning] Couldn't find file 'sdfast_1seg_hand_fr_c_3mc.vtp'.
[2026-07-01 09:54:26.071] [warning] Couldn't find file 'sdfast_1seg_hand_fr_c_2mc.vtp'.
[2026-07-01 09:54:26.071] [warning] Couldn't find file 'sdfast_1seg_hand_fr_c_trapezium.vtp'.
[2026-07-01 09:54:26.071] [warning] Couldn't find file 'sdfast_1seg_hand_fr_c_trapezoid.vtp'.
[2026-07-01 09:54:26.071] [warning] Couldn't find file 'sdfast_1seg_hand_fr_c_hamate.vtp'.
[2026-07-01 09:54:26.072] [warning] Couldn't find file 'capitate.vtp'.
[2026-07-01 09:54:26.072] [warning] Couldn't find file 'hand_2proxph.vtp'.
[2026-07-01 09:54:26.072] [warning] Couldn't find file 'hand_2midph.vtp'.
[2026-07-01 09:54:26.072] [warning] Couldn't find file 'hand_2distph.vtp'.
[2026-07-01 09:54:26.072] [warning] Couldn't find file 'hand_3proxph.vtp'.
[2026-07-01 09:54:26.072] [warning] Couldn't find file 'hand_3midph.vtp'.
[2026-07-01 09:54:26.072] [warning] Couldn't find file 'hand_3distph.vtp'.
[2026-07-01 09:54:26.072] [warning] Couldn't find file 'hand_4proxph.vtp'.
[2026-07-01 09:54:26.072] [warning] Couldn't find file 'hand_4midph.vtp'.
[2026-07-01 09:54:26.072] [warning] Couldn't find file 'hand_4distph.vtp'.
[2026-07-01 09:54:26.072] [warning] Couldn't find file 'hand_5proxph.vtp'.
[2026-07-01 09:54:26.072] [warning] Couldn't find file 'hand_5midph.vtp'.
[2026-07-01 09:54:26.072] [warning] Couldn't find file 'hand_5distph.vtp'.
[2026-07-01 09:54:26.073] [warning] Couldn't find file 'hand_thumbprox.vtp'.
[2026-07-01 09:54:26.073] [warning] Couldn't find file 'hand_thumbdist.vtp'.
[2026-07-01 09:54:26.073] [warning] Couldn't find file 'hand_1mc.vtp'.
[2026-07-01 09:54:26.079] [warning] Body 'thorax' is massless but nonzero inertia provided.
[2026-07-01 09:54:26.079] [warning]  Inertia reset to zero. Otherwise provide nonzero mass.
[2026-07-01 09:54:26.151] [warning] Visualizer couldn't open thorax.vtp because: SimTK Exception thrown at PolygonalMesh.cpp:411:
  Error detected by Simbody method PolygonalMesh::loadVtpFile(): Attempt to load a VTK PolyData (.vtp) file from file name 'C:\OpenSim 4.5\opensim\..\\Geometry\thorax.vtp' failed with message:
  SimTK Exception thrown at Xml.cpp:108:
  Error detected by Simbody method Xml::readFromFile(): Failed to load the Xml file 'C:\OpenSim 4.5\opensim\..\\Geometry\thorax.vtp' with error 'Failed to open file (line=0, col=0)'.
  (Required condition 'loadOK' was not met.)

  (Required condition '!"failed"' was not met.)

[2026-07-01 09:54:26.152] [warning] Visualizer couldn't open clavicle.vtp because: SimTK Exception thrown at PolygonalMesh.cpp:411:
  Error detected by Simbody method PolygonalMesh::loadVtpFile(): Attempt to load a VTK PolyData (.vtp) file from file name 'C:\OpenSim 4.5\opensim\..\\Geometry\clavicle.vtp' failed with message:
  SimTK Exception thrown at Xml.cpp:108:
  Error detected by Simbody method Xml::readFromFile(): Failed to load the Xml file 'C:\OpenSim 4.5\opensim\..\\Geometry\clavicle.vtp' with error 'Failed to open file (line=0, col=0)'.
  (Required condition 'loadOK' was not met.)

  (Required condition '!"failed"' was not met.)

[2026-07-01 09:54:26.152] [warning] Visualizer couldn't open scapula.vtp because: SimTK Exception thrown at PolygonalMesh.cpp:411:
  Error detected by Simbody method PolygonalMesh::loadVtpFile(): Attempt to load a VTK PolyData (.vtp) file from file name 'C:\OpenSim 4.5\opensim\..\\Geometry\scapula.vtp' failed with message:
  SimTK Exception thrown at Xml.cpp:108:
  Error detected by Simbody method Xml::readFromFile(): Failed to load the Xml file 'C:\OpenSim 4.5\opensim\..\\Geometry\scapula.vtp' with error 'Failed to open file (line=0, col=0)'.
  (Required condition 'loadOK' was not met.)

  (Required condition '!"failed"' was not met.)

[2026-07-01 09:54:26.163] [warning] Visualizer couldn't open lunate.vtp because: SimTK Exception thrown at PolygonalMesh.cpp:411:
  Error detected by Simbody method PolygonalMesh::loadVtpFile(): Attempt to load a VTK PolyData (.vtp) file from file name 'C:\OpenSim 4.5\opensim\..\\Geometry\lunate.vtp' failed with message:
  SimTK Exception thrown at Xml.cpp:108:
  Error detected by Simbody method Xml::readFromFile(): Failed to load the Xml file 'C:\OpenSim 4.5\opensim\..\\Geometry\lunate.vtp' with error 'Failed to open file (line=0, col=0)'.
  (Required condition 'loadOK' was not met.)

  (Required condition '!"failed"' was not met.)

[2026-07-01 09:54:26.164] [warning] Visualizer couldn't open sdfastSCAPHOIDw.vtp because: SimTK Exception thrown at PolygonalMesh.cpp:411:
  Error detected by Simbody method PolygonalMesh::loadVtpFile(): Attempt to load a VTK PolyData (.vtp) file from file name 'C:\OpenSim 4.5\opensim\..\\Geometry\sdfastSCAPHOIDw.vtp' failed with message:
  SimTK Exception thrown at Xml.cpp:108:
  Error detected by Simbody method Xml::readFromFile(): Failed to load the Xml file 'C:\OpenSim 4.5\opensim\..\\Geometry\sdfastSCAPHOIDw.vtp' with error 'Failed to open file (line=0, col=0)'.
  (Required condition 'loadOK' was not met.)

  (Required condition '!"failed"' was not met.)

[2026-07-01 09:54:26.164] [warning] Visualizer couldn't open sdfastPISIFORMw.vtp because: SimTK Exception thrown at PolygonalMesh.cpp:411:
  Error detected by Simbody method PolygonalMesh::loadVtpFile(): Attempt to load a VTK PolyData (.vtp) file from file name 'C:\OpenSim 4.5\opensim\..\\Geometry\sdfastPISIFORMw.vtp' failed with message:
  SimTK Exception thrown at Xml.cpp:108:
  Error detected by Simbody method Xml::readFromFile(): Failed to load the Xml file 'C:\OpenSim 4.5\opensim\..\\Geometry\sdfastPISIFORMw.vtp' with error 'Failed to open file (line=0, col=0)'.
  (Required condition 'loadOK' was not met.)

  (Required condition '!"failed"' was not met.)

[2026-07-01 09:54:26.164] [warning] Visualizer couldn't open sdfastTRIQUETRALw.vtp because: SimTK Exception thrown at PolygonalMesh.cpp:411:
  Error detected by Simbody method PolygonalMesh::loadVtpFile(): Attempt to load a VTK PolyData (.vtp) file from file name 'C:\OpenSim 4.5\opensim\..\\Geometry\sdfastTRIQUETRALw.vtp' failed with message:
  SimTK Exception thrown at Xml.cpp:108:
  Error detected by Simbody method Xml::readFromFile(): Failed to load the Xml file 'C:\OpenSim 4.5\opensim\..\\Geometry\sdfastTRIQUETRALw.vtp' with error 'Failed to open file (line=0, col=0)'.
  (Required condition 'loadOK' was not met.)

  (Required condition '!"failed"' was not met.)

[2026-07-01 09:54:26.164] [warning] Visualizer couldn't open sdfast_1seg_hand_fr_c_5mc.vtp because: SimTK Exception thrown at PolygonalMesh.cpp:411:
  Error detected by Simbody method PolygonalMesh::loadVtpFile(): Attempt to load a VTK PolyData (.vtp) file from file name 'C:\OpenSim 4.5\opensim\..\\Geometry\sdfast_1seg_hand_fr_c_5mc.vtp' failed with message:
  SimTK Exception thrown at Xml.cpp:108:
  Error detected by Simbody method Xml::readFromFile(): Failed to load the Xml file 'C:\OpenSim 4.5\opensim\..\\Geometry\sdfast_1seg_hand_fr_c_5mc.vtp' with error 'Failed to open file (line=0, col=0)'.
  (Required condition 'loadOK' was not met.)

  (Required condition '!"failed"' was not met.)

[2026-07-01 09:54:26.164] [warning] Visualizer couldn't open sdfast_1seg_hand_fr_c_4mc.vtp because: SimTK Exception thrown at PolygonalMesh.cpp:411:
  Error detected by Simbody method PolygonalMesh::loadVtpFile(): Attempt to load a VTK PolyData (.vtp) file from file name 'C:\OpenSim 4.5\opensim\..\\Geometry\sdfast_1seg_hand_fr_c_4mc.vtp' failed with message:
  SimTK Exception thrown at Xml.cpp:108:
  Error detected by Simbody method Xml::readFromFile(): Failed to load the Xml file 'C:\OpenSim 4.5\opensim\..\\Geometry\sdfast_1seg_hand_fr_c_4mc.vtp' with error 'Failed to open file (line=0, col=0)'.
  (Required condition 'loadOK' was not met.)

  (Required condition '!"failed"' was not met.)

[2026-07-01 09:54:26.165] [warning] Visualizer couldn't open sdfast_1seg_hand_fr_c_3mc.vtp because: SimTK Exception thrown at PolygonalMesh.cpp:411:
  Error detected by Simbody method PolygonalMesh::loadVtpFile(): Attempt to load a VTK PolyData (.vtp) file from file name 'C:\OpenSim 4.5\opensim\..\\Geometry\sdfast_1seg_hand_fr_c_3mc.vtp' failed with message:
  SimTK Exception thrown at Xml.cpp:108:
  Error detected by Simbody method Xml::readFromFile(): Failed to load the Xml file 'C:\OpenSim 4.5\opensim\..\\Geometry\sdfast_1seg_hand_fr_c_3mc.vtp' with error 'Failed to open file (line=0, col=0)'.
  (Required condition 'loadOK' was not met.)

  (Required condition '!"failed"' was not met.)

[2026-07-01 09:54:26.165] [warning] Visualizer couldn't open sdfast_1seg_hand_fr_c_2mc.vtp because: SimTK Exception thrown at PolygonalMesh.cpp:411:
  Error detected by Simbody method PolygonalMesh::loadVtpFile(): Attempt to load a VTK PolyData (.vtp) file from file name 'C:\OpenSim 4.5\opensim\..\\Geometry\sdfast_1seg_hand_fr_c_2mc.vtp' failed with message:
  SimTK Exception thrown at Xml.cpp:108:
  Error detected by Simbody method Xml::readFromFile(): Failed to load the Xml file 'C:\OpenSim 4.5\opensim\..\\Geometry\sdfast_1seg_hand_fr_c_2mc.vtp' with error 'Failed to open file (line=0, col=0)'.
  (Required condition 'loadOK' was not met.)

  (Required condition '!"failed"' was not met.)

[2026-07-01 09:54:26.165] [warning] Visualizer couldn't open sdfast_1seg_hand_fr_c_trapezium.vtp because: SimTK Exception thrown at PolygonalMesh.cpp:411:
  Error detected by Simbody method PolygonalMesh::loadVtpFile(): Attempt to load a VTK PolyData (.vtp) file from file name 'C:\OpenSim 4.5\opensim\..\\Geometry\sdfast_1seg_hand_fr_c_trapezium.vtp' failed with message:
  SimTK Exception thrown at Xml.cpp:108:
  Error detected by Simbody method Xml::readFromFile(): Failed to load the Xml file 'C:\OpenSim 4.5\opensim\..\\Geometry\sdfast_1seg_hand_fr_c_trapezium.vtp' with error 'Failed to open file (line=0, col=0)'.
  (Required condition 'loadOK' was not met.)

  (Required condition '!"failed"' was not met.)

[2026-07-01 09:54:26.165] [warning] Visualizer couldn't open sdfast_1seg_hand_fr_c_trapezoid.vtp because: SimTK Exception thrown at PolygonalMesh.cpp:411:
  Error detected by Simbody method PolygonalMesh::loadVtpFile(): Attempt to load a VTK PolyData (.vtp) file from file name 'C:\OpenSim 4.5\opensim\..\\Geometry\sdfast_1seg_hand_fr_c_trapezoid.vtp' failed with message:
  SimTK Exception thrown at Xml.cpp:108:
  Error detected by Simbody method Xml::readFromFile(): Failed to load the Xml file 'C:\OpenSim 4.5\opensim\..\\Geometry\sdfast_1seg_hand_fr_c_trapezoid.vtp' with error 'Failed to open file (line=0, col=0)'.
  (Required condition 'loadOK' was not met.)

  (Required condition '!"failed"' was not met.)

[2026-07-01 09:54:26.165] [warning] Visualizer couldn't open sdfast_1seg_hand_fr_c_hamate.vtp because: SimTK Exception thrown at PolygonalMesh.cpp:411:
  Error detected by Simbody method PolygonalMesh::loadVtpFile(): Attempt to load a VTK PolyData (.vtp) file from file name 'C:\OpenSim 4.5\opensim\..\\Geometry\sdfast_1seg_hand_fr_c_hamate.vtp' failed with message:
  SimTK Exception thrown at Xml.cpp:108:
  Error detected by Simbody method Xml::readFromFile(): Failed to load the Xml file 'C:\OpenSim 4.5\opensim\..\\Geometry\sdfast_1seg_hand_fr_c_hamate.vtp' with error 'Failed to open file (line=0, col=0)'.
  (Required condition 'loadOK' was not met.)

  (Required condition '!"failed"' was not met.)

[2026-07-01 09:54:26.165] [warning] Visualizer couldn't open capitate.vtp because: SimTK Exception thrown at PolygonalMesh.cpp:411:
  Error detected by Simbody method PolygonalMesh::loadVtpFile(): Attempt to load a VTK PolyData (.vtp) file from file name 'C:\OpenSim 4.5\opensim\..\\Geometry\capitate.vtp' failed with message:
  SimTK Exception thrown at Xml.cpp:108:
  Error detected by Simbody method Xml::readFromFile(): Failed to load the Xml file 'C:\OpenSim 4.5\opensim\..\\Geometry\capitate.vtp' with error 'Failed to open file (line=0, col=0)'.
  (Required condition 'loadOK' was not met.)

  (Required condition '!"failed"' was not met.)

[2026-07-01 09:54:26.165] [warning] Visualizer couldn't open hand_2proxph.vtp because: SimTK Exception thrown at PolygonalMesh.cpp:411:
  Error detected by Simbody method PolygonalMesh::loadVtpFile(): Attempt to load a VTK PolyData (.vtp) file from file name 'C:\OpenSim 4.5\opensim\..\\Geometry\hand_2proxph.vtp' failed with message:
  SimTK Exception thrown at Xml.cpp:108:
  Error detected by Simbody method Xml::readFromFile(): Failed to load the Xml file 'C:\OpenSim 4.5\opensim\..\\Geometry\hand_2proxph.vtp' with error 'Failed to open file (line=0, col=0)'.
  (Required condition 'loadOK' was not met.)

  (Required condition '!"failed"' was not met.)

[2026-07-01 09:54:26.165] [warning] Visualizer couldn't open hand_2midph.vtp because: SimTK Exception thrown at PolygonalMesh.cpp:411:
  Error detected by Simbody method PolygonalMesh::loadVtpFile(): Attempt to load a VTK PolyData (.vtp) file from file name 'C:\OpenSim 4.5\opensim\..\\Geometry\hand_2midph.vtp' failed with message:
  SimTK Exception thrown at Xml.cpp:108:
  Error detected by Simbody method Xml::readFromFile(): Failed to load the Xml file 'C:\OpenSim 4.5\opensim\..\\Geometry\hand_2midph.vtp' with error 'Failed to open file (line=0, col=0)'.
  (Required condition 'loadOK' was not met.)

  (Required condition '!"failed"' was not met.)

[2026-07-01 09:54:26.165] [warning] Visualizer couldn't open hand_2distph.vtp because: SimTK Exception thrown at PolygonalMesh.cpp:411:
  Error detected by Simbody method PolygonalMesh::loadVtpFile(): Attempt to load a VTK PolyData (.vtp) file from file name 'C:\OpenSim 4.5\opensim\..\\Geometry\hand_2distph.vtp' failed with message:
  SimTK Exception thrown at Xml.cpp:108:
  Error detected by Simbody method Xml::readFromFile(): Failed to load the Xml file 'C:\OpenSim 4.5\opensim\..\\Geometry\hand_2distph.vtp' with error 'Failed to open file (line=0, col=0)'.
  (Required condition 'loadOK' was not met.)

  (Required condition '!"failed"' was not met.)

[2026-07-01 09:54:26.165] [warning] Visualizer couldn't open hand_3proxph.vtp because: SimTK Exception thrown at PolygonalMesh.cpp:411:
  Error detected by Simbody method PolygonalMesh::loadVtpFile(): Attempt to load a VTK PolyData (.vtp) file from file name 'C:\OpenSim 4.5\opensim\..\\Geometry\hand_3proxph.vtp' failed with message:
  SimTK Exception thrown at Xml.cpp:108:
  Error detected by Simbody method Xml::readFromFile(): Failed to load the Xml file 'C:\OpenSim 4.5\opensim\..\\Geometry\hand_3proxph.vtp' with error 'Failed to open file (line=0, col=0)'.
  (Required condition 'loadOK' was not met.)

  (Required condition '!"failed"' was not met.)

[2026-07-01 09:54:26.165] [warning] Visualizer couldn't open hand_3midph.vtp because: SimTK Exception thrown at PolygonalMesh.cpp:411:
  Error detected by Simbody method PolygonalMesh::loadVtpFile(): Attempt to load a VTK PolyData (.vtp) file from file name 'C:\OpenSim 4.5\opensim\..\\Geometry\hand_3midph.vtp' failed with message:
  SimTK Exception thrown at Xml.cpp:108:
  Error detected by Simbody method Xml::readFromFile(): Failed to load the Xml file 'C:\OpenSim 4.5\opensim\..\\Geometry\hand_3midph.vtp' with error 'Failed to open file (line=0, col=0)'.
  (Required condition 'loadOK' was not met.)

  (Required condition '!"failed"' was not met.)

[2026-07-01 09:54:26.165] [warning] Visualizer couldn't open hand_3distph.vtp because: SimTK Exception thrown at PolygonalMesh.cpp:411:
  Error detected by Simbody method PolygonalMesh::loadVtpFile(): Attempt to load a VTK PolyData (.vtp) file from file name 'C:\OpenSim 4.5\opensim\..\\Geometry\hand_3distph.vtp' failed with message:
  SimTK Exception thrown at Xml.cpp:108:
  Error detected by Simbody method Xml::readFromFile(): Failed to load the Xml file 'C:\OpenSim 4.5\opensim\..\\Geometry\hand_3distph.vtp' with error 'Failed to open file (line=0, col=0)'.
  (Required condition 'loadOK' was not met.)

  (Required condition '!"failed"' was not met.)

[2026-07-01 09:54:26.165] [warning] Visualizer couldn't open hand_4proxph.vtp because: SimTK Exception thrown at PolygonalMesh.cpp:411:
  Error detected by Simbody method PolygonalMesh::loadVtpFile(): Attempt to load a VTK PolyData (.vtp) file from file name 'C:\OpenSim 4.5\opensim\..\\Geometry\hand_4proxph.vtp' failed with message:
  SimTK Exception thrown at Xml.cpp:108:
  Error detected by Simbody method Xml::readFromFile(): Failed to load the Xml file 'C:\OpenSim 4.5\opensim\..\\Geometry\hand_4proxph.vtp' with error 'Failed to open file (line=0, col=0)'.
  (Required condition 'loadOK' was not met.)

  (Required condition '!"failed"' was not met.)

[2026-07-01 09:54:26.165] [warning] Visualizer couldn't open hand_4midph.vtp because: SimTK Exception thrown at PolygonalMesh.cpp:411:
  Error detected by Simbody method PolygonalMesh::loadVtpFile(): Attempt to load a VTK PolyData (.vtp) file from file name 'C:\OpenSim 4.5\opensim\..\\Geometry\hand_4midph.vtp' failed with message:
  SimTK Exception thrown at Xml.cpp:108:
  Error detected by Simbody method Xml::readFromFile(): Failed to load the Xml file 'C:\OpenSim 4.5\opensim\..\\Geometry\hand_4midph.vtp' with error 'Failed to open file (line=0, col=0)'.
  (Required condition 'loadOK' was not met.)

  (Required condition '!"failed"' was not met.)

[2026-07-01 09:54:26.165] [warning] Visualizer couldn't open hand_4distph.vtp because: SimTK Exception thrown at PolygonalMesh.cpp:411:
  Error detected by Simbody method PolygonalMesh::loadVtpFile(): Attempt to load a VTK PolyData (.vtp) file from file name 'C:\OpenSim 4.5\opensim\..\\Geometry\hand_4distph.vtp' failed with message:
  SimTK Exception thrown at Xml.cpp:108:
  Error detected by Simbody method Xml::readFromFile(): Failed to load the Xml file 'C:\OpenSim 4.5\opensim\..\\Geometry\hand_4distph.vtp' with error 'Failed to open file (line=0, col=0)'.
  (Required condition 'loadOK' was not met.)

  (Required condition '!"failed"' was not met.)

[2026-07-01 09:54:26.165] [warning] Visualizer couldn't open hand_5proxph.vtp because: SimTK Exception thrown at PolygonalMesh.cpp:411:
  Error detected by Simbody method PolygonalMesh::loadVtpFile(): Attempt to load a VTK PolyData (.vtp) file from file name 'C:\OpenSim 4.5\opensim\..\\Geometry\hand_5proxph.vtp' failed with message:
  SimTK Exception thrown at Xml.cpp:108:
  Error detected by Simbody method Xml::readFromFile(): Failed to load the Xml file 'C:\OpenSim 4.5\opensim\..\\Geometry\hand_5proxph.vtp' with error 'Failed to open file (line=0, col=0)'.
  (Required condition 'loadOK' was not met.)

  (Required condition '!"failed"' was not met.)

[2026-07-01 09:54:26.165] [warning] Visualizer couldn't open hand_5midph.vtp because: SimTK Exception thrown at PolygonalMesh.cpp:411:
  Error detected by Simbody method PolygonalMesh::loadVtpFile(): Attempt to load a VTK PolyData (.vtp) file from file name 'C:\OpenSim 4.5\opensim\..\\Geometry\hand_5midph.vtp' failed with message:
  SimTK Exception thrown at Xml.cpp:108:
  Error detected by Simbody method Xml::readFromFile(): Failed to load the Xml file 'C:\OpenSim 4.5\opensim\..\\Geometry\hand_5midph.vtp' with error 'Failed to open file (line=0, col=0)'.
  (Required condition 'loadOK' was not met.)

  (Required condition '!"failed"' was not met.)

[2026-07-01 09:54:26.165] [warning] Visualizer couldn't open hand_5distph.vtp because: SimTK Exception thrown at PolygonalMesh.cpp:411:
  Error detected by Simbody method PolygonalMesh::loadVtpFile(): Attempt to load a VTK PolyData (.vtp) file from file name 'C:\OpenSim 4.5\opensim\..\\Geometry\hand_5distph.vtp' failed with message:
  SimTK Exception thrown at Xml.cpp:108:
  Error detected by Simbody method Xml::readFromFile(): Failed to load the Xml file 'C:\OpenSim 4.5\opensim\..\\Geometry\hand_5distph.vtp' with error 'Failed to open file (line=0, col=0)'.
  (Required condition 'loadOK' was not met.)

  (Required condition '!"failed"' was not met.)

[2026-07-01 09:54:26.165] [warning] Visualizer couldn't open hand_thumbprox.vtp because: SimTK Exception thrown at PolygonalMesh.cpp:411:
  Error detected by Simbody method PolygonalMesh::loadVtpFile(): Attempt to load a VTK PolyData (.vtp) file from file name 'C:\OpenSim 4.5\opensim\..\\Geometry\hand_thumbprox.vtp' failed with message:
  SimTK Exception thrown at Xml.cpp:108:
  Error detected by Simbody method Xml::readFromFile(): Failed to load the Xml file 'C:\OpenSim 4.5\opensim\..\\Geometry\hand_thumbprox.vtp' with error 'Failed to open file (line=0, col=0)'.
  (Required condition 'loadOK' was not met.)

  (Required condition '!"failed"' was not met.)

[2026-07-01 09:54:26.165] [warning] Visualizer couldn't open hand_thumbdist.vtp because: SimTK Exception thrown at PolygonalMesh.cpp:411:
  Error detected by Simbody method PolygonalMesh::loadVtpFile(): Attempt to load a VTK PolyData (.vtp) file from file name 'C:\OpenSim 4.5\opensim\..\\Geometry\hand_thumbdist.vtp' failed with message:
  SimTK Exception thrown at Xml.cpp:108:
  Error detected by Simbody method Xml::readFromFile(): Failed to load the Xml file 'C:\OpenSim 4.5\opensim\..\\Geometry\hand_thumbdist.vtp' with error 'Failed to open file (line=0, col=0)'.
  (Required condition 'loadOK' was not met.)

  (Required condition '!"failed"' was not met.)

[2026-07-01 09:54:26.166] [warning] Visualizer couldn't open hand_1mc.vtp because: SimTK Exception thrown at PolygonalMesh.cpp:411:
  Error detected by Simbody method PolygonalMesh::loadVtpFile(): Attempt to load a VTK PolyData (.vtp) file from file name 'C:\OpenSim 4.5\opensim\..\\Geometry\hand_1mc.vtp' failed with message:
  SimTK Exception thrown at Xml.cpp:108:
  Error detected by Simbody method Xml::readFromFile(): Failed to load the Xml file 'C:\OpenSim 4.5\opensim\..\\Geometry\hand_1mc.vtp' with error 'Failed to open file (line=0, col=0)'.
  (Required condition 'loadOK' was not met.)

  (Required condition '!"failed"' was not met.)

[2026-07-01 09:54:40.110] [info] Updating Model file from 30000 to latest format...
[2026-07-01 09:54:40.170] [info] Loaded model Right from file C:\Users\youss\exosquelette\test\MoBL-ARMS Upper Extremity Model\Model\3.3\MOBL_ARMS_33.osim
[2026-07-01 09:54:40.171] [warning] Couldn't find file 'thorax.vtp'.
[2026-07-01 09:54:40.171] [warning] Body 'thorax' is massless but nonzero inertia provided.
[2026-07-01 09:54:40.171] [warning]  Inertia reset to zero. Otherwise provide nonzero mass.
[2026-07-01 09:54:40.171] [warning] Couldn't find file 'clavicle.vtp'.
[2026-07-01 09:54:40.171] [warning] Couldn't find file 'scapula.vtp'.
[2026-07-01 09:54:40.172] [warning] Couldn't find file 'lunate.vtp'.
[2026-07-01 09:54:40.172] [warning] Couldn't find file 'sdfastSCAPHOIDw.vtp'.
[2026-07-01 09:54:40.172] [warning] Couldn't find file 'sdfastPISIFORMw.vtp'.
[2026-07-01 09:54:40.172] [warning] Couldn't find file 'sdfastTRIQUETRALw.vtp'.
[2026-07-01 09:54:40.172] [warning] Couldn't find file 'sdfast_1seg_hand_fr_c_5mc.vtp'.
[2026-07-01 09:54:40.172] [warning] Couldn't find file 'sdfast_1seg_hand_fr_c_4mc.vtp'.
[2026-07-01 09:54:40.172] [warning] Couldn't find file 'sdfast_1seg_hand_fr_c_3mc.vtp'.
[2026-07-01 09:54:40.172] [warning] Couldn't find file 'sdfast_1seg_hand_fr_c_2mc.vtp'.
[2026-07-01 09:54:40.172] [warning] Couldn't find file 'sdfast_1seg_hand_fr_c_trapezium.vtp'.
[2026-07-01 09:54:40.172] [warning] Couldn't find file 'sdfast_1seg_hand_fr_c_trapezoid.vtp'.
[2026-07-01 09:54:40.172] [warning] Couldn't find file 'sdfast_1seg_hand_fr_c_hamate.vtp'.
[2026-07-01 09:54:40.173] [warning] Couldn't find file 'capitate.vtp'.
[2026-07-01 09:54:40.173] [warning] Couldn't find file 'hand_2proxph.vtp'.
[2026-07-01 09:54:40.173] [warning] Couldn't find file 'hand_2midph.vtp'.
[2026-07-01 09:54:40.173] [warning] Couldn't find file 'hand_2distph.vtp'.
[2026-07-01 09:54:40.173] [warning] Couldn't find file 'hand_3proxph.vtp'.
[2026-07-01 09:54:40.173] [warning] Couldn't find file 'hand_3midph.vtp'.
[2026-07-01 09:54:40.173] [warning] Couldn't find file 'hand_3distph.vtp'.
[2026-07-01 09:54:40.173] [warning] Couldn't find file 'hand_4proxph.vtp'.
[2026-07-01 09:54:40.173] [warning] Couldn't find file 'hand_4midph.vtp'.
[2026-07-01 09:54:40.173] [warning] Couldn't find file 'hand_4distph.vtp'.
[2026-07-01 09:54:40.173] [warning] Couldn't find file 'hand_5proxph.vtp'.
[2026-07-01 09:54:40.173] [warning] Couldn't find file 'hand_5midph.vtp'.
[2026-07-01 09:54:40.173] [warning] Couldn't find file 'hand_5distph.vtp'.
[2026-07-01 09:54:40.174] [warning] Couldn't find file 'hand_thumbprox.vtp'.
[2026-07-01 09:54:40.174] [warning] Couldn't find file 'hand_thumbdist.vtp'.
[2026-07-01 09:54:40.174] [warning] Couldn't find file 'hand_1mc.vtp'.
[2026-07-01 09:54:40.174] [warning] GeometryPath 'path' has subcomponents with duplicate name 'pathwrap'. The duplicate is being renamed to 'pathwrap_0'.
[2026-07-01 09:54:40.174] [warning] GeometryPath 'path' has subcomponents with duplicate name 'pathwrap'. The duplicate is being renamed to 'pathwrap_0'.
[2026-07-01 09:54:40.174] [warning] GeometryPath 'path' has subcomponents with duplicate name 'pathwrap'. The duplicate is being renamed to 'pathwrap_1'.
[2026-07-01 09:54:40.175] [warning] GeometryPath 'path' has subcomponents with duplicate name 'pathwrap'. The duplicate is being renamed to 'pathwrap_0'.
[2026-07-01 09:54:40.175] [warning] GeometryPath 'path' has subcomponents with duplicate name 'pathwrap'. The duplicate is being renamed to 'pathwrap_1'.
[2026-07-01 09:54:40.175] [warning] GeometryPath 'path' has subcomponents with duplicate name 'pathwrap'. The duplicate is being renamed to 'pathwrap_0'.
[2026-07-01 09:54:40.175] [warning] GeometryPath 'path' has subcomponents with duplicate name 'pathwrap'. The duplicate is being renamed to 'pathwrap_0'.
[2026-07-01 09:54:40.175] [warning] GeometryPath 'path' has subcomponents with duplicate name 'pathwrap'. The duplicate is being renamed to 'pathwrap_1'.
[2026-07-01 09:54:40.175] [warning] GeometryPath 'path' has subcomponents with duplicate name 'default'. The duplicate is being renamed to 'default_0'.
[2026-07-01 09:54:40.175] [warning] GeometryPath 'path' has subcomponents with duplicate name 'pathwrap'. The duplicate is being renamed to 'pathwrap_0'.
[2026-07-01 09:54:40.175] [warning] GeometryPath 'path' has subcomponents with duplicate name 'pathwrap'. The duplicate is being renamed to 'pathwrap_1'.
[2026-07-01 09:54:40.175] [warning] GeometryPath 'path' has subcomponents with duplicate name 'default'. The duplicate is being renamed to 'default_0'.
[2026-07-01 09:54:40.175] [warning] GeometryPath 'path' has subcomponents with duplicate name 'pathwrap'. The duplicate is being renamed to 'pathwrap_0'.
[2026-07-01 09:54:40.175] [warning] GeometryPath 'path' has subcomponents with duplicate name 'pathwrap'. The duplicate is being renamed to 'pathwrap_1'.
[2026-07-01 09:54:40.175] [warning] GeometryPath 'path' has subcomponents with duplicate name 'default'. The duplicate is being renamed to 'default_0'.
[2026-07-01 09:54:40.175] [warning] GeometryPath 'path' has subcomponents with duplicate name 'pathwrap'. The duplicate is being renamed to 'pathwrap_0'.
[2026-07-01 09:54:40.175] [warning] GeometryPath 'path' has subcomponents with duplicate name 'pathwrap'. The duplicate is being renamed to 'pathwrap_1'.
[2026-07-01 09:54:40.175] [warning] GeometryPath 'path' has subcomponents with duplicate name 'pathwrap'. The duplicate is being renamed to 'pathwrap_2'.
[2026-07-01 09:54:40.175] [warning] GeometryPath 'path' has subcomponents with duplicate name 'default'. The duplicate is being renamed to 'default_0'.
[2026-07-01 09:54:40.175] [warning] GeometryPath 'path' has subcomponents with duplicate name 'pathwrap'. The duplicate is being renamed to 'pathwrap_0'.
[2026-07-01 09:54:40.175] [warning] GeometryPath 'path' has subcomponents with duplicate name 'pathwrap'. The duplicate is being renamed to 'pathwrap_1'.
[2026-07-01 09:54:40.175] [warning] GeometryPath 'path' has subcomponents with duplicate name 'default'. The duplicate is being renamed to 'default_0'.
[2026-07-01 09:54:40.175] [warning] GeometryPath 'path' has subcomponents with duplicate name 'default'. The duplicate is being renamed to 'default_1'.
[2026-07-01 09:54:40.175] [warning] GeometryPath 'path' has subcomponents with duplicate name 'default'. The duplicate is being renamed to 'default_2'.
[2026-07-01 09:54:40.175] [warning] GeometryPath 'path' has subcomponents with duplicate name 'pathwrap'. The duplicate is being renamed to 'pathwrap_0'.
[2026-07-01 09:54:40.175] [warning] GeometryPath 'path' has subcomponents with duplicate name 'pathwrap'. The duplicate is being renamed to 'pathwrap_1'.
[2026-07-01 09:54:40.175] [warning] GeometryPath 'path' has subcomponents with duplicate name 'default'. The duplicate is being renamed to 'default_0'.
[2026-07-01 09:54:40.175] [warning] GeometryPath 'path' has subcomponents with duplicate name 'default'. The duplicate is being renamed to 'default_1'.
[2026-07-01 09:54:40.175] [warning] GeometryPath 'path' has subcomponents with duplicate name 'default'. The duplicate is being renamed to 'default_2'.
[2026-07-01 09:54:40.175] [warning] GeometryPath 'path' has subcomponents with duplicate name 'pathwrap'. The duplicate is being renamed to 'pathwrap_0'.
[2026-07-01 09:54:40.175] [warning] GeometryPath 'path' has subcomponents with duplicate name 'pathwrap'. The duplicate is being renamed to 'pathwrap_1'.
[2026-07-01 09:54:40.175] [warning] GeometryPath 'path' has subcomponents with duplicate name 'default'. The duplicate is being renamed to 'default_0'.
[2026-07-01 09:54:40.175] [warning] GeometryPath 'path' has subcomponents with duplicate name 'default'. The duplicate is being renamed to 'default_1'.
[2026-07-01 09:54:40.175] [warning] GeometryPath 'path' has subcomponents with duplicate name 'default'. The duplicate is being renamed to 'default_2'.
[2026-07-01 09:54:40.175] [warning] GeometryPath 'path' has subcomponents with duplicate name 'pathwrap'. The duplicate is being renamed to 'pathwrap_0'.
[2026-07-01 09:54:40.175] [warning] GeometryPath 'path' has subcomponents with duplicate name 'pathwrap'. The duplicate is being renamed to 'pathwrap_1'.
[2026-07-01 09:54:40.176] [warning] GeometryPath 'path' has subcomponents with duplicate name 'pathwrap'. The duplicate is being renamed to 'pathwrap_0'.
[2026-07-01 09:54:40.176] [warning] GeometryPath 'path' has subcomponents with duplicate name 'pathwrap'. The duplicate is being renamed to 'pathwrap_0'.
[2026-07-01 09:54:40.176] [warning] GeometryPath 'path' has subcomponents with duplicate name 'pathwrap'. The duplicate is being renamed to 'pathwrap_1'.
[2026-07-01 09:54:40.176] [warning] GeometryPath 'path' has subcomponents with duplicate name 'pathwrap'. The duplicate is being renamed to 'pathwrap_0'.
[2026-07-01 09:54:40.176] [warning] GeometryPath 'path' has subcomponents with duplicate name 'pathwrap'. The duplicate is being renamed to 'pathwrap_0'.
[2026-07-01 09:54:40.176] [warning] GeometryPath 'path' has subcomponents with duplicate name 'pathwrap'. The duplicate is being renamed to 'pathwrap_0'.
[2026-07-01 09:54:40.176] [warning] GeometryPath 'path' has subcomponents with duplicate name 'pathwrap'. The duplicate is being renamed to 'pathwrap_0'.
[2026-07-01 09:54:40.176] [warning] GeometryPath 'path' has subcomponents with duplicate name 'pathwrap'. The duplicate is being renamed to 'pathwrap_0'.
[2026-07-01 09:54:40.176] [warning] GeometryPath 'path' has subcomponents with duplicate name 'pathwrap'. The duplicate is being renamed to 'pathwrap_0'.
[2026-07-01 09:54:40.177] [warning] GeometryPath 'path' has subcomponents with duplicate name 'pathwrap'. The duplicate is being renamed to 'pathwrap_0'.
[2026-07-01 09:54:40.177] [warning] GeometryPath 'path' has subcomponents with duplicate name 'pathwrap'. The duplicate is being renamed to 'pathwrap_1'.
[2026-07-01 09:54:40.177] [warning] GeometryPath 'path' has subcomponents with duplicate name 'pathwrap'. The duplicate is being renamed to 'pathwrap_2'.
[2026-07-01 09:54:40.177] [warning] GeometryPath 'path' has subcomponents with duplicate name 'pathwrap'. The duplicate is being renamed to 'pathwrap_0'.
[2026-07-01 09:54:40.177] [warning] GeometryPath 'path' has subcomponents with duplicate name 'pathwrap'. The duplicate is being renamed to 'pathwrap_1'.
[2026-07-01 09:54:40.177] [warning] GeometryPath 'path' has subcomponents with duplicate name 'pathwrap'. The duplicate is being renamed to 'pathwrap_2'.
[2026-07-01 09:54:40.177] [warning] GeometryPath 'path' has subcomponents with duplicate name 'pathwrap'. The duplicate is being renamed to 'pathwrap_0'.
[2026-07-01 09:54:40.177] [warning] GeometryPath 'path' has subcomponents with duplicate name 'pathwrap'. The duplicate is being renamed to 'pathwrap_1'.
[2026-07-01 09:54:40.177] [warning] GeometryPath 'path' has subcomponents with duplicate name 'pathwrap'. The duplicate is being renamed to 'pathwrap_0'.
[2026-07-01 09:54:40.177] [warning] GeometryPath 'path' has subcomponents with duplicate name 'pathwrap'. The duplicate is being renamed to 'pathwrap_1'.
[2026-07-01 09:54:40.177] [warning] GeometryPath 'path' has subcomponents with duplicate name 'pathwrap'. The duplicate is being renamed to 'pathwrap_0'.
[2026-07-01 09:54:40.177] [warning] GeometryPath 'path' has subcomponents with duplicate name 'pathwrap'. The duplicate is being renamed to 'pathwrap_1'.
[2026-07-01 09:54:40.177] [warning] GeometryPath 'path' has subcomponents with duplicate name 'pathwrap'. The duplicate is being renamed to 'pathwrap_2'.
[2026-07-01 09:54:40.177] [warning] GeometryPath 'path' has subcomponents with duplicate name 'pathwrap'. The duplicate is being renamed to 'pathwrap_0'.
[2026-07-01 09:54:40.177] [warning] GeometryPath 'path' has subcomponents with duplicate name 'pathwrap'. The duplicate is being renamed to 'pathwrap_1'.
[2026-07-01 09:54:40.177] [warning] GeometryPath 'path' has subcomponents with duplicate name 'pathwrap'. The duplicate is being renamed to 'pathwrap_2'.
[2026-07-01 09:54:40.177] [warning] GeometryPath 'path' has subcomponents with duplicate name 'pathwrap'. The duplicate is being renamed to 'pathwrap_0'.
[2026-07-01 09:54:40.177] [warning] GeometryPath 'path' has subcomponents with duplicate name 'pathwrap'. The duplicate is being renamed to 'pathwrap_1'.
[2026-07-01 09:54:40.177] [warning] GeometryPath 'path' has subcomponents with duplicate name 'pathwrap'. The duplicate is being renamed to 'pathwrap_2'.
[2026-07-01 09:54:40.177] [warning] GeometryPath 'path' has subcomponents with duplicate name 'pathwrap'. The duplicate is being renamed to 'pathwrap_0'.
[2026-07-01 09:54:40.177] [warning] GeometryPath 'path' has subcomponents with duplicate name 'pathwrap'. The duplicate is being renamed to 'pathwrap_1'.
[2026-07-01 09:54:40.177] [warning] GeometryPath 'path' has subcomponents with duplicate name 'pathwrap'. The duplicate is being renamed to 'pathwrap_2'.
[2026-07-01 09:54:40.177] [warning] GeometryPath 'path' has subcomponents with duplicate name 'pathwrap'. The duplicate is being renamed to 'pathwrap_0'.
[2026-07-01 09:54:40.177] [warning] GeometryPath 'path' has subcomponents with duplicate name 'pathwrap'. The duplicate is being renamed to 'pathwrap_1'.
[2026-07-01 09:54:40.177] [warning] GeometryPath 'path' has subcomponents with duplicate name 'pathwrap'. The duplicate is being renamed to 'pathwrap_2'.
[2026-07-01 09:54:40.177] [warning] GeometryPath 'path' has subcomponents with duplicate name 'pathwrap'. The duplicate is being renamed to 'pathwrap_0'.
[2026-07-01 09:54:40.178] [warning] GeometryPath 'path' has subcomponents with duplicate name 'pathwrap'. The duplicate is being renamed to 'pathwrap_1'.
[2026-07-01 09:54:40.178] [warning] GeometryPath 'path' has subcomponents with duplicate name 'pathwrap'. The duplicate is being renamed to 'pathwrap_2'.
[2026-07-01 09:54:40.178] [warning] GeometryPath 'path' has subcomponents with duplicate name 'pathwrap'. The duplicate is being renamed to 'pathwrap_0'.
[2026-07-01 09:54:40.178] [warning] GeometryPath 'path' has subcomponents with duplicate name 'pathwrap'. The duplicate is being renamed to 'pathwrap_1'.
[2026-07-01 09:54:40.178] [warning] GeometryPath 'path' has subcomponents with duplicate name 'pathwrap'. The duplicate is being renamed to 'pathwrap_2'.
[2026-07-01 09:54:40.178] [warning] GeometryPath 'path' has subcomponents with duplicate name 'pathwrap'. The duplicate is being renamed to 'pathwrap_0'.
[2026-07-01 09:54:40.178] [warning] GeometryPath 'path' has subcomponents with duplicate name 'pathwrap'. The duplicate is being renamed to 'pathwrap_1'.
[2026-07-01 09:54:40.178] [warning] GeometryPath 'path' has subcomponents with duplicate name 'pathwrap'. The duplicate is being renamed to 'pathwrap_2'.
[2026-07-01 09:54:40.178] [warning] GeometryPath 'path' has subcomponents with duplicate name 'pathwrap'. The duplicate is being renamed to 'pathwrap_0'.
[2026-07-01 09:54:40.178] [warning] GeometryPath 'path' has subcomponents with duplicate name 'pathwrap'. The duplicate is being renamed to 'pathwrap_1'.
[2026-07-01 09:54:40.178] [warning] GeometryPath 'path' has subcomponents with duplicate name 'pathwrap'. The duplicate is being renamed to 'pathwrap_2'.
[2026-07-01 09:54:40.178] [warning] GeometryPath 'path' has subcomponents with duplicate name 'pathwrap'. The duplicate is being renamed to 'pathwrap_0'.
[2026-07-01 09:54:40.178] [warning] GeometryPath 'path' has subcomponents with duplicate name 'pathwrap'. The duplicate is being renamed to 'pathwrap_1'.
[2026-07-01 09:54:40.178] [warning] GeometryPath 'path' has subcomponents with duplicate name 'pathwrap'. The duplicate is being renamed to 'pathwrap_2'.
[2026-07-01 09:54:40.178] [warning] GeometryPath 'path' has subcomponents with duplicate name 'pathwrap'. The duplicate is being renamed to 'pathwrap_0'.
[2026-07-01 09:54:40.178] [warning] GeometryPath 'path' has subcomponents with duplicate name 'pathwrap'. The duplicate is being renamed to 'pathwrap_1'.
[2026-07-01 09:54:43.205] [warning] Body 'thorax' is massless but nonzero inertia provided.
[2026-07-01 09:54:43.205] [warning]  Inertia reset to zero. Otherwise provide nonzero mass.
[2026-07-01 09:54:43.234] [warning] Visualizer couldn't open thorax.vtp because: SimTK Exception thrown at PolygonalMesh.cpp:411:
  Error detected by Simbody method PolygonalMesh::loadVtpFile(): Attempt to load a VTK PolyData (.vtp) file from file name 'C:\OpenSim 4.5\opensim\..\\Geometry\thorax.vtp' failed with message:
  SimTK Exception thrown at Xml.cpp:108:
  Error detected by Simbody method Xml::readFromFile(): Failed to load the Xml file 'C:\OpenSim 4.5\opensim\..\\Geometry\thorax.vtp' with error 'Failed to open file (line=0, col=0)'.
  (Required condition 'loadOK' was not met.)

  (Required condition '!"failed"' was not met.)

[2026-07-01 09:54:43.234] [warning] Visualizer couldn't open clavicle.vtp because: SimTK Exception thrown at PolygonalMesh.cpp:411:
  Error detected by Simbody method PolygonalMesh::loadVtpFile(): Attempt to load a VTK PolyData (.vtp) file from file name 'C:\OpenSim 4.5\opensim\..\\Geometry\clavicle.vtp' failed with message:
  SimTK Exception thrown at Xml.cpp:108:
  Error detected by Simbody method Xml::readFromFile(): Failed to load the Xml file 'C:\OpenSim 4.5\opensim\..\\Geometry\clavicle.vtp' with error 'Failed to open file (line=0, col=0)'.
  (Required condition 'loadOK' was not met.)

  (Required condition '!"failed"' was not met.)

[2026-07-01 09:54:43.234] [warning] Visualizer couldn't open scapula.vtp because: SimTK Exception thrown at PolygonalMesh.cpp:411:
  Error detected by Simbody method PolygonalMesh::loadVtpFile(): Attempt to load a VTK PolyData (.vtp) file from file name 'C:\OpenSim 4.5\opensim\..\\Geometry\scapula.vtp' failed with message:
  SimTK Exception thrown at Xml.cpp:108:
  Error detected by Simbody method Xml::readFromFile(): Failed to load the Xml file 'C:\OpenSim 4.5\opensim\..\\Geometry\scapula.vtp' with error 'Failed to open file (line=0, col=0)'.
  (Required condition 'loadOK' was not met.)

  (Required condition '!"failed"' was not met.)

[2026-07-01 09:54:43.246] [warning] Visualizer couldn't open lunate.vtp because: SimTK Exception thrown at PolygonalMesh.cpp:411:
  Error detected by Simbody method PolygonalMesh::loadVtpFile(): Attempt to load a VTK PolyData (.vtp) file from file name 'C:\OpenSim 4.5\opensim\..\\Geometry\lunate.vtp' failed with message:
  SimTK Exception thrown at Xml.cpp:108:
  Error detected by Simbody method Xml::readFromFile(): Failed to load the Xml file 'C:\OpenSim 4.5\opensim\..\\Geometry\lunate.vtp' with error 'Failed to open file (line=0, col=0)'.
  (Required condition 'loadOK' was not met.)

  (Required condition '!"failed"' was not met.)

[2026-07-01 09:54:43.246] [warning] Visualizer couldn't open sdfastSCAPHOIDw.vtp because: SimTK Exception thrown at PolygonalMesh.cpp:411:
  Error detected by Simbody method PolygonalMesh::loadVtpFile(): Attempt to load a VTK PolyData (.vtp) file from file name 'C:\OpenSim 4.5\opensim\..\\Geometry\sdfastSCAPHOIDw.vtp' failed with message:
  SimTK Exception thrown at Xml.cpp:108:
  Error detected by Simbody method Xml::readFromFile(): Failed to load the Xml file 'C:\OpenSim 4.5\opensim\..\\Geometry\sdfastSCAPHOIDw.vtp' with error 'Failed to open file (line=0, col=0)'.
  (Required condition 'loadOK' was not met.)

  (Required condition '!"failed"' was not met.)

[2026-07-01 09:54:43.246] [warning] Visualizer couldn't open sdfastPISIFORMw.vtp because: SimTK Exception thrown at PolygonalMesh.cpp:411:
  Error detected by Simbody method PolygonalMesh::loadVtpFile(): Attempt to load a VTK PolyData (.vtp) file from file name 'C:\OpenSim 4.5\opensim\..\\Geometry\sdfastPISIFORMw.vtp' failed with message:
  SimTK Exception thrown at Xml.cpp:108:
  Error detected by Simbody method Xml::readFromFile(): Failed to load the Xml file 'C:\OpenSim 4.5\opensim\..\\Geometry\sdfastPISIFORMw.vtp' with error 'Failed to open file (line=0, col=0)'.
  (Required condition 'loadOK' was not met.)

  (Required condition '!"failed"' was not met.)

[2026-07-01 09:54:43.246] [warning] Visualizer couldn't open sdfastTRIQUETRALw.vtp because: SimTK Exception thrown at PolygonalMesh.cpp:411:
  Error detected by Simbody method PolygonalMesh::loadVtpFile(): Attempt to load a VTK PolyData (.vtp) file from file name 'C:\OpenSim 4.5\opensim\..\\Geometry\sdfastTRIQUETRALw.vtp' failed with message:
  SimTK Exception thrown at Xml.cpp:108:
  Error detected by Simbody method Xml::readFromFile(): Failed to load the Xml file 'C:\OpenSim 4.5\opensim\..\\Geometry\sdfastTRIQUETRALw.vtp' with error 'Failed to open file (line=0, col=0)'.
  (Required condition 'loadOK' was not met.)

  (Required condition '!"failed"' was not met.)

[2026-07-01 09:54:43.246] [warning] Visualizer couldn't open sdfast_1seg_hand_fr_c_5mc.vtp because: SimTK Exception thrown at PolygonalMesh.cpp:411:
  Error detected by Simbody method PolygonalMesh::loadVtpFile(): Attempt to load a VTK PolyData (.vtp) file from file name 'C:\OpenSim 4.5\opensim\..\\Geometry\sdfast_1seg_hand_fr_c_5mc.vtp' failed with message:
  SimTK Exception thrown at Xml.cpp:108:
  Error detected by Simbody method Xml::readFromFile(): Failed to load the Xml file 'C:\OpenSim 4.5\opensim\..\\Geometry\sdfast_1seg_hand_fr_c_5mc.vtp' with error 'Failed to open file (line=0, col=0)'.
  (Required condition 'loadOK' was not met.)

  (Required condition '!"failed"' was not met.)

[2026-07-01 09:54:43.247] [warning] Visualizer couldn't open sdfast_1seg_hand_fr_c_4mc.vtp because: SimTK Exception thrown at PolygonalMesh.cpp:411:
  Error detected by Simbody method PolygonalMesh::loadVtpFile(): Attempt to load a VTK PolyData (.vtp) file from file name 'C:\OpenSim 4.5\opensim\..\\Geometry\sdfast_1seg_hand_fr_c_4mc.vtp' failed with message:
  SimTK Exception thrown at Xml.cpp:108:
  Error detected by Simbody method Xml::readFromFile(): Failed to load the Xml file 'C:\OpenSim 4.5\opensim\..\\Geometry\sdfast_1seg_hand_fr_c_4mc.vtp' with error 'Failed to open file (line=0, col=0)'.
  (Required condition 'loadOK' was not met.)

  (Required condition '!"failed"' was not met.)

[2026-07-01 09:54:43.247] [warning] Visualizer couldn't open sdfast_1seg_hand_fr_c_3mc.vtp because: SimTK Exception thrown at PolygonalMesh.cpp:411:
  Error detected by Simbody method PolygonalMesh::loadVtpFile(): Attempt to load a VTK PolyData (.vtp) file from file name 'C:\OpenSim 4.5\opensim\..\\Geometry\sdfast_1seg_hand_fr_c_3mc.vtp' failed with message:
  SimTK Exception thrown at Xml.cpp:108:
  Error detected by Simbody method Xml::readFromFile(): Failed to load the Xml file 'C:\OpenSim 4.5\opensim\..\\Geometry\sdfast_1seg_hand_fr_c_3mc.vtp' with error 'Failed to open file (line=0, col=0)'.
  (Required condition 'loadOK' was not met.)

  (Required condition '!"failed"' was not met.)

[2026-07-01 09:54:43.247] [warning] Visualizer couldn't open sdfast_1seg_hand_fr_c_2mc.vtp because: SimTK Exception thrown at PolygonalMesh.cpp:411:
  Error detected by Simbody method PolygonalMesh::loadVtpFile(): Attempt to load a VTK PolyData (.vtp) file from file name 'C:\OpenSim 4.5\opensim\..\\Geometry\sdfast_1seg_hand_fr_c_2mc.vtp' failed with message:
  SimTK Exception thrown at Xml.cpp:108:
  Error detected by Simbody method Xml::readFromFile(): Failed to load the Xml file 'C:\OpenSim 4.5\opensim\..\\Geometry\sdfast_1seg_hand_fr_c_2mc.vtp' with error 'Failed to open file (line=0, col=0)'.
  (Required condition 'loadOK' was not met.)

  (Required condition '!"failed"' was not met.)

[2026-07-01 09:54:43.247] [warning] Visualizer couldn't open sdfast_1seg_hand_fr_c_trapezium.vtp because: SimTK Exception thrown at PolygonalMesh.cpp:411:
  Error detected by Simbody method PolygonalMesh::loadVtpFile(): Attempt to load a VTK PolyData (.vtp) file from file name 'C:\OpenSim 4.5\opensim\..\\Geometry\sdfast_1seg_hand_fr_c_trapezium.vtp' failed with message:
  SimTK Exception thrown at Xml.cpp:108:
  Error detected by Simbody method Xml::readFromFile(): Failed to load the Xml file 'C:\OpenSim 4.5\opensim\..\\Geometry\sdfast_1seg_hand_fr_c_trapezium.vtp' with error 'Failed to open file (line=0, col=0)'.
  (Required condition 'loadOK' was not met.)

  (Required condition '!"failed"' was not met.)

[2026-07-01 09:54:43.247] [warning] Visualizer couldn't open sdfast_1seg_hand_fr_c_trapezoid.vtp because: SimTK Exception thrown at PolygonalMesh.cpp:411:
  Error detected by Simbody method PolygonalMesh::loadVtpFile(): Attempt to load a VTK PolyData (.vtp) file from file name 'C:\OpenSim 4.5\opensim\..\\Geometry\sdfast_1seg_hand_fr_c_trapezoid.vtp' failed with message:
  SimTK Exception thrown at Xml.cpp:108:
  Error detected by Simbody method Xml::readFromFile(): Failed to load the Xml file 'C:\OpenSim 4.5\opensim\..\\Geometry\sdfast_1seg_hand_fr_c_trapezoid.vtp' with error 'Failed to open file (line=0, col=0)'.
  (Required condition 'loadOK' was not met.)

  (Required condition '!"failed"' was not met.)

[2026-07-01 09:54:43.247] [warning] Visualizer couldn't open sdfast_1seg_hand_fr_c_hamate.vtp because: SimTK Exception thrown at PolygonalMesh.cpp:411:
  Error detected by Simbody method PolygonalMesh::loadVtpFile(): Attempt to load a VTK PolyData (.vtp) file from file name 'C:\OpenSim 4.5\opensim\..\\Geometry\sdfast_1seg_hand_fr_c_hamate.vtp' failed with message:
  SimTK Exception thrown at Xml.cpp:108:
  Error detected by Simbody method Xml::readFromFile(): Failed to load the Xml file 'C:\OpenSim 4.5\opensim\..\\Geometry\sdfast_1seg_hand_fr_c_hamate.vtp' with error 'Failed to open file (line=0, col=0)'.
  (Required condition 'loadOK' was not met.)

  (Required condition '!"failed"' was not met.)

[2026-07-01 09:54:43.247] [warning] Visualizer couldn't open capitate.vtp because: SimTK Exception thrown at PolygonalMesh.cpp:411:
  Error detected by Simbody method PolygonalMesh::loadVtpFile(): Attempt to load a VTK PolyData (.vtp) file from file name 'C:\OpenSim 4.5\opensim\..\\Geometry\capitate.vtp' failed with message:
  SimTK Exception thrown at Xml.cpp:108:
  Error detected by Simbody method Xml::readFromFile(): Failed to load the Xml file 'C:\OpenSim 4.5\opensim\..\\Geometry\capitate.vtp' with error 'Failed to open file (line=0, col=0)'.
  (Required condition 'loadOK' was not met.)

  (Required condition '!"failed"' was not met.)

[2026-07-01 09:54:43.247] [warning] Visualizer couldn't open hand_2proxph.vtp because: SimTK Exception thrown at PolygonalMesh.cpp:411:
  Error detected by Simbody method PolygonalMesh::loadVtpFile(): Attempt to load a VTK PolyData (.vtp) file from file name 'C:\OpenSim 4.5\opensim\..\\Geometry\hand_2proxph.vtp' failed with message:
  SimTK Exception thrown at Xml.cpp:108:
  Error detected by Simbody method Xml::readFromFile(): Failed to load the Xml file 'C:\OpenSim 4.5\opensim\..\\Geometry\hand_2proxph.vtp' with error 'Failed to open file (line=0, col=0)'.
  (Required condition 'loadOK' was not met.)

  (Required condition '!"failed"' was not met.)

[2026-07-01 09:54:43.247] [warning] Visualizer couldn't open hand_2midph.vtp because: SimTK Exception thrown at PolygonalMesh.cpp:411:
  Error detected by Simbody method PolygonalMesh::loadVtpFile(): Attempt to load a VTK PolyData (.vtp) file from file name 'C:\OpenSim 4.5\opensim\..\\Geometry\hand_2midph.vtp' failed with message:
  SimTK Exception thrown at Xml.cpp:108:
  Error detected by Simbody method Xml::readFromFile(): Failed to load the Xml file 'C:\OpenSim 4.5\opensim\..\\Geometry\hand_2midph.vtp' with error 'Failed to open file (line=0, col=0)'.
  (Required condition 'loadOK' was not met.)

  (Required condition '!"failed"' was not met.)

[2026-07-01 09:54:43.247] [warning] Visualizer couldn't open hand_2distph.vtp because: SimTK Exception thrown at PolygonalMesh.cpp:411:
  Error detected by Simbody method PolygonalMesh::loadVtpFile(): Attempt to load a VTK PolyData (.vtp) file from file name 'C:\OpenSim 4.5\opensim\..\\Geometry\hand_2distph.vtp' failed with message:
  SimTK Exception thrown at Xml.cpp:108:
  Error detected by Simbody method Xml::readFromFile(): Failed to load the Xml file 'C:\OpenSim 4.5\opensim\..\\Geometry\hand_2distph.vtp' with error 'Failed to open file (line=0, col=0)'.
  (Required condition 'loadOK' was not met.)

  (Required condition '!"failed"' was not met.)

[2026-07-01 09:54:43.247] [warning] Visualizer couldn't open hand_3proxph.vtp because: SimTK Exception thrown at PolygonalMesh.cpp:411:
  Error detected by Simbody method PolygonalMesh::loadVtpFile(): Attempt to load a VTK PolyData (.vtp) file from file name 'C:\OpenSim 4.5\opensim\..\\Geometry\hand_3proxph.vtp' failed with message:
  SimTK Exception thrown at Xml.cpp:108:
  Error detected by Simbody method Xml::readFromFile(): Failed to load the Xml file 'C:\OpenSim 4.5\opensim\..\\Geometry\hand_3proxph.vtp' with error 'Failed to open file (line=0, col=0)'.
  (Required condition 'loadOK' was not met.)

  (Required condition '!"failed"' was not met.)

[2026-07-01 09:54:43.247] [warning] Visualizer couldn't open hand_3midph.vtp because: SimTK Exception thrown at PolygonalMesh.cpp:411:
  Error detected by Simbody method PolygonalMesh::loadVtpFile(): Attempt to load a VTK PolyData (.vtp) file from file name 'C:\OpenSim 4.5\opensim\..\\Geometry\hand_3midph.vtp' failed with message:
  SimTK Exception thrown at Xml.cpp:108:
  Error detected by Simbody method Xml::readFromFile(): Failed to load the Xml file 'C:\OpenSim 4.5\opensim\..\\Geometry\hand_3midph.vtp' with error 'Failed to open file (line=0, col=0)'.
  (Required condition 'loadOK' was not met.)

  (Required condition '!"failed"' was not met.)

[2026-07-01 09:54:43.247] [warning] Visualizer couldn't open hand_3distph.vtp because: SimTK Exception thrown at PolygonalMesh.cpp:411:
  Error detected by Simbody method PolygonalMesh::loadVtpFile(): Attempt to load a VTK PolyData (.vtp) file from file name 'C:\OpenSim 4.5\opensim\..\\Geometry\hand_3distph.vtp' failed with message:
  SimTK Exception thrown at Xml.cpp:108:
  Error detected by Simbody method Xml::readFromFile(): Failed to load the Xml file 'C:\OpenSim 4.5\opensim\..\\Geometry\hand_3distph.vtp' with error 'Failed to open file (line=0, col=0)'.
  (Required condition 'loadOK' was not met.)

  (Required condition '!"failed"' was not met.)

[2026-07-01 09:54:43.247] [warning] Visualizer couldn't open hand_4proxph.vtp because: SimTK Exception thrown at PolygonalMesh.cpp:411:
  Error detected by Simbody method PolygonalMesh::loadVtpFile(): Attempt to load a VTK PolyData (.vtp) file from file name 'C:\OpenSim 4.5\opensim\..\\Geometry\hand_4proxph.vtp' failed with message:
  SimTK Exception thrown at Xml.cpp:108:
  Error detected by Simbody method Xml::readFromFile(): Failed to load the Xml file 'C:\OpenSim 4.5\opensim\..\\Geometry\hand_4proxph.vtp' with error 'Failed to open file (line=0, col=0)'.
  (Required condition 'loadOK' was not met.)

  (Required condition '!"failed"' was not met.)

[2026-07-01 09:54:43.247] [warning] Visualizer couldn't open hand_4midph.vtp because: SimTK Exception thrown at PolygonalMesh.cpp:411:
  Error detected by Simbody method PolygonalMesh::loadVtpFile(): Attempt to load a VTK PolyData (.vtp) file from file name 'C:\OpenSim 4.5\opensim\..\\Geometry\hand_4midph.vtp' failed with message:
  SimTK Exception thrown at Xml.cpp:108:
  Error detected by Simbody method Xml::readFromFile(): Failed to load the Xml file 'C:\OpenSim 4.5\opensim\..\\Geometry\hand_4midph.vtp' with error 'Failed to open file (line=0, col=0)'.
  (Required condition 'loadOK' was not met.)

  (Required condition '!"failed"' was not met.)

[2026-07-01 09:54:43.247] [warning] Visualizer couldn't open hand_4distph.vtp because: SimTK Exception thrown at PolygonalMesh.cpp:411:
  Error detected by Simbody method PolygonalMesh::loadVtpFile(): Attempt to load a VTK PolyData (.vtp) file from file name 'C:\OpenSim 4.5\opensim\..\\Geometry\hand_4distph.vtp' failed with message:
  SimTK Exception thrown at Xml.cpp:108:
  Error detected by Simbody method Xml::readFromFile(): Failed to load the Xml file 'C:\OpenSim 4.5\opensim\..\\Geometry\hand_4distph.vtp' with error 'Failed to open file (line=0, col=0)'.
  (Required condition 'loadOK' was not met.)

  (Required condition '!"failed"' was not met.)

[2026-07-01 09:54:43.247] [warning] Visualizer couldn't open hand_5proxph.vtp because: SimTK Exception thrown at PolygonalMesh.cpp:411:
  Error detected by Simbody method PolygonalMesh::loadVtpFile(): Attempt to load a VTK PolyData (.vtp) file from file name 'C:\OpenSim 4.5\opensim\..\\Geometry\hand_5proxph.vtp' failed with message:
  SimTK Exception thrown at Xml.cpp:108:
  Error detected by Simbody method Xml::readFromFile(): Failed to load the Xml file 'C:\OpenSim 4.5\opensim\..\\Geometry\hand_5proxph.vtp' with error 'Failed to open file (line=0, col=0)'.
  (Required condition 'loadOK' was not met.)

  (Required condition '!"failed"' was not met.)

[2026-07-01 09:54:43.248] [warning] Visualizer couldn't open hand_5midph.vtp because: SimTK Exception thrown at PolygonalMesh.cpp:411:
  Error detected by Simbody method PolygonalMesh::loadVtpFile(): Attempt to load a VTK PolyData (.vtp) file from file name 'C:\OpenSim 4.5\opensim\..\\Geometry\hand_5midph.vtp' failed with message:
  SimTK Exception thrown at Xml.cpp:108:
  Error detected by Simbody method Xml::readFromFile(): Failed to load the Xml file 'C:\OpenSim 4.5\opensim\..\\Geometry\hand_5midph.vtp' with error 'Failed to open file (line=0, col=0)'.
  (Required condition 'loadOK' was not met.)

  (Required condition '!"failed"' was not met.)

[2026-07-01 09:54:43.248] [warning] Visualizer couldn't open hand_5distph.vtp because: SimTK Exception thrown at PolygonalMesh.cpp:411:
  Error detected by Simbody method PolygonalMesh::loadVtpFile(): Attempt to load a VTK PolyData (.vtp) file from file name 'C:\OpenSim 4.5\opensim\..\\Geometry\hand_5distph.vtp' failed with message:
  SimTK Exception thrown at Xml.cpp:108:
  Error detected by Simbody method Xml::readFromFile(): Failed to load the Xml file 'C:\OpenSim 4.5\opensim\..\\Geometry\hand_5distph.vtp' with error 'Failed to open file (line=0, col=0)'.
  (Required condition 'loadOK' was not met.)

  (Required condition '!"failed"' was not met.)

[2026-07-01 09:54:43.248] [warning] Visualizer couldn't open hand_thumbprox.vtp because: SimTK Exception thrown at PolygonalMesh.cpp:411:
  Error detected by Simbody method PolygonalMesh::loadVtpFile(): Attempt to load a VTK PolyData (.vtp) file from file name 'C:\OpenSim 4.5\opensim\..\\Geometry\hand_thumbprox.vtp' failed with message:
  SimTK Exception thrown at Xml.cpp:108:
  Error detected by Simbody method Xml::readFromFile(): Failed to load the Xml file 'C:\OpenSim 4.5\opensim\..\\Geometry\hand_thumbprox.vtp' with error 'Failed to open file (line=0, col=0)'.
  (Required condition 'loadOK' was not met.)

  (Required condition '!"failed"' was not met.)

[2026-07-01 09:54:43.248] [warning] Visualizer couldn't open hand_thumbdist.vtp because: SimTK Exception thrown at PolygonalMesh.cpp:411:
  Error detected by Simbody method PolygonalMesh::loadVtpFile(): Attempt to load a VTK PolyData (.vtp) file from file name 'C:\OpenSim 4.5\opensim\..\\Geometry\hand_thumbdist.vtp' failed with message:
  SimTK Exception thrown at Xml.cpp:108:
  Error detected by Simbody method Xml::readFromFile(): Failed to load the Xml file 'C:\OpenSim 4.5\opensim\..\\Geometry\hand_thumbdist.vtp' with error 'Failed to open file (line=0, col=0)'.
  (Required condition 'loadOK' was not met.)

  (Required condition '!"failed"' was not met.)

[2026-07-01 09:54:43.248] [warning] Visualizer couldn't open hand_1mc.vtp because: SimTK Exception thrown at PolygonalMesh.cpp:411:
  Error detected by Simbody method PolygonalMesh::loadVtpFile(): Attempt to load a VTK PolyData (.vtp) file from file name 'C:\OpenSim 4.5\opensim\..\\Geometry\hand_1mc.vtp' failed with message:
  SimTK Exception thrown at Xml.cpp:108:
  Error detected by Simbody method Xml::readFromFile(): Failed to load the Xml file 'C:\OpenSim 4.5\opensim\..\\Geometry\hand_1mc.vtp' with error 'Failed to open file (line=0, col=0)'.
  (Required condition 'loadOK' was not met.)

  (Required condition '!"failed"' was not met.)

[2026-07-01 09:59:09.268] [info] Updating Model file from 40000 to latest format...
[2026-07-01 09:59:09.287] [info] Loaded model Right from file C:\Users\youss\exosquelette\test\MoBL-ARMS Upper Extremity Model\Model\4.1\MOBL_ARMS_fixed_41.osim
[2026-07-01 09:59:09.288] [warning] Couldn't find file 'thorax.vtp'.
[2026-07-01 09:59:09.288] [warning] Couldn't find file 'clavicle.vtp'.
[2026-07-01 09:59:09.288] [warning] Couldn't find file 'scapula.vtp'.
[2026-07-01 09:59:09.288] [warning] Couldn't find file 'lunate.vtp'.
[2026-07-01 09:59:09.289] [warning] Couldn't find file 'sdfastSCAPHOIDw.vtp'.
[2026-07-01 09:59:09.289] [warning] Couldn't find file 'sdfastPISIFORMw.vtp'.
[2026-07-01 09:59:09.289] [warning] Couldn't find file 'sdfastTRIQUETRALw.vtp'.
[2026-07-01 09:59:09.289] [warning] Couldn't find file 'sdfast_1seg_hand_fr_c_5mc.vtp'.
[2026-07-01 09:59:09.289] [warning] Couldn't find file 'sdfast_1seg_hand_fr_c_4mc.vtp'.
[2026-07-01 09:59:09.289] [warning] Couldn't find file 'sdfast_1seg_hand_fr_c_3mc.vtp'.
[2026-07-01 09:59:09.289] [warning] Couldn't find file 'sdfast_1seg_hand_fr_c_2mc.vtp'.
[2026-07-01 09:59:09.289] [warning] Couldn't find file 'sdfast_1seg_hand_fr_c_trapezium.vtp'.
[2026-07-01 09:59:09.289] [warning] Couldn't find file 'sdfast_1seg_hand_fr_c_trapezoid.vtp'.
[2026-07-01 09:59:09.289] [warning] Couldn't find file 'sdfast_1seg_hand_fr_c_hamate.vtp'.
[2026-07-01 09:59:09.289] [warning] Couldn't find file 'capitate.vtp'.
[2026-07-01 09:59:09.290] [warning] Couldn't find file 'hand_2proxph.vtp'.
[2026-07-01 09:59:09.290] [warning] Couldn't find file 'hand_2midph.vtp'.
[2026-07-01 09:59:09.290] [warning] Couldn't find file 'hand_2distph.vtp'.
[2026-07-01 09:59:09.290] [warning] Couldn't find file 'hand_3proxph.vtp'.
[2026-07-01 09:59:09.290] [warning] Couldn't find file 'hand_3midph.vtp'.
[2026-07-01 09:59:09.290] [warning] Couldn't find file 'hand_3distph.vtp'.
[2026-07-01 09:59:09.290] [warning] Couldn't find file 'hand_4proxph.vtp'.
[2026-07-01 09:59:09.290] [warning] Couldn't find file 'hand_4midph.vtp'.
[2026-07-01 09:59:09.290] [warning] Couldn't find file 'hand_4distph.vtp'.
[2026-07-01 09:59:09.290] [warning] Couldn't find file 'hand_5proxph.vtp'.
[2026-07-01 09:59:09.290] [warning] Couldn't find file 'hand_5midph.vtp'.
[2026-07-01 09:59:09.290] [warning] Couldn't find file 'hand_5distph.vtp'.
[2026-07-01 09:59:09.290] [warning] Couldn't find file 'hand_thumbprox.vtp'.
[2026-07-01 09:59:09.291] [warning] Couldn't find file 'hand_thumbdist.vtp'.
[2026-07-01 09:59:09.291] [warning] Couldn't find file 'hand_1mc.vtp'.
[2026-07-01 09:59:09.332] [warning] Visualizer couldn't open thorax.vtp because: SimTK Exception thrown at PolygonalMesh.cpp:411:
  Error detected by Simbody method PolygonalMesh::loadVtpFile(): Attempt to load a VTK PolyData (.vtp) file from file name 'C:\OpenSim 4.5\opensim\..\\Geometry\thorax.vtp' failed with message:
  SimTK Exception thrown at Xml.cpp:108:
  Error detected by Simbody method Xml::readFromFile(): Failed to load the Xml file 'C:\OpenSim 4.5\opensim\..\\Geometry\thorax.vtp' with error 'Failed to open file (line=0, col=0)'.
  (Required condition 'loadOK' was not met.)

  (Required condition '!"failed"' was not met.)

[2026-07-01 09:59:09.332] [warning] Visualizer couldn't open clavicle.vtp because: SimTK Exception thrown at PolygonalMesh.cpp:411:
  Error detected by Simbody method PolygonalMesh::loadVtpFile(): Attempt to load a VTK PolyData (.vtp) file from file name 'C:\OpenSim 4.5\opensim\..\\Geometry\clavicle.vtp' failed with message:
  SimTK Exception thrown at Xml.cpp:108:
  Error detected by Simbody method Xml::readFromFile(): Failed to load the Xml file 'C:\OpenSim 4.5\opensim\..\\Geometry\clavicle.vtp' with error 'Failed to open file (line=0, col=0)'.
  (Required condition 'loadOK' was not met.)

  (Required condition '!"failed"' was not met.)

[2026-07-01 09:59:09.333] [warning] Visualizer couldn't open scapula.vtp because: SimTK Exception thrown at PolygonalMesh.cpp:411:
  Error detected by Simbody method PolygonalMesh::loadVtpFile(): Attempt to load a VTK PolyData (.vtp) file from file name 'C:\OpenSim 4.5\opensim\..\\Geometry\scapula.vtp' failed with message:
  SimTK Exception thrown at Xml.cpp:108:
  Error detected by Simbody method Xml::readFromFile(): Failed to load the Xml file 'C:\OpenSim 4.5\opensim\..\\Geometry\scapula.vtp' with error 'Failed to open file (line=0, col=0)'.
  (Required condition 'loadOK' was not met.)

  (Required condition '!"failed"' was not met.)

[2026-07-01 09:59:09.343] [warning] Visualizer couldn't open lunate.vtp because: SimTK Exception thrown at PolygonalMesh.cpp:411:
  Error detected by Simbody method PolygonalMesh::loadVtpFile(): Attempt to load a VTK PolyData (.vtp) file from file name 'C:\OpenSim 4.5\opensim\..\\Geometry\lunate.vtp' failed with message:
  SimTK Exception thrown at Xml.cpp:108:
  Error detected by Simbody method Xml::readFromFile(): Failed to load the Xml file 'C:\OpenSim 4.5\opensim\..\\Geometry\lunate.vtp' with error 'Failed to open file (line=0, col=0)'.
  (Required condition 'loadOK' was not met.)

  (Required condition '!"failed"' was not met.)

[2026-07-01 09:59:09.343] [warning] Visualizer couldn't open sdfastSCAPHOIDw.vtp because: SimTK Exception thrown at PolygonalMesh.cpp:411:
  Error detected by Simbody method PolygonalMesh::loadVtpFile(): Attempt to load a VTK PolyData (.vtp) file from file name 'C:\OpenSim 4.5\opensim\..\\Geometry\sdfastSCAPHOIDw.vtp' failed with message:
  SimTK Exception thrown at Xml.cpp:108:
  Error detected by Simbody method Xml::readFromFile(): Failed to load the Xml file 'C:\OpenSim 4.5\opensim\..\\Geometry\sdfastSCAPHOIDw.vtp' with error 'Failed to open file (line=0, col=0)'.
  (Required condition 'loadOK' was not met.)

  (Required condition '!"failed"' was not met.)

[2026-07-01 09:59:09.343] [warning] Visualizer couldn't open sdfastPISIFORMw.vtp because: SimTK Exception thrown at PolygonalMesh.cpp:411:
  Error detected by Simbody method PolygonalMesh::loadVtpFile(): Attempt to load a VTK PolyData (.vtp) file from file name 'C:\OpenSim 4.5\opensim\..\\Geometry\sdfastPISIFORMw.vtp' failed with message:
  SimTK Exception thrown at Xml.cpp:108:
  Error detected by Simbody method Xml::readFromFile(): Failed to load the Xml file 'C:\OpenSim 4.5\opensim\..\\Geometry\sdfastPISIFORMw.vtp' with error 'Failed to open file (line=0, col=0)'.
  (Required condition 'loadOK' was not met.)

  (Required condition '!"failed"' was not met.)

[2026-07-01 09:59:09.343] [warning] Visualizer couldn't open sdfastTRIQUETRALw.vtp because: SimTK Exception thrown at PolygonalMesh.cpp:411:
  Error detected by Simbody method PolygonalMesh::loadVtpFile(): Attempt to load a VTK PolyData (.vtp) file from file name 'C:\OpenSim 4.5\opensim\..\\Geometry\sdfastTRIQUETRALw.vtp' failed with message:
  SimTK Exception thrown at Xml.cpp:108:
  Error detected by Simbody method Xml::readFromFile(): Failed to load the Xml file 'C:\OpenSim 4.5\opensim\..\\Geometry\sdfastTRIQUETRALw.vtp' with error 'Failed to open file (line=0, col=0)'.
  (Required condition 'loadOK' was not met.)

  (Required condition '!"failed"' was not met.)

[2026-07-01 09:59:09.344] [warning] Visualizer couldn't open sdfast_1seg_hand_fr_c_5mc.vtp because: SimTK Exception thrown at PolygonalMesh.cpp:411:
  Error detected by Simbody method PolygonalMesh::loadVtpFile(): Attempt to load a VTK PolyData (.vtp) file from file name 'C:\OpenSim 4.5\opensim\..\\Geometry\sdfast_1seg_hand_fr_c_5mc.vtp' failed with message:
  SimTK Exception thrown at Xml.cpp:108:
  Error detected by Simbody method Xml::readFromFile(): Failed to load the Xml file 'C:\OpenSim 4.5\opensim\..\\Geometry\sdfast_1seg_hand_fr_c_5mc.vtp' with error 'Failed to open file (line=0, col=0)'.
  (Required condition 'loadOK' was not met.)

  (Required condition '!"failed"' was not met.)

[2026-07-01 09:59:09.344] [warning] Visualizer couldn't open sdfast_1seg_hand_fr_c_4mc.vtp because: SimTK Exception thrown at PolygonalMesh.cpp:411:
  Error detected by Simbody method PolygonalMesh::loadVtpFile(): Attempt to load a VTK PolyData (.vtp) file from file name 'C:\OpenSim 4.5\opensim\..\\Geometry\sdfast_1seg_hand_fr_c_4mc.vtp' failed with message:
  SimTK Exception thrown at Xml.cpp:108:
  Error detected by Simbody method Xml::readFromFile(): Failed to load the Xml file 'C:\OpenSim 4.5\opensim\..\\Geometry\sdfast_1seg_hand_fr_c_4mc.vtp' with error 'Failed to open file (line=0, col=0)'.
  (Required condition 'loadOK' was not met.)

  (Required condition '!"failed"' was not met.)

[2026-07-01 09:59:09.344] [warning] Visualizer couldn't open sdfast_1seg_hand_fr_c_3mc.vtp because: SimTK Exception thrown at PolygonalMesh.cpp:411:
  Error detected by Simbody method PolygonalMesh::loadVtpFile(): Attempt to load a VTK PolyData (.vtp) file from file name 'C:\OpenSim 4.5\opensim\..\\Geometry\sdfast_1seg_hand_fr_c_3mc.vtp' failed with message:
  SimTK Exception thrown at Xml.cpp:108:
  Error detected by Simbody method Xml::readFromFile(): Failed to load the Xml file 'C:\OpenSim 4.5\opensim\..\\Geometry\sdfast_1seg_hand_fr_c_3mc.vtp' with error 'Failed to open file (line=0, col=0)'.
  (Required condition 'loadOK' was not met.)

  (Required condition '!"failed"' was not met.)

[2026-07-01 09:59:09.344] [warning] Visualizer couldn't open sdfast_1seg_hand_fr_c_2mc.vtp because: SimTK Exception thrown at PolygonalMesh.cpp:411:
  Error detected by Simbody method PolygonalMesh::loadVtpFile(): Attempt to load a VTK PolyData (.vtp) file from file name 'C:\OpenSim 4.5\opensim\..\\Geometry\sdfast_1seg_hand_fr_c_2mc.vtp' failed with message:
  SimTK Exception thrown at Xml.cpp:108:
  Error detected by Simbody method Xml::readFromFile(): Failed to load the Xml file 'C:\OpenSim 4.5\opensim\..\\Geometry\sdfast_1seg_hand_fr_c_2mc.vtp' with error 'Failed to open file (line=0, col=0)'.
  (Required condition 'loadOK' was not met.)

  (Required condition '!"failed"' was not met.)

[2026-07-01 09:59:09.344] [warning] Visualizer couldn't open sdfast_1seg_hand_fr_c_trapezium.vtp because: SimTK Exception thrown at PolygonalMesh.cpp:411:
  Error detected by Simbody method PolygonalMesh::loadVtpFile(): Attempt to load a VTK PolyData (.vtp) file from file name 'C:\OpenSim 4.5\opensim\..\\Geometry\sdfast_1seg_hand_fr_c_trapezium.vtp' failed with message:
  SimTK Exception thrown at Xml.cpp:108:
  Error detected by Simbody method Xml::readFromFile(): Failed to load the Xml file 'C:\OpenSim 4.5\opensim\..\\Geometry\sdfast_1seg_hand_fr_c_trapezium.vtp' with error 'Failed to open file (line=0, col=0)'.
  (Required condition 'loadOK' was not met.)

  (Required condition '!"failed"' was not met.)

[2026-07-01 09:59:09.344] [warning] Visualizer couldn't open sdfast_1seg_hand_fr_c_trapezoid.vtp because: SimTK Exception thrown at PolygonalMesh.cpp:411:
  Error detected by Simbody method PolygonalMesh::loadVtpFile(): Attempt to load a VTK PolyData (.vtp) file from file name 'C:\OpenSim 4.5\opensim\..\\Geometry\sdfast_1seg_hand_fr_c_trapezoid.vtp' failed with message:
  SimTK Exception thrown at Xml.cpp:108:
  Error detected by Simbody method Xml::readFromFile(): Failed to load the Xml file 'C:\OpenSim 4.5\opensim\..\\Geometry\sdfast_1seg_hand_fr_c_trapezoid.vtp' with error 'Failed to open file (line=0, col=0)'.
  (Required condition 'loadOK' was not met.)

  (Required condition '!"failed"' was not met.)

[2026-07-01 09:59:09.344] [warning] Visualizer couldn't open sdfast_1seg_hand_fr_c_hamate.vtp because: SimTK Exception thrown at PolygonalMesh.cpp:411:
  Error detected by Simbody method PolygonalMesh::loadVtpFile(): Attempt to load a VTK PolyData (.vtp) file from file name 'C:\OpenSim 4.5\opensim\..\\Geometry\sdfast_1seg_hand_fr_c_hamate.vtp' failed with message:
  SimTK Exception thrown at Xml.cpp:108:
  Error detected by Simbody method Xml::readFromFile(): Failed to load the Xml file 'C:\OpenSim 4.5\opensim\..\\Geometry\sdfast_1seg_hand_fr_c_hamate.vtp' with error 'Failed to open file (line=0, col=0)'.
  (Required condition 'loadOK' was not met.)

  (Required condition '!"failed"' was not met.)

[2026-07-01 09:59:09.344] [warning] Visualizer couldn't open capitate.vtp because: SimTK Exception thrown at PolygonalMesh.cpp:411:
  Error detected by Simbody method PolygonalMesh::loadVtpFile(): Attempt to load a VTK PolyData (.vtp) file from file name 'C:\OpenSim 4.5\opensim\..\\Geometry\capitate.vtp' failed with message:
  SimTK Exception thrown at Xml.cpp:108:
  Error detected by Simbody method Xml::readFromFile(): Failed to load the Xml file 'C:\OpenSim 4.5\opensim\..\\Geometry\capitate.vtp' with error 'Failed to open file (line=0, col=0)'.
  (Required condition 'loadOK' was not met.)

  (Required condition '!"failed"' was not met.)

[2026-07-01 09:59:09.344] [warning] Visualizer couldn't open hand_2proxph.vtp because: SimTK Exception thrown at PolygonalMesh.cpp:411:
  Error detected by Simbody method PolygonalMesh::loadVtpFile(): Attempt to load a VTK PolyData (.vtp) file from file name 'C:\OpenSim 4.5\opensim\..\\Geometry\hand_2proxph.vtp' failed with message:
  SimTK Exception thrown at Xml.cpp:108:
  Error detected by Simbody method Xml::readFromFile(): Failed to load the Xml file 'C:\OpenSim 4.5\opensim\..\\Geometry\hand_2proxph.vtp' with error 'Failed to open file (line=0, col=0)'.
  (Required condition 'loadOK' was not met.)

  (Required condition '!"failed"' was not met.)

[2026-07-01 09:59:09.344] [warning] Visualizer couldn't open hand_2midph.vtp because: SimTK Exception thrown at PolygonalMesh.cpp:411:
  Error detected by Simbody method PolygonalMesh::loadVtpFile(): Attempt to load a VTK PolyData (.vtp) file from file name 'C:\OpenSim 4.5\opensim\..\\Geometry\hand_2midph.vtp' failed with message:
  SimTK Exception thrown at Xml.cpp:108:
  Error detected by Simbody method Xml::readFromFile(): Failed to load the Xml file 'C:\OpenSim 4.5\opensim\..\\Geometry\hand_2midph.vtp' with error 'Failed to open file (line=0, col=0)'.
  (Required condition 'loadOK' was not met.)

  (Required condition '!"failed"' was not met.)

[2026-07-01 09:59:09.344] [warning] Visualizer couldn't open hand_2distph.vtp because: SimTK Exception thrown at PolygonalMesh.cpp:411:
  Error detected by Simbody method PolygonalMesh::loadVtpFile(): Attempt to load a VTK PolyData (.vtp) file from file name 'C:\OpenSim 4.5\opensim\..\\Geometry\hand_2distph.vtp' failed with message:
  SimTK Exception thrown at Xml.cpp:108:
  Error detected by Simbody method Xml::readFromFile(): Failed to load the Xml file 'C:\OpenSim 4.5\opensim\..\\Geometry\hand_2distph.vtp' with error 'Failed to open file (line=0, col=0)'.
  (Required condition 'loadOK' was not met.)

  (Required condition '!"failed"' was not met.)

[2026-07-01 09:59:09.344] [warning] Visualizer couldn't open hand_3proxph.vtp because: SimTK Exception thrown at PolygonalMesh.cpp:411:
  Error detected by Simbody method PolygonalMesh::loadVtpFile(): Attempt to load a VTK PolyData (.vtp) file from file name 'C:\OpenSim 4.5\opensim\..\\Geometry\hand_3proxph.vtp' failed with message:
  SimTK Exception thrown at Xml.cpp:108:
  Error detected by Simbody method Xml::readFromFile(): Failed to load the Xml file 'C:\OpenSim 4.5\opensim\..\\Geometry\hand_3proxph.vtp' with error 'Failed to open file (line=0, col=0)'.
  (Required condition 'loadOK' was not met.)

  (Required condition '!"failed"' was not met.)

[2026-07-01 09:59:09.344] [warning] Visualizer couldn't open hand_3midph.vtp because: SimTK Exception thrown at PolygonalMesh.cpp:411:
  Error detected by Simbody method PolygonalMesh::loadVtpFile(): Attempt to load a VTK PolyData (.vtp) file from file name 'C:\OpenSim 4.5\opensim\..\\Geometry\hand_3midph.vtp' failed with message:
  SimTK Exception thrown at Xml.cpp:108:
  Error detected by Simbody method Xml::readFromFile(): Failed to load the Xml file 'C:\OpenSim 4.5\opensim\..\\Geometry\hand_3midph.vtp' with error 'Failed to open file (line=0, col=0)'.
  (Required condition 'loadOK' was not met.)

  (Required condition '!"failed"' was not met.)

[2026-07-01 09:59:09.344] [warning] Visualizer couldn't open hand_3distph.vtp because: SimTK Exception thrown at PolygonalMesh.cpp:411:
  Error detected by Simbody method PolygonalMesh::loadVtpFile(): Attempt to load a VTK PolyData (.vtp) file from file name 'C:\OpenSim 4.5\opensim\..\\Geometry\hand_3distph.vtp' failed with message:
  SimTK Exception thrown at Xml.cpp:108:
  Error detected by Simbody method Xml::readFromFile(): Failed to load the Xml file 'C:\OpenSim 4.5\opensim\..\\Geometry\hand_3distph.vtp' with error 'Failed to open file (line=0, col=0)'.
  (Required condition 'loadOK' was not met.)

  (Required condition '!"failed"' was not met.)

[2026-07-01 09:59:09.344] [warning] Visualizer couldn't open hand_4proxph.vtp because: SimTK Exception thrown at PolygonalMesh.cpp:411:
  Error detected by Simbody method PolygonalMesh::loadVtpFile(): Attempt to load a VTK PolyData (.vtp) file from file name 'C:\OpenSim 4.5\opensim\..\\Geometry\hand_4proxph.vtp' failed with message:
  SimTK Exception thrown at Xml.cpp:108:
  Error detected by Simbody method Xml::readFromFile(): Failed to load the Xml file 'C:\OpenSim 4.5\opensim\..\\Geometry\hand_4proxph.vtp' with error 'Failed to open file (line=0, col=0)'.
  (Required condition 'loadOK' was not met.)

  (Required condition '!"failed"' was not met.)

[2026-07-01 09:59:09.344] [warning] Visualizer couldn't open hand_4midph.vtp because: SimTK Exception thrown at PolygonalMesh.cpp:411:
  Error detected by Simbody method PolygonalMesh::loadVtpFile(): Attempt to load a VTK PolyData (.vtp) file from file name 'C:\OpenSim 4.5\opensim\..\\Geometry\hand_4midph.vtp' failed with message:
  SimTK Exception thrown at Xml.cpp:108:
  Error detected by Simbody method Xml::readFromFile(): Failed to load the Xml file 'C:\OpenSim 4.5\opensim\..\\Geometry\hand_4midph.vtp' with error 'Failed to open file (line=0, col=0)'.
  (Required condition 'loadOK' was not met.)

  (Required condition '!"failed"' was not met.)

[2026-07-01 09:59:09.345] [warning] Visualizer couldn't open hand_4distph.vtp because: SimTK Exception thrown at PolygonalMesh.cpp:411:
  Error detected by Simbody method PolygonalMesh::loadVtpFile(): Attempt to load a VTK PolyData (.vtp) file from file name 'C:\OpenSim 4.5\opensim\..\\Geometry\hand_4distph.vtp' failed with message:
  SimTK Exception thrown at Xml.cpp:108:
  Error detected by Simbody method Xml::readFromFile(): Failed to load the Xml file 'C:\OpenSim 4.5\opensim\..\\Geometry\hand_4distph.vtp' with error 'Failed to open file (line=0, col=0)'.
  (Required condition 'loadOK' was not met.)

  (Required condition '!"failed"' was not met.)

[2026-07-01 09:59:09.345] [warning] Visualizer couldn't open hand_5proxph.vtp because: SimTK Exception thrown at PolygonalMesh.cpp:411:
  Error detected by Simbody method PolygonalMesh::loadVtpFile(): Attempt to load a VTK PolyData (.vtp) file from file name 'C:\OpenSim 4.5\opensim\..\\Geometry\hand_5proxph.vtp' failed with message:
  SimTK Exception thrown at Xml.cpp:108:
  Error detected by Simbody method Xml::readFromFile(): Failed to load the Xml file 'C:\OpenSim 4.5\opensim\..\\Geometry\hand_5proxph.vtp' with error 'Failed to open file (line=0, col=0)'.
  (Required condition 'loadOK' was not met.)

  (Required condition '!"failed"' was not met.)

[2026-07-01 09:59:09.345] [warning] Visualizer couldn't open hand_5midph.vtp because: SimTK Exception thrown at PolygonalMesh.cpp:411:
  Error detected by Simbody method PolygonalMesh::loadVtpFile(): Attempt to load a VTK PolyData (.vtp) file from file name 'C:\OpenSim 4.5\opensim\..\\Geometry\hand_5midph.vtp' failed with message:
  SimTK Exception thrown at Xml.cpp:108:
  Error detected by Simbody method Xml::readFromFile(): Failed to load the Xml file 'C:\OpenSim 4.5\opensim\..\\Geometry\hand_5midph.vtp' with error 'Failed to open file (line=0, col=0)'.
  (Required condition 'loadOK' was not met.)

  (Required condition '!"failed"' was not met.)

[2026-07-01 09:59:09.345] [warning] Visualizer couldn't open hand_5distph.vtp because: SimTK Exception thrown at PolygonalMesh.cpp:411:
  Error detected by Simbody method PolygonalMesh::loadVtpFile(): Attempt to load a VTK PolyData (.vtp) file from file name 'C:\OpenSim 4.5\opensim\..\\Geometry\hand_5distph.vtp' failed with message:
  SimTK Exception thrown at Xml.cpp:108:
  Error detected by Simbody method Xml::readFromFile(): Failed to load the Xml file 'C:\OpenSim 4.5\opensim\..\\Geometry\hand_5distph.vtp' with error 'Failed to open file (line=0, col=0)'.
  (Required condition 'loadOK' was not met.)

  (Required condition '!"failed"' was not met.)

[2026-07-01 09:59:09.345] [warning] Visualizer couldn't open hand_thumbprox.vtp because: SimTK Exception thrown at PolygonalMesh.cpp:411:
  Error detected by Simbody method PolygonalMesh::loadVtpFile(): Attempt to load a VTK PolyData (.vtp) file from file name 'C:\OpenSim 4.5\opensim\..\\Geometry\hand_thumbprox.vtp' failed with message:
  SimTK Exception thrown at Xml.cpp:108:
  Error detected by Simbody method Xml::readFromFile(): Failed to load the Xml file 'C:\OpenSim 4.5\opensim\..\\Geometry\hand_thumbprox.vtp' with error 'Failed to open file (line=0, col=0)'.
  (Required condition 'loadOK' was not met.)

  (Required condition '!"failed"' was not met.)

[2026-07-01 09:59:09.345] [warning] Visualizer couldn't open hand_thumbdist.vtp because: SimTK Exception thrown at PolygonalMesh.cpp:411:
  Error detected by Simbody method PolygonalMesh::loadVtpFile(): Attempt to load a VTK PolyData (.vtp) file from file name 'C:\OpenSim 4.5\opensim\..\\Geometry\hand_thumbdist.vtp' failed with message:
  SimTK Exception thrown at Xml.cpp:108:
  Error detected by Simbody method Xml::readFromFile(): Failed to load the Xml file 'C:\OpenSim 4.5\opensim\..\\Geometry\hand_thumbdist.vtp' with error 'Failed to open file (line=0, col=0)'.
  (Required condition 'loadOK' was not met.)

  (Required condition '!"failed"' was not met.)

[2026-07-01 09:59:09.345] [warning] Visualizer couldn't open hand_1mc.vtp because: SimTK Exception thrown at PolygonalMesh.cpp:411:
  Error detected by Simbody method PolygonalMesh::loadVtpFile(): Attempt to load a VTK PolyData (.vtp) file from file name 'C:\OpenSim 4.5\opensim\..\\Geometry\hand_1mc.vtp' failed with message:
  SimTK Exception thrown at Xml.cpp:108:
  Error detected by Simbody method Xml::readFromFile(): Failed to load the Xml file 'C:\OpenSim 4.5\opensim\..\\Geometry\hand_1mc.vtp' with error 'Failed to open file (line=0, col=0)'.
  (Required condition 'loadOK' was not met.)

  (Required condition '!"failed"' was not met.)

[2026-07-01 10:02:11.415] [info] Updating Model file from 40000 to latest format...
[2026-07-01 10:02:11.435] [info] Loaded model Right from file C:\Users\youss\exosquelette\test\MoBL-ARMS Upper Extremity Model\Model\4.1\MOBL_ARMS_fixed_41.osim
[2026-07-01 10:02:11.436] [warning] Couldn't find file 'thorax.vtp'.
[2026-07-01 10:02:11.436] [warning] Couldn't find file 'clavicle.vtp'.
[2026-07-01 10:02:11.436] [warning] Couldn't find file 'scapula.vtp'.
[2026-07-01 10:02:11.437] [warning] Couldn't find file 'lunate.vtp'.
[2026-07-01 10:02:11.437] [warning] Couldn't find file 'sdfastSCAPHOIDw.vtp'.
[2026-07-01 10:02:11.437] [warning] Couldn't find file 'sdfastPISIFORMw.vtp'.
[2026-07-01 10:02:11.437] [warning] Couldn't find file 'sdfastTRIQUETRALw.vtp'.
[2026-07-01 10:02:11.437] [warning] Couldn't find file 'sdfast_1seg_hand_fr_c_5mc.vtp'.
[2026-07-01 10:02:11.437] [warning] Couldn't find file 'sdfast_1seg_hand_fr_c_4mc.vtp'.
[2026-07-01 10:02:11.437] [warning] Couldn't find file 'sdfast_1seg_hand_fr_c_3mc.vtp'.
[2026-07-01 10:02:11.437] [warning] Couldn't find file 'sdfast_1seg_hand_fr_c_2mc.vtp'.
[2026-07-01 10:02:11.437] [warning] Couldn't find file 'sdfast_1seg_hand_fr_c_trapezium.vtp'.
[2026-07-01 10:02:11.437] [warning] Couldn't find file 'sdfast_1seg_hand_fr_c_trapezoid.vtp'.
[2026-07-01 10:02:11.438] [warning] Couldn't find file 'sdfast_1seg_hand_fr_c_hamate.vtp'.
[2026-07-01 10:02:11.438] [warning] Couldn't find file 'capitate.vtp'.
[2026-07-01 10:02:11.438] [warning] Couldn't find file 'hand_2proxph.vtp'.
[2026-07-01 10:02:11.438] [warning] Couldn't find file 'hand_2midph.vtp'.
[2026-07-01 10:02:11.438] [warning] Couldn't find file 'hand_2distph.vtp'.
[2026-07-01 10:02:11.438] [warning] Couldn't find file 'hand_3proxph.vtp'.
[2026-07-01 10:02:11.438] [warning] Couldn't find file 'hand_3midph.vtp'.
[2026-07-01 10:02:11.438] [warning] Couldn't find file 'hand_3distph.vtp'.
[2026-07-01 10:02:11.438] [warning] Couldn't find file 'hand_4proxph.vtp'.
[2026-07-01 10:02:11.438] [warning] Couldn't find file 'hand_4midph.vtp'.
[2026-07-01 10:02:11.438] [warning] Couldn't find file 'hand_4distph.vtp'.
[2026-07-01 10:02:11.438] [warning] Couldn't find file 'hand_5proxph.vtp'.
[2026-07-01 10:02:11.438] [warning] Couldn't find file 'hand_5midph.vtp'.
[2026-07-01 10:02:11.438] [warning] Couldn't find file 'hand_5distph.vtp'.
[2026-07-01 10:02:11.438] [warning] Couldn't find file 'hand_thumbprox.vtp'.
[2026-07-01 10:02:11.439] [warning] Couldn't find file 'hand_thumbdist.vtp'.
[2026-07-01 10:02:11.439] [warning] Couldn't find file 'hand_1mc.vtp'.
[2026-07-01 10:02:11.493] [warning] Visualizer couldn't open thorax.vtp because: SimTK Exception thrown at PolygonalMesh.cpp:411:
  Error detected by Simbody method PolygonalMesh::loadVtpFile(): Attempt to load a VTK PolyData (.vtp) file from file name 'C:\OpenSim 4.5\opensim\..\\Geometry\thorax.vtp' failed with message:
  SimTK Exception thrown at Xml.cpp:108:
  Error detected by Simbody method Xml::readFromFile(): Failed to load the Xml file 'C:\OpenSim 4.5\opensim\..\\Geometry\thorax.vtp' with error 'Failed to open file (line=0, col=0)'.
  (Required condition 'loadOK' was not met.)

  (Required condition '!"failed"' was not met.)

[2026-07-01 10:02:11.494] [warning] Visualizer couldn't open clavicle.vtp because: SimTK Exception thrown at PolygonalMesh.cpp:411:
  Error detected by Simbody method PolygonalMesh::loadVtpFile(): Attempt to load a VTK PolyData (.vtp) file from file name 'C:\OpenSim 4.5\opensim\..\\Geometry\clavicle.vtp' failed with message:
  SimTK Exception thrown at Xml.cpp:108:
  Error detected by Simbody method Xml::readFromFile(): Failed to load the Xml file 'C:\OpenSim 4.5\opensim\..\\Geometry\clavicle.vtp' with error 'Failed to open file (line=0, col=0)'.
  (Required condition 'loadOK' was not met.)

  (Required condition '!"failed"' was not met.)

[2026-07-01 10:02:11.494] [warning] Visualizer couldn't open scapula.vtp because: SimTK Exception thrown at PolygonalMesh.cpp:411:
  Error detected by Simbody method PolygonalMesh::loadVtpFile(): Attempt to load a VTK PolyData (.vtp) file from file name 'C:\OpenSim 4.5\opensim\..\\Geometry\scapula.vtp' failed with message:
  SimTK Exception thrown at Xml.cpp:108:
  Error detected by Simbody method Xml::readFromFile(): Failed to load the Xml file 'C:\OpenSim 4.5\opensim\..\\Geometry\scapula.vtp' with error 'Failed to open file (line=0, col=0)'.
  (Required condition 'loadOK' was not met.)

  (Required condition '!"failed"' was not met.)

[2026-07-01 10:02:11.523] [warning] Visualizer couldn't open lunate.vtp because: SimTK Exception thrown at PolygonalMesh.cpp:411:
  Error detected by Simbody method PolygonalMesh::loadVtpFile(): Attempt to load a VTK PolyData (.vtp) file from file name 'C:\OpenSim 4.5\opensim\..\\Geometry\lunate.vtp' failed with message:
  SimTK Exception thrown at Xml.cpp:108:
  Error detected by Simbody method Xml::readFromFile(): Failed to load the Xml file 'C:\OpenSim 4.5\opensim\..\\Geometry\lunate.vtp' with error 'Failed to open file (line=0, col=0)'.
  (Required condition 'loadOK' was not met.)

  (Required condition '!"failed"' was not met.)

[2026-07-01 10:02:11.523] [warning] Visualizer couldn't open sdfastSCAPHOIDw.vtp because: SimTK Exception thrown at PolygonalMesh.cpp:411:
  Error detected by Simbody method PolygonalMesh::loadVtpFile(): Attempt to load a VTK PolyData (.vtp) file from file name 'C:\OpenSim 4.5\opensim\..\\Geometry\sdfastSCAPHOIDw.vtp' failed with message:
  SimTK Exception thrown at Xml.cpp:108:
  Error detected by Simbody method Xml::readFromFile(): Failed to load the Xml file 'C:\OpenSim 4.5\opensim\..\\Geometry\sdfastSCAPHOIDw.vtp' with error 'Failed to open file (line=0, col=0)'.
  (Required condition 'loadOK' was not met.)

  (Required condition '!"failed"' was not met.)

[2026-07-01 10:02:11.523] [warning] Visualizer couldn't open sdfastPISIFORMw.vtp because: SimTK Exception thrown at PolygonalMesh.cpp:411:
  Error detected by Simbody method PolygonalMesh::loadVtpFile(): Attempt to load a VTK PolyData (.vtp) file from file name 'C:\OpenSim 4.5\opensim\..\\Geometry\sdfastPISIFORMw.vtp' failed with message:
  SimTK Exception thrown at Xml.cpp:108:
  Error detected by Simbody method Xml::readFromFile(): Failed to load the Xml file 'C:\OpenSim 4.5\opensim\..\\Geometry\sdfastPISIFORMw.vtp' with error 'Failed to open file (line=0, col=0)'.
  (Required condition 'loadOK' was not met.)

  (Required condition '!"failed"' was not met.)

[2026-07-01 10:02:11.524] [warning] Visualizer couldn't open sdfastTRIQUETRALw.vtp because: SimTK Exception thrown at PolygonalMesh.cpp:411:
  Error detected by Simbody method PolygonalMesh::loadVtpFile(): Attempt to load a VTK PolyData (.vtp) file from file name 'C:\OpenSim 4.5\opensim\..\\Geometry\sdfastTRIQUETRALw.vtp' failed with message:
  SimTK Exception thrown at Xml.cpp:108:
  Error detected by Simbody method Xml::readFromFile(): Failed to load the Xml file 'C:\OpenSim 4.5\opensim\..\\Geometry\sdfastTRIQUETRALw.vtp' with error 'Failed to open file (line=0, col=0)'.
  (Required condition 'loadOK' was not met.)

  (Required condition '!"failed"' was not met.)

[2026-07-01 10:02:11.524] [warning] Visualizer couldn't open sdfast_1seg_hand_fr_c_5mc.vtp because: SimTK Exception thrown at PolygonalMesh.cpp:411:
  Error detected by Simbody method PolygonalMesh::loadVtpFile(): Attempt to load a VTK PolyData (.vtp) file from file name 'C:\OpenSim 4.5\opensim\..\\Geometry\sdfast_1seg_hand_fr_c_5mc.vtp' failed with message:
  SimTK Exception thrown at Xml.cpp:108:
  Error detected by Simbody method Xml::readFromFile(): Failed to load the Xml file 'C:\OpenSim 4.5\opensim\..\\Geometry\sdfast_1seg_hand_fr_c_5mc.vtp' with error 'Failed to open file (line=0, col=0)'.
  (Required condition 'loadOK' was not met.)

  (Required condition '!"failed"' was not met.)

[2026-07-01 10:02:11.524] [warning] Visualizer couldn't open sdfast_1seg_hand_fr_c_4mc.vtp because: SimTK Exception thrown at PolygonalMesh.cpp:411:
  Error detected by Simbody method PolygonalMesh::loadVtpFile(): Attempt to load a VTK PolyData (.vtp) file from file name 'C:\OpenSim 4.5\opensim\..\\Geometry\sdfast_1seg_hand_fr_c_4mc.vtp' failed with message:
  SimTK Exception thrown at Xml.cpp:108:
  Error detected by Simbody method Xml::readFromFile(): Failed to load the Xml file 'C:\OpenSim 4.5\opensim\..\\Geometry\sdfast_1seg_hand_fr_c_4mc.vtp' with error 'Failed to open file (line=0, col=0)'.
  (Required condition 'loadOK' was not met.)

  (Required condition '!"failed"' was not met.)

[2026-07-01 10:02:11.524] [warning] Visualizer couldn't open sdfast_1seg_hand_fr_c_3mc.vtp because: SimTK Exception thrown at PolygonalMesh.cpp:411:
  Error detected by Simbody method PolygonalMesh::loadVtpFile(): Attempt to load a VTK PolyData (.vtp) file from file name 'C:\OpenSim 4.5\opensim\..\\Geometry\sdfast_1seg_hand_fr_c_3mc.vtp' failed with message:
  SimTK Exception thrown at Xml.cpp:108:
  Error detected by Simbody method Xml::readFromFile(): Failed to load the Xml file 'C:\OpenSim 4.5\opensim\..\\Geometry\sdfast_1seg_hand_fr_c_3mc.vtp' with error 'Failed to open file (line=0, col=0)'.
  (Required condition 'loadOK' was not met.)

  (Required condition '!"failed"' was not met.)

[2026-07-01 10:02:11.525] [warning] Visualizer couldn't open sdfast_1seg_hand_fr_c_2mc.vtp because: SimTK Exception thrown at PolygonalMesh.cpp:411:
  Error detected by Simbody method PolygonalMesh::loadVtpFile(): Attempt to load a VTK PolyData (.vtp) file from file name 'C:\OpenSim 4.5\opensim\..\\Geometry\sdfast_1seg_hand_fr_c_2mc.vtp' failed with message:
  SimTK Exception thrown at Xml.cpp:108:
  Error detected by Simbody method Xml::readFromFile(): Failed to load the Xml file 'C:\OpenSim 4.5\opensim\..\\Geometry\sdfast_1seg_hand_fr_c_2mc.vtp' with error 'Failed to open file (line=0, col=0)'.
  (Required condition 'loadOK' was not met.)

  (Required condition '!"failed"' was not met.)

[2026-07-01 10:02:11.525] [warning] Visualizer couldn't open sdfast_1seg_hand_fr_c_trapezium.vtp because: SimTK Exception thrown at PolygonalMesh.cpp:411:
  Error detected by Simbody method PolygonalMesh::loadVtpFile(): Attempt to load a VTK PolyData (.vtp) file from file name 'C:\OpenSim 4.5\opensim\..\\Geometry\sdfast_1seg_hand_fr_c_trapezium.vtp' failed with message:
  SimTK Exception thrown at Xml.cpp:108:
  Error detected by Simbody method Xml::readFromFile(): Failed to load the Xml file 'C:\OpenSim 4.5\opensim\..\\Geometry\sdfast_1seg_hand_fr_c_trapezium.vtp' with error 'Failed to open file (line=0, col=0)'.
  (Required condition 'loadOK' was not met.)

  (Required condition '!"failed"' was not met.)

[2026-07-01 10:02:11.525] [warning] Visualizer couldn't open sdfast_1seg_hand_fr_c_trapezoid.vtp because: SimTK Exception thrown at PolygonalMesh.cpp:411:
  Error detected by Simbody method PolygonalMesh::loadVtpFile(): Attempt to load a VTK PolyData (.vtp) file from file name 'C:\OpenSim 4.5\opensim\..\\Geometry\sdfast_1seg_hand_fr_c_trapezoid.vtp' failed with message:
  SimTK Exception thrown at Xml.cpp:108:
  Error detected by Simbody method Xml::readFromFile(): Failed to load the Xml file 'C:\OpenSim 4.5\opensim\..\\Geometry\sdfast_1seg_hand_fr_c_trapezoid.vtp' with error 'Failed to open file (line=0, col=0)'.
  (Required condition 'loadOK' was not met.)

  (Required condition '!"failed"' was not met.)

[2026-07-01 10:02:11.525] [warning] Visualizer couldn't open sdfast_1seg_hand_fr_c_hamate.vtp because: SimTK Exception thrown at PolygonalMesh.cpp:411:
  Error detected by Simbody method PolygonalMesh::loadVtpFile(): Attempt to load a VTK PolyData (.vtp) file from file name 'C:\OpenSim 4.5\opensim\..\\Geometry\sdfast_1seg_hand_fr_c_hamate.vtp' failed with message:
  SimTK Exception thrown at Xml.cpp:108:
  Error detected by Simbody method Xml::readFromFile(): Failed to load the Xml file 'C:\OpenSim 4.5\opensim\..\\Geometry\sdfast_1seg_hand_fr_c_hamate.vtp' with error 'Failed to open file (line=0, col=0)'.
  (Required condition 'loadOK' was not met.)

  (Required condition '!"failed"' was not met.)

[2026-07-01 10:02:11.525] [warning] Visualizer couldn't open capitate.vtp because: SimTK Exception thrown at PolygonalMesh.cpp:411:
  Error detected by Simbody method PolygonalMesh::loadVtpFile(): Attempt to load a VTK PolyData (.vtp) file from file name 'C:\OpenSim 4.5\opensim\..\\Geometry\capitate.vtp' failed with message:
  SimTK Exception thrown at Xml.cpp:108:
  Error detected by Simbody method Xml::readFromFile(): Failed to load the Xml file 'C:\OpenSim 4.5\opensim\..\\Geometry\capitate.vtp' with error 'Failed to open file (line=0, col=0)'.
  (Required condition 'loadOK' was not met.)

  (Required condition '!"failed"' was not met.)

[2026-07-01 10:02:11.525] [warning] Visualizer couldn't open hand_2proxph.vtp because: SimTK Exception thrown at PolygonalMesh.cpp:411:
  Error detected by Simbody method PolygonalMesh::loadVtpFile(): Attempt to load a VTK PolyData (.vtp) file from file name 'C:\OpenSim 4.5\opensim\..\\Geometry\hand_2proxph.vtp' failed with message:
  SimTK Exception thrown at Xml.cpp:108:
  Error detected by Simbody method Xml::readFromFile(): Failed to load the Xml file 'C:\OpenSim 4.5\opensim\..\\Geometry\hand_2proxph.vtp' with error 'Failed to open file (line=0, col=0)'.
  (Required condition 'loadOK' was not met.)

  (Required condition '!"failed"' was not met.)

[2026-07-01 10:02:11.525] [warning] Visualizer couldn't open hand_2midph.vtp because: SimTK Exception thrown at PolygonalMesh.cpp:411:
  Error detected by Simbody method PolygonalMesh::loadVtpFile(): Attempt to load a VTK PolyData (.vtp) file from file name 'C:\OpenSim 4.5\opensim\..\\Geometry\hand_2midph.vtp' failed with message:
  SimTK Exception thrown at Xml.cpp:108:
  Error detected by Simbody method Xml::readFromFile(): Failed to load the Xml file 'C:\OpenSim 4.5\opensim\..\\Geometry\hand_2midph.vtp' with error 'Failed to open file (line=0, col=0)'.
  (Required condition 'loadOK' was not met.)

  (Required condition '!"failed"' was not met.)

[2026-07-01 10:02:11.525] [warning] Visualizer couldn't open hand_2distph.vtp because: SimTK Exception thrown at PolygonalMesh.cpp:411:
  Error detected by Simbody method PolygonalMesh::loadVtpFile(): Attempt to load a VTK PolyData (.vtp) file from file name 'C:\OpenSim 4.5\opensim\..\\Geometry\hand_2distph.vtp' failed with message:
  SimTK Exception thrown at Xml.cpp:108:
  Error detected by Simbody method Xml::readFromFile(): Failed to load the Xml file 'C:\OpenSim 4.5\opensim\..\\Geometry\hand_2distph.vtp' with error 'Failed to open file (line=0, col=0)'.
  (Required condition 'loadOK' was not met.)

  (Required condition '!"failed"' was not met.)

[2026-07-01 10:02:11.525] [warning] Visualizer couldn't open hand_3proxph.vtp because: SimTK Exception thrown at PolygonalMesh.cpp:411:
  Error detected by Simbody method PolygonalMesh::loadVtpFile(): Attempt to load a VTK PolyData (.vtp) file from file name 'C:\OpenSim 4.5\opensim\..\\Geometry\hand_3proxph.vtp' failed with message:
  SimTK Exception thrown at Xml.cpp:108:
  Error detected by Simbody method Xml::readFromFile(): Failed to load the Xml file 'C:\OpenSim 4.5\opensim\..\\Geometry\hand_3proxph.vtp' with error 'Failed to open file (line=0, col=0)'.
  (Required condition 'loadOK' was not met.)

  (Required condition '!"failed"' was not met.)

[2026-07-01 10:02:11.531] [warning] Visualizer couldn't open hand_3midph.vtp because: SimTK Exception thrown at PolygonalMesh.cpp:411:
  Error detected by Simbody method PolygonalMesh::loadVtpFile(): Attempt to load a VTK PolyData (.vtp) file from file name 'C:\OpenSim 4.5\opensim\..\\Geometry\hand_3midph.vtp' failed with message:
  SimTK Exception thrown at Xml.cpp:108:
  Error detected by Simbody method Xml::readFromFile(): Failed to load the Xml file 'C:\OpenSim 4.5\opensim\..\\Geometry\hand_3midph.vtp' with error 'Failed to open file (line=0, col=0)'.
  (Required condition 'loadOK' was not met.)

  (Required condition '!"failed"' was not met.)

[2026-07-01 10:02:11.531] [warning] Visualizer couldn't open hand_3distph.vtp because: SimTK Exception thrown at PolygonalMesh.cpp:411:
  Error detected by Simbody method PolygonalMesh::loadVtpFile(): Attempt to load a VTK PolyData (.vtp) file from file name 'C:\OpenSim 4.5\opensim\..\\Geometry\hand_3distph.vtp' failed with message:
  SimTK Exception thrown at Xml.cpp:108:
  Error detected by Simbody method Xml::readFromFile(): Failed to load the Xml file 'C:\OpenSim 4.5\opensim\..\\Geometry\hand_3distph.vtp' with error 'Failed to open file (line=0, col=0)'.
  (Required condition 'loadOK' was not met.)

  (Required condition '!"failed"' was not met.)

[2026-07-01 10:02:11.531] [warning] Visualizer couldn't open hand_4proxph.vtp because: SimTK Exception thrown at PolygonalMesh.cpp:411:
  Error detected by Simbody method PolygonalMesh::loadVtpFile(): Attempt to load a VTK PolyData (.vtp) file from file name 'C:\OpenSim 4.5\opensim\..\\Geometry\hand_4proxph.vtp' failed with message:
  SimTK Exception thrown at Xml.cpp:108:
  Error detected by Simbody method Xml::readFromFile(): Failed to load the Xml file 'C:\OpenSim 4.5\opensim\..\\Geometry\hand_4proxph.vtp' with error 'Failed to open file (line=0, col=0)'.
  (Required condition 'loadOK' was not met.)

  (Required condition '!"failed"' was not met.)

[2026-07-01 10:02:11.532] [warning] Visualizer couldn't open hand_4midph.vtp because: SimTK Exception thrown at PolygonalMesh.cpp:411:
  Error detected by Simbody method PolygonalMesh::loadVtpFile(): Attempt to load a VTK PolyData (.vtp) file from file name 'C:\OpenSim 4.5\opensim\..\\Geometry\hand_4midph.vtp' failed with message:
  SimTK Exception thrown at Xml.cpp:108:
  Error detected by Simbody method Xml::readFromFile(): Failed to load the Xml file 'C:\OpenSim 4.5\opensim\..\\Geometry\hand_4midph.vtp' with error 'Failed to open file (line=0, col=0)'.
  (Required condition 'loadOK' was not met.)

  (Required condition '!"failed"' was not met.)

[2026-07-01 10:02:11.532] [warning] Visualizer couldn't open hand_4distph.vtp because: SimTK Exception thrown at PolygonalMesh.cpp:411:
  Error detected by Simbody method PolygonalMesh::loadVtpFile(): Attempt to load a VTK PolyData (.vtp) file from file name 'C:\OpenSim 4.5\opensim\..\\Geometry\hand_4distph.vtp' failed with message:
  SimTK Exception thrown at Xml.cpp:108:
  Error detected by Simbody method Xml::readFromFile(): Failed to load the Xml file 'C:\OpenSim 4.5\opensim\..\\Geometry\hand_4distph.vtp' with error 'Failed to open file (line=0, col=0)'.
  (Required condition 'loadOK' was not met.)

  (Required condition '!"failed"' was not met.)

[2026-07-01 10:02:11.532] [warning] Visualizer couldn't open hand_5proxph.vtp because: SimTK Exception thrown at PolygonalMesh.cpp:411:
  Error detected by Simbody method PolygonalMesh::loadVtpFile(): Attempt to load a VTK PolyData (.vtp) file from file name 'C:\OpenSim 4.5\opensim\..\\Geometry\hand_5proxph.vtp' failed with message:
  SimTK Exception thrown at Xml.cpp:108:
  Error detected by Simbody method Xml::readFromFile(): Failed to load the Xml file 'C:\OpenSim 4.5\opensim\..\\Geometry\hand_5proxph.vtp' with error 'Failed to open file (line=0, col=0)'.
  (Required condition 'loadOK' was not met.)

  (Required condition '!"failed"' was not met.)

[2026-07-01 10:02:11.532] [warning] Visualizer couldn't open hand_5midph.vtp because: SimTK Exception thrown at PolygonalMesh.cpp:411:
  Error detected by Simbody method PolygonalMesh::loadVtpFile(): Attempt to load a VTK PolyData (.vtp) file from file name 'C:\OpenSim 4.5\opensim\..\\Geometry\hand_5midph.vtp' failed with message:
  SimTK Exception thrown at Xml.cpp:108:
  Error detected by Simbody method Xml::readFromFile(): Failed to load the Xml file 'C:\OpenSim 4.5\opensim\..\\Geometry\hand_5midph.vtp' with error 'Failed to open file (line=0, col=0)'.
  (Required condition 'loadOK' was not met.)

  (Required condition '!"failed"' was not met.)

[2026-07-01 10:02:11.532] [warning] Visualizer couldn't open hand_5distph.vtp because: SimTK Exception thrown at PolygonalMesh.cpp:411:
  Error detected by Simbody method PolygonalMesh::loadVtpFile(): Attempt to load a VTK PolyData (.vtp) file from file name 'C:\OpenSim 4.5\opensim\..\\Geometry\hand_5distph.vtp' failed with message:
  SimTK Exception thrown at Xml.cpp:108:
  Error detected by Simbody method Xml::readFromFile(): Failed to load the Xml file 'C:\OpenSim 4.5\opensim\..\\Geometry\hand_5distph.vtp' with error 'Failed to open file (line=0, col=0)'.
  (Required condition 'loadOK' was not met.)

  (Required condition '!"failed"' was not met.)

[2026-07-01 10:02:11.532] [warning] Visualizer couldn't open hand_thumbprox.vtp because: SimTK Exception thrown at PolygonalMesh.cpp:411:
  Error detected by Simbody method PolygonalMesh::loadVtpFile(): Attempt to load a VTK PolyData (.vtp) file from file name 'C:\OpenSim 4.5\opensim\..\\Geometry\hand_thumbprox.vtp' failed with message:
  SimTK Exception thrown at Xml.cpp:108:
  Error detected by Simbody method Xml::readFromFile(): Failed to load the Xml file 'C:\OpenSim 4.5\opensim\..\\Geometry\hand_thumbprox.vtp' with error 'Failed to open file (line=0, col=0)'.
  (Required condition 'loadOK' was not met.)

  (Required condition '!"failed"' was not met.)

[2026-07-01 10:02:11.532] [warning] Visualizer couldn't open hand_thumbdist.vtp because: SimTK Exception thrown at PolygonalMesh.cpp:411:
  Error detected by Simbody method PolygonalMesh::loadVtpFile(): Attempt to load a VTK PolyData (.vtp) file from file name 'C:\OpenSim 4.5\opensim\..\\Geometry\hand_thumbdist.vtp' failed with message:
  SimTK Exception thrown at Xml.cpp:108:
  Error detected by Simbody method Xml::readFromFile(): Failed to load the Xml file 'C:\OpenSim 4.5\opensim\..\\Geometry\hand_thumbdist.vtp' with error 'Failed to open file (line=0, col=0)'.
  (Required condition 'loadOK' was not met.)

  (Required condition '!"failed"' was not met.)

[2026-07-01 10:02:11.532] [warning] Visualizer couldn't open hand_1mc.vtp because: SimTK Exception thrown at PolygonalMesh.cpp:411:
  Error detected by Simbody method PolygonalMesh::loadVtpFile(): Attempt to load a VTK PolyData (.vtp) file from file name 'C:\OpenSim 4.5\opensim\..\\Geometry\hand_1mc.vtp' failed with message:
  SimTK Exception thrown at Xml.cpp:108:
  Error detected by Simbody method Xml::readFromFile(): Failed to load the Xml file 'C:\OpenSim 4.5\opensim\..\\Geometry\hand_1mc.vtp' with error 'Failed to open file (line=0, col=0)'.
  (Required condition 'loadOK' was not met.)

  (Required condition '!"failed"' was not met.)

[2026-07-01 10:07:14.670] [info] Updating Model file from 40000 to latest format...
[2026-07-01 10:07:14.689] [info] Loaded model Right from file C:\Users\youss\exosquelette\test\MoBL-ARMS Upper Extremity Model\Model\4.1\MOBL_ARMS_fixed_41.osim
[2026-07-01 10:10:31.255] [info] Updating Model file from 40000 to latest format...
[2026-07-01 10:10:31.273] [info] Loaded model Right from file C:\Users\youss\exosquelette\test\MoBL-ARMS Upper Extremity Model\Benchmarking Simulations\4.1 Model with Millard-Schutte Matched Curves\MOBL_ARMS_module2_4_allmuscles.osim
