frame,shoulder_x,shoulder_y,shoulder_z,elbow_x,elbow_y,elbow_z,wrist_x,wrist_y,wrist_z
0,0.47803881764411926,0.3863365054130554,-0.1221255511045456,0.4200833737850189,0.449790894985199,-0.20832625031471252,0.5257307887077332,0.4738124907016754,-0.3950861096382141
1,0.4780545234680176,0.3881816267967224,-0.1962069571018219,0.4053729176521301,0.4523150324821472,-0.2775527536869049,0.5144999623298645,0.47264498472213745,-0.470786452293396
2,0.47804751992225647,0.3881363272666931,-0.24313108623027802,0.3983865976333618,0.4523159861564636,-0.31794530153274536,0.5090604424476624,0.47163039445877075,-0.5114394426345825
3,0.4769402742385864,0.390769898891449,-0.2776062488555908,0.3948461413383484,0.45845603942871094,-0.37323278188705444,0.5047165751457214,0.47074833512306213,-0.6401208639144897
4,0.48049864172935486,0.3921007215976715,-0.3544415235519409,0.3976651132106781,0.4578120708465576,-0.41700050234794617,0.5056023001670837,0.47071701288223267,-0.6371318101882935
5,0.48311442136764526,0.39366382360458374,-0.26750802993774414,0.39859721064567566,0.4586394429206848,-0.3777927756309509,0.5069776773452759,0.4706375002861023,-0.46245747804641724
6,0.48368334770202637,0.39404264092445374,-0.3112052381038666,0.39859822392463684,0.45937997102737427,-0.3905550241470337,0.5078738927841187,0.47049203515052795,-0.557852029800415
7,0.48362740874290466,0.3943471610546112,-0.1926536113023758,0.3989335000514984,0.4608030319213867,-0.2637508809566498,0.5118535161018372,0.47086939215660095,-0.35967493057250977
8,0.4836600422859192,0.39600658416748047,-0.12021832913160324,0.3992342948913574,0.462165892124176,-0.207638680934906,0.5169124007225037,0.47088366746902466,-0.3819144070148468
9,0.4842991828918457,0.3959594964981079,-0.158178448677063,0.39951756596565247,0.46171408891677856,-0.256456196308136,0.5206046104431152,0.47181233763694763,-0.483145534992218
10,0.4846556782722473,0.395733505487442,-0.22005107998847961,0.3999190032482147,0.4627044200897217,-0.28183531761169434,0.5317636728286743,0.475405752658844,-0.4217003583908081
11,0.4845973551273346,0.396125853061676,-0.19159634411334991,0.4001738131046295,0.4633293151855469,-0.23100195825099945,0.5343710780143738,0.4767776131629944,-0.3224959373474121
12,0.48156455159187317,0.39685899019241333,-0.2078244388103485,0.40061068534851074,0.46505776047706604,-0.2825937569141388,0.5331156253814697,0.47657865285873413,-0.37794461846351624
13,0.48050034046173096,0.39727136492729187,-0.15579742193222046,0.4017919898033142,0.4649844765663147,-0.21183013916015625,0.5345209240913391,0.47641268372535706,-0.325192391872406
14,0.4798040986061096,0.39745381474494934,-0.1520792692899704,0.40272238850593567,0.46491512656211853,-0.2086455523967743,0.5352150797843933,0.4762915074825287,-0.32861703634262085
15,0.4786131680011749,0.3973606824874878,-0.16069144010543823,0.40340644121170044,0.4647846817970276,-0.22521591186523438,0.5383139252662659,0.47622960805892944,-0.341409832239151
16,0.4734870195388794,0.3988736569881439,-0.22618530690670013,0.4026264548301697,0.4674100875854492,-0.30190885066986084,0.5405579805374146,0.47807151079177856,-0.41758066415786743
17,0.46788907051086426,0.40151095390319824,-0.19429035484790802,0.4024387300014496,0.46984386444091797,-0.29422569274902344,0.5418447852134705,0.48093047738075256,-0.41571465134620667
18,0.4637196362018585,0.40151533484458923,-0.17634278535842896,0.39890149235725403,0.4696352481842041,-0.25232404470443726,0.5395797491073608,0.4808173179626465,-0.38110047578811646
19,0.45482513308525085,0.40268611907958984,-0.12276257574558258,0.3979233205318451,0.46977657079696655,-0.22087088227272034,0.5316307544708252,0.4826267659664154,-0.36835429072380066
20,0.4540756940841675,0.4033888876438141,-0.0905141532421112,0.3960218131542206,0.4695407748222351,-0.19577094912528992,0.5203737020492554,0.48227348923683167,-0.3723803162574768
21,0.45034515857696533,0.40436530113220215,-0.1211472749710083,0.39031583070755005,0.4704628884792328,-0.21003159880638123,0.5156854391098022,0.4827352464199066,-0.45269593596458435
22,0.4428654611110687,0.40681973099708557,-0.12339680641889572,0.3780863881111145,0.47032037377357483,-0.19797354936599731,0.49219977855682373,0.4839128851890564,-0.3720107674598694
23,0.436909019947052,0.4072970449924469,-0.25391706824302673,0.36762359738349915,0.47126659750938416,-0.29472222924232483,0.4763377010822296,0.488881915807724,-0.47198837995529175
24,0.43055716156959534,0.4080177843570709,-0.140045627951622,0.3490567207336426,0.47138285636901855,-0.24508310854434967,0.44296979904174805,0.4913095533847809,-0.49638819694519043
25,0.4256419241428375,0.4077247083187103,-0.1428183615207672,0.33777308464050293,0.4705858826637268,-0.24489672482013702,0.4290275275707245,0.49284830689430237,-0.46794116497039795
26,0.4242295026779175,0.4076707363128662,-0.12912686169147491,0.33732086420059204,0.4704402983188629,-0.21719180047512054,0.42440855503082275,0.4946117401123047,-0.46741166710853577
27,0.41692301630973816,0.40772733092308044,-0.14167563617229462,0.3309338390827179,0.4713777005672455,-0.2024182826280594,0.39132991433143616,0.4938984811306,-0.4151204824447632
28,0.4077339172363281,0.4096296727657318,-0.14779949188232422,0.3170359134674072,0.47401538491249084,-0.15838642418384552,0.3698485493659973,0.4955805242061615,-0.3186727464199066
29,0.40239033102989197,0.4109970033168793,-0.14502407610416412,0.3141963481903076,0.4767530858516693,-0.15305879712104797,0.3769383430480957,0.5034515261650085,-0.3026069700717926
30,0.39624783396720886,0.4116765856742859,-0.19697308540344238,0.30276474356651306,0.4788114130496979,-0.173407644033432,0.36795347929000854,0.5063913464546204,-0.3273264765739441
31,0.3907931447029114,0.41174888610839844,-0.16063107550144196,0.2978469133377075,0.4790920317173004,-0.1203589215874672,0.3383849561214447,0.5073918700218201,-0.23103712499141693
32,0.38647764921188354,0.4116267263889313,-0.17046764492988586,0.2951502203941345,0.48101097345352173,-0.14491744339466095,0.3299122154712677,0.5077942609786987,-0.29829850792884827
33,0.382021963596344,0.41157636046409607,-0.09424921870231628,0.29605963826179504,0.4802274703979492,-0.12402421236038208,0.2986854910850525,0.5074449181556702,-0.3185912072658539
34,0.37670546770095825,0.4122553765773773,-0.15429943799972534,0.2898606061935425,0.47987502813339233,-0.23287269473075867,0.28914007544517517,0.506798505783081,-0.48405930399894714
35,0.3699435889720917,0.4139804244041443,-0.14127226173877716,0.2822602689266205,0.4806128144264221,-0.21917206048965454,0.28495293855667114,0.5060081481933594,-0.4946220815181732
36,0.3640333414077759,0.41607269644737244,-0.20326921343803406,0.2798202931880951,0.47992071509361267,-0.30239489674568176,0.2828860878944397,0.5052332878112793,-0.584520697593689
37,0.3596719205379486,0.41655558347702026,-0.1814257800579071,0.2788431942462921,0.4790939390659332,-0.26020729541778564,0.276864618062973,0.5048990845680237,-0.5457516312599182
38,0.3586142659187317,0.4166898727416992,-0.18557272851467133,0.27955907583236694,0.4748518466949463,-0.280377060174942,0.27697518467903137,0.5042896270751953,-0.5821297764778137
39,0.35597673058509827,0.4168199598789215,-0.18019886314868927,0.278818279504776,0.474921852350235,-0.26327675580978394,0.2764990031719208,0.5041308403015137,-0.5477680563926697
40,0.3529650568962097,0.4173568785190582,-0.1241299957036972,0.2814979553222656,0.47661906480789185,-0.22239644825458527,0.2846614420413971,0.5037162899971008,-0.5226150751113892
41,0.3544154167175293,0.4176574647426605,-0.1386251300573349,0.28253117203712463,0.4810400605201721,-0.22668109834194183,0.2903047502040863,0.5014392733573914,-0.5391491651535034
42,0.35549548268318176,0.4175128936767578,-0.41019150614738464,0.28361043334007263,0.4808236062526703,-0.4907446503639221,0.31500229239463806,0.4969824254512787,-0.7869977951049805
43,0.3567150831222534,0.4170083999633789,-0.48069649934768677,0.284877747297287,0.47860032320022583,-0.5930993556976318,0.340469092130661,0.49568358063697815,-0.9114058613777161
44,0.3575507700443268,0.41690176725387573,-0.49344363808631897,0.28539663553237915,0.4764877259731293,-0.6040313839912415,0.34520769119262695,0.4953380525112152,-0.9284564256668091
45,0.35804516077041626,0.4177634119987488,-0.446069598197937,0.2923397421836853,0.4795707166194916,-0.531311571598053,0.3534235954284668,0.4984722137451172,-0.8142498731613159
46,0.3579140603542328,0.419696569442749,-0.3548748791217804,0.3017033338546753,0.4866800308227539,-0.31445005536079407,0.35316917300224304,0.5125361084938049,-0.541103720664978
47,0.35796287655830383,0.42107778787612915,-0.3412872552871704,0.30976590514183044,0.49114927649497986,-0.26320579648017883,0.3678513765335083,0.5207361578941345,-0.3990878760814667
48,0.3586518466472626,0.4246162474155426,-0.3856988549232483,0.3234838843345642,0.5020574331283569,-0.30614322423934937,0.4195863604545593,0.5309117436408997,-0.45091596245765686
49,0.3611714541912079,0.42630523443222046,-0.39426690340042114,0.3374573290348053,0.5067617893218994,-0.3511638343334198,0.420746773481369,0.528178334236145,-0.482868492603302
50,0.3632100820541382,0.4267728328704834,-0.3717919588088989,0.3394389748573303,0.5073608160018921,-0.33308282494544983,0.4223378002643585,0.5275990962982178,-0.4190087914466858
51,0.3700748383998871,0.4260692000389099,-0.25679028034210205,0.3500926196575165,0.5042318105697632,-0.2575976550579071,0.415952205657959,0.5249856114387512,-0.3983669579029083
52,0.37944936752319336,0.4252704083919525,-0.27544495463371277,0.3605406880378723,0.502155065536499,-0.29697084426879883,0.41782620549201965,0.5246347784996033,-0.46463093161582947
53,0.3865874409675598,0.4233919084072113,-0.3142349421977997,0.368538498878479,0.49779415130615234,-0.2968631684780121,0.41434812545776367,0.525265097618103,-0.45868098735809326
54,0.39153027534484863,0.42328721284866333,-0.36377736926078796,0.3785739541053772,0.49214115738868713,-0.4335898160934448,0.40892210602760315,0.5255019068717957,-0.6896659135818481
55,0.39992329478263855,0.422908216714859,-0.3712840676307678,0.3892723023891449,0.49096059799194336,-0.44815191626548767,0.40618371963500977,0.528782308101654,-0.7009289860725403
56,0.40071922540664673,0.42376479506492615,-0.355523020029068,0.38938379287719727,0.49227166175842285,-0.4256657361984253,0.404354065656662,0.5326627492904663,-0.6476812362670898
57,0.4099416434764862,0.4236874580383301,-0.41830867528915405,0.39301782846450806,0.49073439836502075,-0.44261106848716736,0.40664970874786377,0.5309786200523376,-0.656355082988739
58,0.41643965244293213,0.42405572533607483,-0.5438022017478943,0.4025260806083679,0.4909426271915436,-0.5056166052818298,0.4269641935825348,0.5336591601371765,-0.678700864315033
59,0.420960009098053,0.4240311086177826,-0.4524311423301697,0.40234142541885376,0.49047890305519104,-0.4726303815841675,0.4484233856201172,0.5326763987541199,-0.6272263526916504
60,0.42194417119026184,0.4218558669090271,-0.5019076466560364,0.402395635843277,0.49056071043014526,-0.5370265245437622,0.46805524826049805,0.5320577025413513,-0.7398226261138916
61,0.42839479446411133,0.4178012013435364,-0.45645850896835327,0.3970509469509125,0.48131218552589417,-0.4050635099411011,0.47914597392082214,0.532823920249939,-0.49888768792152405
62,0.4317871034145355,0.41785773634910583,-0.47156837582588196,0.40621376037597656,0.4847968518733978,-0.45908448100090027,0.4840226173400879,0.5327464938163757,-0.5992015600204468
63,0.4379764199256897,0.4180704951286316,-0.3426271378993988,0.4112541079521179,0.48896270990371704,-0.40378260612487793,0.4873894155025482,0.5343405604362488,-0.5959525108337402
64,0.44488221406936646,0.4187597632408142,-0.42063912749290466,0.409268319606781,0.4910028874874115,-0.4310902953147888,0.4773041307926178,0.5346797108650208,-0.6585140228271484
65,0.44814008474349976,0.41843414306640625,-0.4233134090900421,0.3990219831466675,0.48867541551589966,-0.435185968875885,0.4705490171909332,0.535342812538147,-0.6578693985939026
66,0.45237669348716736,0.4180949330329895,-0.5468668341636658,0.38885697722435,0.48757895827293396,-0.5291905999183655,0.46555477380752563,0.5350454449653625,-0.70389324426651
67,0.4559442400932312,0.4180367887020111,-0.5919923186302185,0.3855746388435364,0.48694223165512085,-0.5901848077774048,0.45260322093963623,0.5338740348815918,-0.8092580437660217
68,0.45848968625068665,0.4184035360813141,-0.6362864375114441,0.38334783911705017,0.48599356412887573,-0.6629993319511414,0.44591662287712097,0.5323075652122498,-0.9179717302322388
69,0.4579366445541382,0.41848891973495483,-0.631412148475647,0.38196617364883423,0.4850698411464691,-0.6934340596199036,0.438062846660614,0.5316519737243652,-0.9977019429206848
70,0.4590841829776764,0.41965681314468384,-0.624695360660553,0.3807055652141571,0.4852282404899597,-0.6800710558891296,0.4357302784919739,0.5316152572631836,-0.9502003192901611
71,0.462860643863678,0.42122381925582886,-0.5885983109474182,0.38114649057388306,0.4845488965511322,-0.6146156191825867,0.43689557909965515,0.5291625261306763,-0.729218065738678
72,0.4638199806213379,0.42194443941116333,-0.6280534863471985,0.38346201181411743,0.48469939827919006,-0.6433260440826416,0.4403574764728546,0.5280778408050537,-0.8466413021087646
73,0.4643280804157257,0.42243701219558716,-0.7475493550300598,0.3840175271034241,0.48499178886413574,-0.8906761407852173,0.4459913372993469,0.5267140865325928,-1.2411587238311768
74,0.4640183746814728,0.42248860001564026,-0.7701050043106079,0.3848801851272583,0.4851740300655365,-0.9054508805274963,0.45030319690704346,0.5264557003974915,-1.2386319637298584
75,0.46311530470848083,0.42328134179115295,-0.688274621963501,0.3874072730541229,0.4887508749961853,-0.7620165348052979,0.4613405764102936,0.5265302658081055,-0.9018232822418213
76,0.4638650119304657,0.42437854409217834,-0.4072270393371582,0.3976040184497833,0.4907465875148773,-0.45746785402297974,0.4776047170162201,0.5266746282577515,-0.6680405735969543
77,0.46346476674079895,0.42433857917785645,-0.41273611783981323,0.4077232778072357,0.4933145046234131,-0.4430798292160034,0.4852204918861389,0.5308963656425476,-0.6264674067497253
78,0.46316099166870117,0.42427006363868713,-0.45209312438964844,0.4108322262763977,0.4941864609718323,-0.47517505288124084,0.4855348467826843,0.5359329581260681,-0.6324751377105713
79,0.4613143801689148,0.42477506399154663,-0.4429182708263397,0.4124913215637207,0.49841317534446716,-0.5103021264076233,0.4887198209762573,0.5406675934791565,-0.7083655595779419
80,0.4597851634025574,0.4251320958137512,-0.4422948658466339,0.41292810440063477,0.4993189871311188,-0.50947505235672,0.48940691351890564,0.5417128205299377,-0.7083638310432434
81,0.4585527181625366,0.4252428114414215,-0.5619255900382996,0.4125870168209076,0.4993268549442291,-0.5372835397720337,0.4880351722240448,0.5419430136680603,-0.72157883644104
82,0.45626187324523926,0.42521944642066956,-0.5610897541046143,0.41157230734825134,0.5006897449493408,-0.5272862315177917,0.48863789439201355,0.5466542840003967,-0.67976975440979
83,0.4551207721233368,0.4251931607723236,-0.5520089268684387,0.4111553132534027,0.5001571178436279,-0.5663266777992249,0.47196802496910095,0.5452167987823486,-0.7700470685958862
84,0.45167601108551025,0.4253729283809662,-0.42242181301116943,0.40861934423446655,0.4997175633907318,-0.4298992156982422,0.4516114592552185,0.5444667339324951,-0.5957211256027222
85,0.44658058881759644,0.42514610290527344,-0.26320743560791016,0.4034681022167206,0.49942702054977417,-0.2223682999610901,0.44246894121170044,0.5442520380020142,-0.378457248210907
86,0.4447082579135895,0.4248507022857666,-0.2448350340127945,0.4003717601299286,0.49934977293014526,-0.2032133787870407,0.44140586256980896,0.5440276861190796,-0.3484608829021454
87,0.43895095586776733,0.42500296235084534,-0.5926488041877747,0.3971672058105469,0.49898362159729004,-0.4791998863220215,0.4381451904773712,0.5436621308326721,-0.6470879316329956
88,0.4361037015914917,0.42511266469955444,-0.5611429214477539,0.39395827054977417,0.4988536238670349,-0.49149957299232483,0.4327896535396576,0.5426675081253052,-0.6958195567131042
89,0.43384063243865967,0.4251324534416199,-0.6339117884635925,0.38925203680992126,0.4975906312465668,-0.5960027575492859,0.43421876430511475,0.540886640548706,-0.8055715560913086
90,0.4261365234851837,0.42540425062179565,-0.5947425365447998,0.38282015919685364,0.49743491411209106,-0.5368611216545105,0.4345169961452484,0.5405024886131287,-0.7591968178749084
91,0.4221327602863312,0.4249892830848694,-0.5654988884925842,0.3809957802295685,0.49733251333236694,-0.5194054245948792,0.43639427423477173,0.5403794050216675,-0.7247732281684875
92,0.4217115640640259,0.4245811104774475,-0.5524961352348328,0.38147595524787903,0.49729353189468384,-0.5079787969589233,0.4372372031211853,0.5403380990028381,-0.6978134512901306
93,0.41902875900268555,0.42451509833335876,-0.4553762674331665,0.38063573837280273,0.49728885293006897,-0.41414299607276917,0.43715810775756836,0.5403149127960205,-0.5906504988670349
94,0.4153253734111786,0.4246702790260315,-0.4782440960407257,0.3798360228538513,0.4977717995643616,-0.435525506734848,0.43738698959350586,0.5402739644050598,-0.6181132793426514
95,0.41193246841430664,0.4254967272281647,-0.4282674193382263,0.3779986798763275,0.4991769790649414,-0.35833850502967834,0.43694061040878296,0.5401390194892883,-0.5379177331924438
96,0.40838104486465454,0.42565226554870605,-0.3704626262187958,0.3694523274898529,0.49910980463027954,-0.3408602476119995,0.43430739641189575,0.5400441288948059,-0.5528002977371216
97,0.40503591299057007,0.4259234070777893,-0.3562780022621155,0.36678656935691833,0.4990934729576111,-0.3295555114746094,0.4331066608428955,0.5395103693008423,-0.5294225215911865
98,0.4033529460430145,0.4262445569038391,-0.33459770679473877,0.3658449351787567,0.4990096092224121,-0.3161301016807556,0.43036016821861267,0.5389665961265564,-0.5392279028892517
99,0.4024113118648529,0.4263077676296234,-0.36430469155311584,0.365845263004303,0.4989563822746277,-0.32553115487098694,0.4303273856639862,0.5373238325119019,-0.5212705731391907
100,0.40130025148391724,0.42682209610939026,-0.3283565640449524,0.36470505595207214,0.49833837151527405,-0.3246119022369385,0.4240948259830475,0.5321990847587585,-0.5332260727882385
101,0.4005417823791504,0.427140474319458,-0.37241309881210327,0.3624494671821594,0.4977768063545227,-0.4507066011428833,0.41850289702415466,0.5233021974563599,-0.7776190638542175
102,0.3999202847480774,0.4274234175682068,-0.22215014696121216,0.3542419672012329,0.49561017751693726,-0.3221750259399414,0.40370532870292664,0.5163466930389404,-0.679720401763916
103,0.39929547905921936,0.4278670847415924,-0.2679416537284851,0.34885308146476746,0.4912711977958679,-0.3694777488708496,0.3489118218421936,0.5146597623825073,-0.7981328964233398
104,0.39886537194252014,0.4281977713108063,-0.2910798490047455,0.3473128080368042,0.48921146988868713,-0.37605297565460205,0.34353354573249817,0.5141022801399231,-0.7720955610275269
105,0.3995205760002136,0.42844170331954956,-0.17823664844036102,0.35000091791152954,0.4883877635002136,-0.2882355749607086,0.3405746817588806,0.5126364827156067,-0.7191438674926758
106,0.39985406398773193,0.4283748269081116,-0.30629831552505493,0.3455306887626648,0.4874597191810608,-0.4501402676105499,0.3113981783390045,0.5152497291564941,-0.8644142150878906
107,0.3999631106853485,0.42840924859046936,-0.29614877700805664,0.33786541223526,0.47544533014297485,-0.45396551489830017,0.30868420004844666,0.5044615864753723,-0.8980889320373535
108,0.40009015798568726,0.4284422993659973,-0.2790685296058655,0.32511478662490845,0.47518157958984375,-0.43491190671920776,0.3055519759654999,0.5010055303573608,-0.8799498081207275
109,0.400458961725235,0.42861804366111755,-0.3815522789955139,0.31905582547187805,0.4745682179927826,-0.5202301740646362,0.3004800081253052,0.5032910108566284,-0.9311772584915161
110,0.40064242482185364,0.4289400577545166,-0.38656264543533325,0.31759345531463623,0.4746464192867279,-0.5173559784889221,0.2991598844528198,0.5040586590766907,-0.9168503880500793
111,0.4019281566143036,0.429191917181015,-0.2484276294708252,0.3175954520702362,0.47436222434043884,-0.3725126087665558,0.2994387447834015,0.5044695138931274,-0.773514986038208
112,0.40490612387657166,0.42921552062034607,-0.2651368975639343,0.3196941614151001,0.47163325548171997,-0.39228007197380066,0.29914525151252747,0.5047495365142822,-0.8018389344215393
113,0.40805166959762573,0.4292120337486267,-0.28102943301200867,0.32063260674476624,0.46998924016952515,-0.4466233551502228,0.30214643478393555,0.5041335821151733,-0.8707739114761353
114,0.40923362970352173,0.4287692606449127,-0.2904821038246155,0.3182922303676605,0.46968311071395874,-0.4162110984325409,0.30651572346687317,0.5047551989555359,-0.7944048643112183
115,0.4122134745121002,0.42780670523643494,-0.35290196537971497,0.3190823793411255,0.46975836157798767,-0.45133593678474426,0.3114348351955414,0.5049104690551758,-0.800549328327179
116,0.41438472270965576,0.4271751344203949,-0.357530415058136,0.31791698932647705,0.4702712893486023,-0.4447614550590515,0.3133023679256439,0.5050143599510193,-0.7720637917518616
117,0.4176204800605774,0.42704349756240845,-0.349752813577652,0.3179805874824524,0.4709414541721344,-0.3998245596885681,0.33244001865386963,0.5053623914718628,-0.6996623873710632
118,0.42030036449432373,0.4267827570438385,-0.38675710558891296,0.3151131868362427,0.4722932279109955,-0.402254194021225,0.35391172766685486,0.5056424140930176,-0.6920522451400757
119,0.4205780327320099,0.42618808150291443,-0.37840262055397034,0.31303542852401733,0.4720759987831116,-0.42060160636901855,0.35644131898880005,0.5021284818649292,-0.7277462482452393
120,0.4242125153541565,0.4253685474395752,-0.24161770939826965,0.31395724415779114,0.47183752059936523,-0.3195238709449768,0.3595086336135864,0.5001959800720215,-0.6417888402938843
121,0.4279974699020386,0.42530399560928345,-0.2004697620868683,0.3176736533641815,0.4718964099884033,-0.2748970687389374,0.3825899660587311,0.5009917616844177,-0.5858076810836792
122,0.4291497468948364,0.42533454298973083,-0.23823416233062744,0.31960660219192505,0.4727606773376465,-0.3211551308631897,0.38790613412857056,0.5014541149139404,-0.6384596228599548
123,0.4333662688732147,0.4251502454280853,-0.09562839567661285,0.3326934278011322,0.47279149293899536,-0.18018169701099396,0.40857136249542236,0.5038965940475464,-0.4821045696735382
124,0.4385201036930084,0.42499566078186035,-0.11845912039279938,0.33561989665031433,0.4712185263633728,-0.209464892745018,0.4142380952835083,0.5039287209510803,-0.5096462368965149
125,0.4413145184516907,0.4244675040245056,-0.12471988797187805,0.3394148647785187,0.47180843353271484,-0.22407472133636475,0.4182578921318054,0.5039855241775513,-0.5325749516487122
126,0.44445085525512695,0.4236904978752136,-0.15487483143806458,0.3431777060031891,0.4718971252441406,-0.23415358364582062,0.4289379119873047,0.5040038824081421,-0.5026578903198242
127,0.44980764389038086,0.4227541387081146,-0.17274634540081024,0.34651318192481995,0.47032326459884644,-0.24392034113407135,0.43050074577331543,0.5031119585037231,-0.46005457639694214
128,0.451127827167511,0.4223644733428955,-0.18797872960567474,0.34863564372062683,0.4705038070678711,-0.27021878957748413,0.43117767572402954,0.5016127824783325,-0.5216741561889648
129,0.4546378552913666,0.42241016030311584,-0.14191631972789764,0.3627980053424835,0.47054070234298706,-0.24715951085090637,0.4479273855686188,0.5022169351577759,-0.5268168449401855
130,0.45905593037605286,0.4219232201576233,-0.1271267682313919,0.36285772919654846,0.47079595923423767,-0.23738840222358704,0.4546022117137909,0.5016103386878967,-0.5018843412399292
131,0.46450647711753845,0.42193731665611267,-0.08539895713329315,0.371609628200531,0.4723106324672699,-0.21779301762580872,0.4716806709766388,0.5026240944862366,-0.4957371950149536
132,0.46764132380485535,0.42235541343688965,-0.10006345808506012,0.3791341483592987,0.47596269845962524,-0.2285357415676117,0.48475146293640137,0.5026352405548096,-0.5394338965415955
133,0.47024253010749817,0.4230753779411316,-0.2933514416217804,0.3864690065383911,0.48161372542381287,-0.38117530941963196,0.4918031096458435,0.5028484463691711,-0.6346544027328491
134,0.47332385182380676,0.42317327857017517,-0.27753597497940063,0.38648754358291626,0.4812224805355072,-0.3514446020126343,0.49367663264274597,0.502804160118103,-0.5986625552177429
135,0.4719714820384979,0.4238763749599457,-0.3402728736400604,0.3863927125930786,0.48383578658103943,-0.47645026445388794,0.5006573796272278,0.5027927160263062,-0.7345021367073059
136,0.4716903269290924,0.42665061354637146,-0.31562548875808716,0.3845904469490051,0.4880436062812805,-0.4483715891838074,0.5018792748451233,0.5025213360786438,-0.7147226333618164
137,0.47021594643592834,0.42909422516822815,-0.2798677086830139,0.3870392143726349,0.49117884039878845,-0.3930146098136902,0.5054225325584412,0.5016685128211975,-0.6748116612434387
138,0.46967780590057373,0.42900991439819336,-0.22077833116054535,0.39509108662605286,0.489708811044693,-0.3645473122596741,0.5091683864593506,0.5011330842971802,-0.5934755802154541
139,0.46873506903648376,0.42889827489852905,-0.20265768468379974,0.39235544204711914,0.4885520935058594,-0.3500615656375885,0.5026323199272156,0.4990003705024719,-0.5940133929252625
140,0.46837204694747925,0.4289237856864929,-0.20605169236660004,0.3902044892311096,0.488008975982666,-0.3608241081237793,0.49950990080833435,0.49815768003463745,-0.6223651766777039
141,0.46543028950691223,0.42882204055786133,-0.20899227261543274,0.386190801858902,0.48863735795021057,-0.3584655225276947,0.49739372730255127,0.49764442443847656,-0.6119250655174255
142,0.4595384895801544,0.4302240312099457,-0.15960679948329926,0.3942236304283142,0.49163079261779785,-0.34840768575668335,0.49704709649086,0.4968889355659485,-0.6224898099899292
143,0.4538336396217346,0.43079572916030884,-0.17184743285179138,0.3935457468032837,0.49114280939102173,-0.34845179319381714,0.45463985204696655,0.4966358244419098,-0.6347100138664246
144,0.45097920298576355,0.43067002296447754,-0.15581640601158142,0.3580017387866974,0.48601359128952026,-0.30526089668273926,0.4436664581298828,0.5001140832901001,-0.5684650540351868
145,0.4452451169490814,0.43131160736083984,-0.17122256755828857,0.35960114002227783,0.48599106073379517,-0.3132595121860504,0.43018975853919983,0.5033128261566162,-0.5798441767692566
146,0.445032000541687,0.4323217272758484,-0.16617660224437714,0.3491044044494629,0.48514705896377563,-0.31087496876716614,0.42811983823776245,0.5046332478523254,-0.5912818312644958
147,0.4412996470928192,0.4321660101413727,-0.21967492997646332,0.3365834653377533,0.48268985748291016,-0.34639671444892883,0.3956553637981415,0.5051041841506958,-0.6051589846611023
148,0.43896958231925964,0.432675838470459,-0.21927179396152496,0.32612088322639465,0.47992148995399475,-0.3444285988807678,0.37610968947410583,0.50557541847229,-0.5988569259643555
149,0.4354522228240967,0.4333251118659973,-0.18684929609298706,0.3216503858566284,0.47995251417160034,-0.3013691306114197,0.358595609664917,0.5058053731918335,-0.5509307384490967
150,0.4330396056175232,0.43415766954421997,-0.24937273561954498,0.30993181467056274,0.4800063669681549,-0.3661084771156311,0.347223162651062,0.5091418027877808,-0.5853869915008545
151,0.42800745368003845,0.434455931186676,-0.23881366848945618,0.3064533472061157,0.4810788631439209,-0.2735079526901245,0.3389430642127991,0.5147125124931335,-0.4453289806842804
152,0.42453837394714355,0.43507885932922363,-0.1906122863292694,0.30587613582611084,0.4813169538974762,-0.29408466815948486,0.33280041813850403,0.5144331455230713,-0.479023277759552
153,0.420559823513031,0.43502670526504517,-0.1904567927122116,0.3059518337249756,0.4806702733039856,-0.2975577116012573,0.3236235976219177,0.5152327418327332,-0.4954061806201935
154,0.4179982542991638,0.4349380433559418,-0.18887659907341003,0.3071501553058624,0.48124194145202637,-0.30234038829803467,0.31335994601249695,0.5149196982383728,-0.5672351121902466
155,0.41604411602020264,0.43485888838768005,-0.21266405284404755,0.3088783025741577,0.4820305407047272,-0.3476698696613312,0.3152610957622528,0.5142783522605896,-0.6573544144630432
156,0.4143102467060089,0.4347788393497467,-0.27035680413246155,0.32555055618286133,0.48375868797302246,-0.4044646918773651,0.3209191560745239,0.5158169865608215,-0.6965572237968445
157,0.4114791750907898,0.43471211194992065,-0.24742403626441956,0.3431294858455658,0.4869105815887451,-0.3731986880302429,0.32778453826904297,0.519555926322937,-0.6924565434455872
158,0.41146185994148254,0.4347800314426422,-0.23591835796833038,0.3483062982559204,0.48761725425720215,-0.3700718879699707,0.3316006660461426,0.5184067487716675,-0.6906370520591736
159,0.4081181287765503,0.4348210394382477,-0.2489234358072281,0.35742127895355225,0.4924035668373108,-0.3648795187473297,0.3459514379501343,0.5197505354881287,-0.6656301617622375
160,0.40832099318504333,0.43517035245895386,-0.2796100974082947,0.35642823576927185,0.5021920204162598,-0.4177149832248688,0.41393449902534485,0.5187936425209045,-0.6616942286491394
161,0.40918460488319397,0.4339463710784912,-0.2614554762840271,0.3550683856010437,0.5005139112472534,-0.3711683452129364,0.4286240041255951,0.5185549259185791,-0.5645352005958557
162,0.40934744477272034,0.43345722556114197,-0.20782366394996643,0.36053407192230225,0.5002031922340393,-0.30431532859802246,0.4523067772388458,0.5194510221481323,-0.5077514052391052
163,0.4094553589820862,0.4334171414375305,-0.14883266389369965,0.3818153440952301,0.5045238733291626,-0.20003022253513336,0.47738417983055115,0.5244108438491821,-0.3464883267879486
164,0.4095938503742218,0.433393657207489,-0.14241477847099304,0.3855055868625641,0.5055179595947266,-0.19749030470848083,0.47944095730781555,0.5257248282432556,-0.35644257068634033
165,0.4100634753704071,0.4334898591041565,-0.26943278312683105,0.38937288522720337,0.5094403028488159,-0.2459109127521515,0.4883037209510803,0.5303230881690979,-0.3964487612247467
166,0.4103720784187317,0.4335055351257324,-0.36452171206474304,0.3947850167751312,0.5141921639442444,-0.31400251388549805,0.4994567334651947,0.5384293794631958,-0.4269595146179199
167,0.41059333086013794,0.43343228101730347,-0.3801284432411194,0.3948432505130768,0.5135806798934937,-0.3474820852279663,0.4880131185054779,0.5478563904762268,-0.43343111872673035
168,0.41228875517845154,0.43345552682876587,-0.39694252610206604,0.39113423228263855,0.5124109983444214,-0.39037391543388367,0.4756802022457123,0.5509732365608215,-0.5358014702796936
169,0.41748738288879395,0.43317824602127075,-0.36844807863235474,0.38872408866882324,0.5111597180366516,-0.3646753132343292,0.46896976232528687,0.5517435669898987,-0.5263935923576355
170,0.4183087646961212,0.4330805242061615,-0.36725443601608276,0.38795262575149536,0.5103006362915039,-0.2951522469520569,0.46531468629837036,0.5513482093811035,-0.40823501348495483
171,0.42180335521698,0.43214407563209534,-0.36515575647354126,0.3882526457309723,0.5089516043663025,-0.33185064792633057,0.4627215564250946,0.5511858463287354,-0.43987011909484863
172,0.4249994158744812,0.43211692571640015,-0.3016786575317383,0.38738149404525757,0.5078923106193542,-0.3263167142868042,0.45192578434944153,0.5514940619468689,-0.44911864399909973
173,0.426998108625412,0.43154582381248474,-0.2950521409511566,0.3871348202228546,0.5044125914573669,-0.29886576533317566,0.4410313367843628,0.5514892339706421,-0.39456820487976074
174,0.4304017424583435,0.431556761264801,-0.3152998685836792,0.3853808641433716,0.5040396451950073,-0.3014313280582428,0.43629536032676697,0.5515551567077637,-0.4099791944026947
175,0.4323138892650604,0.43225234746932983,-0.3429855704307556,0.38285031914711,0.5044022798538208,-0.35403692722320557,0.43123966455459595,0.5507781505584717,-0.5128001570701599
176,0.4338222146034241,0.43265238404273987,-0.3262648582458496,0.3812635540962219,0.5047662258148193,-0.34104058146476746,0.4295447766780853,0.5505164861679077,-0.49276700615882874
177,0.43577346205711365,0.43270403146743774,-0.3913344144821167,0.37787947058677673,0.5053026676177979,-0.4491064250469208,0.43112635612487793,0.5501793026924133,-0.614417552947998
178,0.4383159577846527,0.4327278733253479,-0.4686877429485321,0.3761986494064331,0.5058107972145081,-0.5706043243408203,0.43238210678100586,0.5525496006011963,-0.8072079420089722
179,0.4416978657245636,0.43259769678115845,-0.506784200668335,0.3764152526855469,0.5054070353507996,-0.49602776765823364,0.4333206117153168,0.5528253316879272,-0.6529206037521362
180,0.4442305266857147,0.43283596634864807,-0.5251797437667847,0.37653613090515137,0.505121648311615,-0.48758968710899353,0.4325349032878876,0.5533384084701538,-0.6201845407485962
181,0.4456770718097687,0.43286609649658203,-0.4763418734073639,0.3765648603439331,0.5031636953353882,-0.4411872923374176,0.432343453168869,0.5525398850440979,-0.5458785891532898
182,0.44822263717651367,0.4323035776615143,-0.5766004323959351,0.37961846590042114,0.5022575259208679,-0.44611820578575134,0.43254661560058594,0.5536522269248962,-0.5218772292137146
183,0.4499969184398651,0.43228691816329956,-0.7155426740646362,0.3807273507118225,0.5020915269851685,-0.7159571051597595,0.43282297253608704,0.5540186762809753,-0.9620863795280457
184,0.4537207782268524,0.43207859992980957,-0.5903644561767578,0.38311177492141724,0.5011576414108276,-0.5589548349380493,0.4355584383010864,0.5550712943077087,-0.7265305519104004
185,0.45623818039894104,0.4320596754550934,-0.39218804240226746,0.38586175441741943,0.5001107454299927,-0.3445645868778229,0.4354333281517029,0.5545781254768372,-0.41626498103141785
186,0.4582655727863312,0.43244799971580505,-0.36775076389312744,0.38729655742645264,0.49983081221580505,-0.28333228826522827,0.43506741523742676,0.5512778162956238,-0.3971809446811676
187,0.45928114652633667,0.4326063096523285,-0.39213383197784424,0.3882918953895569,0.49988722801208496,-0.29532912373542786,0.433671772480011,0.5500409007072449,-0.434092253446579
188,0.4613446593284607,0.43264931440353394,-0.3687007427215576,0.3890010416507721,0.49955910444259644,-0.29383692145347595,0.4360194802284241,0.5497995615005493,-0.40430548787117004
189,0.46179166436195374,0.4324093759059906,-0.42411279678344727,0.388931542634964,0.49904465675354004,-0.3119887709617615,0.43578457832336426,0.5497206449508667,-0.4878453016281128
190,0.4611949622631073,0.43193507194519043,-0.26944607496261597,0.388946533203125,0.49910861253738403,-0.1855487823486328,0.4358028471469879,0.5498920679092407,-0.28204795718193054
191,0.46102359890937805,0.4312986433506012,-0.17995516955852509,0.38894525170326233,0.4989491403102875,-0.1638912558555603,0.4363900423049927,0.5501070022583008,-0.28583186864852905
192,0.4606396555900574,0.43033742904663086,-0.1672738939523697,0.38894081115722656,0.4990244507789612,-0.11664267629384995,0.4355464577674866,0.5501195192337036,-0.24007411301136017
193,0.4603421092033386,0.42955732345581055,-0.2264389842748642,0.3890334665775299,0.4990987181663513,-0.16613075137138367,0.4353317618370056,0.5504478216171265,-0.28620216250419617
194,0.46026256680488586,0.4292023777961731,-0.23591545224189758,0.38788583874702454,0.49997106194496155,-0.16619324684143066,0.43548232316970825,0.551214337348938,-0.29713067412376404
195,0.4597795605659485,0.4298730492591858,-0.2803417444229126,0.38631683588027954,0.5006836652755737,-0.24013404548168182,0.43494507670402527,0.5512215495109558,-0.3921225666999817
196,0.4589359760284424,0.43008852005004883,-0.2832108736038208,0.38512057065963745,0.5008050203323364,-0.25696560740470886,0.43833550810813904,0.5521251559257507,-0.3806232511997223
197,0.4588996469974518,0.42992696166038513,-0.33038631081581116,0.38293519616127014,0.5004048347473145,-0.3129177987575531,0.4393964409828186,0.5522860288619995,-0.4419915974140167
198,0.4575453996658325,0.4298098683357239,-0.40095508098602295,0.3797518312931061,0.5004105567932129,-0.403939813375473,0.43943026661872864,0.5522482395172119,-0.5772663950920105
199,0.45673513412475586,0.4295864701271057,-0.40760570764541626,0.37850794196128845,0.5004138946533203,-0.4073055684566498,0.4394743740558624,0.552240252494812,-0.5840485095977783
200,0.4527667164802551,0.4300350248813629,-0.29956215620040894,0.3779551684856415,0.5012067556381226,-0.2894982695579529,0.43917226791381836,0.5522423982620239,-0.49409356713294983
201,0.45007503032684326,0.430415540933609,-0.17740625143051147,0.37817493081092834,0.5021176934242249,-0.16411413252353668,0.44148126244544983,0.5526129007339478,-0.34912294149398804
202,0.44471198320388794,0.4304097294807434,-0.1526992917060852,0.3768675625324249,0.5031319856643677,-0.13858507573604584,0.4424070119857788,0.5528905391693115,-0.32950466871261597
203,0.4410640299320221,0.43122464418411255,-0.2215421050786972,0.37610623240470886,0.5046833753585815,-0.199678435921669,0.4416712522506714,0.5528860688209534,-0.3688226044178009
204,0.43964144587516785,0.43221139907836914,-0.2263207733631134,0.3757644593715668,0.5056729912757874,-0.2115132212638855,0.44160228967666626,0.5529789328575134,-0.4184010326862335
205,0.43904241919517517,0.4327428936958313,-0.2988625466823578,0.37503331899642944,0.5063090920448303,-0.27905967831611633,0.44178783893585205,0.5533685684204102,-0.47143396735191345
206,0.43833890557289124,0.43287166953086853,-0.33488667011260986,0.3749428689479828,0.5061768293380737,-0.3144376873970032,0.4417479932308197,0.553363561630249,-0.4958893358707428
207,0.43816354870796204,0.43298083543777466,-0.3959970772266388,0.37387916445732117,0.5060978531837463,-0.38541966676712036,0.4427701234817505,0.5506269931793213,-0.5774096846580505
208,0.43709105253219604,0.43355709314346313,-0.3577371835708618,0.371440052986145,0.5042014718055725,-0.33570152521133423,0.4373985826969147,0.5422554016113281,-0.5586753487586975
209,0.4345703423023224,0.4338313937187195,-0.33399203419685364,0.37149569392204285,0.5040743350982666,-0.33465465903282166,0.4360528290271759,0.534149706363678,-0.5710422396659851
210,0.43312525749206543,0.43381205201148987,-0.19989511370658875,0.3707466423511505,0.5011231899261475,-0.26059016585350037,0.40721821784973145,0.5244451761245728,-0.544531524181366
211,0.43188273906707764,0.43402400612831116,-0.20340044796466827,0.3700758218765259,0.4997996389865875,-0.2574172616004944,0.40068599581718445,0.5229801535606384,-0.5609962940216064
212,0.43098974227905273,0.43418771028518677,-0.22471944987773895,0.3657614290714264,0.4996580481529236,-0.26122838258743286,0.3933584988117218,0.5208385586738586,-0.5605023503303528
213,0.4300399720668793,0.4338931441307068,-0.14007514715194702,0.36623212695121765,0.4975906014442444,-0.030045032501220703,0.336974561214447,0.5175178647041321,-0.13179054856300354
214,0.4297974407672882,0.4335860311985016,-0.15596230328083038,0.36650556325912476,0.4903791844844818,-0.13462509214878082,0.3333500623703003,0.5173735618591309,-0.33760640025138855
215,0.429299920797348,0.4328511357307434,-0.17185041308403015,0.3662646412849426,0.4830244481563568,-0.17873772978782654,0.32671159505844116,0.5172196626663208,-0.43865835666656494
216,0.42901694774627686,0.43222174048423767,-0.18540383875370026,0.36112403869628906,0.4750991761684418,-0.23401372134685516,0.32338201999664307,0.5114404559135437,-0.5212178826332092
217,0.42867663502693176,0.43159645795822144,-0.17718711495399475,0.35993412137031555,0.47327160835266113,-0.23868580162525177,0.3234759569168091,0.5098804831504822,-0.5223473906517029
218,0.42827585339546204,0.4317365288734436,-0.260823518037796,0.3529711663722992,0.47356653213500977,-0.3917034864425659,0.3192673623561859,0.5047056674957275,-0.7473564743995667
219,0.428313672542572,0.4324873387813568,-0.2562468349933624,0.3426704704761505,0.47506681084632874,-0.3982653021812439,0.31689590215682983,0.5043164491653442,-0.7216025590896606
220,0.42837852239608765,0.43291139602661133,-0.25459587574005127,0.3427712023258209,0.4760434031486511,-0.35255634784698486,0.3163911998271942,0.5054947733879089,-0.6672442555427551
221,0.4284423887729645,0.4331522583961487,-0.13842298090457916,0.3403172492980957,0.47701913118362427,-0.253200888633728,0.31119662523269653,0.5072859525680542,-0.5463362336158752
222,0.42847198247909546,0.4333590865135193,-0.2482450008392334,0.3352232873439789,0.4788362383842468,-0.34664642810821533,0.31257331371307373,0.5105624794960022,-0.6396547555923462
223,0.42849618196487427,0.4334734082221985,-0.2657639682292938,0.3336241841316223,0.4800361692905426,-0.3571717441082001,0.3128618896007538,0.5124306678771973,-0.6458234786987305
224,0.43237796425819397,0.4340039789676666,-0.16235218942165375,0.3343501091003418,0.47947564721107483,-0.24119989573955536,0.31671372056007385,0.5127976536750793,-0.5569683909416199
225,0.4351598918437958,0.4342678189277649,-0.15780378878116608,0.3390742242336273,0.4779946804046631,-0.2562556862831116,0.3178771436214447,0.5128150582313538,-0.6105348467826843
226,0.4404781758785248,0.43426528573036194,-0.14215317368507385,0.33954954147338867,0.4774976670742035,-0.21861854195594788,0.3312844932079315,0.5128816366195679,-0.5241670608520508
227,0.4454268515110016,0.433877557516098,-0.14296817779541016,0.3397674262523651,0.47776803374290466,-0.2092445343732834,0.35461217164993286,0.5129393339157104,-0.5191696286201477
228,0.44872742891311646,0.43362122774124146,-0.1513088494539261,0.3393569588661194,0.4779052734375,-0.2619946002960205,0.36979082226753235,0.5092637538909912,-0.5783387422561646
229,0.4491616487503052,0.4333104193210602,-0.20473504066467285,0.33879876136779785,0.4781990945339203,-0.28532493114471436,0.37265557050704956,0.5072442889213562,-0.6001468300819397
230,0.44931161403656006,0.43212729692459106,-0.21192501485347748,0.3393828570842743,0.4781896471977234,-0.2849918007850647,0.3956231474876404,0.507704496383667,-0.5790963768959045
231,0.45173537731170654,0.43150100111961365,-0.14504797756671906,0.33895084261894226,0.47721782326698303,-0.23559993505477905,0.4117047190666199,0.5039399862289429,-0.5404724478721619
232,0.45675140619277954,0.4313116669654846,-0.0938580185174942,0.3405836820602417,0.4756816029548645,-0.240715891122818,0.4309343099594116,0.4969666600227356,-0.5710029602050781
233,0.45911505818367004,0.4313388764858246,-0.11796768754720688,0.34285423159599304,0.4756186604499817,-0.25691795349121094,0.44669803977012634,0.49470892548561096,-0.5796013474464417
234,0.46199434995651245,0.4310227930545807,-0.13128821551799774,0.3459218144416809,0.47545599937438965,-0.321930855512619,0.4537280201911926,0.49446478486061096,-0.6412878632545471
235,0.46223101019859314,0.43006762862205505,-0.1648290604352951,0.34514492750167847,0.47558245062828064,-0.35056984424591064,0.45590537786483765,0.49442142248153687,-0.6754130721092224
236,0.46447625756263733,0.4301082193851471,-0.11828543245792389,0.34872040152549744,0.4771369993686676,-0.34128838777542114,0.46423864364624023,0.49519380927085876,-0.645355761051178
237,0.4690046012401581,0.42960935831069946,-0.12552545964717865,0.356926292181015,0.47906294465065,-0.32506051659584045,0.47682809829711914,0.4958840310573578,-0.6312596201896667
238,0.4719509184360504,0.4286844730377197,-0.15717166662216187,0.3771662414073944,0.48373842239379883,-0.3270878195762634,0.494747132062912,0.49642640352249146,-0.6254556179046631
239,0.4731578528881073,0.4285898804664612,-0.11569623649120331,0.406110554933548,0.49138158559799194,-0.28550034761428833,0.5100551843643188,0.500761866569519,-0.5597994327545166
240,0.47461315989494324,0.4286172389984131,-0.10019288957118988,0.42022424936294556,0.4940783381462097,-0.26773446798324585,0.5309550166130066,0.5021549463272095,-0.5201922655105591
241,0.47397857904434204,0.42865291237831116,-0.08586730062961578,0.4242878258228302,0.4944058358669281,-0.2436007857322693,0.5340120792388916,0.5028110146522522,-0.47987860441207886
242,0.4743786156177521,0.4290623664855957,-0.10220999270677567,0.4262537360191345,0.49600863456726074,-0.2837112843990326,0.5447562336921692,0.5034821629524231,-0.4855756461620331
243,0.47443774342536926,0.42922019958496094,-0.14186599850654602,0.428924024105072,0.5006133317947388,-0.3347468078136444,0.5508630275726318,0.5043174028396606,-0.5946232676506042
244,0.4741230010986328,0.42983999848365784,-0.12474507093429565,0.42808714509010315,0.5030040740966797,-0.32624152302742004,0.5453839898109436,0.5049909949302673,-0.5992343425750732
245,0.4738169312477112,0.4307299554347992,-0.12601765990257263,0.42630186676979065,0.5070583820343018,-0.3316124677658081,0.5330554246902466,0.5040143728256226,-0.6205593943595886
246,0.47291094064712524,0.4311753213405609,-0.1033438891172409,0.4055083096027374,0.507480263710022,-0.32640618085861206,0.5185996890068054,0.5024969577789307,-0.6282130479812622
247,0.4715389311313629,0.43118953704833984,-0.10827067494392395,0.40058982372283936,0.5061110258102417,-0.32420721650123596,0.5130500197410583,0.5014652013778687,-0.6410132646560669
248,0.46995824575424194,0.43118977546691895,-0.15439647436141968,0.3961893618106842,0.47833317518234253,-0.43713417649269104,0.49919241666793823,0.4386064410209656,-0.7623995542526245
249,0.4660424590110779,0.4329677224159241,-0.17154930531978607,0.38969793915748596,0.4686658978462219,-0.4526335299015045,0.4719395935535431,0.39895832538604736,-0.7721773982048035
250,0.4657244384288788,0.43376630544662476,-0.15980158746242523,0.38607901334762573,0.4826746881008148,-0.37994834780693054,0.46864646673202515,0.48019179701805115,-0.7114819288253784
251,0.46332570910453796,0.43273478746414185,-0.14309623837471008,0.3785216808319092,0.4871968626976013,-0.3132783770561218,0.4379708170890808,0.4977967143058777,-0.7020800113677979
252,0.46076732873916626,0.43219199776649475,-0.08695847541093826,0.36805787682533264,0.4912203848361969,-0.2044878602027893,0.42621153593063354,0.5096386075019836,-0.5441097021102905
253,0.4589424133300781,0.431424617767334,-0.09854736179113388,0.36786046624183655,0.4929051399230957,-0.22260421514511108,0.423676073551178,0.5118312239646912,-0.5640847682952881
254,0.4531896710395813,0.4316232204437256,0.019497834146022797,0.36526867747306824,0.4949650168418884,-0.08378463983535767,0.4016229510307312,0.5180975198745728,-0.4207304120063782
255,0.4470139443874359,0.4322817921638489,0.04857577383518219,0.36537665128707886,0.49582943320274353,0.023003289476037025,0.38771286606788635,0.5231051445007324,-0.22062824666500092
256,0.44014185667037964,0.432874858379364,0.07482399046421051,0.3617454171180725,0.4960547983646393,0.08880508691072464,0.36219725012779236,0.5229532122612,-0.15020322799682617
257,0.4334138333797455,0.4332669675350189,0.0059981029480695724,0.3552893400192261,0.4971981644630432,0.02253609150648117,0.3478972613811493,0.5261109471321106,-0.11544498056173325
258,0.42758822441101074,0.43429428339004517,-0.01030017901211977,0.3571983277797699,0.4975627064704895,0.017188046127557755,0.32972294092178345,0.5268362760543823,-0.18406322598457336
259,0.4257846474647522,0.435518741607666,-0.0701066255569458,0.3557378649711609,0.4980808198451996,-0.03618874400854111,0.3269616365432739,0.5256987810134888,-0.2260971963405609
260,0.42172786593437195,0.4359881281852722,-0.09856758266687393,0.35388416051864624,0.495738685131073,-0.07702472060918808,0.3230072557926178,0.5239511728286743,-0.28675228357315063
261,0.41611018776893616,0.43593597412109375,-0.17585231363773346,0.34777966141700745,0.49530044198036194,-0.17839141190052032,0.32009419798851013,0.5228142142295837,-0.39628249406814575
262,0.41077905893325806,0.4361231327056885,-0.16760407388210297,0.3462862968444824,0.49545055627822876,-0.24943196773529053,0.3223530948162079,0.5223267078399658,-0.5468741655349731
263,0.40534281730651855,0.43746882677078247,-0.16823254525661469,0.34614062309265137,0.5002455115318298,-0.28969642519950867,0.3278958797454834,0.5238836407661438,-0.6139850616455078
264,0.40340471267700195,0.4375576972961426,-0.13043199479579926,0.3475310504436493,0.501745343208313,-0.21871110796928406,0.3332839608192444,0.5231466889381409,-0.5056858658790588
265,0.40221863985061646,0.4380737841129303,-0.15512783825397491,0.3466314971446991,0.5015044808387756,-0.26639673113822937,0.3377356231212616,0.5223163962364197,-0.574944794178009
266,0.4018815755844116,0.438040554523468,-0.14323793351650238,0.33735498785972595,0.5012692809104919,-0.22744525969028473,0.3617546856403351,0.5214774012565613,-0.5564947128295898
267,0.4023124575614929,0.4384899139404297,-0.13595928251743317,0.3389313220977783,0.501541793346405,-0.22083988785743713,0.3876640796661377,0.521418571472168,-0.5115330815315247
268,0.4040399193763733,0.4388194978237152,-0.12932108342647552,0.3401646316051483,0.5049570798873901,-0.21346808969974518,0.40298452973365784,0.5219578742980957,-0.4795534908771515
269,0.40506312251091003,0.4388797879219055,-0.07911007106304169,0.3483119010925293,0.5048763751983643,-0.13418389856815338,0.42170998454093933,0.5240104794502258,-0.34212470054626465
270,0.40521880984306335,0.43941593170166016,-0.09394638985395432,0.3638008236885071,0.5057872533798218,-0.14458276331424713,0.44616588950157166,0.5331323742866516,-0.3781263530254364
271,0.4057351052761078,0.43965330719947815,-0.11489439755678177,0.36797091364860535,0.5070892572402954,-0.13195498287677765,0.45164573192596436,0.5362474322319031,-0.28167062997817993
272,0.406080037355423,0.4403906464576721,-0.30025678873062134,0.38097038865089417,0.5107166171073914,-0.2990858256816864,0.4716997444629669,0.5418263077735901,-0.36847418546676636
273,0.409225732088089,0.4413520395755768,-0.2749667763710022,0.39016711711883545,0.5152779817581177,-0.30269721150398254,0.4940374493598938,0.5466078519821167,-0.3965873420238495
274,0.411674827337265,0.4429604411125183,-0.2528947591781616,0.40890341997146606,0.5195274353027344,-0.25700363516807556,0.5230952501296997,0.5497545003890991,-0.39423704147338867
275,0.4152127206325531,0.4429808557033539,-0.21810299158096313,0.4227510094642639,0.5227231979370117,-0.2857092320919037,0.5272767543792725,0.5479649901390076,-0.4664679765701294
276,0.41902977228164673,0.4428706169128418,-0.25417521595954895,0.43545934557914734,0.5213772058486938,-0.3384527862071991,0.5352936387062073,0.545426607131958,-0.5213144421577454
277,0.4208982288837433,0.442768394947052,-0.2474275380373001,0.434717059135437,0.5213466882705688,-0.34917163848876953,0.5367707014083862,0.5449150800704956,-0.541170597076416
278,0.42495137453079224,0.44252443313598633,-0.2312174290418625,0.43785497546195984,0.5202975273132324,-0.32456886768341064,0.5397337675094604,0.5439882874488831,-0.5321284532546997
279,0.4283616244792938,0.44221583008766174,-0.17726761102676392,0.4409361481666565,0.520717978477478,-0.2779233157634735,0.5434556603431702,0.5437071919441223,-0.5026189088821411
280,0.4328594505786896,0.44148215651512146,-0.1961156576871872,0.44415682554244995,0.5201486349105835,-0.23949457705020905,0.54486083984375,0.5440176129341125,-0.34907853603363037
281,0.44004499912261963,0.43869131803512573,-0.2058684080839157,0.4461657702922821,0.5186342000961304,-0.23568794131278992,0.5439575910568237,0.5453485250473022,-0.35402151942253113
282,0.44511231780052185,0.4380303919315338,-0.3183123767375946,0.4446989595890045,0.5164903402328491,-0.34985461831092834,0.5388874411582947,0.5470260381698608,-0.48355892300605774
283,0.4457910656929016,0.4378366470336914,-0.35077956318855286,0.4432486295700073,0.5154537558555603,-0.37772268056869507,0.5372247695922852,0.5476504564285278,-0.5120781660079956
284,0.4472268521785736,0.43740877509117126,-0.31731194257736206,0.443010538816452,0.5142711400985718,-0.33867117762565613,0.5352521538734436,0.5486284494400024,-0.49765533208847046
285,0.4520471692085266,0.4361574053764343,-0.39720556139945984,0.4456236660480499,0.5127248167991638,-0.4404914975166321,0.5361102223396301,0.5494142770767212,-0.593726634979248
286,0.45689502358436584,0.43582361936569214,-0.38758328557014465,0.4456024169921875,0.5116117596626282,-0.42787107825279236,0.5358399152755737,0.5490536689758301,-0.5881088972091675
287,0.4583373963832855,0.4360194206237793,-0.37493717670440674,0.44456663727760315,0.5107165575027466,-0.3847407400608063,0.528415322303772,0.5474854111671448,-0.5439966320991516
288,0.4582713544368744,0.4366759657859802,-0.3700305223464966,0.44349268078804016,0.5107545852661133,-0.3458714187145233,0.5274965763092041,0.5472449064254761,-0.49204838275909424
289,0.45848342776298523,0.43739524483680725,-0.27647754549980164,0.44340312480926514,0.5109156370162964,-0.30318742990493774,0.5111666917800903,0.543842077255249,-0.4927547574043274
290,0.4579988121986389,0.4375106692314148,-0.24149353802204132,0.44283327460289,0.5170367956161499,-0.26076623797416687,0.4924444556236267,0.5403445363044739,-0.45429402589797974
291,0.46016925573349,0.43696674704551697,-0.3087603747844696,0.432092547416687,0.5168153047561646,-0.32586002349853516,0.49872511625289917,0.5292330980300903,-0.5060221552848816
292,0.4629807472229004,0.43478164076805115,-0.3389555513858795,0.39731186628341675,0.4963400363922119,-0.4060598611831665,0.39375433325767517,0.5214360356330872,-0.6779845952987671
293,0.4637717306613922,0.4335075318813324,-0.3306434750556946,0.4018193483352661,0.49459347128868103,-0.39145687222480774,0.36030876636505127,0.5250835418701172,-0.6680576205253601
294,0.4649377465248108,0.4336777329444885,-0.29073333740234375,0.3943261504173279,0.48583778738975525,-0.3762223422527313,0.342888742685318,0.5237572193145752,-0.6513358950614929
295,0.4649817943572998,0.43375253677368164,-0.2731997072696686,0.3923024535179138,0.48309627175331116,-0.3698963522911072,0.3355295658111572,0.5225540399551392,-0.6284331679344177
296,0.46438902616500854,0.43331679701805115,-0.39316248893737793,0.37608298659324646,0.47822728753089905,-0.5462764501571655,0.32673823833465576,0.5160127282142639,-0.8742464780807495
297,0.4643791913986206,0.4327613413333893,-0.3790248930454254,0.37450629472732544,0.4714314341545105,-0.5628601908683777,0.32382437586784363,0.5064569711685181,-0.9476122260093689
298,0.4640922546386719,0.432861328125,-0.2793671786785126,0.3688291013240814,0.4729286730289459,-0.44223862886428833,0.320391446352005,0.5098651051521301,-0.7815133929252625
299,0.46390265226364136,0.4329366087913513,-0.32078269124031067,0.3635244071483612,0.47453078627586365,-0.47462403774261475,0.32774099707603455,0.5129114389419556,-0.7687653303146362
300,0.46303266286849976,0.43299442529678345,-0.2932259738445282,0.3582538068294525,0.474191278219223,-0.43209630250930786,0.3331194221973419,0.5145441293716431,-0.6958539485931396
301,0.4622098207473755,0.4330260753631592,-0.2148318588733673,0.3587992489337921,0.4724963307380676,-0.33528509736061096,0.3339214622974396,0.515395998954773,-0.585861325263977
302,0.46131426095962524,0.4330478310585022,-0.20067757368087769,0.3591364622116089,0.4721715450286865,-0.3308940827846527,0.34190988540649414,0.5158354043960571,-0.6111462116241455
303,0.46129316091537476,0.43294039368629456,-0.2605442404747009,0.3503979444503784,0.4733220934867859,-0.3719158172607422,0.3455096483230591,0.5152450799942017,-0.6256743669509888
304,0.46053969860076904,0.43244609236717224,-0.3449714779853821,0.3452070951461792,0.4743042588233948,-0.4662873446941376,0.3602195382118225,0.5133789777755737,-0.7156705260276794
305,0.45715993642807007,0.43186473846435547,-0.3145120441913605,0.3416655957698822,0.47576722502708435,-0.3846356272697449,0.38497626781463623,0.5138987898826599,-0.6100716590881348
306,0.4539971947669983,0.43247994780540466,-0.24279800057411194,0.3457369804382324,0.48292118310928345,-0.3692060112953186,0.4103086590766907,0.5132896304130554,-0.614582896232605
307,0.4529965817928314,0.43280738592147827,-0.1982734650373459,0.34845656156539917,0.4862314760684967,-0.3343307673931122,0.41311636567115784,0.5130011439323425,-0.623103141784668
308,0.45257407426834106,0.4315832555294037,-0.19996139407157898,0.34059932827949524,0.48587197065353394,-0.2743578255176544,0.4315502941608429,0.5115276575088501,-0.4746944010257721
309,0.45271164178848267,0.4310983717441559,-0.27686548233032227,0.3426864743232727,0.4857531189918518,-0.32032039761543274,0.4366210401058197,0.5107446908950806,-0.5030331015586853
310,0.4528106153011322,0.4310387670993805,-0.24010732769966125,0.3438417911529541,0.48632168769836426,-0.33349764347076416,0.44890183210372925,0.5100037455558777,-0.5540509819984436
311,0.45823782682418823,0.4301176071166992,-0.20221355557441711,0.3495860695838928,0.4873376786708832,-0.2643205523490906,0.47168871760368347,0.5068711638450623,-0.43531927466392517
312,0.46430665254592896,0.43015798926353455,-0.18185465037822723,0.36071887612342834,0.4889615476131439,-0.23391681909561157,0.48837921023368835,0.5067297220230103,-0.3834073841571808
313,0.46604347229003906,0.43017372488975525,-0.20379593968391418,0.3660072386264801,0.4901390075683594,-0.2683653235435486,0.49264007806777954,0.506503701210022,-0.4647490680217743
314,0.46959030628204346,0.4305106997489929,-0.1979558914899826,0.3808104693889618,0.49326497316360474,-0.31156763434410095,0.49530985951423645,0.5068901777267456,-0.5481303930282593
315,0.4728490710258484,0.43139901757240295,-0.1740778088569641,0.39529189467430115,0.49576058983802795,-0.3202718198299408,0.5039097666740417,0.5071712732315063,-0.5680103898048401
316,0.4746815264225006,0.4324195981025696,-0.18959011137485504,0.4054619371891022,0.4993828237056732,-0.3627990782260895,0.5172596573829651,0.507374107837677,-0.6047130227088928
317,0.4741411805152893,0.43262702226638794,-0.1484430432319641,0.4032658040523529,0.5023121237754822,-0.30014145374298096,0.5279486775398254,0.5075051188468933,-0.5091593265533447
318,0.47278180718421936,0.4334799349308014,-0.07023541629314423,0.42579376697540283,0.5127100944519043,-0.21128392219543457,0.5350568294525146,0.5076213479042053,-0.40386754274368286
319,0.47252562642097473,0.4335075914859772,-0.08473765850067139,0.42566603422164917,0.5081017017364502,-0.25388601422309875,0.5375766158103943,0.5081034302711487,-0.4409550428390503
320,0.4718106687068939,0.4335283637046814,-0.14631283283233643,0.4317948520183563,0.5058265328407288,-0.3119692802429199,0.5508034825325012,0.5081575512886047,-0.49883875250816345
321,0.47159653902053833,0.433528333902359,-0.15655024349689484,0.4369359016418457,0.5109435319900513,-0.30227673053741455,0.5545250177383423,0.5082018971443176,-0.4753498136997223
322,0.4713415503501892,0.4337497353553772,-0.27026957273483276,0.42926228046417236,0.5102186799049377,-0.34745028614997864,0.5447149872779846,0.5086238384246826,-0.48239466547966003
323,0.47115033864974976,0.433157354593277,-0.23978576064109802,0.41498568654060364,0.5059484839439392,-0.3493748605251312,0.5300211310386658,0.5081356763839722,-0.588652491569519
324,0.46765628457069397,0.4323083758354187,-0.35392796993255615,0.38571375608444214,0.5050665736198425,-0.4907882809638977,0.5008376836776733,0.5081000924110413,-0.7344117164611816
325,0.4658091962337494,0.43157172203063965,-0.32408496737480164,0.37787508964538574,0.5047570466995239,-0.45807841420173645,0.49271953105926514,0.5079565644264221,-0.7089383602142334
326,0.46093788743019104,0.43010392785072327,-0.30917325615882874,0.3683929145336151,0.5020428895950317,-0.4540671408176422,0.4751989543437958,0.5074735283851624,-0.7234084010124207
327,0.45566225051879883,0.428983598947525,-0.41538989543914795,0.35687577724456787,0.495647132396698,-0.44685226678848267,0.4558781385421753,0.5083070397377014,-0.7203070521354675
328,0.44708722829818726,0.4290809631347656,-0.34288251399993896,0.35275816917419434,0.49184298515319824,-0.41378140449523926,0.43644624948501587,0.5087052583694458,-0.6951441168785095
329,0.4439113140106201,0.4291672110557556,-0.1889968067407608,0.3476964235305786,0.4910808205604553,-0.22342582046985626,0.4058905243873596,0.5102447271347046,-0.43576735258102417
330,0.4384287893772125,0.4293554425239563,-0.2438625991344452,0.34195035696029663,0.49255409836769104,-0.3001762926578522,0.40501102805137634,0.5226975679397583,-0.4957728981971741
331,0.4373410642147064,0.4292684495449066,-0.2515670657157898,0.34396958351135254,0.49298515915870667,-0.3157711327075958,0.3854495882987976,0.5211273431777954,-0.5224390029907227
332,0.43076735734939575,0.430452823638916,-0.07083616405725479,0.3363432288169861,0.4941139221191406,-0.11758685857057571,0.36403629183769226,0.5235977172851562,-0.34018203616142273
333,0.4249999523162842,0.4313598573207855,-0.14879709482192993,0.3333076238632202,0.4924837052822113,-0.18782144784927368,0.3445429503917694,0.5245286226272583,-0.4084778130054474
334,0.41802167892456055,0.4320095479488373,-0.04205764830112457,0.3333689868450165,0.4920942783355713,-0.11474350094795227,0.33531421422958374,0.5231926441192627,-0.37993770837783813
335,0.41470199823379517,0.4321606755256653,-0.07451551407575607,0.33482804894447327,0.4919005036354065,-0.1604447066783905,0.32850199937820435,0.522290825843811,-0.4200672209262848
336,0.40982574224472046,0.4326465129852295,-0.09153499454259872,0.3350308835506439,0.49199604988098145,-0.17173795402050018,0.3223699629306793,0.5223144292831421,-0.42874875664711
337,0.4077586829662323,0.43352094292640686,-0.07083030045032501,0.3332787752151489,0.49241647124290466,-0.14281828701496124,0.3248721957206726,0.5220035314559937,-0.39976805448532104
338,0.40519416332244873,0.43417224287986755,-0.09459854662418365,0.3311796188354492,0.4924546778202057,-0.16961175203323364,0.3202145993709564,0.5218864679336548,-0.4745711386203766
339,0.40254780650138855,0.4341636300086975,-0.310609370470047,0.33261749148368835,0.4925256669521332,-0.45553699135780334,0.32558614015579224,0.5217561721801758,-0.8090881109237671
340,0.4022376239299774,0.43413639068603516,-0.12918582558631897,0.3327597379684448,0.4923746585845947,-0.20411516726016998,0.3322000801563263,0.5183895826339722,-0.4602195620536804
341,0.4018494188785553,0.43413209915161133,-0.13518154621124268,0.333788126707077,0.493694007396698,-0.19340088963508606,0.34600934386253357,0.5166870355606079,-0.4662899374961853
342,0.4012031555175781,0.43373316526412964,-0.32792404294013977,0.33446022868156433,0.49366769194602966,-0.3464046120643616,0.3691515624523163,0.5152782201766968,-0.5775954723358154
343,0.401650995016098,0.43369007110595703,-0.4917285442352295,0.3348795771598816,0.4945724904537201,-0.5776158571243286,0.3754858374595642,0.514164388179779,-0.8586403727531433
344,0.4020896852016449,0.43302249908447266,-0.4058866798877716,0.3352097272872925,0.4970413148403168,-0.4073457419872284,0.3941066265106201,0.5141155123710632,-0.5571960806846619
345,0.40463802218437195,0.4330250322818756,-0.38450369238853455,0.34221118688583374,0.4991295337677002,-0.38630685210227966,0.41782259941101074,0.519006073474884,-0.5514127612113953
346,0.4074053168296814,0.43312034010887146,-0.41943031549453735,0.36477741599082947,0.5052400827407837,-0.41633152961730957,0.4548835754394531,0.5293482542037964,-0.5810448527336121
347,0.41086968779563904,0.43380770087242126,-0.4442289173603058,0.38513123989105225,0.5154186487197876,-0.4614582061767578,0.48167040944099426,0.5393074750900269,-0.633705198764801
348,0.41229405999183655,0.43504220247268677,-0.589238166809082,0.4012070894241333,0.5209729075431824,-0.5866985321044922,0.511468768119812,0.5419921875,-0.7145808935165405
349,0.4126802086830139,0.4357132017612457,-0.5323906540870667,0.40661588311195374,0.523421585559845,-0.5170249342918396,0.5133762955665588,0.5423406958580017,-0.657646894454956
350,0.41265711188316345,0.4369206428527832,-0.30020567774772644,0.42225053906440735,0.5247352719306946,-0.3110513985157013,0.5382571816444397,0.5423334836959839,-0.4055391848087311
351,0.4174264371395111,0.437735378742218,-0.2932412922382355,0.42962735891342163,0.5220741033554077,-0.3053790330886841,0.5469489693641663,0.5400787591934204,-0.3962189853191376
352,0.42300528287887573,0.4376062750816345,-0.306768000125885,0.43856281042099,0.5201727151870728,-0.33997759222984314,0.5650575160980225,0.5388299226760864,-0.41019710898399353
353,0.4240294098854065,0.4407871663570404,0.13639815151691437,0.4416055381298065,0.5224393606185913,0.007274880539625883,0.5839537382125854,0.5325433015823364,-0.042424608021974564
354,0.42736130952835083,0.44591110944747925,0.09056708961725235,0.45993831753730774,0.523357629776001,-0.07590851187705994,0.6265916228294373,0.5237926840782166,-0.1271202266216278
355,0.42801588773727417,0.447251558303833,0.070188969373703,0.46295759081840515,0.522890567779541,-0.08022690564393997,0.6398468613624573,0.5223877429962158,-0.11288131028413773
356,0.4305093586444855,0.4468892514705658,-0.19886304438114166,0.47090861201286316,0.5225653648376465,-0.2832639515399933,0.6355993151664734,0.5235067009925842,-0.2559530735015869
357,0.4342937171459198,0.44168123602867126,-0.3251376152038574,0.48092788457870483,0.522141695022583,-0.3697395622730255,0.6427915692329407,0.5344499349594116,-0.3617631793022156
358,0.4366077482700348,0.43839436769485474,-0.32145097851753235,0.47669172286987305,0.5218098759651184,-0.3404308259487152,0.6194815635681152,0.544033408164978,-0.39704403281211853
359,0.4381672441959381,0.434445321559906,-0.4312899708747864,0.4664423167705536,0.5171404480934143,-0.46928927302360535,0.5797227025032043,0.5458053350448608,-0.5648692846298218
360,0.4415908753871918,0.43478924036026,-0.41142594814300537,0.4619508981704712,0.5170127153396606,-0.4493119418621063,0.568157970905304,0.5471935868263245,-0.5443693995475769
361,0.44134020805358887,0.4343467354774475,-0.3812423646450043,0.4613274037837982,0.5170438885688782,-0.2957412600517273,0.5532200932502747,0.5495713949203491,-0.4131752848625183
362,0.44212132692337036,0.43324512243270874,-0.44269391894340515,0.45237213373184204,0.5158731937408447,-0.3964947462081909,0.5299260020256042,0.5522137880325317,-0.5369612574577332
363,0.4440104067325592,0.4328591227531433,-0.4688945412635803,0.43218424916267395,0.5134662389755249,-0.44447237253189087,0.4986167550086975,0.5553649663925171,-0.5670901536941528
364,0.4435345232486725,0.43298405408859253,-0.5914390087127686,0.42509758472442627,0.514457106590271,-0.5778096318244934,0.48856493830680847,0.5647569894790649,-0.7114616632461548
365,0.4429704546928406,0.4298011362552643,-0.4599672555923462,0.40206438302993774,0.5031673908233643,-0.46839362382888794,0.4491872489452362,0.5604537725448608,-0.5878251194953918
366,0.4426347613334656,0.42877084016799927,-0.45601293444633484,0.401447594165802,0.5019739270210266,-0.4469437599182129,0.4465100169181824,0.5592663288116455,-0.5760411024093628
367,0.44249069690704346,0.4257243573665619,-0.22193315625190735,0.39388084411621094,0.495614230632782,-0.19605576992034912,0.4262593984603882,0.5556987524032593,-0.341550350189209
368,0.44093039631843567,0.42390337586402893,-0.20903824269771576,0.3818453848361969,0.49309825897216797,-0.20398566126823425,0.4316117465496063,0.5527922511100769,-0.3501461446285248
369,0.439531534910202,0.4239118993282318,-0.25239232182502747,0.3750542104244232,0.49539461731910706,-0.24224673211574554,0.4352795481681824,0.546430766582489,-0.3739800453186035
370,0.4362539052963257,0.424447625875473,-0.23810960352420807,0.3718567192554474,0.4962908625602722,-0.23232340812683105,0.44383350014686584,0.5407295823097229,-0.35436442494392395
371,0.4303247630596161,0.4242706298828125,-0.2350137084722519,0.36104974150657654,0.49741801619529724,-0.21921402215957642,0.45145383477211,0.5358792543411255,-0.3425166606903076
372,0.4282512366771698,0.4244331419467926,-0.2430291324853897,0.36227142810821533,0.4980573058128357,-0.2256253957748413,0.45487847924232483,0.5346888303756714,-0.34738656878471375
373,0.42579513788223267,0.42466458678245544,-0.18540795147418976,0.3583143353462219,0.4978221356868744,-0.17111064493656158,0.45303404331207275,0.5325042009353638,-0.28396427631378174
374,0.42287805676460266,0.4253807067871094,-0.20329004526138306,0.35906481742858887,0.498526394367218,-0.17931120097637177,0.45655950903892517,0.5330076813697815,-0.33671462535858154
375,0.4209226071834564,0.42546266317367554,-0.18013863265514374,0.35612577199935913,0.5017843842506409,-0.17218641936779022,0.4520503282546997,0.5399942994117737,-0.30084943771362305
376,0.41785338521003723,0.42554283142089844,-0.14489831030368805,0.35428327322006226,0.501789927482605,-0.14149390161037445,0.4381619393825531,0.5399664640426636,-0.32805609703063965
377,0.415531188249588,0.42667001485824585,-0.1433691531419754,0.35348814725875854,0.501541256904602,-0.15605825185775757,0.43171951174736023,0.5373631715774536,-0.36597442626953125
378,0.4148651659488678,0.42669448256492615,-0.15430115163326263,0.35386717319488525,0.5003787279129028,-0.1511978656053543,0.4301116466522217,0.5360453128814697,-0.3615350127220154
379,0.4142594635486603,0.42685365676879883,-0.22355304658412933,0.34945228695869446,0.49989739060401917,-0.21162450313568115,0.42454639077186584,0.5289748311042786,-0.3804769217967987
380,0.4130821228027344,0.42686858773231506,-0.2723548114299774,0.34598949551582336,0.49873894453048706,-0.2534693479537964,0.4120309054851532,0.5229971408843994,-0.4159548878669739
381,0.41308584809303284,0.4269346296787262,-0.3553309142589569,0.34570565819740295,0.4948027729988098,-0.3169829547405243,0.38615936040878296,0.518177330493927,-0.4520827829837799
382,0.41330066323280334,0.4269254207611084,-0.23208902776241302,0.34683194756507874,0.4863322377204895,-0.2993619441986084,0.34954893589019775,0.5142689943313599,-0.45581215620040894
383,0.4144829511642456,0.42573267221450806,-0.18729420006275177,0.3514656126499176,0.4795948565006256,-0.20749717950820923,0.3242768943309784,0.513413667678833,-0.4235624670982361
384,0.41557222604751587,0.42502695322036743,-0.1905520111322403,0.3550242483615875,0.4771411418914795,-0.21301740407943726,0.3226577341556549,0.5122140645980835,-0.4376925230026245
385,0.41562312841415405,0.4247890114784241,-0.20191505551338196,0.35490238666534424,0.4775426983833313,-0.21640421450138092,0.3184056580066681,0.5108442902565002,-0.45076507329940796
386,0.41639867424964905,0.42481598258018494,-0.23827438056468964,0.3446057140827179,0.4721366763114929,-0.3372116982936859,0.31693652272224426,0.5027908682823181,-0.6342540383338928
387,0.42131391167640686,0.42482438683509827,-0.23634251952171326,0.34459421038627625,0.47016674280166626,-0.3501128554344177,0.3166221082210541,0.5010761022567749,-0.6558283567428589
388,0.4246097505092621,0.4248400628566742,-0.22175036370754242,0.3420938551425934,0.47050267457962036,-0.3161417543888092,0.31280773878097534,0.50372713804245,-0.5958735346794128
389,0.42614635825157166,0.42483416199684143,-0.17691779136657715,0.3352425992488861,0.4683252274990082,-0.23579788208007812,0.31619712710380554,0.5050244927406311,-0.44464921951293945
390,0.42695900797843933,0.42474880814552307,-0.19052238762378693,0.3347577750682831,0.46764007210731506,-0.23936960101127625,0.31709691882133484,0.5058228373527527,-0.4431251585483551
391,0.429301381111145,0.42476239800453186,-0.17699161171913147,0.3365134000778198,0.4681204855442047,-0.2572150230407715,0.3228141665458679,0.5063077211380005,-0.5225794315338135
392,0.4315151572227478,0.4247729778289795,-0.2565775215625763,0.33749136328697205,0.46921077370643616,-0.28296929597854614,0.34489870071411133,0.5090319514274597,-0.48288875818252563
393,0.43592479825019836,0.4247123599052429,-0.24187986552715302,0.33766743540763855,0.4691624045372009,-0.29101577401161194,0.36662280559539795,0.5083739757537842,-0.4831872284412384
394,0.4386410713195801,0.4244258999824524,-0.2550247609615326,0.33745211362838745,0.4698229730129242,-0.28848797082901,0.3922140300273895,0.5084581971168518,-0.46728456020355225
395,0.4433180093765259,0.4242757260799408,-0.27647241950035095,0.3391406536102295,0.47063198685646057,-0.3405658006668091,0.4040830731391907,0.5075597167015076,-0.5693358778953552
396,0.4447592794895172,0.42409175634384155,-0.27964404225349426,0.339300274848938,0.47081321477890015,-0.33097657561302185,0.40338584780693054,0.506650447845459,-0.5398149490356445
397,0.44429415464401245,0.4239453375339508,-0.2777032256126404,0.33839648962020874,0.4709615707397461,-0.35083603858947754,0.40742334723472595,0.5014134645462036,-0.6082499027252197
398,0.4451592266559601,0.4237556457519531,-0.23707489669322968,0.33886751532554626,0.47034358978271484,-0.3390626907348633,0.41605183482170105,0.4975522458553314,-0.5863990187644958
399,0.4462519884109497,0.4229116439819336,-0.20200926065444946,0.3386463224887848,0.4699501395225525,-0.33669987320899963,0.42768430709838867,0.49311012029647827,-0.5743907690048218
400,0.45555996894836426,0.42250585556030273,-0.19844576716423035,0.34683457016944885,0.4699781835079193,-0.3356761634349823,0.45050618052482605,0.4925174117088318,-0.5917396545410156
401,0.4593721926212311,0.42212381958961487,-0.19875068962574005,0.3527454733848572,0.47067612409591675,-0.31929999589920044,0.4586573839187622,0.4920528829097748,-0.5777334570884705
402,0.46019113063812256,0.42209190130233765,-0.25338831543922424,0.35563749074935913,0.47096189856529236,-0.3860575258731842,0.46073293685913086,0.4920898377895355,-0.650290310382843
403,0.4612247049808502,0.4217070937156677,-0.16837836802005768,0.3567214906215668,0.4713217318058014,-0.30415332317352295,0.4658549129962921,0.4918232858181,-0.6443855166435242
404,0.4643351137638092,0.4217190146446228,-0.16517771780490875,0.3667695224285126,0.4717479646205902,-0.2904781997203827,0.47042274475097656,0.4925934672355652,-0.6100620031356812
405,0.4680716097354889,0.42086681723594666,-0.1753905862569809,0.37411439418792725,0.4731958508491516,-0.29924359917640686,0.4778512716293335,0.4930822253227234,-0.6011014580726624
406,0.469722718000412,0.4204307198524475,-0.162246972322464,0.3813231289386749,0.4753287434577942,-0.29159754514694214,0.48084139823913574,0.49331730604171753,-0.5967531204223633
407,0.4699363708496094,0.41943439841270447,-0.1855175495147705,0.3859754800796509,0.4779203534126282,-0.3118606507778168,0.4783009886741638,0.49424734711647034,-0.6207748055458069
408,0.46915122866630554,0.41886964440345764,-0.199210986495018,0.38545164465904236,0.47824040055274963,-0.3391784131526947,0.4747757315635681,0.4943428635597229,-0.6662793159484863
409,0.46934887766838074,0.4188840389251709,-0.19946496188640594,0.39298930764198303,0.4780353605747223,-0.3582283854484558,0.4766026735305786,0.49440449476242065,-0.6952603459358215
410,0.4688548147678375,0.4189421534538269,-0.26355695724487305,0.3926198184490204,0.47786831855773926,-0.4172063171863556,0.478871613740921,0.49449285864830017,-0.7389928102493286
411,0.46845343708992004,0.41889604926109314,-0.26141592860221863,0.3904111683368683,0.4778294563293457,-0.38389796018600464,0.48309072852134705,0.49483951926231384,-0.6887751221656799
412,0.4681805372238159,0.41984209418296814,-0.28929927945137024,0.3895888924598694,0.4779442250728607,-0.42966780066490173,0.4853546917438507,0.494858980178833,-0.7244390845298767
413,0.4679781496524811,0.42108863592147827,-0.26883092522621155,0.38840511441230774,0.4782971739768982,-0.40339940786361694,0.49052703380584717,0.49508029222488403,-0.6617040634155273
414,0.46782612800598145,0.4214157462120056,-0.27077391743659973,0.38651105761528015,0.47941309213638306,-0.37088143825531006,0.4926113486289978,0.49543944001197815,-0.5621333718299866
415,0.4677446186542511,0.42147254943847656,-0.2796580493450165,0.3840477466583252,0.47991514205932617,-0.3705487847328186,0.4994564950466156,0.4957323968410492,-0.5806593894958496
416,0.46692368388175964,0.4218580722808838,-0.31656578183174133,0.382085382938385,0.47982916235923767,-0.4684746563434601,0.502919614315033,0.4960261285305023,-0.7425388693809509
417,0.4645456075668335,0.42185282707214355,-0.24516692757606506,0.3754713237285614,0.48058539628982544,-0.42214563488960266,0.5004383325576782,0.49556484818458557,-0.6400531530380249
418,0.45923858880996704,0.42219799757003784,-0.24282918870449066,0.3720594048500061,0.48238176107406616,-0.41008564829826355,0.5002877116203308,0.49527740478515625,-0.6621963381767273
419,0.4503111243247986,0.4223882555961609,-0.29245468974113464,0.3677414357662201,0.482826292514801,-0.4571433663368225,0.4993261992931366,0.49510273337364197,-0.7208912968635559
420,0.4480900168418884,0.422370046377182,-0.28222301602363586,0.36651501059532166,0.4838120937347412,-0.43369022011756897,0.4984414875507355,0.49505123496055603,-0.6974656581878662
421,0.4447631537914276,0.4233226180076599,-0.21760885417461395,0.3658826947212219,0.4847840666770935,-0.36566489934921265,0.4969955086708069,0.49514132738113403,-0.6427364945411682
422,0.43867143988609314,0.4248315691947937,-0.23978789150714874,0.36351683735847473,0.4853552281856537,-0.40213364362716675,0.494780957698822,0.4953565001487732,-0.6732463836669922
423,0.42960891127586365,0.42615580558776855,-0.29412129521369934,0.35997915267944336,0.48656129837036133,-0.4676288962364197,0.48524025082588196,0.4982551634311676,-0.7764421105384827
424,0.4229091703891754,0.4268497824668884,-0.29183313250541687,0.3569960594177246,0.4881296157836914,-0.44393447041511536,0.47146880626678467,0.5017393231391907,-0.7429459691047668
425,0.41643306612968445,0.42698773741722107,-0.29979488253593445,0.3498796820640564,0.4897868037223816,-0.4753824770450592,0.452316015958786,0.5057197213172913,-0.8136223554611206
426,0.414972186088562,0.42704281210899353,-0.2458725869655609,0.34762558341026306,0.48934006690979004,-0.45570486783981323,0.4420267343521118,0.5064646005630493,-0.8115953207015991
427,0.409226655960083,0.4272157549858093,-0.3166223466396332,0.34613174200057983,0.48970407247543335,-0.5016559362411499,0.4336720407009125,0.5089696049690247,-0.859383225440979
428,0.4056605398654938,0.42720645666122437,-0.23892606794834137,0.341064453125,0.48951834440231323,-0.360554575920105,0.42090556025505066,0.5124024748802185,-0.6613190770149231
429,0.4019426107406616,0.42745622992515564,-0.19222967326641083,0.3383149802684784,0.49370917677879333,-0.24331219494342804,0.4292254149913788,0.5203825831413269,-0.4408666491508484
430,0.3980839252471924,0.4276157319545746,-0.17735655605793,0.3340112268924713,0.495509535074234,-0.2134605050086975,0.4032074809074402,0.5230756998062134,-0.42226341366767883
431,0.3959052562713623,0.42736759781837463,-0.11057382076978683,0.32529813051223755,0.4948226809501648,-0.11133433133363724,0.35124439001083374,0.5228162407875061,-0.2745441198348999
432,0.39460673928260803,0.42735233902931213,-0.1482984721660614,0.3217206597328186,0.4944286346435547,-0.17638739943504333,0.34176596999168396,0.5211665034294128,-0.38595056533813477
433,0.3928970694541931,0.42733484506607056,-0.09425093233585358,0.31592822074890137,0.4942391812801361,-0.13305449485778809,0.32020363211631775,0.5206270813941956,-0.38302332162857056
434,0.3900843858718872,0.427325576543808,-0.14123067259788513,0.31432628631591797,0.4941028654575348,-0.19615237414836884,0.30510708689689636,0.5208896398544312,-0.4487822353839874
435,0.38819795846939087,0.4275906980037689,-0.22046254575252533,0.3143594563007355,0.49230480194091797,-0.31157153844833374,0.29482516646385193,0.5206899046897888,-0.6285070776939392
436,0.386247843503952,0.4284559190273285,-0.2550329267978668,0.31344059109687805,0.491372674703598,-0.36167263984680176,0.29312145709991455,0.5208079814910889,-0.6942918300628662
437,0.38548600673675537,0.42888006567955017,-0.23540331423282623,0.30817747116088867,0.49035558104515076,-0.33983561396598816,0.28510215878486633,0.5206195116043091,-0.6679003238677979
438,0.38435983657836914,0.42899614572525024,-0.2535035312175751,0.3070148527622223,0.49026957154273987,-0.3462645709514618,0.28730228543281555,0.5207663774490356,-0.6697426438331604
439,0.3837684988975525,0.4289627969264984,-0.2519138753414154,0.3072509169578552,0.48977866768836975,-0.32948020100593567,0.28610900044441223,0.5205303430557251,-0.6546347141265869
440,0.3833827078342438,0.42895954847335815,-0.19535334408283234,0.3076712191104889,0.48850345611572266,-0.28820180892944336,0.28519371151924133,0.5203826427459717,-0.63411945104599
441,0.3837983012199402,0.42894768714904785,-0.09154462814331055,0.30799242854118347,0.4873402714729309,-0.2158179134130478,0.2881452441215515,0.5158299207687378,-0.5689771771430969
442,0.38398781418800354,0.4286918640136719,-0.07494669407606125,0.31148532032966614,0.48779869079589844,-0.1396896094083786,0.28941699862480164,0.5164648294448853,-0.39396968483924866
443,0.38434991240501404,0.4285312294960022,-0.08411348611116409,0.3156913220882416,0.48805031180381775,-0.11363925039768219,0.29393067955970764,0.5129842758178711,-0.3155879080295563
444,0.38451507687568665,0.42841219902038574,-0.09322439134120941,0.31780773401260376,0.48851680755615234,-0.11505565792322159,0.2957385778427124,0.5115119218826294,-0.30645278096199036
445,0.384691059589386,0.4278310239315033,-0.11292272061109543,0.3184042274951935,0.48856574296951294,-0.16015297174453735,0.33810457587242126,0.5108365416526794,-0.38747265934944153
446,0.3847225308418274,0.4277186989784241,-0.1626422256231308,0.3207496404647827,0.4901164174079895,-0.19309113919734955,0.36792564392089844,0.5111221075057983,-0.41860008239746094
447,0.3855443298816681,0.4277525842189789,-0.17267261445522308,0.3266165852546692,0.49655675888061523,-0.1952558308839798,0.40224286913871765,0.5143553018569946,-0.37240222096443176
448,0.3886856436729431,0.42792123556137085,-0.17581497132778168,0.33990445733070374,0.503778874874115,-0.18012629449367523,0.4350084066390991,0.5260633230209351,-0.2897900342941284
449,0.3949598968029022,0.4280196726322174,-0.1961948573589325,0.35524144768714905,0.5065774321556091,-0.18448539078235626,0.4518585205078125,0.5320467352867126,-0.3068610429763794
450,0.39746665954589844,0.42750224471092224,-0.189421609044075,0.3578369915485382,0.5063895583152771,-0.18621069192886353,0.4513920247554779,0.5334854125976562,-0.2932471036911011
451,0.4002976715564728,0.4275891184806824,-0.18350037932395935,0.3696978688240051,0.5084452033042908,-0.18426036834716797,0.45929154753685,0.536125898361206,-0.28375551104545593
452,0.403866708278656,0.4275715947151184,-0.2717301547527313,0.3810918629169464,0.5077746510505676,-0.25201213359832764,0.47139135003089905,0.5371323227882385,-0.32507288455963135
453,0.4076477885246277,0.42787614464759827,-0.26051127910614014,0.3944176435470581,0.5100671052932739,-0.25844937562942505,0.4922618865966797,0.5380011796951294,-0.33825039863586426
454,0.40953949093818665,0.42825382947921753,-0.2884851098060608,0.3988596498966217,0.5113354921340942,-0.29130101203918457,0.5033248662948608,0.5406049489974976,-0.37799564003944397
455,0.41184094548225403,0.42771396040916443,-0.30759939551353455,0.3961978852748871,0.5110659003257751,-0.27822962403297424,0.48531341552734375,0.5396733283996582,-0.38079866766929626
456,0.4116469919681549,0.4273180067539215,-0.2775501012802124,0.3962392508983612,0.5098621249198914,-0.26657530665397644,0.48193398118019104,0.5391119718551636,-0.3753799796104431
457,0.41385617852211,0.4264301657676697,-0.3788197338581085,0.39787134528160095,0.5094925761222839,-0.35840103030204773,0.4802606701850891,0.5400768518447876,-0.46178948879241943
458,0.41728729009628296,0.42644086480140686,-0.4063531756401062,0.3993169069290161,0.5109265446662903,-0.3686908185482025,0.47970885038375854,0.5433984994888306,-0.44953107833862305
459,0.41882431507110596,0.42647042870521545,-0.34195980429649353,0.3967030346393585,0.5118304491043091,-0.32096344232559204,0.4813998341560364,0.5496328473091125,-0.40915268659591675
460,0.4198283851146698,0.4263893663883209,-0.3231232464313507,0.3906695544719696,0.5036265254020691,-0.3204798698425293,0.4354199767112732,0.5503782033920288,-0.40559637546539307
461,0.42204758524894714,0.42565470933914185,-0.31599631905555725,0.3837554454803467,0.4958561062812805,-0.28994354605674744,0.4019305408000946,0.5509696006774902,-0.4080556631088257
462,0.42283692955970764,0.42543649673461914,-0.3134939968585968,0.37838199734687805,0.4905376434326172,-0.2737676501274109,0.4025909900665283,0.5504175424575806,-0.40614044666290283
463,0.42238765954971313,0.4245842397212982,-0.32656967639923096,0.3735620677471161,0.4926307201385498,-0.2742198705673218,0.39619648456573486,0.5602800846099854,-0.405889630317688
464,0.4237446188926697,0.4224502444267273,-0.2918636202812195,0.37150174379348755,0.4884677827358246,-0.2541370987892151,0.37411630153656006,0.551774263381958,-0.3758992850780487
465,0.42360296845436096,0.4226197600364685,-0.2401760071516037,0.3707429766654968,0.4876084327697754,-0.22187422215938568,0.3689350485801697,0.5467962026596069,-0.33943095803260803
466,0.4232345223426819,0.4226582944393158,-0.1390305608510971,0.3648201525211334,0.4861423075199127,-0.14405648410320282,0.3788968324661255,0.5394966006278992,-0.24413780868053436
467,0.42290741205215454,0.4228695333003998,-0.14344385266304016,0.3591822385787964,0.4870898127555847,-0.12873688340187073,0.38728591799736023,0.5338450074195862,-0.24682004749774933
468,0.42254897952079773,0.4229245185852051,-0.14832803606987,0.35683268308639526,0.48817363381385803,-0.11824660748243332,0.3915930986404419,0.5322486758232117,-0.22117213904857635
469,0.42000994086265564,0.42506852746009827,-0.17000752687454224,0.355209618806839,0.4927899241447449,-0.15736860036849976,0.40069380402565,0.5293881893157959,-0.27165260910987854
470,0.41921254992485046,0.4255405366420746,-0.1866338551044464,0.3517269492149353,0.49280494451522827,-0.15004216134548187,0.399948388338089,0.5271017551422119,-0.26213207840919495
471,0.41764968633651733,0.4260793626308441,-0.22330403327941895,0.34601181745529175,0.4928177297115326,-0.16083979606628418,0.40011563897132874,0.5287055969238281,-0.261861115694046
472,0.41645267605781555,0.4262157380580902,-0.2177586704492569,0.34338536858558655,0.49287286400794983,-0.15859301388263702,0.39778459072113037,0.5353773236274719,-0.26158320903778076
473,0.41434425115585327,0.4262574315071106,-0.17819233238697052,0.34289905428886414,0.4902802109718323,-0.13969863951206207,0.3747856020927429,0.5352341532707214,-0.26048165559768677
474,0.4129438102245331,0.42629122734069824,-0.18561992049217224,0.3431665897369385,0.4894642233848572,-0.1438780426979065,0.37059393525123596,0.5352071523666382,-0.26391345262527466
475,0.40944844484329224,0.42665648460388184,-0.08719634264707565,0.34130629897117615,0.4886413514614105,-0.08348909765481949,0.35549217462539673,0.5277726650238037,-0.2608485817909241
476,0.4059048593044281,0.42703208327293396,-0.2777020335197449,0.3380911350250244,0.48887649178504944,-0.37273991107940674,0.3402998745441437,0.5196148157119751,-0.7199016809463501
477,0.40642157196998596,0.42701196670532227,-0.17380566895008087,0.339532732963562,0.48637619614601135,-0.2601906359195709,0.3200259804725647,0.5136016607284546,-0.5308828353881836
478,0.4063863456249237,0.42695897817611694,-0.12972941994667053,0.33432093262672424,0.4830090403556824,-0.10519836097955704,0.2931317985057831,0.5142948031425476,-0.2378474324941635
479,0.40623992681503296,0.42685022950172424,-0.10893989354372025,0.3300741910934448,0.47626248002052307,-0.13235042989253998,0.2907382547855377,0.5120965242385864,-0.3214620053768158
480,0.4060594439506531,0.4267304837703705,-0.11792036890983582,0.3277187943458557,0.4747154712677002,-0.13349618017673492,0.29001665115356445,0.5117971301078796,-0.33273041248321533
481,0.40572479367256165,0.42655500769615173,-0.0851733386516571,0.3213370144367218,0.4701818823814392,-0.11414877325296402,0.29235121607780457,0.5057796239852905,-0.32556915283203125
482,0.4050041139125824,0.4264817237854004,-0.14591270685195923,0.3132077157497406,0.4673212468624115,-0.20682621002197266,0.2872016727924347,0.5044938325881958,-0.44241955876350403
483,0.40475574135780334,0.42631953954696655,-0.17453518509864807,0.30801624059677124,0.46779170632362366,-0.2697471082210541,0.2799408435821533,0.5002956390380859,-0.5598270297050476
484,0.4048060476779938,0.4260098338127136,-0.2115904539823532,0.305687814950943,0.46774396300315857,-0.29096654057502747,0.2805950939655304,0.5001407861709595,-0.568205714225769
485,0.4050160348415375,0.42547860741615295,-0.22985976934432983,0.30386999249458313,0.4674980044364929,-0.26406481862068176,0.2836598753929138,0.5016123056411743,-0.3756316006183624
486,0.40505269169807434,0.42517781257629395,-0.22034841775894165,0.30286315083503723,0.4677247405052185,-0.19576136767864227,0.2838548719882965,0.5021225214004517,-0.2978006899356842
487,0.4051421284675598,0.4250369966030121,-0.20817358791828156,0.30310434103012085,0.46755415201187134,-0.14971627295017242,0.2888535261154175,0.5051210522651672,-0.2538665235042572
488,0.40517669916152954,0.4249665141105652,-0.1911308914422989,0.3005462884902954,0.4681096076965332,-0.15524016320705414,0.30174216628074646,0.5061272382736206,-0.2939892113208771
489,0.40523019433021545,0.4250858426094055,-0.21693827211856842,0.29663047194480896,0.46849679946899414,-0.17522363364696503,0.3161924481391907,0.5061985850334167,-0.304264634847641
490,0.406289666891098,0.42495569586753845,-0.21823391318321228,0.2973977327346802,0.46859169006347656,-0.170363649725914,0.3300381898880005,0.5051738619804382,-0.26581722497940063
491,0.4063352942466736,0.42460793256759644,-0.2510963976383209,0.29630333185195923,0.4714840352535248,-0.2275644689798355,0.34718072414398193,0.5027117729187012,-0.3111238181591034
492,0.40646806359291077,0.4244111478328705,-0.2620583772659302,0.2958827614784241,0.4726673662662506,-0.23438283801078796,0.3507583737373352,0.5019258260726929,-0.3161829113960266
493,0.40827038884162903,0.4233945906162262,-0.30038630962371826,0.29837068915367126,0.47230786085128784,-0.3389226198196411,0.3622901439666748,0.497854083776474,-0.5189867615699768
494,0.40961384773254395,0.42279186844825745,-0.2848649322986603,0.298858642578125,0.4704299867153168,-0.33156251907348633,0.3722558319568634,0.49747389554977417,-0.5207382440567017
495,0.4126703143119812,0.422390878200531,-0.2528793215751648,0.3067322075366974,0.47048312425613403,-0.29458925127983093,0.3928610384464264,0.4967784881591797,-0.4937670826911926
496,0.4146788418292999,0.4220501482486725,-0.1852075308561325,0.31444281339645386,0.4705282151699066,-0.2614074647426605,0.3981914520263672,0.4963131546974182,-0.45655006170272827
497,0.4181446135044098,0.41999000310897827,-0.20100760459899902,0.31774869561195374,0.47129106521606445,-0.26816102862358093,0.4095635414123535,0.49469947814941406,-0.44474539160728455
498,0.4203107953071594,0.41886454820632935,-0.20821261405944824,0.320300430059433,0.4713171124458313,-0.26946642994880676,0.4138719439506531,0.4944494366645813,-0.44020435214042664
499,0.4264737069606781,0.41857925057411194,-0.2254645675420761,0.3288542628288269,0.4718014597892761,-0.29224780201911926,0.43586045503616333,0.49319982528686523,-0.4672200083732605
500,0.43423351645469666,0.41756898164749146,-0.2399812638759613,0.3389873504638672,0.4731907248497009,-0.3352034091949463,0.45345911383628845,0.4927917420864105,-0.5667349696159363
501,0.4387790560722351,0.4177466928958893,-0.20866435766220093,0.3539249300956726,0.47954097390174866,-0.33552491664886475,0.47216635942459106,0.4931613504886627,-0.6124703884124756
502,0.4389951527118683,0.4178764820098877,-0.2162346988916397,0.39224937558174133,0.4835019111633301,-0.38119128346443176,0.5068347454071045,0.49355778098106384,-0.648980438709259
503,0.44125819206237793,0.4183948040008545,-0.2199934422969818,0.4056488573551178,0.4864921569824219,-0.40367254614830017,0.5367617607116699,0.49372631311416626,-0.6439611911773682
504,0.44160303473472595,0.41865047812461853,-0.2188987284898758,0.40311864018440247,0.4881320595741272,-0.392434298992157,0.5342063903808594,0.4944733679294586,-0.6176881790161133
505,0.4453609883785248,0.4187041223049164,-0.21818135678768158,0.4137859046459198,0.4882417619228363,-0.3818591237068176,0.5449010133743286,0.494575560092926,-0.6030120253562927
506,0.45485082268714905,0.4185212254524231,-0.2401735782623291,0.43222668766975403,0.4891906678676605,-0.42350971698760986,0.5540816783905029,0.49509984254837036,-0.668622612953186
507,0.45775964856147766,0.41854947805404663,-0.23848587274551392,0.44417232275009155,0.488501638174057,-0.40091878175735474,0.5676457285881042,0.4953710436820984,-0.656980037689209
508,0.46142807602882385,0.4185698926448822,-0.19994892179965973,0.4452807605266571,0.4885801374912262,-0.39000558853149414,0.5719319581985474,0.49307480454444885,-0.6497967839241028
509,0.4655718207359314,0.41837096214294434,-0.20022371411323547,0.43901634216308594,0.48813194036483765,-0.40124866366386414,0.5637645125389099,0.4890950620174408,-0.6352329850196838
510,0.4665418863296509,0.41846004128456116,-0.1991446316242218,0.43469229340553284,0.48782405257225037,-0.39823248982429504,0.5643625259399414,0.4880989193916321,-0.6190693378448486
511,0.4641488790512085,0.42025628685951233,-0.20148342847824097,0.42985111474990845,0.491370290517807,-0.39573466777801514,0.5593122839927673,0.48615068197250366,-0.611620306968689
512,0.46255192160606384,0.42025846242904663,-0.258217453956604,0.40322625637054443,0.4912411570549011,-0.4129241406917572,0.5375979542732239,0.4842921793460846,-0.6180517673492432
513,0.46115365624427795,0.41980424523353577,-0.2516382336616516,0.36850735545158386,0.49075108766555786,-0.3757691979408264,0.5004407167434692,0.4797395169734955,-0.603084146976471
514,0.4610465168952942,0.4170758128166199,-0.2424558401107788,0.35673993825912476,0.48736268281936646,-0.34907734394073486,0.485076904296875,0.4779514670372009,-0.567337155342102
515,0.4607261121273041,0.41662392020225525,-0.24186833202838898,0.3495884835720062,0.48119211196899414,-0.3543783724308014,0.4797035753726959,0.4786891043186188,-0.5660284161567688
516,0.459576278924942,0.41433459520339966,-0.2402786910533905,0.35042884945869446,0.47763338685035706,-0.35446634888648987,0.4644235372543335,0.4794100821018219,-0.5710163712501526
517,0.4585733711719513,0.41451483964920044,-0.21300868690013885,0.33958783745765686,0.47425270080566406,-0.29515594244003296,0.4510296583175659,0.478633314371109,-0.5193755030632019
518,0.4553951621055603,0.4145936369895935,-0.14650852978229523,0.3427719175815582,0.47270041704177856,-0.2559766173362732,0.4426191449165344,0.47886842489242554,-0.5243769884109497
519,0.4525488018989563,0.4151607155799866,-0.13326731324195862,0.33791759610176086,0.47125300765037537,-0.19463203847408295,0.4204568564891815,0.48299890756607056,-0.43619999289512634
520,0.44787293672561646,0.41524139046669006,-0.18571457266807556,0.34114760160446167,0.4689180254936218,-0.25372833013534546,0.40496084094047546,0.4871579110622406,-0.4904634654521942
521,0.4418283700942993,0.41526278853416443,-0.18575802445411682,0.33521366119384766,0.4659789502620697,-0.2374715805053711,0.389400452375412,0.48664960265159607,-0.47714975476264954
522,0.4402496814727783,0.41531720757484436,-0.19163402915000916,0.33159440755844116,0.4655858874320984,-0.25329092144966125,0.38373804092407227,0.4860919117927551,-0.49100375175476074
523,0.43757888674736023,0.4170812666416168,-0.18361273407936096,0.33070024847984314,0.4656970500946045,-0.23313477635383606,0.37895092368125916,0.4876602292060852,-0.46537381410598755
524,0.4304307699203491,0.4182403087615967,-0.17228291928768158,0.326652854681015,0.4665186405181885,-0.19507040083408356,0.38485899567604065,0.49189215898513794,-0.4142482280731201
525,0.42813530564308167,0.41921836137771606,-0.23188024759292603,0.32107993960380554,0.4672190248966217,-0.24707414209842682,0.39425036311149597,0.4927447438240051,-0.44807296991348267
526,0.4232294261455536,0.4194289743900299,-0.27484649419784546,0.3180912733078003,0.46733489632606506,-0.32802799344062805,0.40008383989334106,0.49215349555015564,-0.5789847373962402
527,0.42122337222099304,0.42012080550193787,-0.2635287046432495,0.31904199719429016,0.46847280859947205,-0.3245823383331299,0.4017484486103058,0.4928768575191498,-0.5598458051681519
528,0.4194349944591522,0.42028531432151794,-0.26443541049957275,0.3195537328720093,0.4699297547340393,-0.35565808415412903,0.4024336636066437,0.4936213493347168,-0.6371958255767822
529,0.4177056550979614,0.42124518752098083,-0.29381877183914185,0.31712600588798523,0.4730122983455658,-0.4146493375301361,0.40353572368621826,0.4937624931335449,-0.7054134011268616
530,0.4137718975543976,0.421814501285553,-0.2200411707162857,0.31858915090560913,0.4764339029788971,-0.3647470772266388,0.41575610637664795,0.4953991770744324,-0.6524367928504944
531,0.4099383056163788,0.4221794009208679,-0.14645487070083618,0.31909191608428955,0.4793851971626282,-0.28206491470336914,0.4225844144821167,0.49535471200942993,-0.5842002034187317
532,0.40676698088645935,0.4224892556667328,-0.17204059660434723,0.3185998797416687,0.4838295578956604,-0.29248523712158203,0.42438018321990967,0.4950082302093506,-0.5839691758155823
533,0.40384772419929504,0.42354661226272583,-0.16373735666275024,0.31629616022109985,0.4846891462802887,-0.2967579960823059,0.42402249574661255,0.4947047233581543,-0.578869640827179
534,0.40234145522117615,0.4245583117008209,-0.15581242740154266,0.31537100672721863,0.4854675829410553,-0.2890944480895996,0.4239477813243866,0.49457845091819763,-0.5564342737197876
535,0.40005210041999817,0.4247948229312897,-0.1691780835390091,0.3126063346862793,0.48562175035476685,-0.30586501955986023,0.4110844135284424,0.4945581555366516,-0.571574330329895
536,0.40053796768188477,0.4247073233127594,-0.11652984470129013,0.3087325692176819,0.4849788248538971,-0.23647770285606384,0.39640042185783386,0.49654775857925415,-0.4910677671432495
537,0.4004439115524292,0.42487040162086487,-0.12138476967811584,0.30803921818733215,0.4862443506717682,-0.22276929020881653,0.37900349497795105,0.502421498298645,-0.4874483346939087
538,0.39856046438217163,0.4255116879940033,-0.19893915951251984,0.30695390701293945,0.4877665638923645,-0.33161354064941406,0.366808146238327,0.5083847641944885,-0.6487688422203064
539,0.3974866569042206,0.42605844140052795,-0.23792417347431183,0.30617496371269226,0.48887258768081665,-0.36810219287872314,0.36546415090560913,0.5104137659072876,-0.6802685260772705
540,0.39653897285461426,0.4263070523738861,-0.22259317338466644,0.30243584513664246,0.49008265137672424,-0.3468816876411438,0.3488607108592987,0.5141703486442566,-0.6407657861709595
541,0.39700791239738464,0.4263288974761963,-0.21755345165729523,0.2991552948951721,0.4894591271877289,-0.2910044491291046,0.3385695219039917,0.5134760141372681,-0.5482228398323059
542,0.39742767810821533,0.4265120029449463,-0.1627461016178131,0.2999756336212158,0.48908567428588867,-0.2578209936618805,0.3271249830722809,0.5151216983795166,-0.5265739560127258
543,0.396801620721817,0.4270924925804138,-0.1967720091342926,0.3004320561885834,0.488689661026001,-0.33363282680511475,0.3057628870010376,0.5142893195152283,-0.6362459659576416
544,0.3949158191680908,0.42709341645240784,-0.2357100546360016,0.30396798253059387,0.48789888620376587,-0.38624221086502075,0.3044268488883972,0.5132027864456177,-0.7124159336090088
545,0.39460742473602295,0.4270693361759186,-0.2322242707014084,0.3091203570365906,0.486489862203598,-0.38829249143600464,0.3058463931083679,0.5125923156738281,-0.7393734455108643
546,0.39486491680145264,0.4271323084831238,-0.24332427978515625,0.3169997036457062,0.48347416520118713,-0.4013268053531647,0.30645373463630676,0.5124285817146301,-0.7709062099456787
547,0.395175039768219,0.4274636209011078,-0.29973143339157104,0.32905644178390503,0.483020544052124,-0.4458598792552948,0.3151263892650604,0.5123513340950012,-0.8112620115280151
548,0.3975498080253601,0.42711448669433594,-0.31176793575286865,0.33583372831344604,0.47966012358665466,-0.46235764026641846,0.31651926040649414,0.512409508228302,-0.8333749771118164
549,0.39985910058021545,0.4271044135093689,-0.3716074228286743,0.3475346267223358,0.47999024391174316,-0.542593240737915,0.3415544927120209,0.5132383108139038,-0.9379640221595764
550,0.4037216305732727,0.4260362982749939,-0.4658757150173187,0.3458382189273834,0.480081170797348,-0.6171836256980896,0.3759135901927948,0.5130987167358398,-0.973974883556366
551,0.4042830169200897,0.4255412220954895,-0.4373069405555725,0.3463289141654968,0.4801975190639496,-0.5924316644668579,0.3825829327106476,0.5129719972610474,-0.938130259513855
552,0.4075493812561035,0.42554956674575806,-0.2682008445262909,0.35482072830200195,0.4824213981628418,-0.3429434597492218,0.41295143961906433,0.5140042304992676,-0.6196380257606506
553,0.4117390513420105,0.4255557954311371,-0.38120368123054504,0.36545702815055847,0.485384076833725,-0.4663989245891571,0.4261244535446167,0.5205926299095154,-0.7364320755004883
554,0.41480425000190735,0.4262852668762207,-0.2820110619068146,0.37350234389305115,0.4935775399208069,-0.36939361691474915,0.43294280767440796,0.5293704271316528,-0.6738765835762024
555,0.41933703422546387,0.4266131818294525,-0.3228738009929657,0.37431082129478455,0.4953884482383728,-0.3806917071342468,0.4357045888900757,0.5349677205085754,-0.7172133326530457
556,0.42290961742401123,0.4266151785850525,-0.257700651884079,0.3709600567817688,0.4963797926902771,-0.30216968059539795,0.4344550371170044,0.536014199256897,-0.5563982129096985
557,0.4227805733680725,0.4266456663608551,-0.1764277070760727,0.3690975308418274,0.4963048994541168,-0.2134438157081604,0.4338735342025757,0.5360109210014343,-0.46083763241767883
558,0.42604607343673706,0.4265475273132324,-0.23328039050102234,0.3684185743331909,0.49580812454223633,-0.26397716999053955,0.43196919560432434,0.5355413556098938,-0.48614904284477234
559,0.4287395775318146,0.42672914266586304,-0.40361273288726807,0.3671101927757263,0.49561166763305664,-0.34707215428352356,0.4300793409347534,0.5363059639930725,-0.510159969329834
560,0.4304102957248688,0.4273783564567566,-0.50869220495224,0.36636361479759216,0.49618664383888245,-0.42100855708122253,0.4304744303226471,0.5375802516937256,-0.5593504905700684
561,0.4337965250015259,0.42818722128868103,-0.46104148030281067,0.36464592814445496,0.49589037895202637,-0.4073983132839203,0.4294739067554474,0.5361174941062927,-0.5788220167160034
562,0.4359230399131775,0.42858800292015076,-0.40623050928115845,0.3643152117729187,0.49585312604904175,-0.31436970829963684,0.4323538541793823,0.5343784689903259,-0.4239676594734192
563,0.4374784231185913,0.42891794443130493,-0.4036486744880676,0.36420097947120667,0.49491453170776367,-0.33313149213790894,0.4316817820072174,0.5326982736587524,-0.46413856744766235
564,0.43980681896209717,0.42886996269226074,-0.3001214861869812,0.365275502204895,0.49296265840530396,-0.28709593415260315,0.43979039788246155,0.5291404128074646,-0.45083627104759216
565,0.4427589774131775,0.4289696216583252,-0.30717435479164124,0.3701803982257843,0.4941903054714203,-0.29301875829696655,0.4535374939441681,0.5284736752510071,-0.48539644479751587
566,0.44680875539779663,0.42902064323425293,-0.2940877676010132,0.37582024931907654,0.49624380469322205,-0.3103114664554596,0.46778199076652527,0.5279871225357056,-0.49445968866348267
567,0.45205068588256836,0.4286888539791107,-0.3572559058666229,0.38696080446243286,0.4988985061645508,-0.44622159004211426,0.46613240242004395,0.5248239636421204,-0.7268903255462646
568,0.456143856048584,0.4273776113986969,-0.3558409810066223,0.3977969288825989,0.4991828501224518,-0.4043538272380829,0.4759649932384491,0.5251054763793945,-0.6351756453514099
569,0.4564937651157379,0.42671141028404236,-0.3823070526123047,0.4012492299079895,0.5004963278770447,-0.4044731855392456,0.4796384274959564,0.5252670049667358,-0.6081623435020447
570,0.4571424722671509,0.42539483308792114,-0.5032929182052612,0.4091930389404297,0.5016413927078247,-0.5171793103218079,0.49350112676620483,0.5315202474594116,-0.7006243467330933
571,0.4620390236377716,0.42441487312316895,-0.5199176073074341,0.4169369041919708,0.5012709498405457,-0.5171545147895813,0.4920892119407654,0.535150408744812,-0.7023860216140747
572,0.46406102180480957,0.42406025528907776,-0.5087672472000122,0.41905200481414795,0.5011454820632935,-0.4997817575931549,0.4903327226638794,0.5378617644309998,-0.6857394576072693
573,0.46515190601348877,0.42417818307876587,-0.542425811290741,0.41742879152297974,0.5014986991882324,-0.521082878112793,0.48870566487312317,0.5386623740196228,-0.717415452003479
574,0.4674127697944641,0.4241503179073334,-0.5042734146118164,0.41662314534187317,0.5014339089393616,-0.45670196413993835,0.4856758415699005,0.539287269115448,-0.5944499373435974
575,0.4670358896255493,0.4242129325866699,-0.5035386085510254,0.41596120595932007,0.5012346506118774,-0.4419149160385132,0.4843038320541382,0.5396007895469666,-0.5818219780921936
576,0.4658038318157196,0.42460593581199646,-0.30992841720581055,0.4143242835998535,0.5040203928947449,-0.2706247568130493,0.48488637804985046,0.5411616563796997,-0.39752158522605896
577,0.4656173288822174,0.42504268884658813,-0.33592694997787476,0.413277268409729,0.5061966180801392,-0.3060753643512726,0.4867050051689148,0.5420390963554382,-0.45599865913391113
578,0.4651779532432556,0.42532020807266235,-0.4232325553894043,0.41276025772094727,0.5063233971595764,-0.37952667474746704,0.48600828647613525,0.5419833660125732,-0.573019802570343
579,0.46375828981399536,0.4257358908653259,-0.47936582565307617,0.41071373224258423,0.5066081285476685,-0.42839208245277405,0.48557692766189575,0.5417212247848511,-0.5914878249168396
580,0.4605078399181366,0.4268326163291931,-0.4685905873775482,0.40797874331474304,0.50652676820755,-0.41759973764419556,0.48514503240585327,0.5414315462112427,-0.5678492784500122
581,0.4588839113712311,0.42731696367263794,-0.4640525281429291,0.4042834937572479,0.5063163042068481,-0.4263191223144531,0.4844455420970917,0.5412335991859436,-0.6150964498519897
582,0.45736831426620483,0.4279955327510834,-0.40584877133369446,0.40121811628341675,0.5062882900238037,-0.41132909059524536,0.4815511107444763,0.5411898493766785,-0.6031808853149414
583,0.4548197388648987,0.4282778203487396,-0.4468827247619629,0.3954697549343109,0.5061793923377991,-0.4433087706565857,0.4706287384033203,0.5389307737350464,-0.6864253878593445
584,0.4520389437675476,0.4278900623321533,-0.4719410240650177,0.38407787680625916,0.4997113347053528,-0.4337487518787384,0.4570890963077545,0.5341064929962158,-0.6307699680328369
585,0.44737884402275085,0.4279450476169586,-0.46218010783195496,0.38424521684646606,0.5033282041549683,-0.42259886860847473,0.4676420986652374,0.5337581038475037,-0.5611627697944641
586,0.4447682201862335,0.42789536714553833,-0.5979183912277222,0.3717109262943268,0.5013390183448792,-0.6178448796272278,0.4339626431465149,0.5289889574050903,-0.8751068115234375
587,0.44367849826812744,0.42780986428260803,-0.5949816107749939,0.37018322944641113,0.4996910095214844,-0.6039671897888184,0.42602086067199707,0.525830864906311,-0.8479837775230408
588,0.443230003118515,0.4277198314666748,-0.6046504378318787,0.3722837567329407,0.4866553843021393,-0.6835103631019592,0.37637871503829956,0.5169388055801392,-1.0311552286148071
589,0.4390706419944763,0.4275847375392914,-0.6017276048660278,0.3682309091091156,0.4824602007865906,-0.5973244309425354,0.32058411836624146,0.5127813816070557,-0.9162713885307312
590,0.43606698513031006,0.42731818556785583,-0.49736496806144714,0.3587169945240021,0.4746822416782379,-0.5683347582817078,0.3180091977119446,0.5116690397262573,-0.88735032081604
591,0.43321144580841064,0.42694979906082153,-0.519667387008667,0.35233747959136963,0.4709324240684509,-0.6360148191452026,0.312752366065979,0.5067979097366333,-0.9754375219345093
592,0.4321547746658325,0.4268292486667633,-0.6303004622459412,0.34842410683631897,0.46684327721595764,-0.7804102301597595,0.3049393594264984,0.5025292038917542,-1.1967320442199707
593,0.4314417243003845,0.4268121123313904,-0.577899694442749,0.3398699164390564,0.46844273805618286,-0.7015936374664307,0.3015522062778473,0.5034341812133789,-1.0826166868209839
594,0.4283292591571808,0.4266960024833679,-0.6048195958137512,0.3371811807155609,0.46843424439430237,-0.7666497826576233,0.2992395758628845,0.505725622177124,-1.1956572532653809
595,0.4267902672290802,0.4254159927368164,-0.5731118321418762,0.3364497423171997,0.4664768576622009,-0.7079633474349976,0.30524948239326477,0.5063401460647583,-1.048205852508545
596,0.42694973945617676,0.4249829649925232,-0.487499862909317,0.33464354276657104,0.46799975633621216,-0.6034365892410278,0.30765500664711,0.5070520043373108,-0.9532020688056946
597,0.42768487334251404,0.4244929850101471,-0.5055520534515381,0.33194097876548767,0.46878981590270996,-0.6277042627334595,0.31650471687316895,0.5074011087417603,-1.0168684720993042
598,0.4278201162815094,0.4243587553501129,-0.6137017011642456,0.32219287753105164,0.469766765832901,-0.745039701461792,0.3392654359340668,0.5056278109550476,-1.1444724798202515
599,0.42793142795562744,0.4243583679199219,-0.6211070418357849,0.32009774446487427,0.4703742563724518,-0.7546743750572205,0.34478703141212463,0.5043733716011047,-1.1514077186584473
600,0.4283347725868225,0.4235444962978363,-0.6043769121170044,0.31828513741493225,0.4705095887184143,-0.7225483655929565,0.3598664104938507,0.5023114681243896,-1.087442398071289
601,0.42861998081207275,0.4232940673828125,-0.5913506150245667,0.3186527490615845,0.4725537896156311,-0.7372231483459473,0.38085874915122986,0.5029195547103882,-1.1465471982955933
602,0.4286779761314392,0.42206698656082153,-0.5854567885398865,0.32031142711639404,0.47313356399536133,-0.7253761291503906,0.4024149179458618,0.5005399584770203,-1.1269996166229248
603,0.428783118724823,0.4213869571685791,-0.5147616863250732,0.3250919580459595,0.4729747772216797,-0.622858464717865,0.42398956418037415,0.49870699644088745,-0.9454985857009888
604,0.43785175681114197,0.41872110962867737,-0.5323833227157593,0.3351871371269226,0.4711032509803772,-0.5956643223762512,0.4323975145816803,0.49569377303123474,-0.8770502805709839
605,0.4400104582309723,0.4180490970611572,-0.5387186408042908,0.3392864763736725,0.4698876440525055,-0.6255407929420471,0.4343438148498535,0.49463677406311035,-0.9547335505485535
606,0.4481106698513031,0.41746315360069275,-0.505952000617981,0.34909671545028687,0.46952587366104126,-0.5452527403831482,0.4563295245170593,0.495074987411499,-0.7859393358230591
607,0.4527999460697174,0.4170374274253845,-0.3610956072807312,0.3654341697692871,0.4705945551395416,-0.36887842416763306,0.4718337655067444,0.4949522018432617,-0.5909728407859802
608,0.45395490527153015,0.41707152128219604,-0.3266257047653198,0.38852158188819885,0.4750017523765564,-0.40295177698135376,0.49279648065567017,0.49548178911209106,-0.6470339298248291
609,0.45442745089530945,0.41710859537124634,-0.3806449770927429,0.4033540189266205,0.48149174451828003,-0.47337502241134644,0.5178343057632446,0.49584513902664185,-0.7186034321784973
610,0.4538719058036804,0.41678065061569214,-0.391989141702652,0.41281402111053467,0.48454371094703674,-0.5038217902183533,0.5350564122200012,0.49476510286331177,-0.7445365786552429
611,0.4542121887207031,0.4165535569190979,-0.3456507921218872,0.41577932238578796,0.4851524829864502,-0.48345619440078735,0.5387890338897705,0.4938630163669586,-0.7194139361381531
612,0.45467689633369446,0.41659170389175415,-0.38526326417922974,0.4118780493736267,0.48414215445518494,-0.5592091679573059,0.5310047268867493,0.49212345480918884,-0.8056439757347107
613,0.45429760217666626,0.41757911443710327,-0.3495410084724426,0.4039909243583679,0.4875245690345764,-0.48679491877555847,0.5241556167602539,0.4911971688270569,-0.712313175201416
614,0.4533124566078186,0.4176063537597656,-0.27770379185676575,0.4021911919116974,0.48805633187294006,-0.413669615983963,0.5134267807006836,0.4899703860282898,-0.6946514248847961
615,0.4478280246257782,0.4181562066078186,-0.49438345432281494,0.3857760429382324,0.4900340437889099,-0.6831206679344177,0.499674528837204,0.48900991678237915,-1.058440923690796
616,0.4426876902580261,0.41830629110336304,-0.4770612418651581,0.3673692047595978,0.48904433846473694,-0.6350265741348267,0.47136449813842773,0.48904895782470703,-0.9567959308624268
617,0.4411301910877228,0.4183123707771301,-0.5230345129966736,0.3629727363586426,0.48855337500572205,-0.669415295124054,0.46585899591445923,0.48919352889060974,-0.9941176772117615
618,0.4361448884010315,0.41831856966018677,-0.4364190697669983,0.34930703043937683,0.4876338541507721,-0.5151010155677795,0.44471779465675354,0.4933573305606842,-0.7922707200050354
619,0.43037083745002747,0.41837310791015625,-0.5444091558456421,0.3485153317451477,0.48587146401405334,-0.6792311072349548,0.44113048911094666,0.4996461868286133,-0.9924346804618835
620,0.42334645986557007,0.4188092350959778,-0.5455004572868347,0.3406655192375183,0.4864724278450012,-0.6302036046981812,0.4475618600845337,0.5115193128585815,-0.856165885925293
621,0.41601279377937317,0.4194492697715759,-0.49678629636764526,0.3336501717567444,0.4873085618019104,-0.48282164335250854,0.41573095321655273,0.5157206654548645,-0.7291420698165894
622,0.40941154956817627,0.41942834854125977,-0.40631988644599915,0.3150009214878082,0.4841553270816803,-0.3544296324253082,0.33938589692115784,0.5130401849746704,-0.5873688459396362
623,0.406438410282135,0.4193863868713379,-0.38080185651779175,0.3154517114162445,0.4840098023414612,-0.347806453704834,0.3352077901363373,0.5126267671585083,-0.5911282300949097
624,0.39919403195381165,0.42004385590553284,-0.3764737844467163,0.30738091468811035,0.4837876856327057,-0.3778637647628784,0.30956074595451355,0.5127021670341492,-0.6335008144378662
625,0.39288875460624695,0.42123275995254517,-0.36849862337112427,0.3041694760322571,0.48379307985305786,-0.396327942609787,0.2878711223602295,0.5169717669487,-0.6851651072502136
626,0.38535940647125244,0.42278772592544556,-0.3503916263580322,0.29862743616104126,0.48445695638656616,-0.4063045382499695,0.27121827006340027,0.5195344686508179,-0.7000342607498169
627,0.3786027729511261,0.424834668636322,-0.43176618218421936,0.29692673683166504,0.48445025086402893,-0.4532671570777893,0.24826854467391968,0.5206234455108643,-0.7316400408744812
628,0.37184521555900574,0.4265001714229584,-0.4555361866950989,0.2901136577129364,0.4870700240135193,-0.39958664774894714,0.23245769739151,0.524250864982605,-0.5826256275177002
629,0.369676411151886,0.4270598888397217,-0.4496007561683655,0.2913077771663666,0.4878629744052887,-0.41861626505851746,0.23013611137866974,0.5232451558113098,-0.6427655816078186
630,0.36692801117897034,0.4271766245365143,-0.31999072432518005,0.29304972290992737,0.48777228593826294,-0.30260366201400757,0.2312968522310257,0.5225227475166321,-0.5166710615158081
631,0.36454111337661743,0.42772263288497925,-0.2509615123271942,0.287657767534256,0.48842206597328186,-0.2892867922782898,0.22452008724212646,0.522449254989624,-0.5550897121429443
632,0.36311212182044983,0.42852234840393066,-0.1320158988237381,0.28778254985809326,0.4888988137245178,-0.2248707264661789,0.2324669510126114,0.5203298330307007,-0.5580974817276001
633,0.3613201975822449,0.42922982573509216,-0.24386034905910492,0.28554072976112366,0.489917516708374,-0.2599821090698242,0.22894859313964844,0.5198670625686646,-0.6736804246902466
634,0.36126285791397095,0.4301885962486267,-0.15150325000286102,0.28693971037864685,0.4908373951911926,-0.2211194634437561,0.23140576481819153,0.5195899605751038,-0.5222722291946411
635,0.3615134358406067,0.43059834837913513,-0.010211081244051456,0.28788188099861145,0.4907805323600769,-0.10693710297346115,0.22905294597148895,0.5151067972183228,-0.4200412333011627
636,0.36180275678634644,0.43123340606689453,-0.02981870248913765,0.28888922929763794,0.4906617999076843,-0.08385945111513138,0.2291613072156906,0.5152302980422974,-0.33698052167892456
637,0.3621117174625397,0.4311075806617737,-0.1348203718662262,0.2894718050956726,0.49014562368392944,-0.12119009345769882,0.2308109700679779,0.5154279470443726,-0.5022670030593872
638,0.3628078103065491,0.4309846758842468,-0.1450985223054886,0.29209771752357483,0.48904624581336975,-0.2624152600765228,0.2330569624900818,0.5154558420181274,-0.6182380318641663
639,0.36391395330429077,0.43071073293685913,-0.2036931961774826,0.2954155206680298,0.48826342821121216,-0.27200546860694885,0.2318093627691269,0.5143465399742126,-0.5835206508636475
640,0.3686063885688782,0.43057435750961304,-0.19148847460746765,0.2959991991519928,0.4882628917694092,-0.22442872822284698,0.23324960470199585,0.5123797655105591,-0.45989760756492615
641,0.37151455879211426,0.4304474890232086,-0.15427039563655853,0.29603374004364014,0.48856320977211,-0.20602330565452576,0.23377197980880737,0.512262761592865,-0.46325981616973877
642,0.3750925362110138,0.4302569031715393,-0.23600554466247559,0.30418136715888977,0.4887999892234802,-0.23730745911598206,0.2406277358531952,0.5123671293258667,-0.48401138186454773
643,0.38196003437042236,0.4296596944332123,-0.2638933062553406,0.32072147727012634,0.4889761507511139,-0.22089114785194397,0.24111081659793854,0.5124710202217102,-0.34137827157974243
644,0.3896304965019226,0.4289197325706482,-0.20378246903419495,0.32637718319892883,0.492418110370636,-0.10058549046516418,0.2408255934715271,0.5127867460250854,-0.15045133233070374
645,0.3954358398914337,0.4268650412559509,-0.20759762823581696,0.33475062251091003,0.4885692000389099,-0.3552451729774475,0.349556028842926,0.5024332404136658,-0.6749087572097778
646,0.40435880422592163,0.4233163297176361,-0.18089590966701508,0.3576803505420685,0.49164262413978577,-0.3413246273994446,0.40677765011787415,0.50072181224823,-0.6360064744949341
647,0.40717267990112305,0.42293888330459595,-0.14460770785808563,0.36126336455345154,0.49366044998168945,-0.3194120526313782,0.42199185490608215,0.4976324141025543,-0.6053210496902466
648,0.41019871830940247,0.42295050621032715,-0.18666192889213562,0.38396382331848145,0.4964900016784668,-0.3775140643119812,0.5296900868415833,0.49530115723609924,-0.5637536644935608
649,0.41965916752815247,0.4231302738189697,-0.25304847955703735,0.40837517380714417,0.5031808018684387,-0.3694017231464386,0.5649384260177612,0.49636584520339966,-0.44156956672668457
650,0.42590755224227905,0.42318376898765564,-0.24257126450538635,0.42204755544662476,0.5051424503326416,-0.40545761585235596,0.5655059814453125,0.49570149183273315,-0.5314589738845825
651,0.43803855776786804,0.4220952093601227,-0.26099514961242676,0.4530380964279175,0.5039322972297668,-0.40519851446151733,0.5989171266555786,0.49238020181655884,-0.5291005373001099
652,0.447262704372406,0.42138510942459106,-0.2720019519329071,0.46877801418304443,0.5029325485229492,-0.40623775124549866,0.6124271154403687,0.4909893572330475,-0.5038582682609558
653,0.4479840099811554,0.42112889885902405,-0.2656719982624054,0.4724614918231964,0.5024626851081848,-0.34689250588417053,0.6091774702072144,0.4910183846950531,-0.3822115659713745
654,0.46251997351646423,0.4189623296260834,-0.27772876620292664,0.49277907609939575,0.49693912267684937,-0.34581390023231506,0.6236780285835266,0.4904050827026367,-0.24913445115089417
655,0.47242969274520874,0.4167422652244568,-0.2167481929063797,0.5223527550697327,0.49370521306991577,-0.2501647174358368,0.6345553994178772,0.493490993976593,-0.13728556036949158
656,0.4808170795440674,0.41673389077186584,-0.31530895829200745,0.5387360453605652,0.493978887796402,-0.365859717130661,0.6490512490272522,0.5025280117988586,-0.2953643798828125
657,0.492800772190094,0.4149787425994873,-0.21708659827709198,0.5380905866622925,0.492338091135025,-0.24646809697151184,0.6451103091239929,0.5040704011917114,-0.15328729152679443
658,0.49959081411361694,0.41363176703453064,-0.20263417065143585,0.547196090221405,0.48385825753211975,-0.2314310073852539,0.6515581011772156,0.48763689398765564,-0.06729825586080551
659,0.5007193088531494,0.4134823679924011,-0.2053239643573761,0.5447471141815186,0.48521026968955994,-0.2201046645641327,0.6553507447242737,0.4878391623497009,-0.012751190923154354
660,0.5008538961410522,0.41259947419166565,-0.2127712070941925,0.5356920957565308,0.4864025115966797,-0.23449371755123138,0.6540852189064026,0.484830766916275,-0.16280238330364227
661,0.5002577900886536,0.4117588996887207,-0.024354765191674232,0.5274914503097534,0.48663538694381714,-0.05895588546991348,0.6429042816162109,0.46322140097618103,0.07223720848560333
662,0.5007433295249939,0.4118153154850006,-0.06735965609550476,0.5216876268386841,0.48670753836631775,-0.15977710485458374,0.6116213202476501,0.4404063820838928,-0.045779451727867126
663,0.5150566697120667,0.41145259141921997,0.24673613905906677,0.5209198594093323,0.46628040075302124,0.2417042851448059,0.6139411330223083,0.42987456917762756,0.37363702058792114
664,0.5096181631088257,0.41123947501182556,0.2895335853099823,0.5077347755432129,0.46890026330947876,0.2622464597225189,0.5479795932769775,0.5193732380867004,0.17924046516418457
665,0.5146114826202393,0.4112800061702728,0.30323725938796997,0.5075690150260925,0.47396141290664673,0.27108705043792725,0.5504775047302246,0.510764479637146,0.21001188457012177
666,0.5161020755767822,0.4087335169315338,0.3269274830818176,0.5083078742027283,0.4703458249568939,0.23990148305892944,0.5648459792137146,0.4788537919521332,0.11630003899335861
667,0.5131019353866577,0.4085141122341156,0.21878467500209808,0.5026640295982361,0.4734247624874115,0.15343958139419556,0.5309614539146423,0.5050658583641052,0.0803733691573143
668,0.515536904335022,0.40874847769737244,0.35368600487709045,0.509710967540741,0.4736765921115875,0.13649995625019073,0.5852469801902771,0.45276975631713867,-0.03454603999853134
669,0.515172004699707,0.4093267023563385,0.32050225138664246,0.5098176598548889,0.46666058897972107,0.11918617784976959,0.6024560332298279,0.4373096525669098,-0.09737079590559006
670,0.5143965482711792,0.40977755188941956,0.1127919852733612,0.5111616253852844,0.45898598432540894,-0.021748822182416916,0.6007249355316162,0.43042054772377014,-0.20061920583248138
671,0.513601541519165,0.409769207239151,-0.24424026906490326,0.6233811974525452,0.42710384726524353,-0.3895491361618042,0.7394073605537415,0.39810794591903687,-0.4176623821258545
672,0.513778030872345,0.41074663400650024,-0.2199057638645172,0.6046316623687744,0.4440526068210602,-0.3587017357349396,0.6869199872016907,0.40501242876052856,-0.4951571226119995
673,0.5073092579841614,0.40774625539779663,-0.29132044315338135,0.5790460109710693,0.4503072202205658,-0.4745802581310272,0.7094056010246277,0.4096023142337799,-0.5453137159347534
674,0.5025665163993835,0.40836626291275024,-0.3142281770706177,0.6427003145217896,0.44823747873306274,-0.4960395395755768,0.7981997132301331,0.4145136773586273,-0.49131858348846436
675,0.49311405420303345,0.40880513191223145,-0.19212131202220917,0.5281054377555847,0.4732692837715149,-0.39925020933151245,0.652838408946991,0.43818458914756775,-0.5788084268569946
676,0.4831177592277527,0.4088829457759857,-0.22653886675834656,0.5006377100944519,0.4874300956726074,-0.46450626850128174,0.5844757556915283,0.43827924132347107,-0.7577264308929443
677,0.4793910086154938,0.40947216749191284,-0.26463189721107483,0.4947127401828766,0.49095314741134644,-0.5062395930290222,0.5745969414710999,0.4390721321105957,-0.7973012924194336
678,0.4730181097984314,0.4109354615211487,-0.08241434395313263,0.4612998068332672,0.48820653557777405,-0.3309962749481201,0.5666090846061707,0.43977460265159607,-0.6057873368263245
679,0.46802493929862976,0.41248878836631775,-0.16157180070877075,0.4558699429035187,0.48599496483802795,-0.35777050256729126,0.5735621452331543,0.4465886056423187,-0.5940696001052856
680,0.46416303515434265,0.4139234125614166,0.051810842007398605,0.4723880887031555,0.4936446249485016,-0.18053442239761353,0.5790619254112244,0.4476523995399475,-0.4204825460910797
681,0.45346519351005554,0.4140854477882385,-0.02799374796450138,0.46963220834732056,0.4937349259853363,-0.20221924781799316,0.561228334903717,0.4752396047115326,-0.44142434000968933
682,0.4462939500808716,0.4155313968658447,-0.310379296541214,0.46400031447410583,0.4918157458305359,-0.4904716908931732,0.549923300743103,0.4663027226924896,-0.7864561080932617
683,0.4446618854999542,0.41519418358802795,-0.19816800951957703,0.4625089466571808,0.4879094660282135,-0.4024767577648163,0.5498507022857666,0.4473109841346741,-0.6484324336051941
684,0.44804590940475464,0.4113200306892395,0.11097592115402222,0.4568786919116974,0.4804888665676117,0.11976222693920135,0.525632917881012,0.4647330343723297,0.16064637899398804
685,0.4364209771156311,0.41139864921569824,-0.002478955080732703,0.4515284299850464,0.48447713255882263,-0.11068849265575409,0.5291666388511658,0.46385425329208374,-0.18832994997501373
686,0.42554953694343567,0.4128788113594055,-0.17232510447502136,0.41595733165740967,0.48476681113243103,-0.17138591408729553,0.45675742626190186,0.4859897196292877,-0.2596985995769501
687,0.4125405251979828,0.4150792956352234,-0.15175560116767883,0.4003100097179413,0.49188312888145447,-0.10746245086193085,0.46355950832366943,0.5118311643600464,-0.12214390188455582
688,0.40451693534851074,0.4178960919380188,-0.22834515571594238,0.41115155816078186,0.49493536353111267,-0.20895510911941528,0.50156170129776,0.49527111649513245,-0.16583386063575745
689,0.3985716998577118,0.41777855157852173,-0.19928501546382904,0.42124325037002563,0.4908859133720398,-0.2581733465194702,0.5127435326576233,0.4781414568424225,-0.23791472613811493
690,0.3947673439979553,0.41762763261795044,0.009407158941030502,0.4246988594532013,0.48325496912002563,-0.05888280272483826,0.5166851878166199,0.45591941475868225,-0.05170062929391861
691,0.38970136642456055,0.4196571409702301,-0.15983706712722778,0.4274149537086487,0.49208346009254456,-0.12087562680244446,0.5541753172874451,0.49477142095565796,-0.07568728178739548
692,0.38374075293540955,0.4196222424507141,-0.20591187477111816,0.4304351508617401,0.49672961235046387,-0.2018345147371292,0.5672516822814941,0.5034228563308716,-0.08499725908041
693,0.38092684745788574,0.4207284450531006,-0.3251272141933441,0.4332631826400757,0.49833574891090393,-0.3288438022136688,0.5905551910400391,0.5250927209854126,-0.23175600171089172
694,0.3783949017524719,0.4214101731777191,-0.23713964223861694,0.4503156542778015,0.4978373646736145,-0.2681565284729004,0.5797048807144165,0.5189054608345032,-0.08786503225564957
695,0.3802162706851959,0.42388543486595154,-0.40054816007614136,0.45308083295822144,0.5018359422683716,-0.4168722927570343,0.6005930304527283,0.5400810241699219,-0.324133962392807
696,0.380264014005661,0.4233129024505615,-0.11025237292051315,0.45143789052963257,0.49866169691085815,-0.11961589753627777,0.5744794011116028,0.5280369520187378,0.06320129334926605
697,0.3728446662425995,0.4231150150299072,-0.19687026739120483,0.4176344871520996,0.4941151738166809,-0.291644424200058,0.4938722252845764,0.4557059705257416,-0.25184381008148193
698,0.3692185580730438,0.4220777153968811,-0.19634267687797546,0.4205215573310852,0.49319830536842346,-0.2776864469051361,0.5129411816596985,0.4624640941619873,-0.23835161328315735
699,0.36905649304389954,0.42193642258644104,-0.31672418117523193,0.41730329394340515,0.4929529130458832,-0.38759616017341614,0.5450247526168823,0.4814327359199524,-0.3029276132583618
700,0.3698097765445709,0.4217340350151062,-0.31630489230155945,0.4212861657142639,0.4937288165092468,-0.34562501311302185,0.560002863407135,0.48580440878868103,-0.26464810967445374
701,0.3703850507736206,0.42161592841148376,-0.2937488555908203,0.4201476275920868,0.49428004026412964,-0.33607062697410583,0.5597159266471863,0.4902334213256836,-0.2760624587535858
702,0.3715093433856964,0.41896405816078186,-0.28108856081962585,0.4204787313938141,0.4942101538181305,-0.3241848945617676,0.5717760920524597,0.5072754621505737,-0.2836734652519226
703,0.3720303773880005,0.4159952700138092,-0.3751177191734314,0.4222448170185089,0.494190514087677,-0.44170376658439636,0.5824244022369385,0.5138444304466248,-0.4499858021736145
704,0.3716799020767212,0.41385596990585327,-0.32931166887283325,0.41230493783950806,0.49110478162765503,-0.41253092885017395,0.5759783983230591,0.5110752582550049,-0.46356019377708435
705,0.3718505799770355,0.4140414297580719,-0.23672078549861908,0.4150215685367584,0.49103665351867676,-0.3196808099746704,0.5667846202850342,0.48927435278892517,-0.28817641735076904
706,0.3722153604030609,0.4142901301383972,-0.24518123269081116,0.41017764806747437,0.49188804626464844,-0.41488784551620483,0.5270832180976868,0.4763087332248688,-0.5388078093528748
707,0.3725321888923645,0.41448408365249634,-0.2940636873245239,0.4041629731655121,0.49175959825515747,-0.4961607754230499,0.517280638217926,0.47489261627197266,-0.663055419921875
708,0.3777318000793457,0.41455259919166565,-0.030999567359685898,0.3856939673423767,0.48392099142074585,-0.30785179138183594,0.48935365676879883,0.46255773305892944,-0.486189603805542
709,0.38541674613952637,0.41409626603126526,-0.16470786929130554,0.35908469557762146,0.4764842987060547,-0.4086349606513977,0.47891372442245483,0.46373143792152405,-0.5595211386680603
710,0.38947945833206177,0.41393908858299255,-0.22963012754917145,0.3317856788635254,0.4615717828273773,-0.538255512714386,0.45332786440849304,0.45729193091392517,-0.8135446310043335
711,0.3984433114528656,0.4132309556007385,-0.32704001665115356,0.31286346912384033,0.45297059416770935,-0.6327683329582214,0.43632766604423523,0.44916924834251404,-0.9551813006401062
712,0.40508538484573364,0.4159312844276428,-0.1949407309293747,0.3683491051197052,0.45392122864723206,-0.5149602890014648,0.46261051297187805,0.4498048424720764,-0.741900622844696
713,0.40360182523727417,0.4175069332122803,-0.21312010288238525,0.3683300316333771,0.4544396996498108,-0.5179197788238525,0.4566836357116699,0.4509431719779968,-0.7827580571174622
714,0.40443190932273865,0.417182058095932,-0.24572481215000153,0.36891353130340576,0.4612564146518707,-0.548659086227417,0.4680028557777405,0.4426763653755188,-0.8265808820724487
715,0.4042132496833801,0.4179045557975769,-0.31711408495903015,0.4530508816242218,0.48756837844848633,-0.5183048844337463,0.530574381351471,0.4488200545310974,-0.7488075494766235
716,0.40487322211265564,0.4184488356113434,-0.5164381265640259,0.4661531150341034,0.4984578490257263,-0.6097387671470642,0.5949995517730713,0.5038484930992126,-0.7168124914169312
717,0.40819457173347473,0.4208831191062927,-0.4539334177970886,0.4883632957935333,0.5096374750137329,-0.5979915261268616,0.6803954839706421,0.5295526385307312,-0.5299896001815796
718,0.42531368136405945,0.4209569990634918,-0.4505014717578888,0.4805731177330017,0.5042001605033875,-0.4019642174243927,0.6357742547988892,0.5165776014328003,-0.40206795930862427
719,0.42783525586128235,0.4208931028842926,-0.3846031725406647,0.4721262753009796,0.5011252164840698,-0.42215490341186523,0.6088937520980835,0.512324333190918,-0.4681166708469391
720,0.443772554397583,0.4212031960487366,-0.014509954489767551,0.400680273771286,0.4892912805080414,-0.13275660574436188,0.449302077293396,0.5097889304161072,-0.30562537908554077
721,0.45628052949905396,0.4209035336971283,-0.06250788271427155,0.40475863218307495,0.4833579659461975,-0.2554599940776825,0.47346797585487366,0.45687443017959595,-0.43038448691368103
722,0.46552687883377075,0.4134657382965088,-0.1081477478146553,0.3898499011993408,0.4747416377067566,-0.32290294766426086,0.4978882372379303,0.44785624742507935,-0.5807576775550842
723,0.47351276874542236,0.41329455375671387,-0.0013371316017583013,0.3938627541065216,0.4776480793952942,-0.2139093428850174,0.5336825847625732,0.4586080014705658,-0.44564488530158997
724,0.4732837677001953,0.41350144147872925,0.04490424320101738,0.3969361484050751,0.47820132970809937,-0.2216765284538269,0.5363625288009644,0.46168413758277893,-0.4601639211177826
725,0.4820270836353302,0.4132250249385834,0.04879460483789444,0.4531985819339752,0.47851189970970154,-0.1678675413131714,0.5827140212059021,0.4618356227874756,-0.3836579918861389
726,0.49108344316482544,0.41350921988487244,0.06826484203338623,0.4824114441871643,0.4836544394493103,-0.17736436426639557,0.6082423329353333,0.46285900473594666,-0.4133448004722595
727,0.5041475892066956,0.41331785917282104,-0.1264842301607132,0.5132947564125061,0.48696762323379517,-0.28070223331451416,0.6543792486190796,0.47839075326919556,-0.3606288433074951
728,0.5095682144165039,0.4135093688964844,-0.09503266215324402,0.518199622631073,0.49242180585861206,-0.24457530677318573,0.6488187313079834,0.48404550552368164,-0.36623722314834595
729,0.506942868232727,0.4138765335083008,-0.03513691946864128,0.5086835026741028,0.4979008138179779,-0.20668165385723114,0.6398960947990417,0.4915596842765808,-0.36372604966163635
730,0.510851263999939,0.41252055764198303,-0.006693336647003889,0.5099002122879028,0.5003284215927124,-0.13393385708332062,0.638620138168335,0.49490442872047424,-0.36672693490982056
731,0.5128848552703857,0.4109016954898834,-0.07056644558906555,0.5167534351348877,0.499739408493042,-0.18611539900302887,0.6458790302276611,0.5008658170700073,-0.385213166475296
732,0.5155535936355591,0.40943455696105957,-0.06894394755363464,0.5149129629135132,0.49959439039230347,-0.1696435958147049,0.6429904699325562,0.5054799914360046,-0.23316796123981476
733,0.5188904404640198,0.4095362722873688,-0.0773865357041359,0.5169034600257874,0.49879422783851624,-0.17825131118297577,0.6420303583145142,0.5013773441314697,-0.23331351578235626
734,0.5307671427726746,0.40846332907676697,-0.04765777662396431,0.5250844955444336,0.48415565490722656,-0.1583615243434906,0.6435821056365967,0.49921804666519165,-0.23600804805755615
735,0.5337445735931396,0.4084020256996155,0.14370524883270264,0.5403161644935608,0.47092896699905396,-0.05640847980976105,0.644284725189209,0.4867940843105316,-0.19177182018756866
736,0.5343411564826965,0.4073520600795746,0.1886548548936844,0.5429208278656006,0.46907782554626465,-0.008698251098394394,0.6446466445922852,0.4828745722770691,-0.12314583361148834
737,0.5408587455749512,0.4077015519142151,0.14141812920570374,0.5576106309890747,0.4648137092590332,-0.018763508647680283,0.6422868371009827,0.4555226266384125,-0.008535022847354412
738,0.5449246764183044,0.41346821188926697,0.1826486438512802,0.5478591322898865,0.4671935439109802,0.1314527541399002,0.5783283710479736,0.48477044701576233,-0.037836335599422455
739,0.5378984808921814,0.41641849279403687,0.30938273668289185,0.5404736995697021,0.4740372598171234,0.3153090476989746,0.5813429355621338,0.4804926812648773,0.33319464325904846
740,0.533170223236084,0.4165996015071869,0.2562888562679291,0.5370184183120728,0.4793809950351715,0.17109836637973785,0.5810627937316895,0.5006197094917297,0.03053196892142296
741,0.5316352248191833,0.4154209494590759,0.3417358994483948,0.5361120700836182,0.4792737364768982,0.2466340810060501,0.5733855962753296,0.5051354169845581,0.057750437408685684
743,0.5230916142463684,0.39938825368881226,0.3147731423377991,0.530585765838623,0.44878125190734863,0.07188908755779266,0.6187881827354431,0.44274282455444336,-0.15786753594875336
744,0.5040477514266968,0.41298967599868774,-0.02936033345758915,0.5314427614212036,0.4888203740119934,-0.05124807357788086,0.6233588457107544,0.5071221590042114,-0.029570188373327255
745,0.5067015886306763,0.41620221734046936,0.07547072321176529,0.49369654059410095,0.4841024875640869,-0.011863984167575836,0.5425237417221069,0.49394670128822327,-0.07839307188987732
746,0.5025081038475037,0.4181199073791504,-0.2201664000749588,0.4940328001976013,0.48628345131874084,-0.44852015376091003,0.5699326992034912,0.47901225090026855,-0.7101361751556396
747,0.5009788274765015,0.41954389214515686,0.2242439240217209,0.48538607358932495,0.48667821288108826,-0.1293729692697525,0.5748969912528992,0.4730168282985687,-0.41165071725845337
748,0.4993951916694641,0.4196499288082123,0.209196075797081,0.4850439429283142,0.4898073673248291,-0.09462767839431763,0.5880933403968811,0.4684825837612152,-0.309426486492157
749,0.5005252957344055,0.4209398329257965,0.19987240433692932,0.4759061634540558,0.4879791736602783,-0.07604314386844635,0.544079601764679,0.4691081941127777,-0.31269681453704834
750,0.5009546875953674,0.4220563471317291,0.13641215860843658,0.49234136939048767,0.48543888330459595,-0.12899912893772125,0.5677236318588257,0.4678586423397064,-0.32470354437828064
751,0.4965566098690033,0.4206646978855133,0.11536583304405212,0.48865747451782227,0.48732224106788635,-0.17898352444171906,0.5746941566467285,0.4766271710395813,-0.44111505150794983
752,0.48606613278388977,0.4240872859954834,-0.01423629280179739,0.46930646896362305,0.4883562922477722,-0.30411818623542786,0.5696320533752441,0.47484534978866577,-0.669718861579895
753,0.48102450370788574,0.42581772804260254,0.06197106093168259,0.4512138068675995,0.48818111419677734,-0.19466820359230042,0.5419734716415405,0.4653521478176117,-0.46637585759162903
754,0.47934311628341675,0.42488008737564087,0.08620006591081619,0.43599727749824524,0.48702818155288696,-0.049680836498737335,0.47879281640052795,0.4822148382663727,-0.3425140678882599
755,0.4716726541519165,0.4241887032985687,0.09191104024648666,0.4432673454284668,0.48580464720726013,-0.11086498200893402,0.5103534460067749,0.4789750576019287,-0.41093766689300537
756,0.4687192142009735,0.42373037338256836,-0.18961931765079498,0.5309896469116211,0.487670361995697,-0.27069422602653503,0.6594921350479126,0.4797416627407074,-0.18215706944465637
757,0.4564165771007538,0.4221037030220032,-0.05404225364327431,0.5241276621818542,0.4878925681114197,-0.20185790956020355,0.6185189485549927,0.4683055281639099,-0.2415516972541809
758,0.446486234664917,0.4228297173976898,0.10064902901649475,0.4183116853237152,0.4890561103820801,-0.06295164674520493,0.44698062539100647,0.4704844355583191,-0.2823678255081177
759,0.4468071758747101,0.4252993166446686,-0.031281519681215286,0.43796220421791077,0.5021715760231018,-0.042682990431785583,0.5429196953773499,0.47526150941848755,0.14161013066768646
760,0.44516000151634216,0.4272388517856598,-0.05820370838046074,0.44612711668014526,0.507501482963562,-0.0691070631146431,0.5711347460746765,0.4792333245277405,0.022879663854837418
761,0.43811163306236267,0.4267435073852539,-0.16552111506462097,0.4498855173587799,0.5082525014877319,-0.13729313015937805,0.5793181657791138,0.4782234728336334,-0.0045466553419828415
762,0.43030908703804016,0.42845815420150757,-0.30432477593421936,0.45251965522766113,0.5218116641044617,-0.35958442091941833,0.5645939111709595,0.47996392846107483,-0.40345048904418945
763,0.4212504029273987,0.42791447043418884,-0.14759260416030884,0.45173075795173645,0.5159670114517212,-0.22383026778697968,0.5719751715660095,0.5022672414779663,-0.12619471549987793
764,0.41674402356147766,0.4277922213077545,-0.15206500887870789,0.4550606310367584,0.5129700899124146,-0.1942860335111618,0.5890334844589233,0.4938887655735016,-0.0700044184923172
765,0.4081995189189911,0.4275875687599182,-0.13716760277748108,0.4520353674888611,0.5109409093856812,-0.19164548814296722,0.5850660800933838,0.4651715159416199,-0.03697758913040161
766,0.40614137053489685,0.4272944927215576,-0.049973249435424805,0.4508260190486908,0.513337254524231,-0.06935331970453262,0.5829740166664124,0.4752102494239807,0.028349049389362335
767,0.40064138174057007,0.427103191614151,-0.05285342410206795,0.449115127325058,0.5078879594802856,-0.11735187470912933,0.5884712934494019,0.48138636350631714,-0.0908229798078537
768,0.3956737220287323,0.42675429582595825,0.012674905359745026,0.44835028052330017,0.5038906931877136,0.018998512998223305,0.5708649158477783,0.47212180495262146,0.22328583896160126
769,0.38821297883987427,0.4269278049468994,0.02357080765068531,0.4357289671897888,0.5031015276908875,-0.011808176524937153,0.5564830899238586,0.4723823666572571,0.13012199103832245
770,0.38303205370903015,0.4269605576992035,-6.595833110623062e-05,0.432370126247406,0.5044568181037903,-0.017337968572974205,0.5470114350318909,0.47670918703079224,0.08631277829408646
771,0.38139867782592773,0.42702516913414,0.06789382547140121,0.3818402588367462,0.5009218454360962,-0.025815851986408234,0.36067208647727966,0.5079442858695984,-0.35538551211357117
772,0.3791945278644562,0.42696553468704224,0.05178239569067955,0.3890994191169739,0.4977046847343445,-0.04418375715613365,0.39671456813812256,0.5062119364738464,-0.394339919090271
773,0.3786185681819916,0.4271875023841858,0.059151723980903625,0.38867539167404175,0.4981352686882019,-0.018900370225310326,0.390874445438385,0.5172957181930542,-0.33370858430862427
774,0.3773667514324188,0.42773333191871643,0.004142169840633869,0.39672258496284485,0.49955978989601135,-0.08865705877542496,0.47840118408203125,0.4858531057834625,-0.10809767991304398
775,0.37906768918037415,0.42764559388160706,0.0037211868911981583,0.40178436040878296,0.49910134077072144,-0.021716037765145302,0.5112037658691406,0.4848804473876953,0.08993769437074661
776,0.379547655582428,0.4276357591152191,0.028366127982735634,0.41358956694602966,0.5039222836494446,0.002391760004684329,0.5343190431594849,0.4845609664916992,0.14809240400791168
777,0.3803614377975464,0.4274177551269531,-0.0786464661359787,0.43293046951293945,0.5051137804985046,-0.08457406610250473,0.5492163896560669,0.4796207547187805,0.11453937739133835
778,0.3860088288784027,0.42736300826072693,-0.07509276270866394,0.4318358600139618,0.5053074359893799,-0.13270463049411774,0.5490518808364868,0.4805806279182434,0.04756965488195419
779,0.3863201141357422,0.4273335337638855,-0.007774476893246174,0.4320600628852844,0.5052753686904907,-0.07613712549209595,0.5482175350189209,0.4808536469936371,0.027650298550724983
780,0.38660457730293274,0.42760252952575684,-0.008642083033919334,0.423134982585907,0.5108011960983276,-0.04576277732849121,0.5074034929275513,0.4972013533115387,-0.07960063964128494
781,0.39300137758255005,0.42843061685562134,-0.05086463689804077,0.4333624541759491,0.5136696100234985,-0.04622480645775795,0.526671826839447,0.5071612596511841,-0.015649957582354546
782,0.3962380290031433,0.42910152673721313,0.03514361009001732,0.41945165395736694,0.513403058052063,0.018251465633511543,0.5099433660507202,0.5398169755935669,-0.040693461894989014
783,0.40215933322906494,0.429246187210083,0.027972880750894547,0.4257243573665619,0.5169228315353394,-0.0007605208083987236,0.522777795791626,0.5364839434623718,-0.03933846578001976
784,0.4052823781967163,0.42921581864356995,-0.020805735141038895,0.42720022797584534,0.515688955783844,-0.06791062653064728,0.5508213639259338,0.539137065410614,-0.10390086472034454
785,0.4108060300350189,0.4293211102485657,0.03186976909637451,0.447323739528656,0.5174857378005981,-0.03066077269613743,0.5602719783782959,0.5339364409446716,-0.046601612120866776
786,0.4141014814376831,0.4293023645877838,-0.08448902517557144,0.4528912305831909,0.5168190002441406,-0.043668411672115326,0.5657549500465393,0.5113075971603394,0.0722733661532402
787,0.42336973547935486,0.42928868532180786,0.15424315631389618,0.46536245942115784,0.5122388601303101,0.011598565615713596,0.5710795521736145,0.4994766116142273,0.03887762874364853
788,0.44522377848625183,0.42875099182128906,0.22277601063251495,0.47725343704223633,0.4913104474544525,0.28296175599098206,0.5696101784706116,0.4801342487335205,0.6176045536994934
789,0.45188483595848083,0.42490869760513306,0.18609172105789185,0.49601250886917114,0.4812483787536621,0.271618515253067,0.577509880065918,0.47709518671035767,0.5810379981994629
790,0.4515219032764435,0.42302098870277405,0.17186087369918823,0.4956620931625366,0.47885528206825256,0.11015878617763519,0.5835372805595398,0.4843073785305023,0.13015064597129822
791,0.4478360116481781,0.4291662275791168,-0.08225646615028381,0.5055142045021057,0.5056626796722412,-0.1766587197780609,0.6314220428466797,0.5189247131347656,-0.17595256865024567
792,0.4495396912097931,0.4327263832092285,-0.03661626577377319,0.5059913396835327,0.5139811038970947,-0.14805851876735687,0.6419399976730347,0.522713840007782,-0.206569105386734
793,0.45380935072898865,0.4353927969932556,-0.03324601799249649,0.5072964429855347,0.5175782442092896,-0.15822137892246246,0.6390608549118042,0.5307608842849731,-0.23760053515434265
794,0.4617360830307007,0.43516650795936584,-0.2258283644914627,0.5061297416687012,0.5150460004806519,-0.3780714273452759,0.6468741297721863,0.5258355736732483,-0.5254529714584351
795,0.46233776211738586,0.43321555852890015,-0.14020726084709167,0.49116629362106323,0.5148655772209167,-0.3420504033565521,0.63657146692276,0.5101187229156494,-0.511389970779419
796,0.4630591571331024,0.4337180256843567,-0.15305770933628082,0.491020530462265,0.5132409930229187,-0.34815335273742676,0.6262983679771423,0.5003413558006287,-0.5426850914955139
797,0.46790003776550293,0.4330790042877197,0.022418053820729256,0.47045567631721497,0.5106943845748901,-0.25430041551589966,0.5876285433769226,0.4926978647708893,-0.4621056914329529
798,0.47570693492889404,0.4330165386199951,0.13214001059532166,0.4693458080291748,0.5073094367980957,-0.09478729218244553,0.5894774794578552,0.49215278029441833,-0.348187118768692
799,0.48036837577819824,0.43295636773109436,-0.06263832002878189,0.4770716428756714,0.5047253966331482,-0.2401178777217865,0.6110877394676208,0.4946519434452057,-0.46980002522468567
800,0.4876941740512848,0.4310324192047119,0.011717601679265499,0.46917402744293213,0.5002666711807251,-0.16752439737319946,0.5629289150238037,0.4947811961174011,-0.4459662139415741
801,0.4953047037124634,0.4268740713596344,-0.28566110134124756,0.4701944887638092,0.5005358457565308,-0.447959303855896,0.5768635869026184,0.5025795102119446,-0.6550440192222595
802,0.5002779364585876,0.4262930452823639,-0.15228497982025146,0.46831148862838745,0.4987083971500397,-0.338628351688385,0.5804601311683655,0.5027920007705688,-0.5722516179084778
803,0.5005265474319458,0.42643284797668457,-0.11397913098335266,0.45632821321487427,0.4989314079284668,-0.3128485381603241,0.5604544878005981,0.5114728808403015,-0.5252089500427246
804,0.5053513646125793,0.4239524304866791,0.03318522125482559,0.44999587535858154,0.4886605739593506,-0.19048729538917542,0.46854671835899353,0.4914856553077698,-0.4846246540546417
805,0.506127119064331,0.42482781410217285,0.060711633414030075,0.44847679138183594,0.4782232642173767,-0.2044687122106552,0.5134041905403137,0.416975200176239,-0.48828384280204773
806,0.5085834264755249,0.4239113926887512,0.03357774764299393,0.4333879351615906,0.4634307324886322,-0.21033227443695068,0.4901660978794098,0.3919408619403839,-0.41579917073249817
807,0.5109673142433167,0.4231787621974945,0.010262967087328434,0.4400485157966614,0.46626392006874084,-0.24809537827968597,0.4969633221626282,0.40434136986732483,-0.6263650059700012
808,0.5086640119552612,0.42336535453796387,-0.11997468769550323,0.44295743107795715,0.4782927632331848,-0.2924497723579407,0.49940231442451477,0.44829195737838745,-0.6456674933433533
809,0.5110676884651184,0.4215918183326721,0.005706476978957653,0.44040802121162415,0.45815223455429077,-0.20406882464885712,0.5048918128013611,0.3934183418750763,-0.6257299780845642
810,0.5143622159957886,0.4199730455875397,0.07568837702274323,0.4356515109539032,0.45480838418006897,-0.15667669475078583,0.4985913932323456,0.3915187418460846,-0.3947804868221283
811,0.5137084126472473,0.420349657535553,0.05172664672136307,0.4481065571308136,0.46851927042007446,-0.10078247636556625,0.45987793803215027,0.48715806007385254,-0.40631937980651855
812,0.5129836797714233,0.41945990920066833,-0.28132227063179016,0.43212708830833435,0.4564730226993561,-0.53306645154953,0.479064017534256,0.40473055839538574,-0.8824781775474548
813,0.5123100280761719,0.4195704460144043,-0.1334747076034546,0.43476685881614685,0.4588146209716797,-0.2495974600315094,0.4555901885032654,0.48582857847213745,-0.6257256865501404
814,0.5118878483772278,0.4198073446750641,-0.11408726125955582,0.43639564514160156,0.46236735582351685,-0.2345314919948578,0.4514603018760681,0.49307265877723694,-0.5954973101615906
815,0.5108242034912109,0.4202210307121277,-0.09692001342773438,0.4338473081588745,0.46319788694381714,-0.15480253100395203,0.4513617157936096,0.498241126537323,-0.4700765907764435
816,0.5076360702514648,0.42335882782936096,0.007816982455551624,0.44689175486564636,0.4773227572441101,-0.07746607810258865,0.45027321577072144,0.5066068768501282,-0.4046867787837982
817,0.5006468296051025,0.4247795045375824,-0.11545612663030624,0.43338096141815186,0.47783413529396057,-0.14621567726135254,0.4568444490432739,0.5061255693435669,-0.4302968680858612
818,0.4921424388885498,0.4244998097419739,-0.10989714413881302,0.4193120002746582,0.47987979650497437,-0.15055471658706665,0.46026551723480225,0.5133273601531982,-0.3900020718574524
819,0.4859987497329712,0.4244157373905182,-0.1605936735868454,0.42136314511299133,0.4899919927120209,-0.14445911347866058,0.5050221085548401,0.5361154079437256,-0.2620103359222412
820,0.48355522751808167,0.4238918721675873,-0.15946033596992493,0.4196808338165283,0.4918387532234192,-0.1392936408519745,0.507736086845398,0.5316851735115051,-0.27844852209091187
821,0.4795551598072052,0.42323240637779236,-0.13721632957458496,0.42296186089515686,0.489307701587677,-0.053607650101184845,0.5021412968635559,0.5281825065612793,-0.19932910799980164
822,0.4731631875038147,0.42111366987228394,-0.12347172945737839,0.40771836042404175,0.4880434572696686,-0.05300008878111839,0.48480644822120667,0.5217283368110657,-0.1969238668680191
823,0.4646467864513397,0.4206884801387787,-0.2636266350746155,0.39363598823547363,0.4879869520664215,-0.1734561324119568,0.4773237407207489,0.5266613364219666,-0.28001171350479126
824,0.4544142782688141,0.42059794068336487,-0.35241109132766724,0.3903363049030304,0.4902237355709076,-0.289159893989563,0.4563865661621094,0.5221610069274902,-0.4223921000957489
825,0.44779467582702637,0.4203823208808899,-0.342793732881546,0.3919121325016022,0.4927372932434082,-0.26774194836616516,0.4619814455509186,0.5201718807220459,-0.3996908366680145
826,0.44503074884414673,0.420290470123291,-0.3106364905834198,0.3877952992916107,0.49500736594200134,-0.2501434087753296,0.4652453064918518,0.5194782018661499,-0.3467619717121124
827,0.44158411026000977,0.42029863595962524,-0.4254800081253052,0.38415759801864624,0.49477314949035645,-0.41052618622779846,0.4663730263710022,0.5124298930168152,-0.5679666996002197
828,0.4402095377445221,0.4213109612464905,-0.40703442692756653,0.37531062960624695,0.49718403816223145,-0.3609847128391266,0.4722674489021301,0.5109996795654297,-0.4588524401187897
829,0.4365268349647522,0.4216647744178772,-0.49862974882125854,0.376748651266098,0.4973732829093933,-0.49357616901397705,0.48953476548194885,0.5072678327560425,-0.6223183274269104
830,0.4366532266139984,0.42244768142700195,-0.5136706233024597,0.37781020998954773,0.496908575296402,-0.4702914357185364,0.498507559299469,0.5062640905380249,-0.5569515824317932
831,0.4387897849082947,0.4224467873573303,-0.41699516773223877,0.3805696368217468,0.4943186342716217,-0.41086772084236145,0.5070117712020874,0.508853554725647,-0.44360023736953735
832,0.439083993434906,0.4225098490715027,-0.3930244445800781,0.3815016746520996,0.4928724765777588,-0.35017332434654236,0.508780300617218,0.509827733039856,-0.39052289724349976
833,0.440402090549469,0.42202216386795044,-0.29395389556884766,0.3825543224811554,0.4874510169029236,-0.2733239531517029,0.5061496496200562,0.5135644674301147,-0.35895565152168274
834,0.4411773383617401,0.4220195710659027,-0.16048051416873932,0.38322168588638306,0.4848100244998932,-0.19454693794250488,0.5042242407798767,0.5134104490280151,-0.3137684762477875
835,0.444587379693985,0.42180508375167847,-0.18806703388690948,0.38460758328437805,0.4818640351295471,-0.2066929042339325,0.5109907984733582,0.5113525390625,-0.31536075472831726
836,0.4507542848587036,0.42107945680618286,-0.24145056307315826,0.39318975806236267,0.480393648147583,-0.3644735515117645,0.5175613164901733,0.5034449696540833,-0.5841176509857178
837,0.4551154673099518,0.4214852750301361,-0.3324393928050995,0.40058016777038574,0.4804856777191162,-0.47832900285720825,0.5321957468986511,0.49438896775245667,-0.6596297025680542
838,0.4556625783443451,0.42211928963661194,-0.315751314163208,0.40726950764656067,0.4814630448818207,-0.40692248940467834,0.5379542708396912,0.4935753345489502,-0.5603767037391663
839,0.456975519657135,0.4246453642845154,-0.3151243329048157,0.42519429326057434,0.4874589443206787,-0.47310158610343933,0.5586705207824707,0.49128803610801697,-0.6257359981536865
840,0.4585391879081726,0.4260680079460144,-0.07812749594449997,0.4388848543167114,0.49083495140075684,-0.2872346341609955,0.5793248414993286,0.484280526638031,-0.35463306307792664
841,0.47101202607154846,0.42470473051071167,0.20506905019283295,0.4550390839576721,0.48637479543685913,-0.12890967726707458,0.5928208827972412,0.47289353609085083,-0.31410127878189087
842,0.4786520302295685,0.4236445426940918,0.054415613412857056,0.47535020112991333,0.4860598146915436,-0.2365100085735321,0.6004759073257446,0.47051888704299927,-0.4368152320384979
843,0.484755277633667,0.42039018869400024,0.07185341417789459,0.4949684143066406,0.4774836003780365,-0.15627272427082062,0.6344621181488037,0.462463915348053,-0.19022329151630402
844,0.4850179851055145,0.4182470440864563,-0.2737979590892792,0.504928469657898,0.4775632917881012,-0.4384527802467346,0.6416084170341492,0.46090975403785706,-0.44040265679359436
845,0.48861944675445557,0.4166867733001709,0.17665790021419525,0.4980194866657257,0.47663626074790955,-0.08641088008880615,0.6450157761573792,0.46058422327041626,-0.19548073410987854
846,0.4930223226547241,0.41698870062828064,0.13755448162555695,0.5090689063072205,0.47740715742111206,-0.16058219969272614,0.6585807800292969,0.46111297607421875,-0.2907577157020569
847,0.5016648769378662,0.4157872200012207,-0.18505337834358215,0.5249864459037781,0.47530555725097656,-0.4304923713207245,0.6662449836730957,0.46462973952293396,-0.48598670959472656
848,0.5054067373275757,0.4172097146511078,-0.3054119646549225,0.537817656993866,0.4759225845336914,-0.5104358792304993,0.6794686913490295,0.46856290102005005,-0.5609160661697388
849,0.5114280581474304,0.41876181960105896,-0.41383662819862366,0.5374680757522583,0.48064976930618286,-0.6400375962257385,0.6728647351264954,0.48488926887512207,-0.8239908218383789
850,0.5145440101623535,0.418780654668808,-0.33397147059440613,0.5361422896385193,0.47957271337509155,-0.5364360213279724,0.6741705536842346,0.49024638533592224,-0.6952600479125977
851,0.5180920362472534,0.42007845640182495,-0.27348893880844116,0.5436698198318481,0.4856046736240387,-0.40087810158729553,0.670778751373291,0.5008513331413269,-0.4590659737586975
852,0.5215955376625061,0.4200309216976166,-0.33056288957595825,0.5397953987121582,0.48953938484191895,-0.4035497307777405,0.6644815802574158,0.509749174118042,-0.46870070695877075
853,0.5255376100540161,0.42210379242897034,-0.299001544713974,0.5359628200531006,0.5086458921432495,-0.3419625759124756,0.6604017615318298,0.5243707895278931,-0.400476336479187
854,0.525135338306427,0.4220866560935974,-0.4811539053916931,0.5320548415184021,0.5114463567733765,-0.5306366682052612,0.6584869027137756,0.5385583639144897,-0.6092545390129089
855,0.5241848230361938,0.4235910475254059,-0.3556443452835083,0.5164273381233215,0.5123746991157532,-0.37590938806533813,0.6402438879013062,0.5427886247634888,-0.4028865396976471
856,0.52324378490448,0.4253237843513489,-0.32644763588905334,0.5139563083648682,0.5167279839515686,-0.364163875579834,0.6408753991127014,0.5434387922286987,-0.3839661777019501
857,0.522186279296875,0.4258287847042084,-0.31509122252464294,0.49202749133110046,0.5157092809677124,-0.34369251132011414,0.6150608658790588,0.547956109046936,-0.37897631525993347
858,0.5213918089866638,0.4248007833957672,-0.2604677081108093,0.47187745571136475,0.512285053730011,-0.2448972910642624,0.5706974267959595,0.5469628572463989,-0.3317805528640747
859,0.5210354924201965,0.4248062074184418,-0.25104042887687683,0.453534871339798,0.5102333426475525,-0.2508995831012726,0.5469321012496948,0.5464557409286499,-0.3166276812553406
860,0.5191503763198853,0.42603129148483276,-0.2598349153995514,0.44705450534820557,0.5091044902801514,-0.25787708163261414,0.5265800356864929,0.5493918657302856,-0.33116644620895386
861,0.5187650918960571,0.42870989441871643,-0.45308220386505127,0.4417208731174469,0.5088465213775635,-0.4069262146949768,0.5153914093971252,0.5502215623855591,-0.43507516384124756
862,0.5185332298278809,0.4300074577331543,-0.4927118420600891,0.44376885890960693,0.5084799528121948,-0.436270534992218,0.5050257444381714,0.549240231513977,-0.4628123939037323
863,0.516828179359436,0.43058115243911743,-0.40598902106285095,0.4379004240036011,0.5042821764945984,-0.3671039938926697,0.4865409731864929,0.5469983816146851,-0.4014815390110016
864,0.5125374794006348,0.43038687109947205,-0.4336070120334625,0.4309869408607483,0.5008026361465454,-0.36763492226600647,0.4707828164100647,0.545624852180481,-0.40218251943588257
865,0.5098704695701599,0.43076857924461365,-0.5598596930503845,0.4237014055252075,0.500775933265686,-0.46649661660194397,0.4654724597930908,0.5501103401184082,-0.4850125312805176
866,0.504551887512207,0.4316546320915222,-0.49148041009902954,0.4144649803638458,0.5016651749610901,-0.3910279870033264,0.45923757553100586,0.5537461638450623,-0.4255695641040802
867,0.5010294318199158,0.4320540428161621,-0.36553454399108887,0.4072301685810089,0.5029042363166809,-0.3276282548904419,0.46576017141342163,0.55790114402771,-0.3927290141582489
868,0.5000659227371216,0.431942880153656,-0.3462476134300232,0.40827828645706177,0.5041426420211792,-0.31318461894989014,0.4651816189289093,0.5598743557929993,-0.3478397727012634
869,0.4971263110637665,0.4329521059989929,-0.3046860992908478,0.40791088342666626,0.5102724432945251,-0.3070630729198456,0.47590014338493347,0.564765214920044,-0.3221382796764374
870,0.49091336131095886,0.4328809678554535,-0.3862506151199341,0.4104729890823364,0.515036404132843,-0.376589298248291,0.5034515857696533,0.5728997588157654,-0.4012708365917206
871,0.48833373188972473,0.43266192078590393,-0.39837878942489624,0.42248672246932983,0.5168155431747437,-0.40405240654945374,0.5393753051757812,0.5713735818862915,-0.441214382648468
872,0.477927565574646,0.4325401782989502,-0.3772238790988922,0.4401473104953766,0.5219713449478149,-0.39571940898895264,0.5708353519439697,0.569097101688385,-0.4220024049282074
873,0.47253260016441345,0.43406444787979126,-0.3624836802482605,0.4552634358406067,0.5254915356636047,-0.4141090512275696,0.5992015600204468,0.5683428049087524,-0.47681498527526855
874,0.4707437753677368,0.43406063318252563,-0.32252344489097595,0.458495557308197,0.52769935131073,-0.38199302554130554,0.5989188551902771,0.5670443773269653,-0.459461510181427
875,0.4669690728187561,0.43508070707321167,-0.22664545476436615,0.45545119047164917,0.5288763642311096,-0.2947363257408142,0.5965270400047302,0.5634042620658875,-0.33639734983444214
876,0.4600725769996643,0.4365781843662262,-0.10914526879787445,0.45276111364364624,0.5292162299156189,-0.2509896457195282,0.5848575830459595,0.5577754378318787,-0.34653109312057495
877,0.4522242248058319,0.44007283449172974,-0.20795013010501862,0.44876331090927124,0.5330991148948669,-0.2928914725780487,0.5865879654884338,0.5564652681350708,-0.35461124777793884
878,0.44031596183776855,0.4409627318382263,-0.24357496201992035,0.4358460307121277,0.5349788665771484,-0.30666860938072205,0.5854772925376892,0.5564309358596802,-0.34056520462036133
879,0.43139395117759705,0.4412144720554352,-0.29404035210609436,0.41388121247291565,0.5333613157272339,-0.39171552658081055,0.559768795967102,0.5564638376235962,-0.5095727443695068
880,0.43452170491218567,0.440913587808609,-0.27503055334091187,0.40825703740119934,0.5324799418449402,-0.38280656933784485,0.5579038858413696,0.5564929246902466,-0.4632818102836609
881,0.4299524426460266,0.44021010398864746,-0.26387855410575867,0.39908722043037415,0.531865656375885,-0.2643376588821411,0.526310384273529,0.5575949549674988,-0.30673524737358093
882,0.42400333285331726,0.43898433446884155,-0.257638156414032,0.3833376169204712,0.5258716344833374,-0.24266359210014343,0.5056609511375427,0.5584229826927185,-0.2976369559764862
883,0.4228386878967285,0.4373490810394287,-0.2240634560585022,0.377981573343277,0.5206588506698608,-0.2107158601284027,0.47283661365509033,0.5606319308280945,-0.29391545057296753
884,0.4162275493144989,0.4356648325920105,-0.2386120855808258,0.3717568814754486,0.519497275352478,-0.22564727067947388,0.46292808651924133,0.5644663572311401,-0.30669891834259033
885,0.41226726770401,0.4339984059333801,-0.2383141666650772,0.3666174113750458,0.514838695526123,-0.21392083168029785,0.4499666094779968,0.5641131401062012,-0.30951082706451416
886,0.4140242338180542,0.4328383803367615,-0.2196287363767624,0.3645065426826477,0.5120472311973572,-0.19301053881645203,0.4474262297153473,0.56376051902771,-0.2855534851551056
887,0.4128771424293518,0.43171602487564087,-0.19192638993263245,0.36468231678009033,0.5105181336402893,-0.16829121112823486,0.4519420266151428,0.5606765747070312,-0.2714647948741913
888,0.4116666913032532,0.4313740134239197,-0.1861543208360672,0.3661458194255829,0.5089126229286194,-0.16859690845012665,0.4527011513710022,0.5552977323532104,-0.27373698353767395
889,0.4075790345668793,0.43079933524131775,-0.20205022394657135,0.3651471734046936,0.5072182416915894,-0.18071606755256653,0.4600140154361725,0.5513942837715149,-0.319664865732193
890,0.4003065824508667,0.43091899156570435,-0.19010068476200104,0.3617905378341675,0.508459210395813,-0.1725902408361435,0.4757762551307678,0.5474700927734375,-0.2828502357006073
891,0.39793726801872253,0.43096956610679626,-0.23698195815086365,0.3623616397380829,0.5090392827987671,-0.22923849523067474,0.5083411931991577,0.5424571633338928,-0.29942917823791504
892,0.39857321977615356,0.43117469549179077,-0.2355903685092926,0.3626928925514221,0.5095641613006592,-0.21619947254657745,0.5148472189903259,0.5400673151016235,-0.2913192808628082
893,0.3979395031929016,0.43264684081077576,-0.2766585946083069,0.363812118768692,0.5105755925178528,-0.24983231723308563,0.5156375169754028,0.5387498736381531,-0.3257080316543579
894,0.39645296335220337,0.4336223602294922,-0.27430465817451477,0.3717361390590668,0.5164037942886353,-0.28061914443969727,0.5289313197135925,0.5393662452697754,-0.3452967703342438
895,0.39607352018356323,0.43525704741477966,-0.26605910062789917,0.37804463505744934,0.5233942270278931,-0.2739560306072235,0.538981020450592,0.5422860383987427,-0.34439510107040405
896,0.39570558071136475,0.4353199005126953,-0.2582806944847107,0.37776675820350647,0.5230477452278137,-0.264498233795166,0.5299496650695801,0.5435611009597778,-0.3395962119102478
897,0.39461374282836914,0.43534135818481445,-0.2668758034706116,0.3717197775840759,0.5226395130157471,-0.26442116498947144,0.5241296887397766,0.5440164804458618,-0.351686030626297
898,0.3947851061820984,0.4357876181602478,-0.264229416847229,0.3702148497104645,0.5220640897750854,-0.26597222685813904,0.5213313102722168,0.544338583946228,-0.3531516492366791
899,0.39317405223846436,0.4354749321937561,-0.3083500266075134,0.3589574694633484,0.5190078616142273,-0.27839794754981995,0.49612510204315186,0.544092059135437,-0.3661313056945801
900,0.39363908767700195,0.43292149901390076,-0.32112130522727966,0.34701594710350037,0.5095243453979492,-0.31385624408721924,0.46119531989097595,0.536695659160614,-0.4511204659938812
901,0.393099844455719,0.4318464696407318,-0.30459797382354736,0.33846089243888855,0.5005597472190857,-0.2962338626384735,0.39260032773017883,0.5272237062454224,-0.4863579273223877
902,0.3889809548854828,0.4319137930870056,-0.12203013151884079,0.3274308443069458,0.4993586540222168,-0.030658943578600883,0.2644980847835541,0.5150500535964966,-0.17055389285087585
903,0.38724464178085327,0.43215614557266235,-0.1261439025402069,0.3249090909957886,0.4990840554237366,-0.016589023172855377,0.25296494364738464,0.5111123323440552,-0.13818120956420898
904,0.3878108561038971,0.43221569061279297,-0.13243228197097778,0.32660943269729614,0.49625253677368164,-0.04841425269842148,0.261626660823822,0.5169492959976196,-0.14075273275375366
905,0.38797542452812195,0.4321107268333435,-0.16920439898967743,0.31951868534088135,0.49171051383018494,-0.08493641018867493,0.23913352191448212,0.5201168060302734,-0.16073653101921082
906,0.3873012661933899,0.43212890625,-0.2344633936882019,0.30722957849502563,0.48808979988098145,-0.10400032252073288,0.23975880444049835,0.5209990739822388,-0.20381073653697968
907,0.38743680715560913,0.4321049153804779,-0.19985917210578918,0.3054286241531372,0.47894349694252014,-0.21545150876045227,0.2529953718185425,0.5143336057662964,-0.4546051323413849
908,0.38761502504348755,0.43216681480407715,-0.1709602177143097,0.3021114468574524,0.47607797384262085,-0.24402722716331482,0.2503845691680908,0.5126339793205261,-0.507530152797699
909,0.38773810863494873,0.4321993887424469,-0.16835053265094757,0.30055540800094604,0.47527265548706055,-0.2713931202888489,0.25081825256347656,0.5105866193771362,-0.5495888590812683
910,0.3881828784942627,0.43215876817703247,-0.17194372415542603,0.2977006733417511,0.47580140829086304,-0.25100433826446533,0.24398325383663177,0.5078921318054199,-0.48659080266952515
911,0.3904668092727661,0.43247872591018677,-0.17669302225112915,0.298351526260376,0.4751240611076355,-0.24371160566806793,0.24315322935581207,0.5089007019996643,-0.4693779945373535
912,0.3931255638599396,0.43260616064071655,-0.22286127507686615,0.30132243037223816,0.4756168723106384,-0.34901314973831177,0.2501680254936218,0.5082387924194336,-0.649639368057251
913,0.3970544934272766,0.4325970709323883,-0.2957526445388794,0.3014679253101349,0.474426805973053,-0.42439237236976624,0.25521397590637207,0.509139895439148,-0.7510512471199036
914,0.40016061067581177,0.4323004186153412,-0.2227538675069809,0.30318453907966614,0.475830078125,-0.19939406216144562,0.25619515776634216,0.5106102824211121,-0.33904722332954407
915,0.4015817940235138,0.4321855902671814,-0.16160528361797333,0.30400002002716064,0.4766562581062317,-0.13085661828517914,0.2538270950317383,0.5153616666793823,-0.2727528214454651
916,0.40838876366615295,0.43127456307411194,-0.12121874839067459,0.30506736040115356,0.4767424166202545,-0.11919672042131424,0.2557641863822937,0.5152517557144165,-0.2790055274963379
917,0.4177060127258301,0.42882099747657776,-0.13044342398643494,0.30982619524002075,0.47454458475112915,-0.15160463750362396,0.30276259779930115,0.5156446695327759,-0.2849980592727661
918,0.4228112995624542,0.42748746275901794,-0.18525439500808716,0.31273773312568665,0.47507745027542114,-0.14989082515239716,0.328125536441803,0.51665860414505,-0.23420633375644684
919,0.4311204254627228,0.4260104298591614,-0.23782306909561157,0.3160480260848999,0.47248023748397827,-0.15949466824531555,0.36099985241889954,0.5104341506958008,-0.2521895170211792
920,0.43897566199302673,0.4255748689174652,-0.15260279178619385,0.32849976420402527,0.4717051386833191,-0.17184562981128693,0.3838145434856415,0.5056337118148804,-0.26713114976882935
921,0.4413143992424011,0.4249626100063324,-0.1730479747056961,0.3292185366153717,0.4701527953147888,-0.17785970866680145,0.3941836357116699,0.5049840807914734,-0.2948382794857025
922,0.44519785046577454,0.4229886531829834,-0.2763518989086151,0.33412665128707886,0.47031134366989136,-0.327618271112442,0.4094330668449402,0.49930277466773987,-0.5180457830429077
923,0.4526737630367279,0.4218708872795105,-0.35409650206565857,0.33974823355674744,0.4711694121360779,-0.4307914674282074,0.4406367838382721,0.49597448110580444,-0.6397911310195923
924,0.45790770649909973,0.4213778078556061,-0.13170075416564941,0.3559877276420593,0.47205567359924316,-0.2321443110704422,0.4728456139564514,0.4965904653072357,-0.486604779958725
925,0.4621221423149109,0.4207938611507416,-0.14192524552345276,0.36479946970939636,0.4720887541770935,-0.23014353215694427,0.487347275018692,0.4965256154537201,-0.4050593078136444
926,0.47110629081726074,0.41965240240097046,-0.16407503187656403,0.3916407823562622,0.47345423698425293,-0.2357889860868454,0.5027515292167664,0.49549776315689087,-0.4596909284591675
927,0.47239866852760315,0.41496652364730835,-0.2608078718185425,0.3840644359588623,0.4730963706970215,-0.24760271608829498,0.5009877681732178,0.4958803057670593,-0.3967263102531433
928,0.47652173042297363,0.41598057746887207,-0.12154581397771835,0.3974887430667877,0.4746503233909607,-0.21843579411506653,0.5077359080314636,0.495778888463974,-0.4426630139350891
929,0.4856194853782654,0.41660958528518677,-0.014830512925982475,0.40705612301826477,0.4738069176673889,-0.18469193577766418,0.5166208744049072,0.4957907795906067,-0.46949246525764465
930,0.4950794279575348,0.4145771861076355,-0.06511527299880981,0.4147306978702545,0.4734249711036682,-0.26026785373687744,0.5252758264541626,0.49589768052101135,-0.49835193157196045
931,0.49776241183280945,0.412053644657135,-0.0882849469780922,0.415499210357666,0.47187694907188416,-0.2539690136909485,0.5170272588729858,0.4948849081993103,-0.5245806574821472
932,0.4957966208457947,0.4116334021091461,-0.10053705424070358,0.41962480545043945,0.4719567894935608,-0.210082545876503,0.5157207250595093,0.49469900131225586,-0.47125256061553955
933,0.495161235332489,0.41198182106018066,-0.11436911672353745,0.4198038876056671,0.46988028287887573,-0.2029297649860382,0.5173272490501404,0.49481359124183655,-0.3980618417263031
934,0.49919402599334717,0.4123102128505707,-0.07176230102777481,0.42407435178756714,0.4700813293457031,-0.19870947301387787,0.5187838673591614,0.4949202537536621,-0.4142199754714966
935,0.502085268497467,0.4125451147556305,-0.13383804261684418,0.4271848797798157,0.471208393573761,-0.26162421703338623,0.5188697576522827,0.4950147569179535,-0.48007431626319885
936,0.5080339908599854,0.4129394590854645,-0.15213115513324738,0.4286937713623047,0.4747687876224518,-0.27929627895355225,0.5142049789428711,0.494546502828598,-0.49265408515930176
937,0.5153166055679321,0.41305461525917053,-0.07581831514835358,0.42762985825538635,0.4744799733161926,-0.2457234114408493,0.5135851502418518,0.4898190498352051,-0.48507627844810486
938,0.5202549695968628,0.41312283277511597,-0.07678040117025375,0.4285057485103607,0.47435274720191956,-0.23650576174259186,0.5177091956138611,0.4893861711025238,-0.4834764301776886
939,0.5215490460395813,0.4134142994880676,-0.10100863873958588,0.43061646819114685,0.47377580404281616,-0.2699824571609497,0.5235094428062439,0.48928093910217285,-0.5235052108764648
940,0.5227377414703369,0.4135099947452545,-0.0954851284623146,0.43037736415863037,0.47153574228286743,-0.2655821144580841,0.5207250118255615,0.48790889978408813,-0.5096899271011353
941,0.5206853151321411,0.4136474132537842,-0.10970712453126907,0.42854419350624084,0.4705246090888977,-0.27359020709991455,0.5192651748657227,0.4869287610054016,-0.549656093120575
942,0.5187299251556396,0.4137839376926422,-0.07655204087495804,0.4274229407310486,0.47052422165870667,-0.2385411113500595,0.5214427709579468,0.48676595091819763,-0.5411081910133362
943,0.5183213949203491,0.41385817527770996,-0.11436934769153595,0.42632797360420227,0.47054046392440796,-0.25766512751579285,0.5263890624046326,0.4870908856391907,-0.5223272442817688
944,0.5185310244560242,0.4138188362121582,-0.020939724519848824,0.4253524839878082,0.4703502655029297,-0.12268262356519699,0.5341838598251343,0.4872068464756012,-0.3275315463542938
945,0.5186294317245483,0.4135887026786804,-0.046931467950344086,0.4242587983608246,0.4703090786933899,-0.147002711892128,0.5364575386047363,0.4873923361301422,-0.3620845079421997
946,0.5181847810745239,0.41340652108192444,-0.06102721020579338,0.42003530263900757,0.4700988829135895,-0.17548178136348724,0.5371397137641907,0.4874300956726074,-0.3967975974082947
947,0.5137805938720703,0.4133010804653168,0.035385534167289734,0.41780954599380493,0.47010987997055054,-0.1337982714176178,0.5370081067085266,0.4878690242767334,-0.3447954058647156
948,0.5112866759300232,0.41327008605003357,-0.001294824411161244,0.4142594635486603,0.47033271193504333,-0.1360752284526825,0.535902738571167,0.48792362213134766,-0.3007740080356598
949,0.5076704025268555,0.41353368759155273,0.15886765718460083,0.41402798891067505,0.4714317321777344,-0.04007642716169357,0.5351873636245728,0.4881881773471832,-0.23935307562351227
950,0.5003505945205688,0.4135448932647705,0.10380508750677109,0.4140547811985016,0.47476086020469666,-0.07735475152730942,0.5303382277488708,0.4889484941959381,-0.3012566566467285
951,0.4980219602584839,0.41357192397117615,0.0616762675344944,0.4118017554283142,0.47480660676956177,-0.10653207451105118,0.5248767137527466,0.4895181655883789,-0.31636500358581543
952,0.4935482144355774,0.41359764337539673,0.09512551873922348,0.41187605261802673,0.47782596945762634,-0.09223611652851105,0.5243361592292786,0.4927302300930023,-0.32813507318496704
953,0.48539453744888306,0.4135974943637848,0.12851575016975403,0.415560781955719,0.4827215075492859,-0.047489769756793976,0.5253744125366211,0.4950159192085266,-0.2656889259815216
954,0.47641825675964355,0.4124826490879059,0.04976886510848999,0.4090955853462219,0.48156261444091797,-0.12923388183116913,0.5002723336219788,0.49486374855041504,-0.40568360686302185
955,0.47264790534973145,0.4109172224998474,-0.08981024473905563,0.3907250761985779,0.4803161025047302,-0.12830866873264313,0.48373672366142273,0.4949205815792084,-0.2680263817310333
956,0.4678855836391449,0.41049909591674805,-0.09118494391441345,0.3900694251060486,0.47638145089149475,-0.19955649971961975,0.4602462351322174,0.4932215213775635,-0.43280401825904846
957,0.4662434458732605,0.4110514223575592,-0.08712911605834961,0.39066505432128906,0.4767168462276459,-0.18651379644870758,0.45865267515182495,0.4938153624534607,-0.39754435420036316
958,0.45947107672691345,0.41211947798728943,-0.1293059140443802,0.3696233630180359,0.4767092168331146,-0.25177571177482605,0.4354866147041321,0.4983408451080322,-0.5124582648277283
959,0.45281049609184265,0.41215792298316956,-0.20129871368408203,0.3647172152996063,0.4754694998264313,-0.2895810306072235,0.42997312545776367,0.5022284388542175,-0.49312111735343933
960,0.44499891996383667,0.41217026114463806,-0.1663437932729721,0.3513272702693939,0.47865480184555054,-0.23762771487236023,0.41861245036125183,0.5051355361938477,-0.45530611276626587
961,0.4347902834415436,0.4130759835243225,-0.15507659316062927,0.34608185291290283,0.484325110912323,-0.22850944101810455,0.40826135873794556,0.5102381706237793,-0.41729527711868286
962,0.4266054034233093,0.4145375192165375,-0.22917526960372925,0.3419462740421295,0.48461684584617615,-0.3008594810962677,0.39374348521232605,0.5098225474357605,-0.551790714263916
963,0.42445677518844604,0.41595378518104553,-0.22171874344348907,0.3398260176181793,0.4847862124443054,-0.2665649950504303,0.39093345403671265,0.5096702575683594,-0.5031557083129883
964,0.42049357295036316,0.4165283143520355,-0.23015663027763367,0.33524090051651,0.48446956276893616,-0.31019267439842224,0.3844394385814667,0.5094527006149292,-0.586851179599762
965,0.4188082814216614,0.4172828197479248,-0.2139381468296051,0.3345707654953003,0.48323574662208557,-0.28269436955451965,0.3829555809497833,0.5085964798927307,-0.5220223069190979
966,0.4129280149936676,0.417400598526001,-0.2341102957725525,0.3362482786178589,0.4831109642982483,-0.2799665629863739,0.38647058606147766,0.508074164390564,-0.5050124526023865
967,0.40720927715301514,0.41901808977127075,-0.1638731062412262,0.3344173729419708,0.483794629573822,-0.2702331244945526,0.38577112555503845,0.5016447305679321,-0.5523337125778198
968,0.40168297290802,0.42238932847976685,-0.2222835123538971,0.3366231322288513,0.4948497414588928,-0.38466352224349976,0.40891504287719727,0.5015837550163269,-0.6870365738868713
969,0.40273091197013855,0.423408180475235,-0.28300607204437256,0.337275892496109,0.4949283003807068,-0.46648404002189636,0.41408076882362366,0.5014709234237671,-0.8088366985321045
970,0.4003935158252716,0.4253922402858734,-0.26632919907569885,0.34066343307495117,0.5004121661186218,-0.41397589445114136,0.4495963156223297,0.5008642077445984,-0.6764804124832153
971,0.3973524868488312,0.42603182792663574,-0.29036012291908264,0.3479475677013397,0.5008164644241333,-0.47040146589279175,0.4521963894367218,0.5010702013969421,-0.7520605325698853
972,0.39839351177215576,0.42601925134658813,-0.21664565801620483,0.3592472970485687,0.5044784545898438,-0.385895311832428,0.47325652837753296,0.5035363435745239,-0.5711466670036316
973,0.39808130264282227,0.426643043756485,-0.3056095838546753,0.38611820340156555,0.5097754001617432,-0.4222392737865448,0.553555428981781,0.5199537873268127,-0.5318835377693176
974,0.3982277810573578,0.4264603555202484,-0.341494083404541,0.3985629081726074,0.5102943181991577,-0.4084776043891907,0.5558631420135498,0.5304574370384216,-0.4793151319026947
975,0.3987213969230652,0.42622965574264526,-0.34024301171302795,0.4023667573928833,0.5116337537765503,-0.40589168667793274,0.560941219329834,0.5332194566726685,-0.4723571240901947
976,0.39952829480171204,0.4260692596435547,-0.2456440031528473,0.3989783823490143,0.5128387212753296,-0.27907007932662964,0.545353889465332,0.535857081413269,-0.34911394119262695
977,0.3996429741382599,0.4259614050388336,-0.2283121943473816,0.39590325951576233,0.5137030482292175,-0.24488340318202972,0.5353925228118896,0.5368977189064026,-0.3326984643936157
978,0.4000648856163025,0.4265906810760498,-0.29700738191604614,0.3978818655014038,0.5169751644134521,-0.29763495922088623,0.5554673671722412,0.5394334197044373,-0.41673773527145386
979,0.4029560387134552,0.4268674850463867,-0.2868913412094116,0.39731258153915405,0.515303909778595,-0.28189125657081604,0.5399199724197388,0.5386654138565063,-0.36045053601264954
980,0.40790337324142456,0.4268552362918854,-0.37357643246650696,0.3990096151828766,0.5153335332870483,-0.3598437011241913,0.5365841388702393,0.5384668111801147,-0.40054070949554443
981,0.4125064015388489,0.4268321990966797,-0.351447194814682,0.39920246601104736,0.5144420266151428,-0.35653072595596313,0.5329839587211609,0.5380141139030457,-0.42306992411613464
982,0.41637343168258667,0.42675334215164185,-0.3902759850025177,0.40003734827041626,0.5139028429985046,-0.3831179738044739,0.5324441194534302,0.5376037359237671,-0.45684245228767395
983,0.42113441228866577,0.4262480139732361,-0.3721666634082794,0.40286824107170105,0.5135823488235474,-0.37447136640548706,0.5342103838920593,0.5377238988876343,-0.4465981721878052
984,0.4265868663787842,0.4250207841396332,-0.27986007928848267,0.4018004238605499,0.5116513967514038,-0.2739877998828888,0.532117486000061,0.5374617576599121,-0.3804205060005188
985,0.4314517080783844,0.4247550964355469,-0.27115941047668457,0.40243300795555115,0.5084354877471924,-0.29508426785469055,0.5316993594169617,0.5370254516601562,-0.4049266278743744
986,0.43245768547058105,0.42441850900650024,-0.2236606776714325,0.40190544724464417,0.5082370042800903,-0.2445010095834732,0.5314232707023621,0.5367407202720642,-0.35696300864219666
987,0.43358373641967773,0.42432910203933716,-0.24248330295085907,0.4019422233104706,0.5082458257675171,-0.2662957012653351,0.5306935906410217,0.5366151332855225,-0.36830317974090576
988,0.43677929043769836,0.42430824041366577,-0.24584469199180603,0.40304213762283325,0.5079902410507202,-0.2679864466190338,0.5302096009254456,0.5365042686462402,-0.36811524629592896
989,0.4417736530303955,0.4241132140159607,-0.2555535137653351,0.409476101398468,0.5049372315406799,-0.270844429731369,0.5314209461212158,0.5366151332855225,-0.3779420554637909
990,0.4477597177028656,0.42350077629089355,-0.23009344935417175,0.42048966884613037,0.502619206905365,-0.21177825331687927,0.5377323627471924,0.5365868210792542,-0.31226983666419983
991,0.4525562822818756,0.42295145988464355,-0.1876152902841568,0.4247613251209259,0.5008696913719177,-0.17457541823387146,0.5391178131103516,0.5365243554115295,-0.27961716055870056
992,0.45802024006843567,0.42266780138015747,-0.20429617166519165,0.42434200644493103,0.4993739128112793,-0.1969628483057022,0.540783166885376,0.5364731550216675,-0.3117811977863312
993,0.45604997873306274,0.4233640730381012,-0.22130829095840454,0.42229288816452026,0.49897676706314087,-0.21166731417179108,0.5414022207260132,0.5362598896026611,-0.33481961488723755
994,0.45490965247154236,0.42338189482688904,-0.23012757301330566,0.4219145178794861,0.49865585565567017,-0.21961070597171783,0.5407103896141052,0.5359886288642883,-0.3341885507106781
995,0.45567721128463745,0.4230976104736328,-0.23520541191101074,0.4216385781764984,0.4969720244407654,-0.2224241942167282,0.5402457118034363,0.5358039140701294,-0.3741549253463745
996,0.46006420254707336,0.4220098555088043,-0.24491611123085022,0.421885222196579,0.4943980574607849,-0.28622373938560486,0.5350354909896851,0.5329452157020569,-0.47278594970703125
997,0.46190112829208374,0.42196527123451233,-0.19737304747104645,0.4216001629829407,0.4931454658508301,-0.276516318321228,0.5351000428199768,0.5288293957710266,-0.4583733081817627
998,0.46717485785484314,0.4213626980781555,-0.21236340701580048,0.42009100317955017,0.4885706305503845,-0.29308605194091797,0.5186242461204529,0.5187202095985413,-0.5067853331565857
999,0.46845927834510803,0.42132434248924255,-0.2094656229019165,0.41996219754219055,0.48764029145240784,-0.28523606061935425,0.5141566395759583,0.5160462856292725,-0.4831606149673462
1000,0.4690488278865814,0.42010626196861267,-0.20955979824066162,0.415359765291214,0.48839816451072693,-0.28127139806747437,0.4967362582683563,0.5097535252571106,-0.48695412278175354
1001,0.46991220116615295,0.4179481565952301,-0.30244237184524536,0.40900856256484985,0.4874779284000397,-0.39330852031707764,0.4757055938243866,0.5000823736190796,-0.6186493039131165
1002,0.4766841530799866,0.41734108328819275,-0.24973267316818237,0.4043489694595337,0.4819789528846741,-0.34262701869010925,0.46088868379592896,0.49858999252319336,-0.562453031539917
1003,0.47761645913124084,0.4162777364253998,-0.27014192938804626,0.403042733669281,0.47644948959350586,-0.33775338530540466,0.43807995319366455,0.4968767762184143,-0.5425490140914917
1004,0.47700637578964233,0.4146850109100342,-0.3806253969669342,0.3987616300582886,0.4691537916660309,-0.4968734383583069,0.4148220121860504,0.4941543638706207,-0.7924171686172485
1005,0.47658437490463257,0.41465991735458374,-0.4561583697795868,0.39194196462631226,0.46619120240211487,-0.5682353377342224,0.4085356891155243,0.493867963552475,-0.8668436408042908
1006,0.47840428352355957,0.41469842195510864,-0.36780139803886414,0.3848635256290436,0.46413302421569824,-0.4719967246055603,0.40026235580444336,0.49066972732543945,-0.7443433403968811
1007,0.48018744587898254,0.4147704541683197,-0.3035016357898712,0.3768612742424011,0.4651149809360504,-0.3405471742153168,0.398435115814209,0.49317893385887146,-0.5334030389785767
1008,0.4819338917732239,0.4148379862308502,-0.25257232785224915,0.3760090172290802,0.4648241400718689,-0.32042017579078674,0.3998652994632721,0.494152694940567,-0.5414093732833862
1009,0.4849752187728882,0.4149438738822937,-0.26782914996147156,0.37824296951293945,0.46334338188171387,-0.32592281699180603,0.4033766984939575,0.49521756172180176,-0.5295450091362
1010,0.48440831899642944,0.41507524251937866,-0.2423657923936844,0.37425050139427185,0.46499738097190857,-0.2616511583328247,0.4092465341091156,0.500353217124939,-0.4522833526134491
1011,0.4843575656414032,0.41516321897506714,-0.23509405553340912,0.3730708658695221,0.4659648537635803,-0.25728869438171387,0.4140586853027344,0.5019150376319885,-0.4563339352607727
1012,0.48527878522872925,0.41483935713768005,-0.2848207652568817,0.3682820498943329,0.4661638140678406,-0.2861590087413788,0.4224900007247925,0.5019031167030334,-0.47301486134529114
1013,0.4863457679748535,0.41414254903793335,-0.23896369338035583,0.3700069487094879,0.4663110375404358,-0.29807186126708984,0.43465685844421387,0.4990292191505432,-0.4812733232975006
1014,0.4904637336730957,0.41273385286331177,-0.15258543193340302,0.38681766390800476,0.46650347113609314,-0.2662312686443329,0.4576576352119446,0.4954443871974945,-0.4933147132396698
1015,0.49283137917518616,0.4123857021331787,-0.14559127390384674,0.386651873588562,0.4664531648159027,-0.26119759678840637,0.474321186542511,0.49097999930381775,-0.48769107460975647
1016,0.499280720949173,0.41183537244796753,-0.13414445519447327,0.39069920778274536,0.4661029279232025,-0.2595827877521515,0.4868162274360657,0.48904281854629517,-0.4884888827800751
1017,0.49829310178756714,0.4118921756744385,-0.13268496096134186,0.39014291763305664,0.46560758352279663,-0.23063579201698303,0.4913455545902252,0.4885292947292328,-0.4283495247364044
1018,0.4972309470176697,0.41145461797714233,-0.0892905741930008,0.3935326039791107,0.4675813317298889,-0.23507729172706604,0.5100389122962952,0.4889877438545227,-0.4580114483833313
1019,0.499326229095459,0.4115367531776428,-0.1304343044757843,0.41335898637771606,0.47340935468673706,-0.31335315108299255,0.5353867411613464,0.4891805052757263,-0.5305944085121155
1020,0.4989498257637024,0.41029834747314453,-0.0774029865860939,0.4311496317386627,0.4788580536842346,-0.2212013304233551,0.5554935336112976,0.4923292100429535,-0.4224160611629486
1021,0.49873924255371094,0.41022568941116333,-0.020497838035225868,0.44334232807159424,0.4817202687263489,-0.1804250329732895,0.5763494968414307,0.49561238288879395,-0.3774629235267639
1022,0.49857309460639954,0.41031917929649353,-0.023938093334436417,0.44959408044815063,0.48463717103004456,-0.27267539501190186,0.5803147554397583,0.4964721202850342,-0.4870895445346832
1023,0.4983522295951843,0.41327881813049316,-0.002008336829021573,0.4526784121990204,0.4861118197441101,-0.19748526811599731,0.579199492931366,0.4965524673461914,-0.4488363564014435
1024,0.49818509817123413,0.41335248947143555,-0.10790222883224487,0.45009180903434753,0.4848009943962097,-0.3235825002193451,0.5749830007553101,0.49674248695373535,-0.5809146165847778
1025,0.4966534972190857,0.41672807931900024,-0.18591143190860748,0.451379656791687,0.4892807900905609,-0.3802946209907532,0.5789536237716675,0.500225841999054,-0.6169693470001221
1026,0.49651476740837097,0.4172940254211426,-0.25492244958877563,0.4502922594547272,0.4881350100040436,-0.4269881248474121,0.5707839727401733,0.5006334185600281,-0.6911515593528748
1027,0.4933788776397705,0.4166075587272644,-0.30392399430274963,0.4467538595199585,0.4871564507484436,-0.4417116940021515,0.5538766384124756,0.5004905462265015,-0.691725492477417
1028,0.49080488085746765,0.414112389087677,-0.2859096825122833,0.42115262150764465,0.48601022362709045,-0.4116027355194092,0.5242239832878113,0.5003144145011902,-0.6494420170783997
1029,0.490500807762146,0.41389745473861694,-0.271189421415329,0.41850659251213074,0.4854729175567627,-0.3943052589893341,0.5177896618843079,0.5001387000083923,-0.6374804973602295
1030,0.4881575405597687,0.4140181541442871,-0.40241584181785583,0.41406869888305664,0.4851219058036804,-0.5209354162216187,0.48856404423713684,0.5040205121040344,-0.7822384238243103
1031,0.4806954264640808,0.4140765070915222,-0.49618738889694214,0.398910790681839,0.48331499099731445,-0.6443162560462952,0.46334847807884216,0.5071539282798767,-0.9377543926239014
1032,0.4740212857723236,0.4141664505004883,-0.5224545001983643,0.39177942276000977,0.4793153703212738,-0.6823900938034058,0.446432501077652,0.5093449354171753,-1.0160248279571533
1033,0.46409279108047485,0.41634851694107056,-0.5661787986755371,0.3903313875198364,0.47903257608413696,-0.7195171117782593,0.4205419719219208,0.5112124085426331,-1.0929365158081055
1034,0.45671984553337097,0.4171837270259857,-0.5913141369819641,0.38728946447372437,0.4791100025177002,-0.728239119052887,0.3899160921573639,0.5145581960678101,-1.0943610668182373
1035,0.45479652285575867,0.4183138906955719,-0.5489009022712708,0.38671645522117615,0.4766616225242615,-0.6849003434181213,0.38996145129203796,0.513634443283081,-1.0438456535339355
1036,0.45075148344039917,0.4193558096885681,-0.5191971659660339,0.3832615613937378,0.4757934510707855,-0.6561530828475952,0.38474565744400024,0.5126317739486694,-0.9940459132194519
1037,0.44635429978370667,0.4217779040336609,-0.49584731459617615,0.3759361803531647,0.4760332703590393,-0.6492684483528137,0.38376596570014954,0.511792004108429,-0.9611155986785889
1038,0.4391041100025177,0.42341914772987366,-0.4437563121318817,0.3766431212425232,0.47990766167640686,-0.553679883480072,0.38409414887428284,0.5123443603515625,-0.8694947957992554
1039,0.4370060861110687,0.42331957817077637,-0.5455636382102966,0.3792964518070221,0.4798899292945862,-0.6977797746658325,0.3961185812950134,0.5087087750434875,-1.0635634660720825
1040,0.43155238032341003,0.4241011142730713,-0.4671515226364136,0.37550225853919983,0.4861927032470703,-0.6870821118354797,0.39967644214630127,0.5089277029037476,-0.9853553175926208
1041,0.4311125576496124,0.4239317774772644,-0.3204316794872284,0.37751442193984985,0.48578596115112305,-0.45793795585632324,0.404110848903656,0.5088518261909485,-0.8020645380020142
1042,0.42947977781295776,0.42454367876052856,-0.3143775165081024,0.3811618387699127,0.4922378659248352,-0.41537025570869446,0.446300208568573,0.5139104127883911,-0.6887584328651428
1043,0.430871844291687,0.42505717277526855,-0.2842397391796112,0.39090776443481445,0.4955512583255768,-0.3389752209186554,0.4797063171863556,0.5189074277877808,-0.565207839012146
1044,0.4302326738834381,0.42525067925453186,-0.2782098948955536,0.39686745405197144,0.4993700385093689,-0.304951936006546,0.4951111972332001,0.5282169580459595,-0.49391302466392517
1045,0.42958661913871765,0.42588648200035095,-0.3223629891872406,0.3988631069660187,0.5006946325302124,-0.3881368041038513,0.49139755964279175,0.5355777740478516,-0.6100479364395142
1046,0.42774802446365356,0.42831969261169434,-0.42941421270370483,0.39823755621910095,0.5087676644325256,-0.4413309395313263,0.48610174655914307,0.5403172373771667,-0.6585929989814758
1047,0.4254927635192871,0.43015050888061523,-0.41656798124313354,0.3963814079761505,0.5133535265922546,-0.4115487337112427,0.4873429238796234,0.541986346244812,-0.5895424485206604
1048,0.4255237579345703,0.4305620789527893,-0.40674981474876404,0.3921106159687042,0.5106581449508667,-0.37623944878578186,0.48327744007110596,0.5404636263847351,-0.5116441249847412
1049,0.4260689616203308,0.4321961998939514,-0.39673203229904175,0.3880583941936493,0.5080152750015259,-0.3393724262714386,0.47900763154029846,0.5389746427536011,-0.46999210119247437
1050,0.42651450634002686,0.4324701726436615,-0.5216324329376221,0.3650364279747009,0.5078820586204529,-0.5292909741401672,0.43177109956741333,0.5371794700622559,-0.7372299432754517
1051,0.4266095757484436,0.4332609176635742,-0.47685956954956055,0.35249412059783936,0.5071512460708618,-0.5447145104408264,0.42592853307724,0.5374312400817871,-0.7668747901916504
1052,0.43074119091033936,0.4334007203578949,-0.39659038186073303,0.35033944249153137,0.5060443878173828,-0.438283234834671,0.4332934617996216,0.5360180139541626,-0.597057580947876
1053,0.43175145983695984,0.4341144561767578,-0.3961262106895447,0.3499026894569397,0.5056376457214355,-0.43882015347480774,0.4372354745864868,0.5355131030082703,-0.6020323038101196
1054,0.43488720059394836,0.4341965317726135,-0.2867594063282013,0.35462015867233276,0.5038468837738037,-0.3184862434864044,0.4414707124233246,0.5351550579071045,-0.47636374831199646
1055,0.43899795413017273,0.43304911255836487,-0.5220479965209961,0.36041027307510376,0.5016323328018188,-0.6106868982315063,0.44374969601631165,0.5339615941047668,-0.8216849565505981
1056,0.4450172483921051,0.4328405261039734,-0.5387721061706543,0.3718739449977875,0.5044182538986206,-0.6232777833938599,0.4706164598464966,0.5316713452339172,-0.836210310459137
1057,0.44999393820762634,0.4308023452758789,-0.5211336016654968,0.38654738664627075,0.5052632093429565,-0.554050862789154,0.4821396768093109,0.5305062532424927,-0.7362465858459473
1058,0.4566560387611389,0.42818132042884827,-0.5428546667098999,0.4033275544643402,0.5056582689285278,-0.5543737411499023,0.49923253059387207,0.5305131673812866,-0.7170697450637817
1059,0.4614105224609375,0.42738136649131775,-0.5119050741195679,0.4094335734844208,0.5055866241455078,-0.5394474267959595,0.5034493207931519,0.5305162668228149,-0.6797971725463867
1060,0.4703249931335449,0.4273398518562317,-0.5023630857467651,0.42207035422325134,0.5041928291320801,-0.4850981831550598,0.5173613429069519,0.5345867872238159,-0.6118155121803284
1061,0.4778216481208801,0.4268331527709961,-0.4927563965320587,0.43112754821777344,0.5032529234886169,-0.5033709406852722,0.5224279761314392,0.5397231578826904,-0.6406224370002747
1062,0.4850269854068756,0.42646852135658264,-0.44333118200302124,0.4418463706970215,0.5032749772071838,-0.5029603838920593,0.5316573977470398,0.5420223474502563,-0.6689875721931458
1063,0.48840057849884033,0.42636990547180176,-0.31549331545829773,0.450344055891037,0.5038315653800964,-0.36924833059310913,0.5397521257400513,0.5435866117477417,-0.5340399146080017
1064,0.49009907245635986,0.42642250657081604,-0.3848209083080292,0.4534985423088074,0.5040440559387207,-0.46093669533729553,0.5437990427017212,0.5436080694198608,-0.682225227355957
1065,0.4929804503917694,0.42653512954711914,-0.3586753308773041,0.45555657148361206,0.5053479075431824,-0.43570980429649353,0.5461033582687378,0.5445216298103333,-0.6342895030975342
1066,0.4969378113746643,0.42735084891319275,-0.43516236543655396,0.4624280333518982,0.5068117380142212,-0.5383626222610474,0.5519867539405823,0.5455517768859863,-0.7435817122459412
1067,0.4994431436061859,0.42748895287513733,-0.3573819100856781,0.4601607322692871,0.5066858530044556,-0.43500345945358276,0.5484002232551575,0.5454806685447693,-0.6338802576065063
1068,0.4998425245285034,0.42748531699180603,-0.4469716250896454,0.4560316801071167,0.5055243968963623,-0.4984920620918274,0.542974591255188,0.5450692176818848,-0.7283194065093994
1069,0.4987735450267792,0.4266970157623291,-0.5582876801490784,0.45265859365463257,0.5012187361717224,-0.5709550976753235,0.5428322553634644,0.5409793257713318,-0.7843083143234253
1070,0.49691328406333923,0.426274836063385,-0.7042394280433655,0.4449923634529114,0.5001785755157471,-0.7285013198852539,0.5241707563400269,0.5333799123764038,-0.97826087474823
1071,0.49599745869636536,0.42534002661705017,-0.6864625215530396,0.4414897859096527,0.4993267059326172,-0.7258484959602356,0.519623875617981,0.5310745239257812,-0.9815380573272705
1072,0.4952496886253357,0.4253748059272766,-0.6669924259185791,0.4367196261882782,0.5000745058059692,-0.6712031364440918,0.5189332962036133,0.5320374965667725,-0.8653618693351746
1073,0.4945339262485504,0.42537394165992737,-0.6157657504081726,0.4263722002506256,0.49347251653671265,-0.6569324135780334,0.481217622756958,0.5251322388648987,-0.8343156576156616
1074,0.49271881580352783,0.4228801131248474,-0.5335296392440796,0.4237852394580841,0.48364681005477905,-0.5406368970870972,0.435085266828537,0.521894633769989,-0.7506160140037537
1075,0.49091610312461853,0.42273592948913574,-0.5165077447891235,0.42281609773635864,0.47510457038879395,-0.6080710887908936,0.4038240313529968,0.5101834535598755,-0.9590266942977905
1076,0.48675307631492615,0.4225460886955261,-0.4450271725654602,0.4119631350040436,0.4734034538269043,-0.5456255674362183,0.3909372091293335,0.5034428834915161,-0.8811635375022888
1077,0.4846639335155487,0.4226364493370056,-0.43771880865097046,0.4101988971233368,0.47288674116134644,-0.5451037287712097,0.38995906710624695,0.5024536848068237,-0.8693112730979919
1078,0.48396655917167664,0.4226214289665222,-0.46783968806266785,0.39956939220428467,0.4710157513618469,-0.5739171504974365,0.3820144534111023,0.4981094002723694,-0.9078829288482666
1079,0.4820501506328583,0.42261943221092224,-0.47257983684539795,0.3872685730457306,0.47055569291114807,-0.6212528347969055,0.37399259209632874,0.4972618520259857,-0.981025755405426
1080,0.4791746437549591,0.4225715100765228,-0.5215434432029724,0.38333380222320557,0.47245264053344727,-0.6558542847633362,0.37278977036476135,0.4992150366306305,-0.996462345123291
1081,0.47895514965057373,0.4225843846797943,-0.616411030292511,0.3835711181163788,0.47362303733825684,-0.7182943820953369,0.38016289472579956,0.5015612840652466,-1.0949387550354004
1082,0.47905611991882324,0.42258137464523315,-0.6100621819496155,0.38273683190345764,0.47411710023880005,-0.709875762462616,0.38242673873901367,0.5024569034576416,-1.0782092809677124
1083,0.4791894555091858,0.4223586916923523,-0.46493420004844666,0.3824688792228699,0.4747067093849182,-0.5044106841087341,0.3842393159866333,0.5033694505691528,-0.7744011878967285
1084,0.4793087840080261,0.4213111400604248,-0.4502767324447632,0.3812011182308197,0.4749106764793396,-0.42503684759140015,0.4000142812728882,0.5072618722915649,-0.6022158861160278
1085,0.47859400510787964,0.4213504195213318,-0.39339664578437805,0.3780785799026489,0.4751511216163635,-0.41755327582359314,0.41613447666168213,0.5073153376579285,-0.6269040703773499
1086,0.47861117124557495,0.4210166931152344,-0.37650904059410095,0.38036397099494934,0.47545522451400757,-0.4531625509262085,0.4335474371910095,0.5074286460876465,-0.7326492071151733
1087,0.47842469811439514,0.4209907650947571,-0.3435547649860382,0.38184529542922974,0.47680553793907166,-0.49166128039360046,0.4599878191947937,0.5039665102958679,-0.8136923313140869
1088,0.4784618020057678,0.4207219183444977,-0.39931175112724304,0.3827674984931946,0.47692903876304626,-0.5768385529518127,0.46895748376846313,0.5027071237564087,-0.9236265420913696
1089,0.47946086525917053,0.42061716318130493,-0.29207921028137207,0.38301989436149597,0.47697195410728455,-0.45346182584762573,0.47562840580940247,0.49664491415023804,-0.7537755966186523
1090,0.4804440438747406,0.42024365067481995,-0.33310073614120483,0.3836204409599304,0.47702890634536743,-0.4431530833244324,0.49723345041275024,0.4957888722419739,-0.653776228427887
1091,0.4836830198764801,0.42051276564598083,-0.32181596755981445,0.38395529985427856,0.47734755277633667,-0.47058776021003723,0.506709098815918,0.4933128356933594,-0.7152973413467407
1092,0.4906489849090576,0.4207003712654114,-0.2864299416542053,0.40114134550094604,0.4776240885257721,-0.4340503215789795,0.5209359526634216,0.4932138919830322,-0.6815643906593323
1093,0.49490365386009216,0.4209764897823334,-0.26683151721954346,0.41338270902633667,0.47814902663230896,-0.4288599193096161,0.5320514440536499,0.49436521530151367,-0.6859897375106812
1094,0.49687275290489197,0.42124924063682556,-0.28842926025390625,0.41508039832115173,0.47828778624534607,-0.4379008412361145,0.5302953720092773,0.4945332407951355,-0.7073268294334412
1095,0.4985337257385254,0.4211771488189697,-0.26746225357055664,0.41593360900878906,0.47882112860679626,-0.37452393770217896,0.5415403842926025,0.4946705400943756,-0.5770477056503296
1096,0.5054041743278503,0.42057567834854126,-0.27414098381996155,0.43384861946105957,0.47919002175331116,-0.3761032223701477,0.5531217455863953,0.49694982171058655,-0.6159087419509888
1097,0.509140133857727,0.42015260457992554,-0.37103599309921265,0.43576398491859436,0.4817045331001282,-0.4510134756565094,0.5601608753204346,0.5026541948318481,-0.6659694910049438
1098,0.5105981826782227,0.4175662398338318,-0.35835540294647217,0.44174924492836,0.4833390712738037,-0.47272321581840515,0.5645249485969543,0.5028692483901978,-0.7254738807678223
1099,0.5122151374816895,0.415768563747406,-0.38730567693710327,0.44988271594047546,0.48387473821640015,-0.5535616874694824,0.5680793523788452,0.5028572678565979,-0.86897212266922
1100,0.5137677788734436,0.41496673226356506,-0.32329994440078735,0.44667333364486694,0.48375606536865234,-0.4808235466480255,0.5657790899276733,0.5027491450309753,-0.7628474831581116
1101,0.515238344669342,0.41511327028274536,-0.3529287278652191,0.4482034146785736,0.48449522256851196,-0.5119785070419312,0.564614474773407,0.5028544068336487,-0.7982733249664307
1102,0.5186741948127747,0.4152565896511078,-0.18494951725006104,0.45226940512657166,0.48434948921203613,-0.2849554419517517,0.5630485415458679,0.5028394460678101,-0.5105645060539246
1103,0.5171605944633484,0.415785014629364,-0.34065306186676025,0.4520640969276428,0.4875972867012024,-0.5356152653694153,0.5649065375328064,0.5028101801872253,-0.8698717951774597
1104,0.5164826512336731,0.41590946912765503,-0.29023319482803345,0.45097240805625916,0.48717957735061646,-0.5226444005966187,0.5656098127365112,0.5028845071792603,-0.8612849116325378
1105,0.516366720199585,0.4159010052680969,-0.28058311343193054,0.45071059465408325,0.4874642491340637,-0.4975196123123169,0.5657949447631836,0.5030964016914368,-0.7349671125411987
1106,0.5161327719688416,0.41570281982421875,-0.2716251015663147,0.45063963532447815,0.48757314682006836,-0.4869193732738495,0.5660366415977478,0.5032377243041992,-0.7183221578598022
1107,0.5121275782585144,0.4157528281211853,-0.28902286291122437,0.45038360357284546,0.4884868264198303,-0.44143977761268616,0.5659723281860352,0.5031888484954834,-0.6293002963066101
1108,0.5053309202194214,0.4160853326320648,-0.3473145067691803,0.4438694715499878,0.4882946014404297,-0.47201868891716003,0.5654666423797607,0.5006318092346191,-0.6669736504554749
1109,0.49721473455429077,0.4165068566799164,-0.3560301959514618,0.4343879818916321,0.48788920044898987,-0.4696982502937317,0.5612818598747253,0.49782776832580566,-0.6728985905647278
1110,0.4862314462661743,0.41708093881607056,-0.39347043633461,0.42520254850387573,0.48790496587753296,-0.4498608410358429,0.554572343826294,0.49730604887008667,-0.5959442257881165
1111,0.4787203073501587,0.41857728362083435,-0.37465956807136536,0.40748754143714905,0.4896728992462158,-0.4462699890136719,0.5361776947975159,0.4973700940608978,-0.5859067440032959
1112,0.47572728991508484,0.4184679090976715,-0.36370599269866943,0.40537500381469727,0.4900446832180023,-0.4493426978588104,0.5366191267967224,0.4974471628665924,-0.6554941534996033
1113,0.46954017877578735,0.41974467039108276,-0.3579021394252777,0.38887685537338257,0.49079495668411255,-0.4545497000217438,0.5224482417106628,0.49754032492637634,-0.6593689918518066
1114,0.4645994305610657,0.41932791471481323,-0.49394968152046204,0.376128613948822,0.4905204772949219,-0.644576370716095,0.5017421841621399,0.49894100427627563,-0.9250752925872803
1115,0.4601101875305176,0.41895991563796997,-0.511591911315918,0.3683609366416931,0.48981839418411255,-0.624350905418396,0.4956313669681549,0.5025653839111328,-0.8148449659347534
1116,0.4537622332572937,0.4189700186252594,-0.5129362344741821,0.35999682545661926,0.4886549115180969,-0.6016330122947693,0.4786464273929596,0.5074213147163391,-0.8028438091278076
1117,0.4469667673110962,0.4206950068473816,-0.46309149265289307,0.35781094431877136,0.4900611937046051,-0.44703012704849243,0.4671267569065094,0.514197826385498,-0.5783699154853821
1118,0.4447154700756073,0.42155179381370544,-0.39460456371307373,0.3572121560573578,0.48996734619140625,-0.4273308217525482,0.440449595451355,0.5131632089614868,-0.6442486047744751
1119,0.4413679838180542,0.42337536811828613,-0.4009835422039032,0.355173259973526,0.4897650182247162,-0.451870858669281,0.40774476528167725,0.5144962668418884,-0.7159550189971924
1120,0.4357016682624817,0.4255727231502533,-0.41800421476364136,0.3489508032798767,0.4890151023864746,-0.4234512746334076,0.3820840120315552,0.5174254775047302,-0.6455608010292053
1121,0.4314819276332855,0.42635083198547363,-0.3911054730415344,0.33994266390800476,0.48903384804725647,-0.34459391236305237,0.35745537281036377,0.5211413502693176,-0.5251450538635254
1122,0.4218207895755768,0.42675137519836426,-0.40980130434036255,0.33620455861091614,0.4892656207084656,-0.46140652894973755,0.33930596709251404,0.520505428314209,-0.7834237813949585
1123,0.4115467369556427,0.427155077457428,-0.45771417021751404,0.3324974775314331,0.4901973307132721,-0.5150002837181091,0.3293799161911011,0.5220530033111572,-0.7980039715766907
1124,0.40790116786956787,0.4274987578392029,-0.3749309480190277,0.3301534950733185,0.4918312430381775,-0.401989609003067,0.32306352257728577,0.5244232416152954,-0.673360288143158
1125,0.40317314863204956,0.42903026938438416,-0.3699873685836792,0.3227897584438324,0.493323415517807,-0.41556045413017273,0.3181455135345459,0.5267524719238281,-0.6801295280456543
1126,0.398775577545166,0.4294872283935547,-0.40352657437324524,0.32349422574043274,0.4932015836238861,-0.519891083240509,0.3146364390850067,0.5229429006576538,-0.8579363226890564
1127,0.3948158323764801,0.43100443482398987,-0.3114081621170044,0.32422465085983276,0.49403825402259827,-0.4105490744113922,0.3137636184692383,0.5227046012878418,-0.7541142106056213
1128,0.3947901427745819,0.431326299905777,-0.2575984597206116,0.3260715901851654,0.4939681589603424,-0.382135272026062,0.31828033924102783,0.5221152901649475,-0.7468127608299255
1129,0.39269354939460754,0.4314512610435486,-0.39828240871429443,0.3277178108692169,0.49388203024864197,-0.6044949889183044,0.3228481411933899,0.5216503143310547,-1.0899639129638672
1130,0.3915102183818817,0.43141970038414,-0.39373287558555603,0.3288652300834656,0.4930988848209381,-0.5551362037658691,0.32337936758995056,0.5214143395423889,-0.9969192743301392
1131,0.39147916436195374,0.43155521154403687,-0.386697381734848,0.3298875093460083,0.49526461958885193,-0.46817702054977417,0.3270423412322998,0.5212019681930542,-0.8045675754547119
1132,0.39130455255508423,0.43222928047180176,-0.48072341084480286,0.3305133283138275,0.49515190720558167,-0.5318456888198853,0.330666720867157,0.5190017819404602,-0.8487483263015747
1133,0.39186036586761475,0.4321880340576172,-0.627747654914856,0.3314287066459656,0.49639710783958435,-0.8393717408180237,0.36807122826576233,0.5189829468727112,-1.2760971784591675
1134,0.3921321928501129,0.43235427141189575,-0.361015647649765,0.33174923062324524,0.5006378889083862,-0.5368823409080505,0.3921247124671936,0.5185216069221497,-0.8525061011314392
1135,0.3926946520805359,0.4322929382324219,-0.5990114808082581,0.3356457054615021,0.5020560026168823,-0.7919279336929321,0.4086982011795044,0.5185683965682983,-1.1478558778762817
1136,0.3933454155921936,0.4323176443576813,-0.5481693744659424,0.33785006403923035,0.5032821893692017,-0.7407598495483398,0.40749719738960266,0.5188071727752686,-1.113168716430664
1137,0.4000115394592285,0.43136101961135864,-0.6313701272010803,0.34938281774520874,0.5026260018348694,-0.7192322611808777,0.44671106338500977,0.5249662399291992,-1.0362436771392822
1138,0.4053032398223877,0.4312500059604645,-0.5948593616485596,0.37522172927856445,0.5082798004150391,-0.6337746381759644,0.5216708779335022,0.529914140701294,-0.7136043310165405
1139,0.41395103931427,0.42981839179992676,-0.5016636252403259,0.3967963755130768,0.5116411447525024,-0.48441749811172485,0.5274876356124878,0.5315583348274231,-0.5604056119918823
1140,0.418426513671875,0.4298064112663269,-0.3718642294406891,0.41978374123573303,0.5147334933280945,-0.39277517795562744,0.5612081289291382,0.5337064862251282,-0.4406043589115143
1141,0.4283447265625,0.4293037950992584,-0.3427334725856781,0.4340830147266388,0.5135696530342102,-0.37325477600097656,0.5641531944274902,0.5342069864273071,-0.43810251355171204
1142,0.43204256892204285,0.4292882978916168,-0.3438199460506439,0.44333720207214355,0.5122453570365906,-0.38140103220939636,0.5706020593643188,0.535995602607727,-0.4361066520214081
1143,0.438616007566452,0.4282471239566803,-0.35664939880371094,0.45258665084838867,0.5113905668258667,-0.39008012413978577,0.5788720846176147,0.5355099439620972,-0.4392335116863251
1144,0.442233145236969,0.42783719301223755,-0.29918622970581055,0.46045058965682983,0.5109748840332031,-0.3501606285572052,0.585383415222168,0.5350310206413269,-0.3961551785469055
1145,0.4456274211406708,0.42750588059425354,-0.353861927986145,0.46339648962020874,0.5113025307655334,-0.40675681829452515,0.5877752304077148,0.5344802141189575,-0.47945472598075867
1146,0.44965094327926636,0.4272446036338806,-0.38055047392845154,0.46230214834213257,0.5126320123672485,-0.42642343044281006,0.581587016582489,0.5360690355300903,-0.5087295174598694
1147,0.44752493500709534,0.42701148986816406,-0.3844618797302246,0.45481157302856445,0.5152335166931152,-0.4160175621509552,0.5793248414993286,0.5401320457458496,-0.4859861135482788
1148,0.4470331072807312,0.4268185496330261,-0.43771955370903015,0.4514307975769043,0.5164893269538879,-0.46618542075157166,0.5730787515640259,0.5401341319084167,-0.4964544177055359
1149,0.44973140954971313,0.4266684949398041,-0.5678921341896057,0.4503537118434906,0.5158654451370239,-0.606985330581665,0.5707162022590637,0.5431040525436401,-0.7035787105560303
1150,0.4558601677417755,0.424914687871933,-0.6230366230010986,0.42982345819473267,0.507585346698761,-0.6405000686645508,0.5236148834228516,0.5431610345840454,-0.7675905227661133
1151,0.45849889516830444,0.42495888471603394,-0.5919263362884521,0.4107077419757843,0.5043972730636597,-0.6010159254074097,0.49316278100013733,0.5423485040664673,-0.7614671587944031
1152,0.45845481753349304,0.4238010048866272,-0.7481518387794495,0.4056786894798279,0.502068281173706,-0.7589812278747559,0.49022582173347473,0.5413243770599365,-0.9332449436187744
1153,0.45815610885620117,0.42319732904434204,-0.5572081804275513,0.4031994342803955,0.5015817284584045,-0.521816611289978,0.4812021553516388,0.5411146879196167,-0.6435518264770508
1154,0.458471417427063,0.42297568917274475,-0.45467647910118103,0.4000796973705292,0.5006532669067383,-0.4293762743473053,0.4793500602245331,0.5410897731781006,-0.5138393640518188
1155,0.4582381844520569,0.4230473041534424,-0.4683716595172882,0.3989732563495636,0.49905553460121155,-0.4215884804725647,0.4576929211616516,0.5409573912620544,-0.5119745135307312
1156,0.45812538266181946,0.4229508340358734,-0.4708532691001892,0.3977973461151123,0.49896377325057983,-0.37858936190605164,0.4658319652080536,0.5441634058952332,-0.4266953766345978
1157,0.4576738178730011,0.4229563772678375,-0.43984052538871765,0.39893853664398193,0.4960920810699463,-0.30416756868362427,0.4422331154346466,0.5437451601028442,-0.3470001518726349
1158,0.4579818844795227,0.4228774905204773,-0.34325405955314636,0.40036365389823914,0.49279704689979553,-0.21518470346927643,0.42285144329071045,0.5419000387191772,-0.28083130717277527
1159,0.4602712094783783,0.4216671586036682,-0.40046581625938416,0.40138134360313416,0.488068163394928,-0.4140033423900604,0.4170670509338379,0.5377990007400513,-0.6072735786437988
1160,0.45989716053009033,0.42183390259742737,-0.3509814441204071,0.4024866223335266,0.48866087198257446,-0.2795804440975189,0.41629934310913086,0.536214292049408,-0.39355939626693726
1161,0.45971518754959106,0.4218854308128357,-0.5977824926376343,0.40699759125709534,0.4874851107597351,-0.6414459943771362,0.4217468202114105,0.5361895561218262,-0.893506646156311
1162,0.459293395280838,0.4216081500053406,-0.5350584983825684,0.4088461697101593,0.48411431908607483,-0.5848459601402283,0.42707520723342896,0.5334210395812988,-0.8171434998512268
1163,0.4550085663795471,0.42173486948013306,-0.4534960985183716,0.41083186864852905,0.49364715814590454,-0.5322510004043579,0.434468537569046,0.5345669388771057,-0.6956178545951843
1164,0.4534582495689392,0.4219711422920227,-0.40887391567230225,0.4101942181587219,0.5010652542114258,-0.48454636335372925,0.44461119174957275,0.5341454148292542,-0.6602251529693604
1165,0.45156729221343994,0.42179203033447266,-0.4298294484615326,0.40779346227645874,0.5011072754859924,-0.48322921991348267,0.46063393354415894,0.5333980321884155,-0.6550811529159546
1166,0.45094382762908936,0.4218887388706207,-0.44862425327301025,0.40619295835494995,0.5010512471199036,-0.5244521498680115,0.4647403657436371,0.532826840877533,-0.7182595729827881
1167,0.4493614733219147,0.4220307767391205,-0.43883270025253296,0.40515023469924927,0.5015437006950378,-0.526736855506897,0.4724845886230469,0.5330165028572083,-0.7187341451644897
1168,0.44768261909484863,0.4237927794456482,-0.2271232157945633,0.4034561216831207,0.5034388899803162,-0.36834535002708435,0.48374155163764954,0.5333646535873413,-0.6202018857002258
1169,0.44461604952812195,0.42428073287010193,-0.16783973574638367,0.40288692712783813,0.5046790838241577,-0.29548296332359314,0.48805564641952515,0.536939263343811,-0.5015106797218323
1170,0.4427385628223419,0.42514047026634216,-0.23101134598255157,0.402190625667572,0.5070390701293945,-0.3098858892917633,0.4909314513206482,0.5401852130889893,-0.4784660041332245
1171,0.4387723207473755,0.42667001485824585,-0.2652202248573303,0.39810770750045776,0.5082396268844604,-0.35771700739860535,0.4925976097583771,0.5417055487632751,-0.5435600280761719
1172,0.4367784857749939,0.42819342017173767,-0.2927257716655731,0.39625510573387146,0.5086075663566589,-0.37657153606414795,0.49462801218032837,0.5429994463920593,-0.5525699853897095
1173,0.43380001187324524,0.4282051920890808,-0.3578217029571533,0.39395901560783386,0.5095005631446838,-0.39934301376342773,0.49323803186416626,0.5433592200279236,-0.5506038069725037
1174,0.4331073760986328,0.4284280240535736,-0.460393488407135,0.3928951323032379,0.5097479224205017,-0.5146501660346985,0.4926425814628601,0.5436369180679321,-0.6755106449127197
1175,0.4326636791229248,0.42834028601646423,-0.48858168721199036,0.39307069778442383,0.5101830363273621,-0.5224487781524658,0.4926941394805908,0.543781042098999,-0.6697382926940918
1176,0.4324648082256317,0.42927223443984985,-0.5086298584938049,0.3934336006641388,0.5109180212020874,-0.5625743269920349,0.49373868107795715,0.5449634790420532,-0.7194622755050659
1177,0.4327303469181061,0.42917853593826294,-0.4978424906730652,0.3937362730503082,0.510674238204956,-0.538552463054657,0.49285510182380676,0.5447256565093994,-0.6879787445068359
1178,0.4329850971698761,0.4291059374809265,-0.4634416699409485,0.3939519226551056,0.5106433629989624,-0.508732795715332,0.49226829409599304,0.5445716977119446,-0.6239228248596191
1179,0.43308088183403015,0.4290596544742584,-0.4145765006542206,0.3937854766845703,0.5100743770599365,-0.41354674100875854,0.4920702278614044,0.5444881916046143,-0.49316656589508057
1180,0.43314358592033386,0.4284449517726898,-0.5034560561180115,0.3926689028739929,0.5068767070770264,-0.5359439849853516,0.48860710859298706,0.53829026222229,-0.6800404191017151
1181,0.4332731366157532,0.42822718620300293,-0.48263171315193176,0.385439932346344,0.5040663480758667,-0.5530721545219421,0.4663654863834381,0.5303663611412048,-0.7558608055114746
1182,0.4333387017250061,0.42812681198120117,-0.5919115543365479,0.38462841510772705,0.502913773059845,-0.7109046578407288,0.43584489822387695,0.5256252884864807,-0.9852993488311768
1183,0.43431946635246277,0.42737942934036255,-0.5960025191307068,0.3850690722465515,0.4972948133945465,-0.6983731389045715,0.3897802531719208,0.5195904970169067,-0.9924458265304565
1184,0.4343579113483429,0.4269150197505951,-0.5688502788543701,0.38320213556289673,0.49596548080444336,-0.6376211047172546,0.3944009244441986,0.5187217593193054,-0.8875254392623901
1185,0.43430811166763306,0.426807165145874,-0.5476735234260559,0.3780401945114136,0.4940098822116852,-0.4916314482688904,0.3193075358867645,0.5188769102096558,-0.6375644207000732
1186,0.43432489037513733,0.4258913993835449,-0.5510520339012146,0.37413910031318665,0.48608794808387756,-0.6094263792037964,0.3132694959640503,0.5212167501449585,-0.8703210353851318
1187,0.43463438749313354,0.4257042407989502,-0.5041988492012024,0.36170610785484314,0.4811335504055023,-0.6211121678352356,0.3163318336009979,0.5187247395515442,-0.9180387854576111
1188,0.43572989106178284,0.42570480704307556,-0.4622339904308319,0.3506099581718445,0.4755367338657379,-0.6067349910736084,0.3152860403060913,0.5091769695281982,-0.8829050660133362
1189,0.43662676215171814,0.4256055951118469,-0.4669947624206543,0.34398382902145386,0.4745713770389557,-0.6002570986747742,0.30872979760169983,0.5068743228912354,-0.8601667881011963
1190,0.4374946057796478,0.4255600571632385,-0.4699735939502716,0.33927953243255615,0.47468844056129456,-0.628804624080658,0.3086088001728058,0.5078996419906616,-0.9251406192779541
1191,0.43873628973960876,0.42519745230674744,-0.5040621161460876,0.3368287682533264,0.47434934973716736,-0.5759661793708801,0.3079524636268616,0.5105801820755005,-0.8007135987281799
1192,0.44191357493400574,0.425129234790802,-0.5126016139984131,0.33991146087646484,0.4724840223789215,-0.5470156073570251,0.31565535068511963,0.512488603591919,-0.7613171339035034
1193,0.44411104917526245,0.4248961806297302,-0.5199243426322937,0.342808336019516,0.47028785943984985,-0.5517755150794983,0.3238378167152405,0.5129701495170593,-0.7718217372894287
1194,0.4475223124027252,0.42337512969970703,-0.5165931582450867,0.34274953603744507,0.4664086699485779,-0.5271637439727783,0.3445805311203003,0.5120627880096436,-0.7454359531402588
1195,0.45295706391334534,0.4224695563316345,-0.5368945598602295,0.34402504563331604,0.46584463119506836,-0.5820181369781494,0.36157992482185364,0.5090739727020264,-0.8241647481918335
1196,0.45477306842803955,0.42215925455093384,-0.501002311706543,0.3447449505329132,0.46549972891807556,-0.5183366537094116,0.36463820934295654,0.5076852440834045,-0.6896095871925354
1197,0.45682695508003235,0.4222165048122406,-0.49422064423561096,0.34467393159866333,0.46306365728378296,-0.5023720860481262,0.38500869274139404,0.5043604969978333,-0.6627973318099976
1198,0.4580247104167938,0.4211733341217041,-0.5282546281814575,0.345368355512619,0.46285519003868103,-0.5510483384132385,0.4179244637489319,0.5027005076408386,-0.7381394505500793
1199,0.4604664146900177,0.4209318161010742,-0.4452809691429138,0.3455800414085388,0.46322351694107056,-0.5256246328353882,0.4379103481769562,0.49653926491737366,-0.7194623947143555
1200,0.4660740792751312,0.42096513509750366,-0.4131726622581482,0.3538557291030884,0.46388325095176697,-0.5284110307693481,0.4617309868335724,0.49268001317977905,-0.7323819398880005
1201,0.47219035029411316,0.4209616780281067,-0.4443524181842804,0.3639291524887085,0.46767908334732056,-0.6165573596954346,0.4827705919742584,0.492445707321167,-0.9180123209953308
1202,0.4745766520500183,0.42060938477516174,-0.4932177662849426,0.36869680881500244,0.46972769498825073,-0.649287223815918,0.48647379875183105,0.49300503730773926,-0.9298690557479858
1203,0.4769831895828247,0.41989120841026306,-0.37621670961380005,0.3862847089767456,0.47103849053382874,-0.5393329858779907,0.5140202641487122,0.4940341114997864,-0.8167489171028137
1204,0.48173946142196655,0.41959938406944275,-0.32626643776893616,0.4210972189903259,0.4718684256076813,-0.5008053779602051,0.5352166295051575,0.4933069348335266,-0.7875948548316956
1205,0.4890477955341339,0.41954103112220764,-0.3322724997997284,0.43220236897468567,0.4740823805332184,-0.5192091464996338,0.5656586289405823,0.4934982359409332,-0.7907339334487915
1206,0.4941054582595825,0.41910403966903687,-0.3213527500629425,0.458670049905777,0.4800998270511627,-0.5440537333488464,0.5965247750282288,0.4942789673805237,-0.8494949340820312
1207,0.49304670095443726,0.4167964458465576,-0.24748320877552032,0.4549577534198761,0.4797751307487488,-0.4300074577331543,0.5957630276679993,0.4947184920310974,-0.6647290587425232
1208,0.4933449923992157,0.4158196449279785,-0.2158040553331375,0.4563044309616089,0.4803343415260315,-0.39659813046455383,0.5959638953208923,0.4945901334285736,-0.6470492482185364
1209,0.4940604269504547,0.4159567952156067,-0.2649306058883667,0.46250486373901367,0.48201775550842285,-0.45089423656463623,0.5958343148231506,0.493131548166275,-0.6955978870391846
1210,0.4931659400463104,0.4161272644996643,-0.25021594762802124,0.4598177671432495,0.48723968863487244,-0.41432371735572815,0.5960438251495361,0.49345821142196655,-0.6448119282722473
1211,0.49289020895957947,0.4162479341030121,-0.2702363133430481,0.45284304022789,0.4893339276313782,-0.4429377317428589,0.5900329351425171,0.4936456084251404,-0.6891083717346191
1212,0.4921957552433014,0.41631537675857544,-0.28132164478302,0.4453708231449127,0.4887177348136902,-0.47106674313545227,0.5813881158828735,0.49346479773521423,-0.7551313042640686
1213,0.48759782314300537,0.4166410565376282,-0.389663428068161,0.42369914054870605,0.4887358248233795,-0.6125558018684387,0.5619685649871826,0.4928804039955139,-0.9296790361404419
1214,0.4860936403274536,0.4168948233127594,-0.3682331442832947,0.41285020112991333,0.48794636130332947,-0.5648728609085083,0.549665093421936,0.4926964342594147,-0.848730206489563
1215,0.480023056268692,0.41741856932640076,-0.37122076749801636,0.3992018401622772,0.48775142431259155,-0.5265093445777893,0.5068365931510925,0.49313268065452576,-0.7541172504425049
1216,0.4776066541671753,0.41743558645248413,-0.270129531621933,0.39485129714012146,0.4861586093902588,-0.38619694113731384,0.4826914966106415,0.49906477332115173,-0.637231171131134
1217,0.4739736020565033,0.4176068902015686,-0.5063682794570923,0.3820473253726959,0.4830089211463928,-0.49374914169311523,0.4798193573951721,0.5060514211654663,-0.6932456493377686
1218,0.4642290472984314,0.41911381483078003,-0.24639740586280823,0.37144482135772705,0.48286527395248413,-0.26968321204185486,0.4462558627128601,0.5095606446266174,-0.47940683364868164
1219,0.4537269175052643,0.4208385944366455,-0.4133506417274475,0.3633649945259094,0.4828645586967468,-0.3799988329410553,0.4031800925731659,0.5154637098312378,-0.5788236260414124
1220,0.4531342089176178,0.4223228991031647,-0.3893127739429474,0.3624545633792877,0.4844151437282562,-0.31133773922920227,0.4008103311061859,0.5211309790611267,-0.46949467062950134
1221,0.4515977203845978,0.42261743545532227,-0.40832892060279846,0.3534455895423889,0.4828028082847595,-0.3068843483924866,0.38243451714515686,0.518229603767395,-0.43311259150505066
1222,0.44356223940849304,0.4224991798400879,-0.4035448729991913,0.34400591254234314,0.48083871603012085,-0.2939940094947815,0.3554327189922333,0.5201793909072876,-0.39680397510528564
1223,0.43501609563827515,0.4225013852119446,-0.3326531648635864,0.3376125991344452,0.48086443543434143,-0.22316159307956696,0.33532899618148804,0.525329053401947,-0.3438777029514313
1224,0.42822036147117615,0.4234186112880707,-0.4629383087158203,0.3294951319694519,0.4808676838874817,-0.39312711358070374,0.3047947585582733,0.5280548334121704,-0.5693004131317139
1225,0.4169650673866272,0.42584386467933655,-0.42827996611595154,0.3228648006916046,0.4833800792694092,-0.41551387310028076,0.29251667857170105,0.5293743014335632,-0.6542372107505798
1226,0.4119730293750763,0.4283185601234436,-0.291108101606369,0.3125739097595215,0.4914928078651428,-0.33863452076911926,0.291169136762619,0.530610203742981,-0.5853102207183838
1227,0.40582793951034546,0.42848438024520874,-0.28935497999191284,0.30530452728271484,0.49310213327407837,-0.29501545429229736,0.284492164850235,0.5302487015724182,-0.5020290613174438
1228,0.3996225893497467,0.42899376153945923,-0.4382227957248688,0.30331066250801086,0.49298277497291565,-0.47481533885002136,0.2821162939071655,0.5292195081710815,-0.7541100978851318
1229,0.39389851689338684,0.4299502968788147,-0.4297855794429779,0.3059675991535187,0.49214252829551697,-0.42497923970222473,0.2591727077960968,0.5289118885993958,-0.6659520268440247
1230,0.38944557309150696,0.4298986494541168,-0.30242711305618286,0.3060823678970337,0.4917795658111572,-0.33401256799697876,0.2518605887889862,0.5277864933013916,-0.5831558108329773
1231,0.38290727138519287,0.429734468460083,-0.19373008608818054,0.30171310901641846,0.4912441670894623,-0.2600858807563782,0.25158312916755676,0.5230039358139038,-0.5788092613220215
1232,0.38005882501602173,0.42995113134384155,-0.3678087890148163,0.30179673433303833,0.490992933511734,-0.4266258776187897,0.25253576040267944,0.5226808786392212,-0.7585188746452332
1233,0.3755384087562561,0.43113192915916443,-0.3583972156047821,0.3004963994026184,0.4907468259334564,-0.4205022156238556,0.2508600354194641,0.522567093372345,-0.775973916053772
1234,0.3726422190666199,0.4317665696144104,-0.15505485236644745,0.29647183418273926,0.4914536476135254,-0.2786678671836853,0.24679946899414062,0.5195356011390686,-0.6682976484298706
1235,0.3678321838378906,0.43215593695640564,-0.20615853369235992,0.29580485820770264,0.4915975034236908,-0.2273636758327484,0.24970008432865143,0.5180814266204834,-0.5405498147010803
1236,0.365416556596756,0.4324226975440979,-0.23801662027835846,0.295640230178833,0.4919203817844391,-0.2772679626941681,0.2484704703092575,0.5172296762466431,-0.5600515007972717
1237,0.36510059237480164,0.4328748285770416,-0.05397121608257294,0.2973315119743347,0.4940287470817566,-0.10508067905902863,0.25339409708976746,0.5174404382705688,-0.3391380310058594
1238,0.3646744191646576,0.4329677224159241,-0.11763264238834381,0.29837766289711,0.494819313287735,-0.20849645137786865,0.25624439120292664,0.5173918008804321,-0.4124077558517456
1239,0.36519894003868103,0.43288594484329224,-0.16021160781383514,0.30471181869506836,0.49488407373428345,-0.19038623571395874,0.25708281993865967,0.5221596956253052,-0.3764072060585022
1240,0.3663870096206665,0.4328669011592865,-0.34008094668388367,0.3125546872615814,0.49642640352249146,-0.2225418984889984,0.2585477828979492,0.5248603820800781,-0.3285033702850342
1241,0.36712583899497986,0.43273329734802246,-0.306625097990036,0.3171403706073761,0.49613529443740845,-0.22828011214733124,0.296148419380188,0.5229367613792419,-0.3816835284233093
1242,0.3676256537437439,0.43496865034103394,-0.38703158497810364,0.33238235116004944,0.4998772144317627,-0.5645380020141602,0.3689376413822174,0.5100361704826355,-0.8602796792984009
1243,0.36923301219940186,0.4354349970817566,-0.2015700489282608,0.33322980999946594,0.5033276081085205,-0.4362834393978119,0.420248806476593,0.506890594959259,-0.551525354385376
1244,0.37182480096817017,0.4353811740875244,-0.17994274199008942,0.33214956521987915,0.5041463971138,-0.3515133857727051,0.4195499122142792,0.5061526894569397,-0.4555741250514984
1245,0.3780582845211029,0.43528079986572266,-0.19933269917964935,0.3390856087207794,0.5092116594314575,-0.37393248081207275,0.4422503709793091,0.5068200826644897,-0.542787492275238
1246,0.38078004121780396,0.43533334136009216,-0.2068413347005844,0.3475204110145569,0.5171879529953003,-0.4102562665939331,0.4771590232849121,0.5062161087989807,-0.6042123436927795
1247,0.3853328227996826,0.4354802668094635,-0.22390004992485046,0.38332951068878174,0.5188761949539185,-0.43312281370162964,0.5060441493988037,0.5021477341651917,-0.6234967708587646
1248,0.39346346259117126,0.43546754121780396,-0.2100166380405426,0.40478798747062683,0.5175813436508179,-0.3358968496322632,0.5270829200744629,0.4994664192199707,-0.3600023090839386
1249,0.40241193771362305,0.43544402718544006,-0.29796767234802246,0.432003915309906,0.5176262259483337,-0.34213128685951233,0.5637134313583374,0.4847172200679779,-0.318132609128952
1250,0.4075002074241638,0.4341789186000824,-0.3045312166213989,0.4333663582801819,0.5165523290634155,-0.3951050639152527,0.5579467415809631,0.4841930866241455,-0.4164436459541321
1251,0.41307058930397034,0.4342716634273529,-0.34963321685791016,0.4526423215866089,0.5197455286979675,-0.4330875873565674,0.5662000179290771,0.4754006266593933,-0.432883083820343
1252,0.41982442140579224,0.43230289220809937,-0.3243449628353119,0.47157636284828186,0.519071638584137,-0.3825686275959015,0.5765474438667297,0.46384844183921814,-0.3637496829032898
1253,0.4251798987388611,0.4324435293674469,-0.20668277144432068,0.4826132357120514,0.518194317817688,-0.290370911359787,0.5733716487884521,0.4518013894557953,-0.25272515416145325
1254,0.4332302212715149,0.4319988787174225,-0.2819727063179016,0.49152976274490356,0.5164811611175537,-0.3950413167476654,0.5648531317710876,0.4461747109889984,-0.4881761372089386
1255,0.44144004583358765,0.4296540319919586,-0.2821270227432251,0.5037986636161804,0.5095332860946655,-0.39866146445274353,0.5702731013298035,0.4409567713737488,-0.49350258708000183
1256,0.44583049416542053,0.43013015389442444,-0.28643280267715454,0.5149086713790894,0.5093740820884705,-0.3966596722602844,0.570913553237915,0.44227442145347595,-0.34897053241729736
1257,0.4487609565258026,0.42987117171287537,-0.2674739360809326,0.5294482111930847,0.5025838613510132,-0.2929767370223999,0.5813713073730469,0.43262481689453125,-0.15976214408874512
1258,0.4526574909687042,0.43000465631484985,-0.33215048909187317,0.5374613404273987,0.4980436861515045,-0.318896621465683,0.5906189680099487,0.42215433716773987,-0.16092760860919952
1259,0.4546138644218445,0.43009185791015625,-0.31873229146003723,0.5291085839271545,0.4992396831512451,-0.36228954792022705,0.5923744440078735,0.431223064661026,-0.2535284757614136
1260,0.45367300510406494,0.4301263689994812,-0.3062472939491272,0.5152738094329834,0.5004172325134277,-0.3310876488685608,0.5985342264175415,0.43593519926071167,-0.1305142343044281
1261,0.4559130370616913,0.42937761545181274,-0.2493380904197693,0.5111119151115417,0.501134991645813,-0.27979588508605957,0.5980250835418701,0.4387148320674896,-0.10391456633806229
1262,0.455962598323822,0.42865046858787537,-0.24388387799263,0.5106375217437744,0.5017390847206116,-0.29431408643722534,0.6048183441162109,0.43900761008262634,-0.13736271858215332
1263,0.4580306112766266,0.4270297586917877,-0.21373026072978973,0.49519115686416626,0.5040093064308167,-0.32661500573158264,0.6001433730125427,0.4496491849422455,-0.3153274655342102
1264,0.4575851559638977,0.42632991075515747,-0.22710484266281128,0.47599151730537415,0.5041009783744812,-0.2891930341720581,0.5984078049659729,0.46327123045921326,-0.1757054179906845
1265,0.4566797912120819,0.4243515431880951,-0.0953727439045906,0.4567255973815918,0.503445565700531,-0.20401069521903992,0.5739532113075256,0.4734121263027191,-0.17835557460784912
1266,0.4562443196773529,0.42258626222610474,-0.12616464495658875,0.43451201915740967,0.49854302406311035,-0.24937590956687927,0.5571478605270386,0.476199209690094,-0.2719045877456665
1267,0.4556505084037781,0.42196720838546753,-0.11696422100067139,0.43525245785713196,0.4972756803035736,-0.24319040775299072,0.5545619130134583,0.47734078764915466,-0.2661307752132416
1268,0.45543065667152405,0.42162784934043884,-0.1402515470981598,0.4154110848903656,0.49610209465026855,-0.25917676091194153,0.539918839931488,0.47899580001831055,-0.3402867913246155
1269,0.455095499753952,0.42174094915390015,-0.11144351959228516,0.4016103446483612,0.49430808424949646,-0.2607712149620056,0.5208294987678528,0.4794747233390808,-0.439620703458786
1270,0.45330026745796204,0.41821354627609253,-0.13706974685192108,0.39499393105506897,0.4875689446926117,-0.36489978432655334,0.5061940550804138,0.4778960645198822,-0.6086117029190063
1271,0.45229336619377136,0.4183461666107178,-0.15532638132572174,0.39213892817497253,0.48819321393966675,-0.3767118752002716,0.49731114506721497,0.4783080220222473,-0.6493786573410034
1272,0.4505649507045746,0.4187736511230469,-0.23013842105865479,0.38552558422088623,0.48755890130996704,-0.44245898723602295,0.4932980537414551,0.47847166657447815,-0.7232430577278137
1273,0.4485512673854828,0.4187406897544861,-0.22305583953857422,0.3856413960456848,0.4867126941680908,-0.4320507347583771,0.4920629858970642,0.47839784622192383,-0.7193827033042908
1274,0.4483824372291565,0.41892609000205994,-0.18257810175418854,0.37983381748199463,0.48672881722450256,-0.39290380477905273,0.48721644282341003,0.4784402847290039,-0.7015755772590637
1275,0.443583607673645,0.4189631938934326,-0.22955375909805298,0.37307390570640564,0.48692822456359863,-0.4692574739456177,0.48054346442222595,0.4784446358680725,-0.8102587461471558
1276,0.44111400842666626,0.41906994581222534,-0.2621628940105438,0.37165096402168274,0.4874168038368225,-0.4545131325721741,0.4727434813976288,0.4784829020500183,-0.7908630967140198
1277,0.4403141438961029,0.4191643297672272,-0.2655442953109741,0.3671337962150574,0.4875083863735199,-0.4628576934337616,0.4711973965167999,0.478181928396225,-0.8171272873878479
1278,0.43634897470474243,0.41951456665992737,-0.26562055945396423,0.3616381883621216,0.48738518357276917,-0.4630975127220154,0.4632907509803772,0.4779796600341797,-0.8033678531646729
1279,0.4347708821296692,0.41957348585128784,-0.23566687107086182,0.35953620076179504,0.487021267414093,-0.43065154552459717,0.46126824617385864,0.4778175354003906,-0.7538706660270691
1280,0.4322606921195984,0.42025279998779297,-0.1670246124267578,0.3567338287830353,0.4871712327003479,-0.36497628688812256,0.4552465081214905,0.4776877760887146,-0.72422194480896
1281,0.42749151587486267,0.4213995933532715,-0.09012424945831299,0.35117337107658386,0.48743805289268494,-0.2706622779369354,0.4483962953090668,0.47784456610679626,-0.6301924586296082
1282,0.42482295632362366,0.4214431345462799,-0.1177934780716896,0.34615862369537354,0.48826178908348083,-0.2739768326282501,0.44362080097198486,0.47776421904563904,-0.6172234416007996
1283,0.418590247631073,0.422870397567749,-0.14421412348747253,0.34262558817863464,0.4887930750846863,-0.31100818514823914,0.4403190612792969,0.47773534059524536,-0.6204555034637451
1284,0.414196640253067,0.4229567050933838,-0.1629473716020584,0.341105192899704,0.48881834745407104,-0.3265491724014282,0.4348575174808502,0.47770053148269653,-0.6563873291015625
1285,0.41106975078582764,0.423187255859375,-0.18112173676490784,0.34201860427856445,0.4900146424770355,-0.3511553406715393,0.43586140871047974,0.4776493012905121,-0.7204660177230835
1286,0.40610039234161377,0.42421507835388184,-0.11680369824171066,0.34002867341041565,0.4927942156791687,-0.3010328412055969,0.42897653579711914,0.4776226580142975,-0.6664091944694519
1287,0.39980027079582214,0.42557603120803833,-0.05039465054869652,0.3394645154476166,0.4981953501701355,-0.2175620198249817,0.4244095981121063,0.47760677337646484,-0.5843902826309204
1288,0.39324337244033813,0.4265311360359192,-0.09887250512838364,0.33009299635887146,0.499846875667572,-0.25991570949554443,0.4172082543373108,0.47851699590682983,-0.6018732786178589
1289,0.38105443120002747,0.4274083971977234,-0.05415329337120056,0.31895676255226135,0.49976468086242676,-0.24813136458396912,0.410575270652771,0.4797385334968567,-0.6067661046981812
1290,0.3766392171382904,0.4276822507381439,-0.07449907064437866,0.31277161836624146,0.49907201528549194,-0.24458514153957367,0.4051852226257324,0.4799441695213318,-0.5994917750358582
1291,0.3747137784957886,0.42794957756996155,-0.05801689997315407,0.3109155297279358,0.4988788068294525,-0.2453393042087555,0.4042782187461853,0.4799754023551941,-0.6055647134780884
1292,0.36700698733329773,0.4283466339111328,-0.08402535319328308,0.3012998700141907,0.4994724690914154,-0.27658766508102417,0.39660781621932983,0.4803106188774109,-0.6444222927093506
1293,0.3622358441352844,0.4289846420288086,-0.2904947102069855,0.2957770526409149,0.49991750717163086,-0.4882458448410034,0.3917686939239502,0.4819767475128174,-0.8306745886802673
1294,0.35710516571998596,0.42958420515060425,-0.2149488925933838,0.2897524833679199,0.5001562833786011,-0.3938339948654175,0.3884202837944031,0.48309260606765747,-0.7414860129356384
1295,0.3505156934261322,0.4303489327430725,-0.22603051364421844,0.2862512469291687,0.5019829869270325,-0.39898693561553955,0.38349461555480957,0.4848434031009674,-0.7121139764785767
1296,0.3447970151901245,0.43095725774765015,-0.20655570924282074,0.280053973197937,0.5036642551422119,-0.3929319679737091,0.3771783113479614,0.4870099127292633,-0.7077561020851135
1297,0.3429093360900879,0.4312790036201477,-0.22636455297470093,0.2801967263221741,0.5053240060806274,-0.3855237364768982,0.37618619203567505,0.4888569712638855,-0.6790370345115662
1298,0.3370307683944702,0.43214067816734314,-0.3012951612472534,0.27739545702934265,0.5060960650444031,-0.4498610496520996,0.3749246895313263,0.48953312635421753,-0.6970096826553345
1299,0.33222585916519165,0.4320142865180969,-0.28290238976478577,0.2679274380207062,0.5059009790420532,-0.44174426794052124,0.37264740467071533,0.49040618538856506,-0.7337407469749451
1300,0.32347825169563293,0.4328252375125885,-0.271065354347229,0.26562798023223877,0.50651615858078,-0.41925668716430664,0.3707132041454315,0.4912061095237732,-0.7223134636878967
1301,0.31859511137008667,0.43278685212135315,-0.284091055393219,0.2611924111843109,0.5070890188217163,-0.42534705996513367,0.36649781465530396,0.49321669340133667,-0.6503519415855408
1302,0.3178607225418091,0.43270164728164673,-0.304391086101532,0.25799983739852905,0.5069257020950317,-0.4461652636528015,0.3626534044742584,0.49335700273513794,-0.6892914175987244
1303,0.31867173314094543,0.4326363503932953,-0.2917760908603668,0.25637850165367126,0.5068743824958801,-0.4329809546470642,0.36132872104644775,0.4936037063598633,-0.678463339805603
1304,0.31769463419914246,0.4326137602329254,-0.19338473677635193,0.2536439895629883,0.5068504214286804,-0.3421918749809265,0.35853850841522217,0.49352389574050903,-0.5816744565963745
1305,0.3165649175643921,0.43305444717407227,-0.16798926889896393,0.255222350358963,0.5070606470108032,-0.332211971282959,0.3549271523952484,0.49348321557044983,-0.623542845249176
1306,0.3150574564933777,0.43307986855506897,-0.1798039823770523,0.2552875876426697,0.5080872178077698,-0.4019204378128052,0.35636991262435913,0.4931294322013855,-0.745194673538208
1307,0.31553998589515686,0.433434396982193,-0.16469615697860718,0.25590574741363525,0.5081886053085327,-0.3979923725128174,0.3553403913974762,0.49036723375320435,-0.7197003960609436
1308,0.3166450560092926,0.4335262179374695,-0.185984805226326,0.2565416097640991,0.5081053972244263,-0.44025328755378723,0.35683420300483704,0.4844367504119873,-0.7652385234832764
1309,0.3175384998321533,0.43362417817115784,-0.19441193342208862,0.25453701615333557,0.5087758302688599,-0.43405991792678833,0.35761502385139465,0.4835642874240875,-0.7403825521469116
1310,0.31819984316825867,0.43361538648605347,-0.15489228069782257,0.25490081310272217,0.5086625218391418,-0.38352254033088684,0.35813209414482117,0.4764798581600189,-0.6463794112205505
1311,0.3233199417591095,0.43361324071884155,-0.04653983190655708,0.25914496183395386,0.506409227848053,-0.2811488211154938,0.35854753851890564,0.4735962748527527,-0.5459052324295044
1312,0.33000776171684265,0.4340429902076721,-0.026701439172029495,0.2678942084312439,0.5058978796005249,-0.24012891948223114,0.36302584409713745,0.46358704566955566,-0.4537397027015686
1313,0.3371011018753052,0.4336007237434387,-0.010063470341265202,0.2787710130214691,0.505900502204895,-0.2157181203365326,0.3651334047317505,0.4585292935371399,-0.43677791953086853
1314,0.34658345580101013,0.4327331483364105,0.021793723106384277,0.2908310294151306,0.5059307813644409,-0.19125686585903168,0.36690160632133484,0.4574432969093323,-0.46836143732070923
1315,0.34786680340766907,0.4322403371334076,-0.04532982036471367,0.2946355938911438,0.5053749680519104,-0.25208503007888794,0.36801642179489136,0.4560376703739166,-0.5109636187553406
1316,0.35021206736564636,0.4299325942993164,-0.06669337302446365,0.30207017064094543,0.506467342376709,-0.2658146023750305,0.371884286403656,0.45677733421325684,-0.5596214532852173
1317,0.35583433508872986,0.429926335811615,-0.07043541967868805,0.3031814396381378,0.5074625611305237,-0.2766212821006775,0.3771113157272339,0.45923107862472534,-0.5573535561561584
1318,0.358146071434021,0.4300309121608734,-0.02135837823152542,0.3026469945907593,0.508020281791687,-0.22733594477176666,0.3861878216266632,0.45967745780944824,-0.5011593103408813
1319,0.3641741871833801,0.4316880702972412,0.007468773052096367,0.307073175907135,0.5089566707611084,-0.21499863266944885,0.3966020941734314,0.45982876420021057,-0.47433051466941833
1320,0.36825522780418396,0.43259039521217346,0.026032742112874985,0.3097933530807495,0.5102493166923523,-0.1791418045759201,0.40486136078834534,0.46363455057144165,-0.4547942578792572
1321,0.3708963692188263,0.43295159935951233,-0.00044672080548480153,0.31056225299835205,0.5104712843894958,-0.20897680521011353,0.4076501131057739,0.4644787311553955,-0.4849790930747986
1322,0.3734280467033386,0.43261662125587463,-0.011122111231088638,0.3120529055595398,0.510435938835144,-0.21499235928058624,0.40949100255966187,0.4667879045009613,-0.4898468554019928
1323,0.3769049048423767,0.4328121542930603,0.0138042401522398,0.3135240077972412,0.5104389786720276,-0.20159344375133514,0.4131755530834198,0.4692763388156891,-0.5131820440292358
1324,0.3812447488307953,0.4328625202178955,-0.03430493548512459,0.3159971237182617,0.5103325843811035,-0.24761787056922913,0.4158110022544861,0.4705912172794342,-0.6085957288742065
1325,0.38395729660987854,0.4323640763759613,-0.04672306030988693,0.3182589113712311,0.5103135704994202,-0.24757124483585358,0.4214213192462921,0.4707462787628174,-0.5777468085289001
1326,0.38668954372406006,0.432365357875824,-0.01949784904718399,0.32185810804367065,0.5089966654777527,-0.2309620976448059,0.42203277349472046,0.4707239270210266,-0.588951051235199
1327,0.3872441053390503,0.43189987540245056,-0.009975419379770756,0.3249809741973877,0.5085306763648987,-0.2174914926290512,0.42254897952079773,0.4706575274467468,-0.5823705196380615
1328,0.3910942077636719,0.4319256842136383,0.014971362426877022,0.32676979899406433,0.5072087049484253,-0.2023324966430664,0.4224541485309601,0.4700792729854584,-0.5585769414901733
1329,0.3959652781486511,0.4318277835845947,0.015805624425411224,0.328000545501709,0.5062637329101562,-0.19356992840766907,0.42207127809524536,0.4699971675872803,-0.5500537157058716
1330,0.39399510622024536,0.4315808415412903,-0.009271714836359024,0.326712042093277,0.5056397318840027,-0.20586639642715454,0.4230489134788513,0.4710008502006531,-0.5822104215621948
1331,0.3938629925251007,0.43055033683776855,-0.022856129333376884,0.32608476281166077,0.5029798150062561,-0.2292913794517517,0.4240940511226654,0.47126007080078125,-0.6093306541442871
1332,0.3941264748573303,0.4292336404323578,-0.024229835718870163,0.3251807689666748,0.5010088682174683,-0.22918641567230225,0.42442652583122253,0.4716528058052063,-0.5945338606834412
1333,0.3940850496292114,0.4285462498664856,0.02055581659078598,0.32103174924850464,0.4993351995944977,-0.18183939158916473,0.424085408449173,0.4720618724822998,-0.5288456082344055
1334,0.39344003796577454,0.428144633769989,0.0055953944101929665,0.3133275806903839,0.49885767698287964,-0.2009110152721405,0.423662394285202,0.4727163314819336,-0.5749784111976624
1335,0.3931336998939514,0.4278537631034851,-0.027092531323432922,0.31290382146835327,0.49777936935424805,-0.24334712326526642,0.4233728051185608,0.4726744294166565,-0.6156719923019409
1336,0.3931131660938263,0.4277326166629791,-0.0285250972956419,0.3127986490726471,0.49753326177597046,-0.23923765122890472,0.42274463176727295,0.4733625054359436,-0.6084855198860168
1337,0.392965704202652,0.4276021122932434,-0.03890925645828247,0.31289273500442505,0.49673089385032654,-0.2367134988307953,0.4225773811340332,0.4738084673881531,-0.6001260280609131
1338,0.3929652273654938,0.4276334345340729,-0.06711360067129135,0.3140832185745239,0.496940553188324,-0.2597663402557373,0.42235615849494934,0.474357932806015,-0.6242943406105042
1339,0.39296966791152954,0.42766016721725464,-0.0668991282582283,0.31535303592681885,0.4971393048763275,-0.2612684965133667,0.4222305715084076,0.4747217297554016,-0.6266030073165894
1340,0.3929086923599243,0.4278790056705475,-0.05810656026005745,0.31506580114364624,0.497260183095932,-0.2550467550754547,0.4225471615791321,0.4754520058631897,-0.622144341468811
1341,0.39284804463386536,0.4279223084449768,-0.062372270971536636,0.31395289301872253,0.4969828128814697,-0.26809555292129517,0.42151519656181335,0.47606292366981506,-0.6382984519004822
1342,0.3927818834781647,0.42793983221054077,-0.07102704048156738,0.30854207277297974,0.4965851902961731,-0.2658832371234894,0.41336292028427124,0.4762590825557709,-0.627644419670105
1343,0.39109349250793457,0.427943617105484,-0.06937935948371887,0.302505224943161,0.49599966406822205,-0.2636716961860657,0.4072774648666382,0.4763428568840027,-0.6246886849403381
1344,0.3890586495399475,0.42835140228271484,-0.10016651451587677,0.29981473088264465,0.496086061000824,-0.2868782579898834,0.4037037789821625,0.4768437445163727,-0.649382472038269
1345,0.3879607319831848,0.4288747310638428,-0.09334921091794968,0.2994661033153534,0.49610623717308044,-0.2808786928653717,0.402535080909729,0.47701510787010193,-0.6419399976730347
1346,0.38713857531547546,0.42922312021255493,-0.07753343135118484,0.30034133791923523,0.49531811475753784,-0.2672179043292999,0.4005729556083679,0.478973925113678,-0.6374295353889465
1347,0.3856387138366699,0.4294518530368805,-0.05301385372877121,0.2976893186569214,0.49525824189186096,-0.23238970339298248,0.3986792266368866,0.4799942374229431,-0.5854950547218323
1348,0.3825817108154297,0.4302186071872711,0.0053550805896520615,0.2917037010192871,0.4953175187110901,-0.16860263049602509,0.394269734621048,0.48048824071884155,-0.49995410442352295
1349,0.3794058859348297,0.4305218756198883,-0.012102939188480377,0.28857213258743286,0.4953651428222656,-0.18143397569656372,0.3940029442310333,0.48120683431625366,-0.5019339919090271
1350,0.3779059946537018,0.4305397868156433,-0.048303939402103424,0.28797605633735657,0.4954027235507965,-0.19375047087669373,0.39494290947914124,0.4814841151237488,-0.5341395735740662
1351,0.37694332003593445,0.43099164962768555,-0.024239929392933846,0.2881010174751282,0.4955970346927643,-0.18129947781562805,0.3954736888408661,0.4817553162574768,-0.4960571825504303
1352,0.37334921956062317,0.4310099482536316,-0.024544695392251015,0.28415006399154663,0.49561992287635803,-0.1941090077161789,0.3942262530326843,0.48190242052078247,-0.5162976384162903
1353,0.3704095184803009,0.4310506284236908,-0.053004514425992966,0.2807571589946747,0.49557703733444214,-0.23707862198352814,0.3908342719078064,0.48187416791915894,-0.5995127558708191
1354,0.3679802417755127,0.43106526136398315,-0.07038812339305878,0.27528661489486694,0.4955907464027405,-0.24053363502025604,0.38534015417099,0.48180294036865234,-0.5867273807525635
1355,0.3649945855140686,0.43104833364486694,-0.05374564230442047,0.2702321708202362,0.49568286538124084,-0.201590895652771,0.3801214098930359,0.48184114694595337,-0.5209261775016785
1356,0.36130717396736145,0.43049851059913635,-0.0729236751794815,0.2619691491127014,0.4961804449558258,-0.22351235151290894,0.3778909146785736,0.48185425996780396,-0.5251728296279907
1357,0.3588937222957611,0.4297661781311035,-0.0627063512802124,0.26063072681427,0.4964994788169861,-0.20725806057453156,0.3741201162338257,0.48208293318748474,-0.47281232476234436
1358,0.35800057649612427,0.4304805397987366,-0.0612243227660656,0.255987286567688,0.49754229187965393,-0.22934530675411224,0.37212616205215454,0.4826579689979553,-0.5399619340896606
1359,0.3566499352455139,0.4310891032218933,-0.0949506089091301,0.25501108169555664,0.4988704323768616,-0.2654378116130829,0.37268880009651184,0.48339858651161194,-0.5603118538856506
1360,0.3548046350479126,0.43120914697647095,-0.1128930002450943,0.25525587797164917,0.4988326132297516,-0.2753002643585205,0.37091881036758423,0.48410558700561523,-0.579754650592804
1361,0.3525402545928955,0.4317946434020996,-0.12231392413377762,0.2572213411331177,0.49866804480552673,-0.27573010325431824,0.3716251254081726,0.48468834161758423,-0.5538825392723083
1362,0.35007795691490173,0.43200284242630005,-0.12931384146213531,0.2563469111919403,0.498665988445282,-0.2830040156841278,0.3714635968208313,0.4852020740509033,-0.5659767389297485
1363,0.3501746654510498,0.4328041076660156,-0.17463620007038116,0.25681087374687195,0.4987868666648865,-0.32414302229881287,0.37180596590042114,0.4855892062187195,-0.6152305006980896
1364,0.3463606834411621,0.4327937066555023,-0.162868931889534,0.2561834454536438,0.4989144206047058,-0.3296011686325073,0.3718680441379547,0.4863355755805969,-0.6590675711631775
1365,0.3417636752128601,0.43277421593666077,-0.14948542416095734,0.252384215593338,0.5003820657730103,-0.30896759033203125,0.3701704740524292,0.4872986674308777,-0.6227446794509888
1366,0.3406327962875366,0.4326187074184418,-0.20628975331783295,0.25119495391845703,0.5003238916397095,-0.36206644773483276,0.37076810002326965,0.4871912896633148,-0.6209649443626404
1367,0.3389131724834442,0.432281494140625,-0.2283860743045807,0.24960282444953918,0.5002787709236145,-0.36741068959236145,0.3678959608078003,0.4878246784210205,-0.6736074090003967
1368,0.3334197700023651,0.43210095167160034,-0.2249242514371872,0.24943041801452637,0.5001393556594849,-0.3757869601249695,0.367954283952713,0.48873645067214966,-0.6531645059585571
1369,0.3312073349952698,0.4321078360080719,-0.24448314309120178,0.24996551871299744,0.5005572438240051,-0.39453816413879395,0.3681626319885254,0.4895346164703369,-0.6693992614746094
1370,0.33296504616737366,0.43232765793800354,-0.21541571617126465,0.24826957285404205,0.5016758441925049,-0.3680480122566223,0.37654784321784973,0.49005255103111267,-0.6413835883140564
1371,0.3329524099826813,0.43307867646217346,-0.22691336274147034,0.2477174550294876,0.5020567774772644,-0.42637982964515686,0.3807770311832428,0.4899221360683441,-0.7266104221343994
1372,0.33286815881729126,0.4332914352416992,-0.14357918500900269,0.24788084626197815,0.5023874044418335,-0.32877421379089355,0.3811056911945343,0.4900212287902832,-0.591047465801239
1373,0.33319851756095886,0.4331894516944885,-0.13038356602191925,0.2501238286495209,0.5027683973312378,-0.3299533724784851,0.38252371549606323,0.4903644621372223,-0.6240006685256958
1374,0.3333996534347534,0.43334847688674927,-0.12093131989240646,0.25092464685440063,0.5036060214042664,-0.285470187664032,0.3844417631626129,0.4910101294517517,-0.5120663642883301
1375,0.33412298560142517,0.4333588182926178,-0.13591019809246063,0.255021870136261,0.5036253333091736,-0.2978988289833069,0.3853580355644226,0.491239458322525,-0.5244333148002625
1376,0.33598053455352783,0.43320518732070923,-0.1245257556438446,0.2605239152908325,0.5039870142936707,-0.30136677622795105,0.3870558440685272,0.4912133812904358,-0.5571873188018799
1377,0.33821409940719604,0.43300342559814453,-0.15719345211982727,0.2661378085613251,0.5040624737739563,-0.3415728807449341,0.3876529335975647,0.49119511246681213,-0.6640031933784485
1378,0.34467223286628723,0.43201836943626404,-0.10497492551803589,0.2759524881839752,0.5037005543708801,-0.2839818298816681,0.38981059193611145,0.4911068379878998,-0.6504701972007751
1379,0.35174471139907837,0.4313453137874603,-0.11782412976026535,0.2802025377750397,0.5026742219924927,-0.2949836850166321,0.39229902625083923,0.49092331528663635,-0.6391870975494385
1380,0.35722067952156067,0.430806964635849,-0.2259204238653183,0.2828531563282013,0.5021015405654907,-0.4360300600528717,0.39350467920303345,0.4902384281158447,-0.8195446729660034
1381,0.36004912853240967,0.4306873381137848,-0.19549418985843658,0.286075621843338,0.5018568634986877,-0.38792097568511963,0.3943805694580078,0.4899877905845642,-0.7592483758926392
1382,0.36231452226638794,0.43069759011268616,-0.19394171237945557,0.28569144010543823,0.5016055107116699,-0.3781377673149109,0.3939306437969208,0.4895537495613098,-0.7629685997962952
1383,0.3666681945323944,0.4305981993675232,-0.304363489151001,0.2843153476715088,0.500883162021637,-0.5168747901916504,0.3939032554626465,0.4864703118801117,-0.878305971622467
1384,0.3735942840576172,0.43058037757873535,-0.24116924405097961,0.2862793207168579,0.4974742531776428,-0.44261810183525085,0.3959659934043884,0.48429054021835327,-0.7948331832885742
1385,0.3767884075641632,0.4299620985984802,-0.23320749402046204,0.287884920835495,0.49448078870773315,-0.42658141255378723,0.40091997385025024,0.4808022081851959,-0.7426067590713501
1386,0.38001230359077454,0.4294608533382416,-0.23167243599891663,0.28925657272338867,0.49337998032569885,-0.41357821226119995,0.4063645601272583,0.479205846786499,-0.683842122554779
1387,0.38210344314575195,0.4286673963069916,-0.2234664261341095,0.2896113395690918,0.4929826855659485,-0.39248690009117126,0.4089765250682831,0.4784228205680847,-0.6528388261795044
1388,0.3842252194881439,0.42775076627731323,-0.2202308475971222,0.295669287443161,0.4916052222251892,-0.3915151059627533,0.4131438732147217,0.4775068759918213,-0.6635164618492126
1389,0.3905888497829437,0.42695456743240356,-0.21605923771858215,0.2999512851238251,0.4901699423789978,-0.3932282626628876,0.41868704557418823,0.4761906564235687,-0.6697553992271423
1390,0.3929654061794281,0.42662081122398376,-0.21569788455963135,0.30656304955482483,0.4897375702857971,-0.4196283221244812,0.4248429536819458,0.4750443398952484,-0.7417213320732117
1391,0.39378005266189575,0.42594045400619507,-0.18283727765083313,0.31659024953842163,0.4896596372127533,-0.4163801074028015,0.431169331073761,0.4737973213195801,-0.7526307106018066
1392,0.3956068158149719,0.42507320642471313,-0.18365508317947388,0.32099127769470215,0.48988646268844604,-0.4173644185066223,0.4342125356197357,0.4727107882499695,-0.7698805332183838
1393,0.396880567073822,0.4236457943916321,-0.1892666220664978,0.32211750745773315,0.48964571952819824,-0.42755064368247986,0.4359547793865204,0.4717075228691101,-0.7730613946914673
1394,0.39819303154945374,0.4236885607242584,-0.09994295984506607,0.327114075422287,0.4902084767818451,-0.3162226974964142,0.44128137826919556,0.470794141292572,-0.6151072382926941
1395,0.3982580006122589,0.4238136410713196,-0.13098406791687012,0.3287357985973358,0.4912694990634918,-0.349623441696167,0.44302359223365784,0.4711587429046631,-0.6565067172050476
1396,0.4012519121170044,0.4235829710960388,-0.142888143658638,0.33699068427085876,0.4912833273410797,-0.36736300587654114,0.4484536051750183,0.4700547754764557,-0.6760215163230896
1397,0.4018542766571045,0.4236533045768738,-0.14782413840293884,0.33628666400909424,0.4914994239807129,-0.36903077363967896,0.4458504915237427,0.4704004228115082,-0.6818870306015015
1398,0.402060866355896,0.42366456985473633,-0.1507650464773178,0.3349147439002991,0.4917786121368408,-0.381578654050827,0.4444110095500946,0.470642626285553,-0.7115997076034546
1399,0.40213581919670105,0.4235316812992096,-0.15738064050674438,0.3341468274593353,0.4922100603580475,-0.3987910747528076,0.44351059198379517,0.47074633836746216,-0.727590799331665
1400,0.4026138186454773,0.42341166734695435,-0.16966469585895538,0.3346526324748993,0.49221816658973694,-0.4116699993610382,0.44439995288848877,0.4705265164375305,-0.7442975640296936
1401,0.40308281779289246,0.422905832529068,-0.11442363262176514,0.33616071939468384,0.4917348027229309,-0.3356683850288391,0.44603756070137024,0.46975332498550415,-0.6630941033363342
1402,0.4052563011646271,0.4221232533454895,-0.07743006944656372,0.3351820409297943,0.4907098710536957,-0.296210914850235,0.44623464345932007,0.4696904122829437,-0.61518394947052
1403,0.4048522114753723,0.42214030027389526,-0.07358625531196594,0.33453086018562317,0.4907405376434326,-0.30934277176856995,0.44577741622924805,0.46974167227745056,-0.6451753973960876
1404,0.4050615131855011,0.4218730330467224,-0.09813111275434494,0.33433660864830017,0.4906969964504242,-0.3276614844799042,0.4456307291984558,0.4697970449924469,-0.6585619449615479
1405,0.4048839509487152,0.4218875765800476,-0.1072663739323616,0.33401352167129517,0.4907049536705017,-0.33496707677841187,0.44541096687316895,0.46983909606933594,-0.6646507978439331
1406,0.4047824442386627,0.4219009280204773,-0.11122438311576843,0.33370742201805115,0.49072131514549255,-0.34449267387390137,0.4452612102031708,0.4698938727378845,-0.6861997246742249
1407,0.403034508228302,0.4226602017879486,-0.11342386901378632,0.3316001892089844,0.49070295691490173,-0.3504788279533386,0.4413447380065918,0.4706631600856781,-0.7086890935897827
1408,0.4007137715816498,0.42378655076026917,-0.11270005255937576,0.3284365236759186,0.49082598090171814,-0.3390392065048218,0.43689125776290894,0.4720350205898285,-0.6908180117607117
1409,0.39549610018730164,0.4241963326931,-0.16813211143016815,0.32564637064933777,0.4915761947631836,-0.3565138578414917,0.4348621368408203,0.47341400384902954,-0.6737985610961914
1410,0.3891250491142273,0.424818754196167,-0.18501447141170502,0.3225444555282593,0.49235039949417114,-0.36335551738739014,0.4318588674068451,0.47489142417907715,-0.6690118312835693
1411,0.38504913449287415,0.425515741109848,-0.22400619089603424,0.3199028968811035,0.49280691146850586,-0.4292118549346924,0.4311717450618744,0.47542840242385864,-0.7535029053688049
1412,0.38032662868499756,0.4264957308769226,-0.16791565716266632,0.314360648393631,0.49439820647239685,-0.3764604926109314,0.4243869483470917,0.4777783453464508,-0.7103906273841858
1413,0.3750378489494324,0.42648106813430786,-0.18762263655662537,0.3061719238758087,0.4965580403804779,-0.39170047640800476,0.41776880621910095,0.47868427634239197,-0.6916727423667908
1414,0.3682030439376831,0.4264541268348694,-0.20594201982021332,0.2973666489124298,0.49704933166503906,-0.4140869677066803,0.41098180413246155,0.47950178384780884,-0.7034366130828857
1415,0.35981059074401855,0.42643699049949646,-0.24426843225955963,0.2915233075618744,0.4970352053642273,-0.43617841601371765,0.4077520966529846,0.4801114499568939,-0.6993215084075928
1416,0.35740992426872253,0.4264102578163147,-0.22085680067539215,0.28893280029296875,0.49691709876060486,-0.4231089651584625,0.40349066257476807,0.47998857498168945,-0.7105652093887329
1417,0.3576059937477112,0.42632609605789185,-0.2203865647315979,0.2890123724937439,0.4968288838863373,-0.4212819039821625,0.40043577551841736,0.4801124930381775,-0.6532641649246216
1418,0.3551492989063263,0.4263054430484772,-0.16043435037136078,0.2860011160373688,0.4971083998680115,-0.3510960638523102,0.3918405771255493,0.4804105758666992,-0.6627906560897827
1419,0.35177522897720337,0.4264609217643738,-0.12720416486263275,0.2825310230255127,0.4970555901527405,-0.3067799508571625,0.387859046459198,0.48082655668258667,-0.6164454817771912
1420,0.3498673439025879,0.42649418115615845,-0.13384601473808289,0.2770790159702301,0.49708470702171326,-0.32457655668258667,0.38645973801612854,0.48091673851013184,-0.6351717710494995
1421,0.3460606038570404,0.42642173171043396,-0.22981537878513336,0.2726742923259735,0.4972183108329773,-0.39523908495903015,0.3837337791919708,0.48097148537635803,-0.6625959277153015
1422,0.3457168936729431,0.4264194369316101,-0.22286760807037354,0.271545946598053,0.4971858561038971,-0.39653223752975464,0.383342444896698,0.4816259443759918,-0.6353132724761963
1423,0.34603774547576904,0.4264988899230957,-0.18491092324256897,0.2697265148162842,0.4969136118888855,-0.3415856957435608,0.3841303884983063,0.4822971820831299,-0.5225971341133118
1424,0.34669458866119385,0.4263264536857605,-0.28205031156539917,0.2692069709300995,0.4954536557197571,-0.455443412065506,0.38424551486968994,0.4814985692501068,-0.7200944423675537
1425,0.34750351309776306,0.42623037099838257,-0.2325286865234375,0.2707134783267975,0.49395066499710083,-0.4148736000061035,0.38544705510139465,0.481056272983551,-0.6085911393165588
1426,0.3477720022201538,0.426133930683136,-0.30694863200187683,0.2662075161933899,0.49337905645370483,-0.523026704788208,0.3861082196235657,0.48004475235939026,-0.8274230360984802
1427,0.3479434549808502,0.42610201239585876,-0.34482723474502563,0.2640344500541687,0.4932384490966797,-0.5682578086853027,0.38938114047050476,0.4795466363430023,-0.8805571794509888
1428,0.3507969379425049,0.425445556640625,-0.3048541247844696,0.26566311717033386,0.4913947582244873,-0.5278377532958984,0.3919256925582886,0.4785737097263336,-0.8599940538406372
1429,0.3525432050228119,0.42459815740585327,-0.3039345145225525,0.26597732305526733,0.4911927580833435,-0.5065182447433472,0.3943529427051544,0.4778591990470886,-0.7355336546897888
1430,0.3564137816429138,0.4241558611392975,-0.20568521320819855,0.2660987377166748,0.49040889739990234,-0.38848677277565,0.39616575837135315,0.476904958486557,-0.6238659620285034
1431,0.3601955771446228,0.42355480790138245,-0.21318599581718445,0.2724105417728424,0.48956984281539917,-0.4010606110095978,0.40262848138809204,0.47631606459617615,-0.6442403793334961
1432,0.36340755224227905,0.42344212532043457,-0.21128109097480774,0.2777803838253021,0.4889342188835144,-0.3883073031902313,0.4095310568809509,0.4760991036891937,-0.6664190888404846
1433,0.36602604389190674,0.42311209440231323,-0.19145412743091583,0.2839447855949402,0.48765820264816284,-0.3703500032424927,0.41605594754219055,0.4747467637062073,-0.6478119492530823
1434,0.37210553884506226,0.4223784804344177,-0.20093883574008942,0.28840863704681396,0.4868241250514984,-0.37831205129623413,0.41763919591903687,0.4738446772098541,-0.6942431330680847
1435,0.3737790286540985,0.42185696959495544,-0.266583114862442,0.2921152412891388,0.4862205982208252,-0.472384512424469,0.4171462655067444,0.4733237326145172,-0.7977772951126099
1436,0.379549115896225,0.42101436853408813,-0.3016025424003601,0.2947710156440735,0.48566800355911255,-0.518326997756958,0.4192049205303192,0.47297659516334534,-0.8579290509223938
1437,0.38542303442955017,0.4206281304359436,-0.24516041576862335,0.29772865772247314,0.4843081831932068,-0.4430987536907196,0.4220987856388092,0.47276490926742554,-0.7854283452033997
1438,0.3881588280200958,0.4205372929573059,-0.20391900837421417,0.3041118085384369,0.4835853576660156,-0.39829015731811523,0.4268282949924469,0.4725659489631653,-0.7178966999053955
1439,0.39620035886764526,0.42054837942123413,-0.12878090143203735,0.30595430731773376,0.483605295419693,-0.28744789958000183,0.42992520332336426,0.4726272225379944,-0.5153113603591919
1440,0.3998167812824249,0.42049336433410645,-0.11903855204582214,0.30535218119621277,0.4836037755012512,-0.22237326204776764,0.43178319931030273,0.47267717123031616,-0.36872702836990356
1441,0.40293601155281067,0.42058268189430237,-0.12144756317138672,0.311311811208725,0.48364633321762085,-0.2777289152145386,0.43785473704338074,0.4714122712612152,-0.5042917728424072
1442,0.40600699186325073,0.420719712972641,-0.07217717170715332,0.31774479150772095,0.48350268602371216,-0.24207977950572968,0.44393572211265564,0.467978298664093,-0.48715829849243164
1443,0.410870224237442,0.4199887812137604,-0.13807977735996246,0.31828752160072327,0.48408079147338867,-0.37606871128082275,0.44226545095443726,0.46385616064071655,-0.6724942922592163
1444,0.4188346564769745,0.420152485370636,-0.12438245117664337,0.32351264357566833,0.4845642149448395,-0.3674232065677643,0.44616401195526123,0.46232789754867554,-0.6573616862297058
1445,0.42328715324401855,0.4212067127227783,-0.004762923810631037,0.3385292589664459,0.4842255115509033,-0.23018991947174072,0.449562668800354,0.4632596969604492,-0.44605815410614014
1446,0.4279429614543915,0.42168283462524414,0.03435557335615158,0.3365940451622009,0.4842591881752014,-0.14619135856628418,0.451103538274765,0.4638776183128357,-0.2934708595275879
1447,0.43216782808303833,0.424185574054718,-0.023264463990926743,0.3375183641910553,0.4842769205570221,-0.13532577455043793,0.4505930244922638,0.4732871949672699,-0.17355510592460632
1448,0.4374915659427643,0.42461925745010376,-0.013986838050186634,0.3342457115650177,0.4832371771335602,-0.08448915928602219,0.4497303068637848,0.48311907052993774,-0.10801442712545395
1449,0.4431532919406891,0.4247983396053314,-0.03539186716079712,0.3323546350002289,0.4791390299797058,-0.15913444757461548,0.44889602065086365,0.4872417449951172,-0.22910448908805847
1450,0.44731223583221436,0.4262267053127289,-0.024716125801205635,0.33666279911994934,0.4794456362724304,-0.16185618937015533,0.45115798711776733,0.4850960373878479,-0.2508951425552368
1451,0.4565979540348053,0.42770951986312866,0.13598766922950745,0.3477754294872284,0.47869986295700073,-0.060604244470596313,0.4511929452419281,0.48445749282836914,-0.24168440699577332
1452,0.45516034960746765,0.429887592792511,0.11451074481010437,0.3546787202358246,0.47902098298072815,-0.048903800547122955,0.45863282680511475,0.48338931798934937,-0.17705926299095154
1453,0.46127888560295105,0.43197569251060486,0.19521120190620422,0.3578489124774933,0.4791601598262787,0.05112742260098457,0.4808644950389862,0.4771334230899811,0.002418163698166609
1454,0.46661877632141113,0.43324726819992065,0.10666369646787643,0.35805630683898926,0.4780842661857605,-0.05252391844987869,0.47936269640922546,0.4735471308231354,-0.17709466814994812
1455,0.4711547791957855,0.43498820066452026,0.01745782233774662,0.35532286763191223,0.4782409071922302,-0.21964973211288452,0.4580387473106384,0.4727237820625305,-0.5429023504257202
1456,0.4716460406780243,0.4380987584590912,0.028686998412013054,0.3538934886455536,0.48115667700767517,-0.1891634464263916,0.43846258521080017,0.4709366261959076,-0.47182583808898926
1457,0.4755762219429016,0.44193321466445923,0.214398592710495,0.3527061343193054,0.4823862612247467,0.05804283171892166,0.43563809990882874,0.4697679579257965,-0.09309501945972443
1458,0.47618234157562256,0.44496995210647583,0.20130498707294464,0.35689833760261536,0.4843444228172302,0.13835479319095612,0.43713265657424927,0.469475656747818,0.07633689045906067
1459,0.4730418026447296,0.443165123462677,0.2513912320137024,0.3565346896648407,0.4836508631706238,0.1490568071603775,0.38623496890068054,0.46961671113967896,-0.04846115782856941
1460,0.47146889567375183,0.442208856344223,0.12336786091327667,0.35565102100372314,0.4828731119632721,0.08127792179584503,0.2677985429763794,0.47889548540115356,-0.18202506005764008
1461,0.46905645728111267,0.44211545586586,0.03707088157534599,0.35461536049842834,0.48283833265304565,0.05997753515839577,0.23279069364070892,0.4874197542667389,-0.002234236104413867
1462,0.4681229889392853,0.44082117080688477,0.07849470525979996,0.35489752888679504,0.4807654023170471,0.09972535073757172,0.27417051792144775,0.48637524247169495,0.019407320767641068
1463,0.4675089418888092,0.44011950492858887,0.07019627094268799,0.3533457815647125,0.48057103157043457,-0.05108622461557388,0.3835241198539734,0.46173492074012756,-0.19775566458702087
1464,0.4672403633594513,0.4398733079433441,0.03818977251648903,0.3569747805595398,0.47799167037010193,-0.19538837671279907,0.4000299274921417,0.4592224657535553,-0.4984029531478882
1465,0.4639776349067688,0.43958109617233276,0.05429329723119736,0.3632446229457855,0.47571730613708496,-0.2007676213979721,0.39552268385887146,0.45691806077957153,-0.5379047393798828
1466,0.45951008796691895,0.4393993020057678,0.03227705508470535,0.3617735207080841,0.4749372899532318,-0.17901957035064697,0.3656897246837616,0.456136554479599,-0.4676554799079895
1467,0.456268846988678,0.43892914056777954,0.04390779510140419,0.3593437969684601,0.4748886227607727,-0.1700432300567627,0.36480602622032166,0.4446024000644684,-0.4515012204647064
1468,0.4521280825138092,0.43885675072669983,0.05055687576532364,0.3508910536766052,0.47512784600257874,-0.14255401492118835,0.36357417702674866,0.4368709921836853,-0.3917042911052704
1469,0.4461251497268677,0.4384244978427887,0.08201508224010468,0.3414147198200226,0.4797111451625824,-0.034259963780641556,0.3416889011859894,0.4405733644962311,-0.19812387228012085
1470,0.4458583891391754,0.43808895349502563,0.07565128058195114,0.33925575017929077,0.4809876084327698,-0.05408143624663353,0.33341890573501587,0.44055742025375366,-0.22488193213939667
1471,0.4449695944786072,0.4375879764556885,0.09136995673179626,0.3342598080635071,0.4822787642478943,-0.0617385059595108,0.349842369556427,0.4325355589389801,-0.25353750586509705
1472,0.444733589887619,0.4379468858242035,0.08935265243053436,0.33278167247772217,0.48237600922584534,-0.05835914984345436,0.35083842277526855,0.4369882047176361,-0.20750322937965393
1473,0.4450858533382416,0.4391273856163025,0.049919869750738144,0.33438554406166077,0.4795711040496826,-0.025185227394104004,0.3473723828792572,0.4393318295478821,-0.10185221582651138
1474,0.44025111198425293,0.43944835662841797,0.04381894692778587,0.33703547716140747,0.47913113236427307,0.04638070613145828,0.2887445092201233,0.472150981426239,-0.008164598606526852
1475,0.431875616312027,0.43868494033813477,0.08478446304798126,0.34034186601638794,0.48046940565109253,0.04070935398340225,0.327844500541687,0.47068411111831665,-0.07348120957612991
1476,0.4263818860054016,0.4379093647003174,0.08381929993629456,0.34108561277389526,0.48116129636764526,0.047366369515657425,0.34541523456573486,0.4714256823062897,-0.0454651340842247
1477,0.4193243384361267,0.43796205520629883,0.02796325460076332,0.3378008008003235,0.4847422242164612,-0.03471289575099945,0.3480547368526459,0.48426181077957153,-0.20532694458961487
1478,0.4149952232837677,0.43720293045043945,-0.007682679686695337,0.33427220582962036,0.4948557913303375,-0.143692746758461,0.3496573865413666,0.4858718812465668,-0.4153091311454773
1479,0.41183364391326904,0.4361942410469055,0.10115969926118851,0.3332659900188446,0.5004854202270508,-0.050147004425525665,0.35914474725723267,0.4905429482460022,-0.31371691823005676
1480,0.4069903790950775,0.4353312849998474,-0.069327212870121,0.3337607979774475,0.5056259036064148,-0.1936924010515213,0.3849150836467743,0.4999426305294037,-0.4689812958240509
1481,0.39754828810691833,0.43525081872940063,-0.125572070479393,0.3331718444824219,0.510762095451355,-0.17633207142353058,0.40165355801582336,0.5052553415298462,-0.350940078496933
1482,0.3942829668521881,0.43525058031082153,-0.11909925937652588,0.33328816294670105,0.5086725354194641,-0.18603309988975525,0.40547463297843933,0.5069578886032104,-0.3530634343624115
1483,0.39002588391304016,0.4349001944065094,-0.17591756582260132,0.3336423337459564,0.5097235441207886,-0.2234896719455719,0.4269251823425293,0.512060284614563,-0.357907772064209
1484,0.39223453402519226,0.4353261888027191,-0.32002922892570496,0.3447205424308777,0.5134037733078003,-0.3746222257614136,0.4554305076599121,0.5226016044616699,-0.5100659728050232
1485,0.39387795329093933,0.4361959397792816,-0.3435312509536743,0.3536217212677002,0.5177308320999146,-0.34845736622810364,0.46559470891952515,0.5301538705825806,-0.4477570950984955
1486,0.3947834372520447,0.43643513321876526,-0.2257981151342392,0.36290812492370605,0.5223639607429504,-0.2634187340736389,0.48517906665802,0.5318009853363037,-0.31568998098373413
1487,0.39588087797164917,0.43644627928733826,-0.2205519825220108,0.369581013917923,0.5229930281639099,-0.2553713619709015,0.49053242802619934,0.5356361865997314,-0.3243846595287323
1488,0.3965742886066437,0.4364517331123352,-0.201741024851799,0.3710644543170929,0.5228298306465149,-0.2554565370082855,0.4933193624019623,0.5367377400398254,-0.3513351082801819
1489,0.3968839943408966,0.43656986951828003,-0.30238038301467896,0.3761211037635803,0.5241655111312866,-0.3589494526386261,0.48905131220817566,0.5408194661140442,-0.4887273609638214
1490,0.39713054895401,0.43750500679016113,-0.46424877643585205,0.3781030476093292,0.5260033011436462,-0.5604450702667236,0.4886051118373871,0.5416028499603271,-0.7842620611190796
1491,0.3974361717700958,0.43946003913879395,-0.40450718998908997,0.3795718252658844,0.5280535221099854,-0.4735501706600189,0.48870420455932617,0.5410605669021606,-0.6594668626785278
1492,0.40001627802848816,0.43954458832740784,-0.32768139243125916,0.3785918354988098,0.5270541906356812,-0.45013922452926636,0.4874577820301056,0.5420945882797241,-0.6783146262168884
1493,0.4062731862068176,0.4396750330924988,-0.3257341682910919,0.37929636240005493,0.5265008211135864,-0.44070231914520264,0.4919063448905945,0.5419961214065552,-0.6488949060440063
1494,0.4098717272281647,0.4396441578865051,-0.31013330817222595,0.3792462646961212,0.5257622003555298,-0.43977826833724976,0.49303919076919556,0.5428828597068787,-0.6205132007598877
1495,0.4211273193359375,0.43713465332984924,-0.29896411299705505,0.38210707902908325,0.5220029950141907,-0.41985219717025757,0.49638015031814575,0.5437079668045044,-0.555485725402832
1496,0.428759902715683,0.4366481900215149,-0.29338523745536804,0.3837195932865143,0.5188466310501099,-0.42088842391967773,0.4992426931858063,0.5437620878219604,-0.5443757772445679
1497,0.44106683135032654,0.43609267473220825,-0.2768327593803406,0.38804104924201965,0.51276695728302,-0.4172874093055725,0.4965091645717621,0.543133556842804,-0.49828487634658813
1498,0.44894567131996155,0.4345629811286926,-0.2782045900821686,0.3924767076969147,0.5091346502304077,-0.43740853667259216,0.49680331349372864,0.542879581451416,-0.550442099571228
1499,0.4594675600528717,0.43464598059654236,-0.2876269519329071,0.39767986536026,0.5090974569320679,-0.45849114656448364,0.4964465796947479,0.5424225926399231,-0.5985190868377686
1500,0.46385014057159424,0.43334779143333435,-0.2948859930038452,0.4009059965610504,0.5091099739074707,-0.45155808329582214,0.49929678440093994,0.5424705147743225,-0.5860762000083923
1501,0.4701184034347534,0.4328734278678894,-0.3034476935863495,0.4024430513381958,0.5086793899536133,-0.440432071685791,0.5017686486244202,0.544289231300354,-0.5382526516914368
1502,0.4763723909854889,0.4326365888118744,-0.30271923542022705,0.4055323004722595,0.5065831542015076,-0.4249646067619324,0.5018537044525146,0.5447223782539368,-0.48001739382743835
1503,0.4813788831233978,0.432701975107193,-0.3004422187805176,0.4092824161052704,0.5055311918258667,-0.42221710085868835,0.5019849538803101,0.544930100440979,-0.49918368458747864
1504,0.48921534419059753,0.4327654242515564,-0.2774522006511688,0.4136405885219574,0.5043843388557434,-0.3839800953865051,0.501326322555542,0.5447247624397278,-0.4432184100151062
1505,0.4976944923400879,0.43279170989990234,-0.275954931974411,0.418722540140152,0.5012794733047485,-0.3813006579875946,0.5009109377861023,0.5445467233657837,-0.4371081590652466
1506,0.4993087351322174,0.4315388798713684,-0.2756880819797516,0.41918209195137024,0.5007954239845276,-0.3853898346424103,0.50166255235672,0.5444554090499878,-0.44372981786727905
1507,0.5011704564094543,0.43096446990966797,-0.2764393389225006,0.419752836227417,0.4989489018917084,-0.40579521656036377,0.5018084049224854,0.5442987084388733,-0.47950416803359985
1508,0.500817596912384,0.43106818199157715,-0.2653723359107971,0.42455753684043884,0.4986494481563568,-0.4031373858451843,0.501966655254364,0.5442761182785034,-0.49016913771629333
1509,0.49994075298309326,0.4311429560184479,-0.2674732208251953,0.42574793100357056,0.4987105429172516,-0.40691062808036804,0.5033002495765686,0.5442931056022644,-0.515518307685852
1510,0.49874165654182434,0.43107423186302185,-0.26580944657325745,0.4252205789089203,0.49864450097084045,-0.39375928044319153,0.5038360357284546,0.5443551540374756,-0.4817177653312683
1511,0.5014892220497131,0.43074554204940796,-0.25575506687164307,0.4281045198440552,0.4985364079475403,-0.36689886450767517,0.5033912062644958,0.5441500544548035,-0.4534721374511719
1512,0.5010378360748291,0.43088334798812866,-0.25687718391418457,0.42880934476852417,0.49882736802101135,-0.37525415420532227,0.5028467774391174,0.5438412427902222,-0.46300095319747925
1513,0.49966010451316833,0.4318171441555023,-0.24504835903644562,0.4282020628452301,0.4994743764400482,-0.3746893107891083,0.5019136667251587,0.5436379313468933,-0.4665156900882721
1514,0.4991850256919861,0.4326797127723694,-0.24158155918121338,0.4286932349205017,0.5023387670516968,-0.3758126497268677,0.5017903447151184,0.5436267256736755,-0.47517332434654236
1515,0.4971551299095154,0.4329446256160736,-0.2197137475013733,0.4281928539276123,0.5034812688827515,-0.34762924909591675,0.5004414319992065,0.5436108708381653,-0.46838539838790894
1516,0.4932595193386078,0.4329844117164612,-0.24960236251354218,0.4290439188480377,0.5049103498458862,-0.35033702850341797,0.5002373456954956,0.5428141355514526,-0.4714897871017456
1517,0.48509544134140015,0.4330715239048004,-0.27518707513809204,0.42885780334472656,0.508995771408081,-0.38204607367515564,0.5015759468078613,0.5425548553466797,-0.49860304594039917
1518,0.48162442445755005,0.43307146430015564,-0.2724277973175049,0.4286213219165802,0.5093387365341187,-0.3820311725139618,0.5023233890533447,0.5422327518463135,-0.49763762950897217
1520,0.4823400378227234,0.43274635076522827,-0.40085846185684204,0.41546630859375,0.49250325560569763,-0.4805549085140228,0.5051501989364624,0.5319108366966248,-0.5118474364280701
1521,0.4729512929916382,0.4333590567111969,-0.3213471472263336,0.41278478503227234,0.4981709420681,-0.42536357045173645,0.5076960921287537,0.5282637476921082,-0.5841820240020752
1522,0.4636993706226349,0.43473654985427856,-0.29962873458862305,0.40766075253486633,0.5028562545776367,-0.4251251220703125,0.5088940262794495,0.5240446329116821,-0.6156197786331177
1523,0.4535808563232422,0.4350510537624359,-0.17303642630577087,0.4045974314212799,0.5077990293502808,-0.17112217843532562,0.513032853603363,0.5215758085250854,-0.17612330615520477
1524,0.448535293340683,0.4357081353664398,-0.1895817369222641,0.4029924273490906,0.5101596117019653,-0.19146211445331573,0.5145236253738403,0.5201572775840759,-0.19559036195278168
1525,0.4425782859325409,0.43631863594055176,-0.17598465085029602,0.4012565314769745,0.5113557577133179,-0.22977177798748016,0.5156863927841187,0.5194278955459595,-0.30718713998794556
1526,0.4389767646789551,0.4365689158439636,-0.24022990465164185,0.40070706605911255,0.5125865340232849,-0.3214896023273468,0.5162122249603271,0.5191158056259155,-0.5516213774681091
1527,0.43013525009155273,0.43889063596725464,-0.25692397356033325,0.3977774381637573,0.5195160508155823,-0.35635775327682495,0.4738072156906128,0.5191179513931274,-0.6742300987243652
1528,0.42437753081321716,0.44021281599998474,-0.3175087869167328,0.3928205370903015,0.5197967290878296,-0.48188352584838867,0.43695372343063354,0.5194166898727417,-0.8713334798812866
1529,0.41687825322151184,0.44098907709121704,-0.32887303829193115,0.3898944854736328,0.5199398994445801,-0.4742431938648224,0.412577360868454,0.5203030705451965,-0.8856606483459473
1530,0.41532403230667114,0.4414653182029724,-0.34264594316482544,0.3889719545841217,0.517882764339447,-0.4830554127693176,0.40621328353881836,0.5206334590911865,-0.8820890784263611
1531,0.41200608015060425,0.4420814514160156,-0.37236595153808594,0.37678176164627075,0.5177018046379089,-0.5427150130271912,0.3983822762966156,0.5205496549606323,-0.9693456888198853
1532,0.4078245460987091,0.44255852699279785,-0.18811728060245514,0.3718554675579071,0.5148362517356873,-0.3401121497154236,0.3871709704399109,0.5202034115791321,-0.8578939437866211
1533,0.4003050923347473,0.4433240294456482,-0.11143209785223007,0.37137094140052795,0.5145469307899475,-0.25800877809524536,0.3836004436016083,0.5201786160469055,-0.6604785323143005
1534,0.3964407742023468,0.44404369592666626,-0.3171135485172272,0.37143635749816895,0.5134994387626648,-0.4559459388256073,0.385224312543869,0.524593710899353,-0.8767216801643372
1535,0.39136940240859985,0.4438566565513611,-0.36645427346229553,0.3653408885002136,0.511436402797699,-0.472075879573822,0.3863953948020935,0.532126247882843,-0.850527286529541
1536,0.3891682028770447,0.4436800479888916,-0.4437286853790283,0.3623098134994507,0.5109739899635315,-0.575043261051178,0.3860558867454529,0.5346822142601013,-0.976244330406189
1537,0.3867189288139343,0.443866103887558,-0.5249562859535217,0.35907915234565735,0.5119410753250122,-0.6889868974685669,0.3913279175758362,0.53765469789505,-1.1272435188293457
1538,0.38263896107673645,0.44415631890296936,-0.42084693908691406,0.3583580553531647,0.5128890872001648,-0.559423565864563,0.3905419707298279,0.5391258597373962,-0.9396519064903259
1539,0.3786037564277649,0.4443982243537903,-0.09272312372922897,0.3552592396736145,0.5150715112686157,-0.22473369538784027,0.3830036520957947,0.539310872554779,-0.6448262333869934
1540,0.3739551901817322,0.44506749510765076,-0.2729685306549072,0.3543255925178528,0.5167571902275085,-0.4226163327693939,0.37434807419776917,0.5388669967651367,-0.8758457899093628
1541,0.37385669350624084,0.4449841380119324,-0.4267827272415161,0.3458442986011505,0.5148578882217407,-0.5737272500991821,0.37138596177101135,0.5382307171821594,-0.9871383905410767
1542,0.37417083978652954,0.44495663046836853,-0.41903331875801086,0.3473983407020569,0.5137051343917847,-0.5576523542404175,0.3709418475627899,0.5375925898551941,-0.9734484553337097
1543,0.37304213643074036,0.444911390542984,-0.4482918679714203,0.34508293867111206,0.5131605863571167,-0.5875155329704285,0.36799854040145874,0.5379214286804199,-0.9899680018424988
1544,0.3718582093715668,0.44455522298812866,-0.32298335433006287,0.3416106402873993,0.5110927820205688,-0.4229230284690857,0.36301812529563904,0.5417307615280151,-0.8238354325294495
1545,0.37120214104652405,0.44453197717666626,-0.3322533965110779,0.33932217955589294,0.5100989937782288,-0.44533517956733704,0.3586532473564148,0.542608380317688,-0.8279792070388794
1546,0.37174296379089355,0.44452038407325745,-0.331177294254303,0.33899083733558655,0.5100517868995667,-0.459136039018631,0.3591516315937042,0.5418737530708313,-0.8785979151725769
1547,0.37250399589538574,0.44461530447006226,-0.35787174105644226,0.3403953015804291,0.5098492503166199,-0.5059709548950195,0.36120352149009705,0.5402204990386963,-0.942287027835846
1548,0.3731972575187683,0.4449765682220459,-0.3630984425544739,0.34018850326538086,0.5097888708114624,-0.5252624154090881,0.3613968789577484,0.5385628342628479,-0.9654578566551208
1549,0.3747097849845886,0.4450521469116211,-0.3781539499759674,0.34096091985702515,0.5100578665733337,-0.5491154789924622,0.3600796163082123,0.5380796194076538,-0.996220588684082
1550,0.3764996826648712,0.4452524781227112,-0.38420096039772034,0.3392218351364136,0.5155588984489441,-0.5313498377799988,0.372430682182312,0.5392909646034241,-0.9600954055786133
1551,0.3837679922580719,0.44586753845214844,-0.37941378355026245,0.3389478325843811,0.5214465856552124,-0.5241130590438843,0.3882211446762085,0.5382980704307556,-0.934700608253479
1552,0.3906678557395935,0.44655972719192505,-0.3665171265602112,0.3431757688522339,0.5229743719100952,-0.5058375597000122,0.40699177980422974,0.5382656455039978,-0.8974968194961548
1553,0.3963378369808197,0.446603387594223,-0.3004549443721771,0.3473905324935913,0.5229279398918152,-0.4226091206073761,0.4265313744544983,0.5373000502586365,-0.8027744889259338
1554,0.3997459411621094,0.44662657380104065,-0.32186761498451233,0.35045623779296875,0.523316502571106,-0.4460996091365814,0.4264252483844757,0.5367448925971985,-0.8392956256866455
1555,0.4052746593952179,0.4461584687232971,-0.20797759294509888,0.35559341311454773,0.5231010913848877,-0.28843697905540466,0.4338517487049103,0.5369271039962769,-0.640177845954895
1556,0.4122498035430908,0.44572338461875916,-0.07958844304084778,0.36482512950897217,0.5217980146408081,-0.19618576765060425,0.4418069124221802,0.5360234379768372,-0.5798963904380798
1557,0.42150023579597473,0.44329753518104553,-0.0364057719707489,0.3730095326900482,0.5169165730476379,-0.18544462323188782,0.45056861639022827,0.5325782299041748,-0.5427821278572083
1558,0.4276485741138458,0.4411657452583313,-0.09869156032800674,0.3788169026374817,0.5149644017219543,-0.2666758894920349,0.4616740345954895,0.5252446532249451,-0.631335973739624
1559,0.42833977937698364,0.43838515877723694,-0.15798939764499664,0.38546022772789,0.513221263885498,-0.3056856691837311,0.46978235244750977,0.5214665532112122,-0.6868846416473389
1560,0.42994922399520874,0.4371592104434967,-0.31557443737983704,0.39011624455451965,0.5127359628677368,-0.4992736279964447,0.4727022349834442,0.5198031663894653,-0.8730613589286804
1561,0.4356517493724823,0.43462666869163513,-0.20312650501728058,0.39298632740974426,0.5120655298233032,-0.35440412163734436,0.47995316982269287,0.5201853513717651,-0.6795726418495178
1562,0.44314345717430115,0.4327068328857422,-0.07786284387111664,0.40231722593307495,0.5113929510116577,-0.22248585522174835,0.4896436333656311,0.5197373032569885,-0.5393149256706238
1563,0.4485015869140625,0.43149200081825256,-0.22396808862686157,0.40744921565055847,0.5088291168212891,-0.2465384155511856,0.5019719004631042,0.5201860070228577,-0.604978621006012
1564,0.4521386921405792,0.43119311332702637,-0.242838516831398,0.4164488911628723,0.5083863735198975,-0.29024896025657654,0.5119588971138,0.5257237553596497,-0.5474479794502258
1565,0.4560757577419281,0.43039679527282715,-0.15910902619361877,0.41878557205200195,0.5071583390235901,-0.20434902608394623,0.5122309923171997,0.528505265712738,-0.4253568947315216
1566,0.45829489827156067,0.43033748865127563,-0.13269618153572083,0.4207957088947296,0.5069423913955688,-0.19088101387023926,0.512482225894928,0.5297247767448425,-0.41989845037460327
1567,0.462809294462204,0.4303317964076996,-0.12449134886264801,0.42000237107276917,0.5060826539993286,-0.1933903992176056,0.517013430595398,0.5296362638473511,-0.41925087571144104
1568,0.4653076231479645,0.4304673671722412,-0.06423309445381165,0.41775810718536377,0.5048020482063293,-0.1506349891424179,0.5129609107971191,0.528462290763855,-0.4458926320075989
1569,0.4669252038002014,0.42988914251327515,-0.0793839544057846,0.4188551902770996,0.5036309957504272,-0.17801260948181152,0.509036660194397,0.5239229202270508,-0.4928954243659973
1570,0.46910905838012695,0.42956799268722534,0.00919650960713625,0.4173779785633087,0.5021481513977051,-0.12201958894729614,0.5074732303619385,0.5191481709480286,-0.4868001341819763
1571,0.47076553106307983,0.429490864276886,0.029050156474113464,0.41702571511268616,0.5007318258285522,-0.10671042650938034,0.5066042542457581,0.515752911567688,-0.47813308238983154
1572,0.47199389338493347,0.42929139733314514,-0.02097211219370365,0.41640037298202515,0.4991017282009125,-0.14385001361370087,0.5060258507728577,0.514975905418396,-0.4845644235610962
1573,0.47345101833343506,0.4282376766204834,0.02706749178469181,0.4158257246017456,0.49650993943214417,-0.10151760280132294,0.5057600736618042,0.5081681609153748,-0.44808003306388855
1574,0.47473686933517456,0.42765378952026367,0.002774600638076663,0.41551125049591064,0.49747270345687866,-0.12485545128583908,0.5068820714950562,0.5008310675621033,-0.46964505314826965
1575,0.47551223635673523,0.4270867705345154,0.0488438755273819,0.4159453213214874,0.49799054861068726,-0.09311296790838242,0.5057964324951172,0.4972306787967682,-0.44941356778144836
1576,0.47508418560028076,0.4271458685398102,0.026721708476543427,0.4157223701477051,0.49809160828590393,-0.11895332485437393,0.504360556602478,0.49741703271865845,-0.4928579032421112
1577,0.47609180212020874,0.4270746111869812,0.009785669855773449,0.4156455099582672,0.496511846780777,-0.1288137137889862,0.5039968490600586,0.5000014901161194,-0.5295432806015015
1578,0.47591260075569153,0.42706435918807983,0.06049729883670807,0.41520437598228455,0.49624601006507874,-0.09869275987148285,0.5022518038749695,0.5002511143684387,-0.4937370717525482
1579,0.4764091372489929,0.4269702434539795,0.03611789643764496,0.4150872230529785,0.49647608399391174,-0.11432695388793945,0.5034133195877075,0.5014457106590271,-0.4957554340362549
1580,0.47628289461135864,0.42705830931663513,0.024875175207853317,0.41562801599502563,0.496579110622406,-0.09941495209932327,0.5057317614555359,0.5021869540214539,-0.4220123291015625
1581,0.4760482907295227,0.42762741446495056,0.019254863262176514,0.4176223874092102,0.4972570538520813,-0.10803067684173584,0.5104488730430603,0.5046328902244568,-0.43773359060287476
1582,0.4758843779563904,0.428926944732666,0.009414940141141415,0.41907790303230286,0.4987054765224457,-0.1373193860054016,0.5146076083183289,0.5079036355018616,-0.485696405172348
1583,0.4757537543773651,0.4296005368232727,-0.03669154271483421,0.42257431149482727,0.49998411536216736,-0.15151692926883698,0.5184547305107117,0.5115715265274048,-0.48929163813591003
1584,0.4756995439529419,0.42985838651657104,-0.04739737510681152,0.42363226413726807,0.5006858110427856,-0.148092582821846,0.5195950269699097,0.5130874514579773,-0.4516608715057373
1585,0.47405165433883667,0.42995062470436096,-0.035180144011974335,0.4253048896789551,0.5010722279548645,-0.14632990956306458,0.5226458311080933,0.5162186026573181,-0.4709646999835968
1586,0.4723327159881592,0.43008893728256226,-0.030645282939076424,0.42875683307647705,0.5021252036094666,-0.14614196121692657,0.5236034989356995,0.5200904011726379,-0.4833962023258209
1587,0.47140857577323914,0.430813729763031,-0.12759950757026672,0.4287589192390442,0.5031439661979675,-0.2842321991920471,0.5227566957473755,0.5230706930160522,-0.6299830675125122
1588,0.4662502408027649,0.4307970106601715,-0.24335378408432007,0.42671412229537964,0.5047431588172913,-0.3803032338619232,0.5142686367034912,0.5254766345024109,-0.7349869012832642
1589,0.46070659160614014,0.43125519156455994,-0.19403712451457977,0.42166849970817566,0.5072771310806274,-0.297203928232193,0.5001726150512695,0.5274865031242371,-0.6397997736930847
1590,0.45871132612228394,0.43173742294311523,-0.2163928598165512,0.4178582429885864,0.5080083012580872,-0.35195422172546387,0.49564212560653687,0.527793288230896,-0.7353714108467102
1591,0.45494985580444336,0.43252673745155334,-0.24645650386810303,0.4126359820365906,0.5083857178688049,-0.30443549156188965,0.4770504832267761,0.5299491286277771,-0.574419379234314
1592,0.45268628001213074,0.43316060304641724,-0.2332697957754135,0.4024742543697357,0.5082037448883057,-0.2443551868200302,0.4531908631324768,0.5320900678634644,-0.4607624113559723
1593,0.4458586871623993,0.43346071243286133,-0.19647479057312012,0.3968617022037506,0.5080298185348511,-0.18467716872692108,0.4229927062988281,0.5416756868362427,-0.43032756447792053
1594,0.44409802556037903,0.43438348174095154,-0.1574001908302307,0.3902290463447571,0.5072005391120911,-0.06482221931219101,0.3997666537761688,0.5445445775985718,-0.23806020617485046
1595,0.44063976407051086,0.4363845884799957,-0.26115649938583374,0.38359981775283813,0.5054811239242554,-0.13543783128261566,0.3762345612049103,0.5446092486381531,-0.34030845761299133
1596,0.43822017312049866,0.4368591904640198,-0.22161655128002167,0.3834778964519501,0.5054115056991577,-0.0803927555680275,0.37749454379081726,0.5452769994735718,-0.25781771540641785
1597,0.43423208594322205,0.4383026957511902,-0.08356843143701553,0.3745007812976837,0.505418062210083,-0.019856147468090057,0.3659411072731018,0.5512236952781677,-0.23059183359146118
1598,0.4299564063549042,0.43901848793029785,-0.04546714946627617,0.3682316541671753,0.5051743984222412,-0.040756482630968094,0.36670905351638794,0.5495940446853638,-0.27984651923179626
1599,0.4247030019760132,0.44024667143821716,-0.022885682061314583,0.36642196774482727,0.5063098669052124,0.038634274154901505,0.3696371614933014,0.5513601303100586,-0.15703372657299042
1600,0.4217764139175415,0.44036802649497986,-0.042651236057281494,0.36386170983314514,0.5063046216964722,-0.005162922665476799,0.3727690279483795,0.5515602827072144,-0.22315694391727448
1601,0.41754281520843506,0.4415026605129242,-0.042192138731479645,0.36260363459587097,0.506095290184021,-0.03228434547781944,0.3706294894218445,0.5500906109809875,-0.2706509530544281
1602,0.41568413376808167,0.44162917137145996,-0.03804529830813408,0.3620864748954773,0.5059670209884644,-0.04313279688358307,0.3681018054485321,0.5490019917488098,-0.28601306676864624
1603,0.4140566885471344,0.4417734742164612,-0.11811168491840363,0.36052897572517395,0.5059249401092529,-0.11459238082170486,0.36500978469848633,0.5428598523139954,-0.3700644075870514
1604,0.4099445343017578,0.441639244556427,-0.22027017176151276,0.35594701766967773,0.5056080222129822,-0.20990674197673798,0.365617036819458,0.5375441312789917,-0.4373617470264435
1605,0.4069574177265167,0.4417508542537689,-0.18012568354606628,0.3531198799610138,0.5062878131866455,-0.18981581926345825,0.36608538031578064,0.5320480465888977,-0.41802504658699036
1606,0.40425893664360046,0.44184595346450806,-0.13288287818431854,0.35150226950645447,0.5062825083732605,-0.17075005173683167,0.36743858456611633,0.5269278287887573,-0.4174707531929016
1607,0.4019187390804291,0.4417923092842102,-0.1653018593788147,0.3479878604412079,0.5059433579444885,-0.23085574805736542,0.3690822720527649,0.5208932161331177,-0.49244606494903564
1608,0.40010514855384827,0.4417320787906647,-0.20237521827220917,0.34909090399742126,0.5060475468635559,-0.2434086948633194,0.3713240325450897,0.5193536877632141,-0.5129159688949585
1609,0.3992566764354706,0.4416884779930115,-0.25114160776138306,0.34768980741500854,0.506227970123291,-0.35622578859329224,0.3720400929450989,0.5157385468482971,-0.6811925172805786
1610,0.397209495306015,0.44165706634521484,-0.25650349259376526,0.34414440393447876,0.506537675857544,-0.3766704499721527,0.37245240807533264,0.5098239183425903,-0.7163947224617004
1611,0.3940454125404358,0.44163474440574646,-0.2770700454711914,0.33856236934661865,0.5064474940299988,-0.41711997985839844,0.3680883049964905,0.5079044699668884,-0.7851136922836304
1612,0.39415180683135986,0.44139665365219116,-0.32703691720962524,0.3368833065032959,0.5055876970291138,-0.47310665249824524,0.3636538088321686,0.5060341358184814,-0.8458276391029358
1613,0.39513450860977173,0.44138002395629883,-0.3674248158931732,0.3366885483264923,0.5055824518203735,-0.5424661636352539,0.35923895239830017,0.5053635239601135,-0.9514858722686768
1614,0.3955671489238739,0.44131988286972046,-0.37717220187187195,0.3359612226486206,0.5053096413612366,-0.5406534671783447,0.3561960756778717,0.5053653120994568,-0.9334277510643005
1615,0.3961087167263031,0.4408283233642578,-0.31870555877685547,0.3363686501979828,0.5043033361434937,-0.45653045177459717,0.3554420471191406,0.5056235790252686,-0.8297394514083862
1616,0.3964514136314392,0.4407760500907898,-0.2223200649023056,0.3335987329483032,0.5041112899780273,-0.3450300097465515,0.35410672426223755,0.5067896842956543,-0.7095922827720642
1617,0.3965095579624176,0.4403041899204254,-0.2587428390979767,0.3342701494693756,0.5034743547439575,-0.4185505211353302,0.3543670177459717,0.5076249837875366,-0.8137235641479492
1618,0.39659473299980164,0.43999990820884705,-0.24312560260295868,0.3336432874202728,0.5022725462913513,-0.3303280770778656,0.35315150022506714,0.5079792737960815,-0.669130265712738
1619,0.39713576436042786,0.4397813677787781,-0.24641232192516327,0.3344925045967102,0.5006155967712402,-0.3375754952430725,0.3541527986526489,0.5067258477210999,-0.6846776008605957
1620,0.3975633978843689,0.43966126441955566,-0.2870199382305145,0.3348848223686218,0.49964937567710876,-0.40545523166656494,0.354822039604187,0.5058109760284424,-0.7627763748168945
1621,0.3991633653640747,0.4395782947540283,-0.24415713548660278,0.3350040316581726,0.4986441135406494,-0.3214755654335022,0.35467714071273804,0.5052817463874817,-0.6492159962654114
1622,0.4014798104763031,0.4395778775215149,-0.1699393391609192,0.33645978569984436,0.4982747435569763,-0.26693978905677795,0.3544563353061676,0.5049665570259094,-0.6121834516525269
1623,0.4029332101345062,0.4397517740726471,-0.20247003436088562,0.33864355087280273,0.4974282383918762,-0.2983768582344055,0.35471290349960327,0.5058530569076538,-0.6309901475906372
1624,0.40381675958633423,0.4397386908531189,-0.14315293729305267,0.3413686156272888,0.49472108483314514,-0.2473386824131012,0.35484781861305237,0.5060179829597473,-0.6019626259803772
1625,0.40448954701423645,0.4396679401397705,-0.1784089207649231,0.34317439794540405,0.49287620186805725,-0.2829623818397522,0.3549045920372009,0.5065317749977112,-0.6810255646705627
1626,0.4055737257003784,0.4408762454986572,-0.2496303766965866,0.3487819731235504,0.49722886085510254,-0.39444392919540405,0.3660348653793335,0.5076941251754761,-0.7620805501937866
1627,0.4058833122253418,0.4414858818054199,-0.130577951669693,0.35068097710609436,0.5089783668518066,-0.2171252816915512,0.3839103579521179,0.5124576091766357,-0.520642876625061
1628,0.40603435039520264,0.44175535440444946,-0.023277917876839638,0.3511832654476166,0.5142320394515991,-0.10621974617242813,0.39989379048347473,0.5145096182823181,-0.3702380359172821
1629,0.4065011441707611,0.4423348009586334,-0.040931347757577896,0.3577303886413574,0.5164514780044556,-0.11328569799661636,0.42540690302848816,0.5202699899673462,-0.38198018074035645
1630,0.40796419978141785,0.4434199333190918,-0.054144661873579025,0.36903655529022217,0.5158103108406067,-0.13779890537261963,0.43053385615348816,0.5279589891433716,-0.4177602529525757
1631,0.4088270962238312,0.4442315101623535,-0.04946547746658325,0.3710118532180786,0.5162091851234436,-0.14592058956623077,0.4326319396495819,0.5293225049972534,-0.47410374879837036
1632,0.4096496105194092,0.4453423023223877,-0.08119858801364899,0.3763734698295593,0.5183911919593811,-0.13930414617061615,0.4490249752998352,0.5384376645088196,-0.36962321400642395
1633,0.41015395522117615,0.4455149173736572,-0.09388231486082077,0.3820438086986542,0.5246782302856445,-0.13730384409427643,0.45502692461013794,0.5476804375648499,-0.36077386140823364
1634,0.4114430844783783,0.44575008749961853,-0.10880159586668015,0.38353657722473145,0.5264124870300293,-0.16055630147457123,0.45439839363098145,0.550564169883728,-0.41855281591415405
1635,0.41426730155944824,0.4456483721733093,-0.12019027769565582,0.3813989758491516,0.5246912240982056,-0.1676824390888214,0.4522777497768402,0.5509375333786011,-0.40481725335121155
1636,0.4150041937828064,0.44479474425315857,-0.19328910112380981,0.3796573281288147,0.5232085585594177,-0.2148594707250595,0.4525851905345917,0.5509264469146729,-0.424178808927536
1637,0.41408810019493103,0.4433383345603943,-0.1929296851158142,0.37666046619415283,0.522655725479126,-0.2254633605480194,0.45469626784324646,0.5522780418395996,-0.43214794993400574
1638,0.41217273473739624,0.44313836097717285,-0.2237335592508316,0.37194982171058655,0.5224948525428772,-0.2967659831047058,0.46112746000289917,0.5513566732406616,-0.5205118656158447
1639,0.40653520822525024,0.4428249001502991,-0.3322311043739319,0.369775652885437,0.5238134860992432,-0.4342348873615265,0.47352713346481323,0.5511091947555542,-0.5417221784591675
1640,0.4031008780002594,0.4407939910888672,-0.2781882584095001,0.36890721321105957,0.5253128409385681,-0.34775692224502563,0.4882575571537018,0.5428506731987,-0.36722972989082336
1641,0.40048566460609436,0.43913015723228455,-0.24127984046936035,0.36914536356925964,0.5251259207725525,-0.3090072274208069,0.5032987594604492,0.5263479948043823,-0.2622050642967224
1642,0.39857956767082214,0.4380339980125427,-0.24011953175067902,0.37608882784843445,0.5237919688224792,-0.3238222301006317,0.5293352603912354,0.5084838271141052,-0.2998836636543274
1643,0.39402148127555847,0.4381566047668457,-0.1289939284324646,0.38972777128219604,0.5209697484970093,-0.2174627035856247,0.5280497074127197,0.4894362986087799,-0.17224952578544617
1644,0.39253824949264526,0.4366544783115387,-0.15900015830993652,0.4015398323535919,0.5148583650588989,-0.233638197183609,0.5286086201667786,0.46921128034591675,-0.1189483255147934
1645,0.38979431986808777,0.4337414801120758,-0.16931621730327606,0.42131534218788147,0.48855528235435486,-0.2989835739135742,0.5210321545600891,0.4508408010005951,-0.20044054090976715
1646,0.38867998123168945,0.4329632818698883,-0.2696174085140228,0.45414620637893677,0.4704735279083252,-0.3950500190258026,0.5639134049415588,0.42935019731521606,-0.25894880294799805
1647,0.3873899579048157,0.4321475923061371,-0.1808621734380722,0.4314156770706177,0.4792477488517761,-0.34885460138320923,0.54649817943573,0.4273776412010193,-0.3649061918258667
1648,0.3866364061832428,0.431876003742218,-0.10460707545280457,0.42303183674812317,0.47846323251724243,-0.3109695315361023,0.5432097315788269,0.4259139895439148,-0.3135189414024353
1649,0.3836750388145447,0.43212586641311646,-0.25240734219551086,0.4489331841468811,0.45326370000839233,-0.4231950044631958,0.5419994592666626,0.393254816532135,-0.3384746015071869
1650,0.38498184084892273,0.4322613775730133,-0.2871052920818329,0.47910481691360474,0.4348054528236389,-0.46454623341560364,0.5605629682540894,0.38976606726646423,-0.46376749873161316
1651,0.38526347279548645,0.43300944566726685,-0.2881585955619812,0.4671521484851837,0.42922988533973694,-0.5294305682182312,0.554351270198822,0.3733436167240143,-0.5808151364326477
1652,0.3959234356880188,0.433476984500885,-0.30351123213768005,0.504450261592865,0.4129364490509033,-0.4866602122783661,0.5568922162055969,0.3590732514858246,-0.5273904204368591
1653,0.39866286516189575,0.43297988176345825,-0.3172557055950165,0.5083299279212952,0.40913230180740356,-0.4972285330295563,0.5553292632102966,0.3421016335487366,-0.5210554599761963
1654,0.4049621522426605,0.43213048577308655,-0.30764251947402954,0.5207292437553406,0.39856666326522827,-0.4557434022426605,0.5606068968772888,0.33353349566459656,-0.4292972981929779
1655,0.407150000333786,0.431643009185791,-0.31750550866127014,0.5237751603126526,0.39478540420532227,-0.4470658302307129,0.5655980110168457,0.32058125734329224,-0.4123300015926361
1656,0.4068243205547333,0.4312947392463684,-0.3243008852005005,0.5142056941986084,0.3960971236228943,-0.45216643810272217,0.5787802934646606,0.3306065797805786,-0.41551080346107483
1657,0.4060913622379303,0.4302237629890442,-0.32444068789482117,0.5171917676925659,0.3911670446395874,-0.46583157777786255,0.5928398966789246,0.32514888048171997,-0.42968589067459106
1658,0.40906190872192383,0.42900171875953674,-0.3181549906730652,0.5277863144874573,0.38744837045669556,-0.45620274543762207,0.5883317589759827,0.32169052958488464,-0.3954874277114868
1659,0.40914833545684814,0.42797645926475525,-0.3164992928504944,0.5266875624656677,0.39082595705986023,-0.44813695549964905,0.5891006588935852,0.3290984630584717,-0.38431766629219055
1660,0.4086205065250397,0.4269271492958069,-0.31586313247680664,0.5233595371246338,0.3933226466178894,-0.40631788969039917,0.5925114750862122,0.3311666250228882,-0.32033735513687134
1661,0.40910643339157104,0.4271581172943115,-0.28049877285957336,0.5229818820953369,0.39642494916915894,-0.3862074911594391,0.603366494178772,0.3305317759513855,-0.3353840410709381
1662,0.41129687428474426,0.4272053837776184,-0.2699403166770935,0.5225431323051453,0.39872846007347107,-0.3865368664264679,0.6069437265396118,0.33227449655532837,-0.35029733180999756
1663,0.4109121859073639,0.4274536669254303,-0.27305907011032104,0.5209190845489502,0.3988625109195709,-0.3933066427707672,0.6036996841430664,0.33435410261154175,-0.3528388440608978
1664,0.4107568562030792,0.4275647699832916,-0.26912200450897217,0.5157222151756287,0.4021123945713043,-0.3825942575931549,0.6021111011505127,0.3367609977722168,-0.33683714270591736
1665,0.4108276069164276,0.4276024401187897,-0.26462021470069885,0.5135686993598938,0.40730786323547363,-0.3668398857116699,0.609494149684906,0.3519837260246277,-0.3301476538181305
1666,0.40943920612335205,0.42771244049072266,-0.2674707770347595,0.5148785710334778,0.40764421224594116,-0.37691476941108704,0.6038534641265869,0.3692530393600464,-0.3366070091724396
1667,0.4074869453907013,0.42782944440841675,-0.2690896987915039,0.502457320690155,0.4292214512825012,-0.37039366364479065,0.5903090238571167,0.39269885420799255,-0.32575201988220215
1668,0.396150678396225,0.42768949270248413,-0.2495487779378891,0.46315351128578186,0.4550674557685852,-0.4133944511413574,0.5428379774093628,0.4006151258945465,-0.37732917070388794
1669,0.39067307114601135,0.4279950261116028,-0.2521592378616333,0.4423779249191284,0.47493410110473633,-0.39956316351890564,0.5248627662658691,0.4218990206718445,-0.3367748558521271
1670,0.389079749584198,0.4282890260219574,-0.2395051270723343,0.4425979256629944,0.47513747215270996,-0.3635449707508087,0.5275676846504211,0.4301254153251648,-0.2485901564359665
1671,0.38857612013816833,0.42816638946533203,-0.22578567266464233,0.44980669021606445,0.4827670156955719,-0.3431464433670044,0.5345781445503235,0.44557350873947144,-0.26103007793426514
1672,0.3845301866531372,0.4283216893672943,-0.22405068576335907,0.4044383466243744,0.495891273021698,-0.3130427896976471,0.5251570343971252,0.4589637815952301,-0.20912252366542816
1673,0.3802753984928131,0.4286729693412781,-0.2134656310081482,0.3843191862106323,0.4985882341861725,-0.3213828504085541,0.5218186974525452,0.4785071313381195,-0.2508281469345093
1674,0.3728100657463074,0.4306333065032959,-0.17507831752300262,0.3633648455142975,0.5022603869438171,-0.2565557360649109,0.5045256018638611,0.48750782012939453,-0.18915648758411407
1675,0.3675423562526703,0.432699978351593,-0.17680656909942627,0.34755533933639526,0.511186957359314,-0.27325189113616943,0.4859020709991455,0.4955342411994934,-0.409842312335968
1676,0.36767032742500305,0.43331360816955566,-0.15448935329914093,0.33246153593063354,0.5066835284233093,-0.30065593123435974,0.4195781350135803,0.4964998662471771,-0.4821508526802063
1677,0.35963499546051025,0.43617862462997437,-0.13067620992660522,0.3370862603187561,0.5130058526992798,-0.27931472659111023,0.3933922350406647,0.4990786612033844,-0.40045344829559326
1678,0.3577840030193329,0.4374723434448242,-0.12952010333538055,0.337759405374527,0.5134214162826538,-0.2857566475868225,0.38112330436706543,0.5003396272659302,-0.4041628837585449
1679,0.34929221868515015,0.43942737579345703,-0.11710909008979797,0.31164997816085815,0.515611469745636,-0.26171109080314636,0.3041139543056488,0.5259774923324585,-0.4170146882534027
1680,0.34797531366348267,0.440640389919281,-0.11056530475616455,0.30564865469932556,0.5212754011154175,-0.2047560214996338,0.2858950197696686,0.536673367023468,-0.3707939684391022
1681,0.3399758040904999,0.4410468637943268,-0.03131388872861862,0.297659695148468,0.5190020799636841,-0.16871090233325958,0.2869839072227478,0.5388518571853638,-0.34317901730537415
1682,0.335161417722702,0.44065308570861816,-0.04679253324866295,0.2882848083972931,0.5143364071846008,-0.1721627563238144,0.2818238437175751,0.5361304879188538,-0.2990271747112274
1683,0.32917356491088867,0.4403447210788727,-0.08262765407562256,0.28436681628227234,0.5120469927787781,-0.21153494715690613,0.27465829253196716,0.5351351499557495,-0.35113367438316345
1684,0.3263913094997406,0.4401194155216217,-0.09567002952098846,0.28992971777915955,0.511167049407959,-0.24497850239276886,0.2834605872631073,0.5352185368537903,-0.40309634804725647
1685,0.3222476541996002,0.4399040639400482,-0.11683075875043869,0.2704164683818817,0.5062484741210938,-0.27082934975624084,0.2680867910385132,0.5272851586341858,-0.42372021079063416
1686,0.3218242824077606,0.43737363815307617,-0.11535225063562393,0.2625819444656372,0.49760642647743225,-0.2635917067527771,0.26369407773017883,0.5244245529174805,-0.41342607140541077
1687,0.3203720450401306,0.4367770254611969,-0.13742981851100922,0.25284382700920105,0.49559473991394043,-0.2771728038787842,0.26209786534309387,0.5238578915596008,-0.4160521924495697
1688,0.31951454281806946,0.43536967039108276,-0.1374366134405136,0.2475244700908661,0.4923859238624573,-0.2869972884654999,0.26070496439933777,0.5230304002761841,-0.43051114678382874
1689,0.3204483687877655,0.43444210290908813,-0.1877097636461258,0.24391309916973114,0.489018976688385,-0.3249727785587311,0.263624370098114,0.5222897529602051,-0.44328850507736206
1690,0.3187100291252136,0.4335118234157562,-0.25563743710517883,0.23010393977165222,0.4881362318992615,-0.3768976926803589,0.26155582070350647,0.5220787525177002,-0.4617134630680084
1691,0.315157949924469,0.43255263566970825,-0.2270864099264145,0.2248235046863556,0.48784685134887695,-0.345804899930954,0.2574443817138672,0.5219360589981079,-0.4425853192806244
1692,0.3153647184371948,0.4310736656188965,-0.23780179023742676,0.22071658074855804,0.4880734980106354,-0.34663137793540955,0.2601052224636078,0.5219982862472534,-0.4366593360900879
1693,0.3165759742259979,0.42960453033447266,-0.23972389101982117,0.22273039817810059,0.48333191871643066,-0.36621925234794617,0.25980839133262634,0.5210765600204468,-0.461002379655838
1694,0.31312698125839233,0.42851153016090393,-0.2384900003671646,0.21015077829360962,0.4818955957889557,-0.350676566362381,0.25908181071281433,0.5199298858642578,-0.4186335802078247
1695,0.31103312969207764,0.4278847277164459,-0.25390470027923584,0.21149200201034546,0.48197656869888306,-0.34379342198371887,0.2639560401439667,0.520401656627655,-0.32396209239959717
1700,0.3155191242694855,0.4213429391384125,-0.29349762201309204,0.20061348378658295,0.4808153212070465,-0.3523637354373932,0.31595417857170105,0.508409321308136,-0.33279478549957275
1701,0.30734777450561523,0.42179927229881287,-0.22858142852783203,0.19957959651947021,0.4817346930503845,-0.2905829846858978,0.3165169060230255,0.5074706673622131,-0.29115182161331177
1702,0.30594801902770996,0.421762079000473,-0.2513837218284607,0.19985675811767578,0.4819188714027405,-0.3243711590766907,0.3182981312274933,0.5025770664215088,-0.35284754633903503
1703,0.3054068684577942,0.42050427198410034,-0.21446409821510315,0.20582184195518494,0.48186755180358887,-0.325444757938385,0.3260715901851654,0.49593663215637207,-0.38437941670417786
1704,0.305004745721817,0.41839805245399475,-0.23456737399101257,0.21396972239017487,0.48254600167274475,-0.4030293822288513,0.3423979580402374,0.4911966323852539,-0.45437347888946533
1705,0.30511096119880676,0.4184160828590393,-0.27260062098503113,0.22600160539150238,0.4848659038543701,-0.4686856269836426,0.37161317467689514,0.4879973530769348,-0.5681119561195374
1706,0.3033273220062256,0.41792455315589905,-0.27238327264785767,0.2364797741174698,0.4875093102455139,-0.43719080090522766,0.38692647218704224,0.48587027192115784,-0.5168947577476501
1707,0.3001467287540436,0.41723036766052246,-0.252598375082016,0.25174567103385925,0.490997850894928,-0.41605344414711,0.39119261503219604,0.48394322395324707,-0.4778802692890167
1708,0.30076518654823303,0.4153067171573639,-0.23016111552715302,0.27179214358329773,0.49074554443359375,-0.40654832124710083,0.41252052783966064,0.4761769771575928,-0.479628324508667
1709,0.300541490316391,0.4150136113166809,-0.23394553363323212,0.29753074049949646,0.4902065396308899,-0.40626955032348633,0.42988815903663635,0.4674968123435974,-0.4697364270687103
1710,0.2999935448169708,0.4150334894657135,-0.24710766971111298,0.31764864921569824,0.4899058938026428,-0.4204038977622986,0.4398414194583893,0.4606901705265045,-0.4817782938480377
1711,0.30027148127555847,0.41546186804771423,-0.31084781885147095,0.3375319838523865,0.48971447348594666,-0.4046265482902527,0.4515564441680908,0.4578225016593933,-0.3076295554637909
1712,0.3004433810710907,0.41793733835220337,-0.3034956157207489,0.3693690001964569,0.4865724444389343,-0.38872820138931274,0.45836395025253296,0.4435584545135498,-0.27868399024009705
1713,0.3016258478164673,0.41837915778160095,-0.3092787265777588,0.401396781206131,0.47679558396339417,-0.38602158427238464,0.4799201190471649,0.42114368081092834,-0.2727462649345398
1714,0.30527040362358093,0.4183988571166992,-0.2999252676963806,0.3978620171546936,0.4731747508049011,-0.3880906105041504,0.4878764748573303,0.42067354917526245,-0.3197195827960968
1715,0.30625149607658386,0.4182441830635071,-0.3004811108112335,0.3979989290237427,0.47057732939720154,-0.3963693082332611,0.4866291880607605,0.4192562699317932,-0.3294605016708374
1716,0.30884549021720886,0.4169538915157318,-0.31662362813949585,0.40333467721939087,0.46577906608581543,-0.4261729419231415,0.49084800481796265,0.41212743520736694,-0.3556888997554779
1717,0.3111135959625244,0.41569098830223083,-0.312931090593338,0.4116854667663574,0.4606267809867859,-0.42244258522987366,0.49469247460365295,0.4038631319999695,-0.3259652853012085
1718,0.3150758743286133,0.4159150719642639,-0.3265763521194458,0.4172676205635071,0.4590236246585846,-0.43458616733551025,0.4981591999530792,0.4027603566646576,-0.35464775562286377
1719,0.3159433901309967,0.4159558415412903,-0.3327643573284149,0.413135826587677,0.4592893719673157,-0.45378875732421875,0.49923235177993774,0.40565505623817444,-0.390336275100708
1720,0.3172312378883362,0.4179147183895111,-0.3429434299468994,0.4067084789276123,0.46143823862075806,-0.45829352736473083,0.49913886189460754,0.4108045697212219,-0.4003937542438507
1721,0.31677180528640747,0.4199386537075043,-0.3335288465023041,0.40088796615600586,0.46538934111595154,-0.4461385905742645,0.4972521960735321,0.41119909286499023,-0.3961219787597656
1722,0.31571727991104126,0.42490214109420776,-0.3492056727409363,0.39724001288414,0.4812224805355072,-0.4516471326351166,0.4949052631855011,0.4207623600959778,-0.380478173494339
1723,0.3154771029949188,0.42414742708206177,-0.3487747311592102,0.38389328122138977,0.4857618808746338,-0.42983478307724,0.4892629086971283,0.44457465410232544,-0.2780701220035553
1724,0.31533077359199524,0.42422884702682495,-0.3445611298084259,0.3863241374492645,0.4834176003932953,-0.40403157472610474,0.4842906892299652,0.44538554549217224,-0.22731558978557587
1725,0.31585851311683655,0.4234584867954254,-0.32559719681739807,0.38621971011161804,0.4826570153236389,-0.3698166012763977,0.4841434359550476,0.4437676966190338,-0.21964535117149353
1726,0.3183833360671997,0.42322954535484314,-0.2719309628009796,0.3855311870574951,0.48004990816116333,-0.4318808615207672,0.48315057158470154,0.4434645175933838,-0.45974642038345337
1727,0.3203234076499939,0.4237266480922699,-0.27707669138908386,0.3890654146671295,0.47493141889572144,-0.4696234464645386,0.4830261766910553,0.43988680839538574,-0.4765496850013733
1728,0.3223423957824707,0.4276200830936432,-0.2878928780555725,0.3949835002422333,0.47471171617507935,-0.4581160247325897,0.49031540751457214,0.42870116233825684,-0.42097315192222595
1729,0.32443973422050476,0.43035683035850525,-0.28245922923088074,0.4183843433856964,0.4765169024467468,-0.33657023310661316,0.48862820863723755,0.4292801320552826,-0.1723984330892563
1730,0.3251882791519165,0.42941850423812866,-0.2810686230659485,0.413083553314209,0.47269168496131897,-0.2991344928741455,0.49571046233177185,0.4247419834136963,-0.06762655824422836
1731,0.3261680006980896,0.42904916405677795,-0.2842608392238617,0.41028472781181335,0.46872106194496155,-0.32572367787361145,0.4986439049243927,0.42461007833480835,-0.11773267388343811
1732,0.326084166765213,0.42856329679489136,-0.31853488087654114,0.4098547101020813,0.46598362922668457,-0.4591978192329407,0.4976842701435089,0.4216236174106598,-0.4227687120437622
1733,0.3258024752140045,0.4279356896877289,-0.3185311555862427,0.41308555006980896,0.4587209224700928,-0.4385877847671509,0.501630425453186,0.4089891314506531,-0.3619316518306732
1734,0.32516932487487793,0.42481154203414917,-0.3163621723651886,0.4189086854457855,0.4528544545173645,-0.4466429352760315,0.5070925951004028,0.4003412127494812,-0.3834640085697174
1735,0.32496529817581177,0.42302507162094116,-0.3087168037891388,0.42955872416496277,0.4474159777164459,-0.4495989978313446,0.5112195611000061,0.39196041226387024,-0.4408131539821625
1736,0.32327818870544434,0.4212712347507477,-0.2888176143169403,0.4282599091529846,0.44257497787475586,-0.44092872738838196,0.5122998356819153,0.38661816716194153,-0.43250152468681335
1737,0.3210436999797821,0.4196390211582184,-0.28749653697013855,0.4260421693325043,0.4400497078895569,-0.46107375621795654,0.5121533870697021,0.38445717096328735,-0.47446444630622864
1738,0.32095077633857727,0.41854628920555115,-0.2872830927371979,0.4250136911869049,0.43737083673477173,-0.47879356145858765,0.5123766660690308,0.38275688886642456,-0.5064572095870972
1739,0.3214186728000641,0.41871803998947144,-0.27509066462516785,0.4249942898750305,0.43794721364974976,-0.4754739999771118,0.5119499564170837,0.38482069969177246,-0.5125056505203247
1740,0.32171568274497986,0.4190175533294678,-0.2711108326911926,0.4251178801059723,0.43468254804611206,-0.4652130901813507,0.5107174515724182,0.38730376958847046,-0.48050129413604736
1741,0.32444268465042114,0.4190952181816101,-0.23695212602615356,0.4340910315513611,0.4363601803779602,-0.3595890998840332,0.518962025642395,0.39968353509902954,-0.31414711475372314
1742,0.34720298647880554,0.42231518030166626,-0.2526257634162903,0.45124533772468567,0.4370962977409363,-0.3681590259075165,0.5256628394126892,0.4134223461151123,-0.31844884157180786
1743,0.3452080190181732,0.426055908203125,-0.2546488344669342,0.45287853479385376,0.44148945808410645,-0.3780660927295685,0.5297543406486511,0.4181605279445648,-0.3174743950366974
1744,0.3378136157989502,0.42898789048194885,-0.2982980012893677,0.4522321820259094,0.45663362741470337,-0.3882620632648468,0.5300247073173523,0.41961026191711426,-0.3219033479690552
1745,0.3360770642757416,0.429251104593277,-0.28910478949546814,0.45025986433029175,0.4595526158809662,-0.38236209750175476,0.5458613038063049,0.42824316024780273,-0.3397170901298523
1746,0.33555230498313904,0.4276552200317383,-0.2609773278236389,0.4498470425605774,0.45800668001174927,-0.38661712408065796,0.5429678559303284,0.42784029245376587,-0.36741796135902405
1747,0.33498311042785645,0.42755013704299927,-0.25798726081848145,0.4315001964569092,0.457634299993515,-0.38967201113700867,0.5449387431144714,0.4273565411567688,-0.3819393515586853
1748,0.332601934671402,0.4256802201271057,-0.25591763854026794,0.42778316140174866,0.45608600974082947,-0.3906603157520294,0.5432230830192566,0.41683727502822876,-0.37999504804611206
1749,0.33237624168395996,0.42343956232070923,-0.261107474565506,0.4284619688987732,0.4488967955112457,-0.38406673073768616,0.5362750291824341,0.41179370880126953,-0.3201141953468323
1750,0.3338157534599304,0.4234445095062256,-0.28638169169425964,0.42972061038017273,0.44906872510910034,-0.42407935857772827,0.535554826259613,0.41187620162963867,-0.3951573967933655
1751,0.3371124863624573,0.4232899248600006,-0.2913295030593872,0.43040353059768677,0.44166985154151917,-0.43176302313804626,0.5341895818710327,0.39847686886787415,-0.40439754724502563
1752,0.33739298582077026,0.4232221245765686,-0.33021116256713867,0.43252530694007874,0.4418361186981201,-0.43925124406814575,0.5338709950447083,0.39711877703666687,-0.36048752069473267
1753,0.33737611770629883,0.423929363489151,-0.31674182415008545,0.43308085203170776,0.44065386056900024,-0.40946197509765625,0.5335788130760193,0.3972468972206116,-0.27948206663131714
1754,0.3378776013851166,0.4246271550655365,-0.3191778063774109,0.43468889594078064,0.44073066115379333,-0.4098578095436096,0.5328319072723389,0.39755555987358093,-0.295074999332428
1755,0.3375875651836395,0.4246729016304016,-0.3171692192554474,0.43252381682395935,0.436943382024765,-0.4041469693183899,0.532773494720459,0.3941804766654968,-0.30629217624664307
1756,0.3355140686035156,0.4227188527584076,-0.31442320346832275,0.4312902092933655,0.43567806482315063,-0.42841237783432007,0.532689094543457,0.3926147222518921,-0.4136928617954254
1757,0.33544921875,0.4227350652217865,-0.3077203035354614,0.43130752444267273,0.436126172542572,-0.42540690302848816,0.5332314968109131,0.3918798565864563,-0.38808509707450867
1758,0.33469536900520325,0.4226228594779968,-0.29621273279190063,0.4308631122112274,0.4369080662727356,-0.39231759309768677,0.5330286026000977,0.39316967129707336,-0.32259228825569153
1759,0.34246084094047546,0.42846551537513733,-0.277817040681839,0.44458410143852234,0.43687430024147034,-0.39525705575942993,0.5221250653266907,0.39468732476234436,-0.38929247856140137
1760,0.34355396032333374,0.4364285469055176,-0.2216014713048935,0.4434788227081299,0.442181259393692,-0.3363235890865326,0.5105639696121216,0.39894360303878784,-0.3350444436073303
1761,0.34218308329582214,0.43437081575393677,-0.2427433282136917,0.4402752220630646,0.4472164213657379,-0.3788253664970398,0.5280466079711914,0.40126270055770874,-0.380340576171875
1762,0.34073397517204285,0.43385371565818787,-0.24955835938453674,0.43286195397377014,0.4616739749908447,-0.37970584630966187,0.5181000232696533,0.41398757696151733,-0.37694448232650757
1763,0.3384973406791687,0.43308916687965393,-0.2617650032043457,0.4343922436237335,0.46490392088890076,-0.38177698850631714,0.5167031288146973,0.4238100051879883,-0.3491494357585907
1764,0.3388160169124603,0.4298411011695862,-0.2609292268753052,0.4207642078399658,0.4663938581943512,-0.38140666484832764,0.517654538154602,0.42592984437942505,-0.3669508099555969
1765,0.3391823470592499,0.4272882342338562,-0.27018630504608154,0.4202701449394226,0.4659462571144104,-0.3453727662563324,0.5211606621742249,0.4289906620979309,-0.26700618863105774
1766,0.33912187814712524,0.42787083983421326,-0.2577902376651764,0.4215025305747986,0.463406503200531,-0.3346453011035919,0.5362644791603088,0.43485766649246216,-0.2729468047618866
1767,0.34512001276016235,0.4294056296348572,-0.2590481638908386,0.45220255851745605,0.44221025705337524,-0.358341246843338,0.537869930267334,0.417201429605484,-0.35954031348228455
1768,0.34622374176979065,0.4286876618862152,-0.2874061167240143,0.4713933765888214,0.42972350120544434,-0.36530935764312744,0.5546103715896606,0.39287814497947693,-0.32499000430107117
1769,0.3504379987716675,0.4273773729801178,-0.28858208656311035,0.4720267951488495,0.41452550888061523,-0.39451682567596436,0.555951714515686,0.3518778681755066,-0.32529810070991516
1770,0.35116031765937805,0.42738255858421326,-0.29134804010391235,0.4740501046180725,0.4217449128627777,-0.3921124339103699,0.5536970496177673,0.36454999446868896,-0.31113895773887634
1771,0.35934168100357056,0.4280878007411957,-0.2894628047943115,0.4816184937953949,0.4264419972896576,-0.38936635851860046,0.5519415736198425,0.37713488936424255,-0.3010936379432678
1772,0.3581600487232208,0.428636372089386,-0.2880793511867523,0.4745684266090393,0.4354475438594818,-0.3899533450603485,0.5412278175354004,0.4197673797607422,-0.3043685555458069
1773,0.3570917844772339,0.4299755096435547,-0.2948296070098877,0.4726036787033081,0.4340658187866211,-0.39438140392303467,0.5422238111495972,0.4043813645839691,-0.3097586929798126
1774,0.3560560941696167,0.43276429176330566,-0.29434531927108765,0.4715656340122223,0.42892590165138245,-0.4035913646221161,0.5526295900344849,0.3663201928138733,-0.3252713084220886
1775,0.3475036919116974,0.43369483947753906,-0.2917799949645996,0.4341720640659332,0.44954586029052734,-0.42150017619132996,0.5326148867607117,0.40971916913986206,-0.3926928639411926
1776,0.3414890170097351,0.433652400970459,-0.28024616837501526,0.4175686836242676,0.4530905783176422,-0.450611412525177,0.5233529806137085,0.41148728132247925,-0.44721394777297974
1777,0.33812421560287476,0.4333347678184509,-0.28827548027038574,0.4262368977069855,0.4530472159385681,-0.4793093800544739,0.5255663990974426,0.404676616191864,-0.49481040239334106
1778,0.3383306860923767,0.4328804612159729,-0.28675344586372375,0.4305637776851654,0.4500470757484436,-0.43044641613960266,0.5258469581604004,0.3938167691230774,-0.37683427333831787
1779,0.3369947075843811,0.43087512254714966,-0.29327505826950073,0.42603814601898193,0.4469172954559326,-0.4460603594779968,0.5272361040115356,0.3833909034729004,-0.4315928518772125
1780,0.3330908715724945,0.4292798936367035,-0.29251256585121155,0.41753527522087097,0.44448739290237427,-0.47589612007141113,0.5251655578613281,0.3802882134914398,-0.4819193184375763
1781,0.3325657248497009,0.42896977066993713,-0.2926175892353058,0.41877084970474243,0.44251880049705505,-0.5213066935539246,0.52613365650177,0.36999279260635376,-0.5574967861175537
1782,0.3321157693862915,0.4301903247833252,-0.2962748110294342,0.42007675766944885,0.4329407811164856,-0.4951607286930084,0.5317479372024536,0.3552227020263672,-0.49013108015060425
1783,0.33066827058792114,0.4301784634590149,-0.31093630194664,0.4208521246910095,0.43255648016929626,-0.5109890699386597,0.534727931022644,0.35298851132392883,-0.4795422852039337
1784,0.3310982584953308,0.4302143454551697,-0.30011114478111267,0.4376221001148224,0.4287981390953064,-0.48376160860061646,0.536827802658081,0.35632771253585815,-0.43091925978660583
1785,0.331175297498703,0.4302181601524353,-0.2993372976779938,0.47138816118240356,0.42007794976234436,-0.42901089787483215,0.544834315776825,0.3575060963630676,-0.3703088164329529
1786,0.35319042205810547,0.43024545907974243,-0.26766473054885864,0.4822785258293152,0.4033694863319397,-0.3723191022872925,0.553541898727417,0.3497083783149719,-0.3143150210380554
1787,0.35067811608314514,0.4249686598777771,-0.27121755480766296,0.47838127613067627,0.41062459349632263,-0.3877335488796234,0.5536203980445862,0.3489648699760437,-0.33297181129455566
1788,0.35037490725517273,0.42509451508522034,-0.2628174424171448,0.4793442189693451,0.4147396683692932,-0.3398611843585968,0.5573388934135437,0.3525921106338501,-0.24344992637634277
1789,0.3465474843978882,0.4271048605442047,-0.2665623724460602,0.4778726398944855,0.43498221039772034,-0.35401949286460876,0.5556528568267822,0.39158111810684204,-0.2772616147994995
1790,0.34124356508255005,0.42989930510520935,-0.2682655453681946,0.47548261284828186,0.44408974051475525,-0.35534512996673584,0.5547279119491577,0.4077455997467041,-0.27842819690704346
1791,0.33712056279182434,0.4307009279727936,-0.26108789443969727,0.47671839594841003,0.44136470556259155,-0.3687130808830261,0.5541771650314331,0.40259361267089844,-0.30294957756996155
1792,0.336629718542099,0.43074101209640503,-0.25843557715415955,0.44976186752319336,0.4442176818847656,-0.4151419401168823,0.5431864857673645,0.41289806365966797,-0.4535479247570038
1793,0.33696573972702026,0.4323733448982239,-0.23649051785469055,0.45093944668769836,0.44225335121154785,-0.3636860251426697,0.5290772318840027,0.4128938317298889,-0.3562695384025574
1794,0.33702072501182556,0.43367981910705566,-0.23852312564849854,0.4523542523384094,0.4354024827480316,-0.38966527581214905,0.5175816416740417,0.40773075819015503,-0.39887869358062744
1795,0.32655754685401917,0.4357582926750183,-0.2449001520872116,0.43923500180244446,0.4437825679779053,-0.40612339973449707,0.5094473361968994,0.4025517404079437,-0.3883604407310486
1796,0.3262195885181427,0.4358022212982178,-0.22284919023513794,0.4274083971977234,0.4450010359287262,-0.40873247385025024,0.4966673254966736,0.402049720287323,-0.41150280833244324
1797,0.32870736718177795,0.4356374144554138,-0.22970958054065704,0.4162907004356384,0.44405069947242737,-0.4618271589279175,0.49549925327301025,0.40132617950439453,-0.4593150317668915
1800,0.3192219138145447,0.4311484396457672,-0.24671626091003418,0.42659953236579895,0.438457727432251,-0.4364638328552246,0.48994728922843933,0.3871084451675415,-0.4099803864955902
1801,0.31809598207473755,0.4322168231010437,-0.2548902630805969,0.4225808382034302,0.44114017486572266,-0.4364880323410034,0.49772733449935913,0.3868962228298187,-0.40912771224975586
1802,0.3178797960281372,0.43482494354248047,-0.2544357478618622,0.4194621741771698,0.43961215019226074,-0.4002234637737274,0.49743330478668213,0.3867500424385071,-0.3389383852481842
1803,0.31583839654922485,0.43657025694847107,-0.24157701432704926,0.4063431918621063,0.4473971724510193,-0.4052327573299408,0.4927995800971985,0.3955599367618561,-0.34058040380477905
1804,0.3153287172317505,0.4363161623477936,-0.21928229928016663,0.3694845736026764,0.4699045717716217,-0.4453613758087158,0.4594128131866455,0.42254677414894104,-0.5463157892227173
1805,0.31101909279823303,0.4373916685581207,-0.21761895716190338,0.3649905323982239,0.4827776849269867,-0.41495832800865173,0.4588511884212494,0.4391542971134186,-0.48749780654907227
1806,0.3072928488254547,0.4392464756965637,-0.2220727652311325,0.3508125841617584,0.5011903047561646,-0.4122672975063324,0.46129485964775085,0.4513348937034607,-0.47635287046432495
1807,0.3019692301750183,0.438864141702652,-0.21853533387184143,0.33171290159225464,0.4944516122341156,-0.4008733928203583,0.45961442589759827,0.46371331810951233,-0.4605956971645355
1808,0.3001583516597748,0.43862682580947876,-0.2145136296749115,0.3270752727985382,0.4980645775794983,-0.39541104435920715,0.4600227475166321,0.4690423011779785,-0.4538503885269165
1809,0.29844608902931213,0.4384523332118988,-0.1953956037759781,0.3259306252002716,0.5036546587944031,-0.3825313150882721,0.4570491909980774,0.47163933515548706,-0.4505141079425812
1810,0.295854389667511,0.43926507234573364,-0.19690178334712982,0.32374250888824463,0.5050427317619324,-0.4084084928035736,0.4532928764820099,0.4715282917022705,-0.511860191822052
1811,0.2934642732143402,0.44112053513526917,-0.2084498107433319,0.3263389468193054,0.5055884122848511,-0.41213276982307434,0.4485982656478882,0.4696727693080902,-0.4872854948043823
1812,0.2943057119846344,0.44137778878211975,-0.2059439718723297,0.32301169633865356,0.5028299689292908,-0.4003318250179291,0.44309553503990173,0.46454858779907227,-0.4818715453147888
1813,0.2920002341270447,0.4430758059024811,-0.19887563586235046,0.3240013122558594,0.5003601312637329,-0.3874310851097107,0.4453316628932953,0.4573257863521576,-0.4483262896537781
1814,0.29133376479148865,0.4428934156894684,-0.19315388798713684,0.328866183757782,0.49448662996292114,-0.37687334418296814,0.439919114112854,0.4432290196418762,-0.39220646023750305
1815,0.2917667031288147,0.442671537399292,-0.1813362091779709,0.3452335596084595,0.4813322424888611,-0.30449360609054565,0.4369127154350281,0.4245019853115082,-0.14284120500087738
1816,0.29325929284095764,0.4427419602870941,-0.184958353638649,0.3493712246417999,0.4790830612182617,-0.32093003392219543,0.4375047981739044,0.42144256830215454,-0.2647312581539154
1817,0.29467323422431946,0.4428577423095703,-0.1833595335483551,0.3535183072090149,0.4804318845272064,-0.26090332865715027,0.43670424818992615,0.42161688208580017,-0.019672086462378502
1818,0.30143097043037415,0.44282373785972595,-0.2336748093366623,0.3549613058567047,0.48122864961624146,-0.4274602234363556,0.43518248200416565,0.4226737916469574,-0.41840675473213196
1819,0.3078649640083313,0.44431647658348083,-0.23079842329025269,0.3549771010875702,0.4829343855381012,-0.43398192524909973,0.42849743366241455,0.423325777053833,-0.47339338064193726
1820,0.30918189883232117,0.4441637396812439,-0.2028379589319229,0.3549359142780304,0.48310932517051697,-0.4163159132003784,0.42823362350463867,0.4244346618652344,-0.43267548084259033
1821,0.3208787441253662,0.4434298872947693,-0.24014757573604584,0.3361930251121521,0.4900718331336975,-0.4105553925037384,0.42719024419784546,0.4332524836063385,-0.48109981417655945
1822,0.31818312406539917,0.44475188851356506,-0.19766663014888763,0.3363626003265381,0.5018587708473206,-0.36609065532684326,0.4282313883304596,0.4400223195552826,-0.4537714123725891
1823,0.3154202103614807,0.44580239057540894,-0.2229037880897522,0.33855748176574707,0.507308840751648,-0.37221595644950867,0.4353322684764862,0.4514342248439789,-0.4371245801448822
1824,0.3145315945148468,0.44569292664527893,-0.28551045060157776,0.3437802791595459,0.5136960744857788,-0.3927006721496582,0.44172775745391846,0.46227678656578064,-0.4266340434551239
1825,0.3119048774242401,0.4458344876766205,-0.27123361825942993,0.3384772837162018,0.5172120928764343,-0.37818294763565063,0.44282519817352295,0.4776243567466736,-0.36860647797584534
1826,0.31647685170173645,0.44612178206443787,-0.2785359025001526,0.35357412695884705,0.5171558260917664,-0.3446449637413025,0.4430321156978607,0.48641180992126465,-0.2797311544418335
1828,0.31810230016708374,0.44880762696266174,-0.26547589898109436,0.3323554992675781,0.5235283374786377,-0.2728367745876312,0.43830597400665283,0.5112406611442566,-0.1822577863931656
1829,0.330392062664032,0.44890227913856506,-0.35304194688796997,0.371842622756958,0.5234411358833313,-0.32808008790016174,0.44559043645858765,0.5131793022155762,-0.15979953110218048
1830,0.3289819657802582,0.4489049017429352,-0.35598745942115784,0.3627466857433319,0.5246807336807251,-0.38673582673072815,0.445183128118515,0.5126402378082275,-0.29004570841789246
1832,0.33170750737190247,0.4468669295310974,-0.34412842988967896,0.3431423008441925,0.5288233757019043,-0.3401719331741333,0.4393729865550995,0.5190041661262512,-0.17798487842082977
1833,0.3322106897830963,0.4512462615966797,-0.32648763060569763,0.3545039892196655,0.5309725999832153,-0.2949431240558624,0.4393150806427002,0.5175329446792603,-0.09632261842489243
1834,0.33294814825057983,0.45391780138015747,-0.308525025844574,0.37030601501464844,0.5370126366615295,-0.2586582899093628,0.4408859610557556,0.5155234336853027,-0.027352921664714813
1836,0.32973676919937134,0.4515395760536194,-0.27195408940315247,0.3610633313655853,0.5250334739685059,-0.31677407026290894,0.46226564049720764,0.4924672245979309,-0.20853759348392487
1837,0.3286682367324829,0.451533704996109,-0.3148210644721985,0.36102816462516785,0.5246838927268982,-0.3782660961151123,0.4622577130794525,0.4903823733329773,-0.2828119695186615
1838,0.3248005211353302,0.45638513565063477,-0.372314453125,0.36692628264427185,0.5229820013046265,-0.4560331106185913,0.47036513686180115,0.4836512506008148,-0.39296624064445496
1839,0.3242417573928833,0.45786207914352417,-0.34593167901039124,0.3692256510257721,0.5222278833389282,-0.4677923917770386,0.47006991505622864,0.47835224866867065,-0.45192238688468933
1840,0.32439345121383667,0.4578767716884613,-0.3542587161064148,0.37296342849731445,0.5183905363082886,-0.4536282420158386,0.4746306538581848,0.4797181189060211,-0.3964969217777252
1846,0.34134846925735474,0.4503522515296936,0.06524784862995148,0.3351347744464874,0.5207940936088562,0.05854681879281998,0.35992512106895447,0.5194072127342224,-0.026296038180589676
1847,0.34399181604385376,0.4536345601081848,0.015145520679652691,0.3516455888748169,0.5225031971931458,-0.03988692909479141,0.40229332447052,0.5113389492034912,-0.12336792051792145
1850,0.38557395339012146,0.7390049695968628,-0.0021026693284511566,0.41919946670532227,0.7069247364997864,0.027354102581739426,0.4332965314388275,0.6932515501976013,0.023390211164951324
1851,0.37954533100128174,0.7585057020187378,0.041455600410699844,0.4035191833972931,0.7659436464309692,0.1899825781583786,0.43337106704711914,0.7942378520965576,0.26019710302352905
1859,0.3544778823852539,0.44935470819473267,0.06554456800222397,0.3595640957355499,0.5023691058158875,0.28191620111465454,0.369081974029541,0.4840002655982971,0.4749657213687897
1863,0.36039623618125916,0.4585971236228943,0.1549837589263916,0.3914852440357208,0.518735408782959,0.3390817940235138,0.4227083921432495,0.49959197640419006,0.5183495879173279
1864,0.342660129070282,0.4630095362663269,-0.25851312279701233,0.39178574085235596,0.5289430022239685,-0.28153476119041443,0.4650736451148987,0.49192047119140625,-0.10707296431064606
1865,0.33587807416915894,0.4655652940273285,-0.30772286653518677,0.39197930693626404,0.5313028693199158,-0.3370407819747925,0.48001331090927124,0.49117833375930786,-0.17340144515037537
1866,0.33531758189201355,0.46679964661598206,-0.33648934960365295,0.39605921506881714,0.531464159488678,-0.3663290739059448,0.49034422636032104,0.49156492948532104,-0.22025716304779053
1867,0.3377484083175659,0.4664323329925537,-0.3344285488128662,0.398368239402771,0.5316991209983826,-0.36218419671058655,0.4929531514644623,0.4915739893913269,-0.2209601104259491
1868,0.33920344710350037,0.4670814573764801,-0.3123849928379059,0.3984571099281311,0.5311338901519775,-0.36575812101364136,0.48874631524086,0.4916175305843353,-0.2645108103752136
1869,0.34022101759910583,0.4672948718070984,-0.29096078872680664,0.39811599254608154,0.5305169224739075,-0.3319007456302643,0.48363468050956726,0.49366825819015503,-0.19810865819454193
1870,0.3404831886291504,0.46970659494400024,-0.32378360629081726,0.40442389249801636,0.5298200845718384,-0.3436600863933563,0.4866703748703003,0.49461784958839417,-0.15911920368671417
1871,0.34224843978881836,0.4706393778324127,-0.26632511615753174,0.4071968197822571,0.5290541648864746,-0.2713027894496918,0.4846395254135132,0.4948122501373291,-0.07418158650398254
1872,0.34273526072502136,0.4701403081417084,-0.25307509303092957,0.4061215817928314,0.5248537659645081,-0.25590819120407104,0.47565317153930664,0.49469906091690063,-0.05266128480434418
1873,0.34309133887290955,0.4707443118095398,-0.24011576175689697,0.4055537283420563,0.5257306694984436,-0.23891237378120422,0.4714965522289276,0.49531036615371704,-0.04987550154328346
1874,0.3431627154350281,0.47412538528442383,-0.1863703429698944,0.40238678455352783,0.527073085308075,-0.21759922802448273,0.46799349784851074,0.49881377816200256,-0.018569566309452057
1875,0.3449910581111908,0.47520995140075684,-0.2348010390996933,0.40664419531822205,0.5270556807518005,-0.23792918026447296,0.4681761860847473,0.49659237265586853,-0.01871066726744175
1876,0.3465542495250702,0.4744795858860016,-0.23019330203533173,0.4037569761276245,0.5287381410598755,-0.23518046736717224,0.46963950991630554,0.5013888478279114,-0.05999581143260002
1877,0.34855443239212036,0.4742506444454193,-0.20310457050800323,0.4106428325176239,0.5138100385665894,-0.22275182604789734,0.47931814193725586,0.48991507291793823,-0.0238813403993845
1878,0.3508782684803009,0.4732291102409363,-0.2630809545516968,0.40556344389915466,0.5204117894172668,-0.2917214334011078,0.47921693325042725,0.4908021092414856,-0.1225796714425087
1879,0.35348623991012573,0.4711741507053375,-0.2562345266342163,0.4053828716278076,0.5209850668907166,-0.286314994096756,0.48215776681900024,0.49136266112327576,-0.12476765364408493
1880,0.3544832766056061,0.47092825174331665,-0.2385966032743454,0.405263215303421,0.5247806906700134,-0.2796829342842102,0.4833611249923706,0.49173814058303833,-0.14622025191783905
1881,0.3548106253147125,0.47156602144241333,-0.25849804282188416,0.405180960893631,0.5281057357788086,-0.31674763560295105,0.48620885610580444,0.49134665727615356,-0.17729412019252777
1882,0.3547212481498718,0.4713147282600403,-0.2505669593811035,0.41188403964042664,0.5266422033309937,-0.3302093744277954,0.4951578378677368,0.4852747917175293,-0.23650135099887848
1887,0.34893667697906494,0.4654683470726013,-0.26003357768058777,0.4203863739967346,0.5223538875579834,-0.3448192775249481,0.5021661520004272,0.465325266122818,-0.2455923855304718
1888,0.349097341299057,0.46420788764953613,-0.2588791847229004,0.4162450134754181,0.5235123038291931,-0.349406898021698,0.4982719123363495,0.4664061665534973,-0.26365020871162415
1889,0.34972327947616577,0.4625805914402008,-0.2452412247657776,0.41585391759872437,0.5266194939613342,-0.3215523064136505,0.49797406792640686,0.47145286202430725,-0.1876816600561142
1890,0.34984615445137024,0.4621601998806,-0.1746007800102234,0.4048406779766083,0.5326274633407593,-0.2831355929374695,0.4961341917514801,0.4838668406009674,-0.1871068775653839
1891,0.3499722182750702,0.4636242389678955,-0.20222178101539612,0.40497907996177673,0.5321720838546753,-0.23712272942066193,0.4937988221645355,0.48062461614608765,-0.03115857206285
1892,0.34834998846054077,0.4626649022102356,-0.19509023427963257,0.3918473422527313,0.5317317843437195,-0.26718029379844666,0.4889058768749237,0.48084455728530884,-0.1331777721643448
1893,0.3448064923286438,0.46252018213272095,-0.21877335011959076,0.3858490288257599,0.5326176881790161,-0.26830142736434937,0.4869871437549591,0.483661413192749,-0.15248404443264008
1894,0.3399110436439514,0.46235719323158264,-0.3151787221431732,0.3847280740737915,0.5329822301864624,-0.3193528652191162,0.487862229347229,0.4842572808265686,-0.15188583731651306
1895,0.337658166885376,0.46237555146217346,-0.31280285120010376,0.3647259473800659,0.5351406931877136,-0.3171938955783844,0.47593846917152405,0.499218225479126,-0.12295716255903244
1896,0.3348737359046936,0.4625491201877594,-0.33407339453697205,0.34938037395477295,0.5380862355232239,-0.3464386761188507,0.4669000804424286,0.5072959065437317,-0.19580337405204773
1897,0.33422186970710754,0.46195584535598755,-0.3055119216442108,0.33654123544692993,0.5406513214111328,-0.34190037846565247,0.4537286162376404,0.5170801877975464,-0.19388987123966217
1898,0.33281704783439636,0.462742418050766,-0.32055380940437317,0.3358612060546875,0.5408691167831421,-0.39448875188827515,0.44962361454963684,0.5192257165908813,-0.32049334049224854
1899,0.32846441864967346,0.4635678231716156,-0.30848073959350586,0.32482561469078064,0.5426459908485413,-0.38783326745033264,0.4416918158531189,0.5218963623046875,-0.3502216339111328
1900,0.3264401853084564,0.4638698101043701,-0.3033285439014435,0.32160067558288574,0.5421706438064575,-0.37359127402305603,0.4365019202232361,0.5212714076042175,-0.32670360803604126
1901,0.3256557285785675,0.4643736779689789,-0.2992173433303833,0.3254024386405945,0.5417476892471313,-0.38665279746055603,0.438455194234848,0.5199065804481506,-0.3572913706302643
1902,0.32558563351631165,0.46396809816360474,-0.267621785402298,0.33032023906707764,0.5412806272506714,-0.2937704920768738,0.4397037923336029,0.5164928436279297,-0.16232839226722717
1903,0.3227940499782562,0.4639790654182434,-0.2710631787776947,0.3425128161907196,0.5412107706069946,-0.3188106119632721,0.44224128127098083,0.5145885944366455,-0.26818349957466125
1904,0.32274487614631653,0.46360331773757935,-0.27244117856025696,0.350821852684021,0.5398465991020203,-0.3789835572242737,0.4505113959312439,0.509070098400116,-0.3857017159461975
1905,0.3228822350502014,0.462195485830307,-0.2722707688808441,0.3500465452671051,0.5377402901649475,-0.38684532046318054,0.4507181942462921,0.505530595779419,-0.39482659101486206
1906,0.32082611322402954,0.46172839403152466,-0.27200251817703247,0.34959372878074646,0.5366515517234802,-0.3801368772983551,0.4510729908943176,0.5035877823829651,-0.37894830107688904
1907,0.3187631666660309,0.46216973662376404,-0.28968843817710876,0.35888031125068665,0.536825954914093,-0.3886531889438629,0.4509904682636261,0.5009579062461853,-0.3739028573036194
1908,0.3181210458278656,0.4620148539543152,-0.25621548295021057,0.3595805764198303,0.5365555286407471,-0.331585556268692,0.4511704444885254,0.4929782748222351,-0.23181432485580444
1911,0.32058095932006836,0.46822062134742737,-0.2777456045150757,0.39366692304611206,0.5302602648735046,-0.3449663519859314,0.4582730531692505,0.4805107116699219,-0.20374931395053864
1913,0.33520254492759705,0.46017760038375854,-0.28054532408714294,0.4016205966472626,0.5070622563362122,-0.4364381432533264,0.4628868103027344,0.47301262617111206,-0.4522709250450134
1914,0.3224867582321167,0.4622873365879059,-0.2760193943977356,0.3779427409172058,0.5214904546737671,-0.4029611349105835,0.46123674511909485,0.47595053911209106,-0.34809961915016174
1915,0.31473013758659363,0.46223005652427673,-0.22900164127349854,0.3672517240047455,0.5327289700508118,-0.22457218170166016,0.460954487323761,0.4788704812526703,0.030495252460241318
1916,0.3117089867591858,0.4622926712036133,-0.2593258023262024,0.3597721457481384,0.5293632745742798,-0.28296899795532227,0.4592810273170471,0.48165544867515564,-0.18202993273735046
1917,0.30977532267570496,0.46466264128685,-0.2805708646774292,0.34742555022239685,0.5359777212142944,-0.28570979833602905,0.4549795687198639,0.4900180697441101,-0.28022658824920654
1918,0.31207194924354553,0.4650161862373352,-0.3211970925331116,0.33762410283088684,0.5423455238342285,-0.34172865748405457,0.45113012194633484,0.5012953281402588,-0.22338314354419708
1919,0.31263870000839233,0.4648507237434387,-0.31934839487075806,0.3277740180492401,0.5424760580062866,-0.3526909053325653,0.4444318413734436,0.5054070353507996,-0.22471845149993896
1920,0.3118003308773041,0.4647700786590576,-0.2698088586330414,0.3206946551799774,0.5427727699279785,-0.25263676047325134,0.4399888813495636,0.51093590259552,-0.04035262390971184
1921,0.31038329005241394,0.4644215703010559,-0.2738412022590637,0.3179515302181244,0.5445758104324341,-0.29780346155166626,0.436720609664917,0.5120738744735718,-0.13422420620918274
1922,0.3100728690624237,0.4635125994682312,-0.3101864159107208,0.3159870207309723,0.5428176522254944,-0.33115115761756897,0.4374373257160187,0.5116688013076782,-0.21199077367782593
1923,0.30965524911880493,0.4627683162689209,-0.3062644898891449,0.3140549957752228,0.5419805645942688,-0.3276771903038025,0.43536123633384705,0.513559103012085,-0.1930176466703415
1924,0.3084351718425751,0.4596734642982483,-0.27739766240119934,0.3114054501056671,0.5409736037254333,-0.32880067825317383,0.4340789020061493,0.5143377780914307,-0.2598097324371338
1925,0.30886027216911316,0.4595530927181244,-0.28809934854507446,0.3172706365585327,0.5408438444137573,-0.4011956453323364,0.434867262840271,0.5116364359855652,-0.3794110119342804
1926,0.3089189827442169,0.4585871696472168,-0.2977331280708313,0.31977981328964233,0.5358873009681702,-0.4090314209461212,0.4356401562690735,0.5108000040054321,-0.37669289112091064
1927,0.3092018663883209,0.4580957293510437,-0.2651207745075226,0.3216547667980194,0.5339353084564209,-0.40883564949035645,0.43644896149635315,0.5014356970787048,-0.424101859331131
1928,0.308526873588562,0.4581574499607086,-0.2699111998081207,0.34420984983444214,0.5276103615760803,-0.4161492586135864,0.44198429584503174,0.4833330512046814,-0.39751577377319336
1929,0.30936720967292786,0.45580214262008667,-0.26006579399108887,0.36549755930900574,0.5162137150764465,-0.4053468108177185,0.4470536410808563,0.4741176962852478,-0.3738217353820801
1930,0.309658020734787,0.4559272229671478,-0.2558721601963043,0.3726254403591156,0.5148400068283081,-0.42507630586624146,0.4502248167991638,0.47628140449523926,-0.4665675759315491
1931,0.3096963167190552,0.4551319181919098,-0.25623559951782227,0.3718825578689575,0.5066022276878357,-0.4135030210018158,0.4498978853225708,0.46267086267471313,-0.4098869860172272
1932,0.3092551827430725,0.45481666922569275,-0.26181820034980774,0.3756945729255676,0.5074642896652222,-0.3898653984069824,0.452407568693161,0.4621735215187073,-0.3174293041229248
1933,0.3091670870780945,0.4548567235469818,-0.26631250977516174,0.3976607322692871,0.5091292858123779,-0.3190585970878601,0.45587220788002014,0.4612642824649811,-0.13476917147636414
1935,0.30467867851257324,0.4510110020637512,-0.29335853457450867,0.40817102789878845,0.5068796873092651,-0.3807467222213745,0.47242575883865356,0.46043601632118225,-0.322393536567688
1936,0.3053450584411621,0.45187896490097046,-0.2932189106941223,0.4055103361606598,0.5068385601043701,-0.3998130261898041,0.47718238830566406,0.4583754539489746,-0.36678919196128845
1937,0.30624309182167053,0.4520246088504791,-0.3120928108692169,0.40770041942596436,0.49766474962234497,-0.4276387095451355,0.4787163734436035,0.4464583992958069,-0.41036364436149597
1939,0.31137099862098694,0.45096832513809204,-0.25883710384368896,0.4043693542480469,0.49126139283180237,-0.4014246165752411,0.4842761158943176,0.4333414137363434,-0.42430251836776733
1940,0.31083571910858154,0.45098966360092163,-0.2951430082321167,0.4094087779521942,0.49127084016799927,-0.41174817085266113,0.48485076427459717,0.4330930709838867,-0.3952797055244446
1941,0.30834171175956726,0.45008569955825806,-0.29455167055130005,0.4092424213886261,0.4912892282009125,-0.41602739691734314,0.4843796491622925,0.43374505639076233,-0.3962484896183014
1942,0.3083001673221588,0.44965964555740356,-0.2978021502494812,0.40994179248809814,0.4913594722747803,-0.414526104927063,0.4826992452144623,0.43381160497665405,-0.3821244537830353
1943,0.3047351539134979,0.4496079981327057,-0.2920683026313782,0.4034990072250366,0.4936273992061615,-0.4202166199684143,0.4766812324523926,0.4370531141757965,-0.4222641885280609
1944,0.30365535616874695,0.44954052567481995,-0.2771846055984497,0.3931354582309723,0.5007646083831787,-0.4185483157634735,0.47099384665489197,0.4458277225494385,-0.42807847261428833
1945,0.30388933420181274,0.44923657178878784,-0.27775493264198303,0.3850328326225281,0.505233883857727,-0.41773301362991333,0.47044631838798523,0.4512210488319397,-0.4139033555984497
1946,0.3039993643760681,0.4495062828063965,-0.28290876746177673,0.38553881645202637,0.5051528811454773,-0.4086666405200958,0.47007137537002563,0.4560217261314392,-0.3718189299106598
1947,0.30016663670539856,0.449268102645874,-0.286350280046463,0.3730580508708954,0.5037611722946167,-0.3984294831752777,0.4704183340072632,0.46032676100730896,-0.3448162078857422
1948,0.3002924919128418,0.44938015937805176,-0.28612685203552246,0.377383291721344,0.5043617486953735,-0.3794046640396118,0.4706568121910095,0.46133145689964294,-0.3075985610485077
1949,0.29958105087280273,0.45332208275794983,-0.26639342308044434,0.37939390540122986,0.5094538927078247,-0.353638231754303,0.4673402011394501,0.46430307626724243,-0.2870352566242218
1950,0.2977350354194641,0.45359572768211365,-0.25317639112472534,0.3752351403236389,0.5165392756462097,-0.33828482031822205,0.4667048156261444,0.4669760763645172,-0.23171687126159668
1951,0.2971005141735077,0.4534453749656677,-0.24066351354122162,0.3748478889465332,0.5165215730667114,-0.3319360911846161,0.46344202756881714,0.46609264612197876,-0.24850162863731384
1952,0.29733502864837646,0.45368704199790955,-0.23088926076889038,0.3759400248527527,0.5185413360595703,-0.26886695623397827,0.4640984535217285,0.46435222029685974,-0.10749749839305878
1953,0.2975543439388275,0.45414629578590393,-0.25833287835121155,0.3726368248462677,0.5168603658676147,-0.3397229015827179,0.46448788046836853,0.46304789185523987,-0.27122369408607483
1954,0.29787325859069824,0.45392313599586487,-0.25443217158317566,0.37002813816070557,0.510215699672699,-0.3498166501522064,0.46419474482536316,0.4622725546360016,-0.3112148642539978
1955,0.2979864180088043,0.45437002182006836,-0.2577918469905853,0.3715590536594391,0.5093116164207458,-0.35936257243156433,0.4644393026828766,0.4598064422607422,-0.30916595458984375
1956,0.29688209295272827,0.4553195834159851,-0.2579922676086426,0.3723715841770172,0.5081491470336914,-0.3585776090621948,0.46525314450263977,0.4565880298614502,-0.30738094449043274
1957,0.29792162775993347,0.4545532763004303,-0.2675471603870392,0.37299293279647827,0.5062342286109924,-0.3749499022960663,0.4683256447315216,0.45463627576828003,-0.32078438997268677
1958,0.30152344703674316,0.45449337363243103,-0.2795288860797882,0.3744346499443054,0.5061513781547546,-0.38085755705833435,0.4724876284599304,0.45211225748062134,-0.3286828100681305
1959,0.3017730414867401,0.45292049646377563,-0.2715721130371094,0.374004989862442,0.5061497092247009,-0.3784647285938263,0.4742489159107208,0.45088520646095276,-0.3395285904407501
1960,0.30319616198539734,0.4517521262168884,-0.2709554135799408,0.3743155598640442,0.5053761601448059,-0.3829008638858795,0.47828102111816406,0.44998636841773987,-0.3542170524597168
1961,0.30704736709594727,0.44944220781326294,-0.27248871326446533,0.37565624713897705,0.5032818913459778,-0.38181814551353455,0.48199114203453064,0.4494759142398834,-0.3440839648246765
1962,0.3081187605857849,0.4496210515499115,-0.27632543444633484,0.37656912207603455,0.5052675008773804,-0.38284891843795776,0.484782338142395,0.4497910141944885,-0.342409610748291
1963,0.3078736364841461,0.45267701148986816,-0.3119753301143646,0.37665337324142456,0.5081449151039124,-0.3947193920612335,0.4861525297164917,0.4521825313568115,-0.3418795168399811
1964,0.3076862692832947,0.45654258131980896,-0.3048272132873535,0.38769131898880005,0.5176183581352234,-0.3891637921333313,0.4864615499973297,0.45913681387901306,-0.30872276425361633
1965,0.3102955222129822,0.45870241522789,-0.3175777792930603,0.3761165142059326,0.5242152214050293,-0.39008620381355286,0.4857739210128784,0.46637439727783203,-0.31127074360847473
1966,0.31172096729278564,0.4601311683654785,-0.3330931067466736,0.36609208583831787,0.5252236723899841,-0.40760093927383423,0.48035943508148193,0.47428566217422485,-0.33872607350349426
1967,0.3125258982181549,0.4615355432033539,-0.3405724763870239,0.36710792779922485,0.5297403335571289,-0.40347820520401,0.4723661541938782,0.48405060172080994,-0.3011779487133026
1968,0.312263548374176,0.4609065651893616,-0.3358139991760254,0.36262574791908264,0.5316208600997925,-0.37073081731796265,0.4641481041908264,0.48258763551712036,-0.2896834909915924
1969,0.31188711524009705,0.4607313275337219,-0.29903972148895264,0.363934189081192,0.5286344885826111,-0.34056520462036133,0.4598151445388794,0.4802089333534241,-0.20662714540958405
1970,0.31149548292160034,0.45696181058883667,-0.2726233899593353,0.36455315351486206,0.5276132225990295,-0.342133104801178,0.4572286009788513,0.47950631380081177,-0.24267461895942688
1971,0.3095366656780243,0.4541526734828949,-0.2668972611427307,0.36350107192993164,0.5242866277694702,-0.3449075520038605,0.45843154191970825,0.4738711714744568,-0.2416028529405594
1972,0.3094783425331116,0.45300182700157166,-0.2549130320549011,0.3637670874595642,0.5157875418663025,-0.3416062295436859,0.4596636891365051,0.4621961712837219,-0.2473592758178711
1973,0.30309849977493286,0.454977810382843,-0.26172810792922974,0.3798830807209015,0.5155173540115356,-0.34347692131996155,0.46060749888420105,0.4580445885658264,-0.22579936683177948
1974,0.30661556124687195,0.45473092794418335,-0.26508063077926636,0.3851965069770813,0.5036715865135193,-0.36611679196357727,0.46678149700164795,0.45044416189193726,-0.29393529891967773
1975,0.3066622316837311,0.45475444197654724,-0.2120131403207779,0.38647210597991943,0.5012094974517822,-0.2777177393436432,0.4674866497516632,0.44381776452064514,-0.11986647546291351
1976,0.3123428523540497,0.4527127742767334,-0.23517735302448273,0.4042869508266449,0.49135804176330566,-0.3374669849872589,0.47273868322372437,0.43395358324050903,-0.28495025634765625
1980,0.37951892614364624,0.764593243598938,-0.15799884498119354,0.407051682472229,0.7956572771072388,-0.24470895528793335,0.4282837212085724,0.8495163917541504,-0.2736016809940338
1982,0.38293784856796265,0.7790117263793945,-0.08118322491645813,0.32423123717308044,0.7682372331619263,-0.16451001167297363,0.2939397990703583,0.779082179069519,-0.2040243297815323
1984,0.4200115203857422,0.7783901691436768,-0.09050969779491425,0.36809659004211426,0.7371736168861389,-0.12285304814577103,0.3178887665271759,0.7256311178207397,-0.152945414185524
1985,0.37660786509513855,0.7849469780921936,-0.20287860929965973,0.3163839876651764,0.7488653659820557,-0.23823441565036774,0.24230316281318665,0.745158314704895,-0.27970069646835327
1986,0.3804539144039154,0.8105040788650513,-0.162139892578125,0.35212212800979614,0.8217660188674927,-0.19162678718566895,0.38136693835258484,0.8352580070495605,-0.2218235433101654
1987,0.38912996649742126,0.8261532783508301,-0.02474062517285347,0.37675005197525024,0.8343141674995422,-0.07938896864652634,0.4263736605644226,0.8545193672180176,-0.1276409924030304
1992,0.31558698415756226,0.44695886969566345,-0.30715399980545044,0.360521137714386,0.49978774785995483,-0.40866944193840027,0.46531540155410767,0.4669469892978668,-0.3900418281555176
1993,0.31411924958229065,0.4469233453273773,-0.31621068716049194,0.3430485427379608,0.5047218799591064,-0.44268548488616943,0.4611852765083313,0.47508421540260315,-0.4847586750984192
1996,0.6485965251922607,0.5940431356430054,0.0989217758178711,0.5375726819038391,0.5969571471214294,0.15195000171661377,0.45293834805488586,0.6006076335906982,0.04677925258874893
1997,0.6272952556610107,0.593976616859436,0.2685852646827698,0.5376672744750977,0.5962581038475037,0.3131108283996582,0.4911879599094391,0.600127637386322,0.26649296283721924
1998,0.6186752319335938,0.5926722288131714,0.2330290973186493,0.512846827507019,0.5973827242851257,0.2573310136795044,0.43285027146339417,0.6023622751235962,0.19593581557273865
1999,0.6209498643875122,0.5957595109939575,0.24515563249588013,0.5122871994972229,0.6001629829406738,0.2702038884162903,0.4370384216308594,0.6022735238075256,0.2013741135597229
2004,0.325702965259552,0.45567935705184937,-0.2819419503211975,0.2640300989151001,0.5288116931915283,-0.4137060046195984,0.365509569644928,0.5264430046081543,-0.5023216605186462
2008,0.3812316358089447,0.44971323013305664,-0.24001869559288025,0.3950849771499634,0.49287086725234985,-0.3952719271183014,0.468399316072464,0.4725896716117859,-0.4833502471446991
2009,0.3346598446369171,0.45619598031044006,-0.23647944629192352,0.3001158535480499,0.5225767493247986,-0.40518060326576233,0.3919144570827484,0.5313535928726196,-0.5638525485992432
2010,0.32724443078041077,0.4569518566131592,-0.23661300539970398,0.28858038783073425,0.525989830493927,-0.3935176134109497,0.3805531859397888,0.5364561676979065,-0.5342601537704468
2011,0.33563125133514404,0.45656833052635193,-0.22593143582344055,0.28695663809776306,0.5250828266143799,-0.38365262746810913,0.3760991394519806,0.5352287888526917,-0.4848560690879822
2012,0.33057019114494324,0.4563868045806885,-0.18202631175518036,0.3139103055000305,0.5203417539596558,-0.3762289583683014,0.38201263546943665,0.5268205404281616,-0.5094723701477051
2013,0.3303612172603607,0.45600828528404236,-0.18968071043491364,0.37789326906204224,0.48886603116989136,-0.4383673071861267,0.45160728693008423,0.4660773277282715,-0.5469050407409668
2014,0.3309398889541626,0.4559372365474701,-0.1844329982995987,0.35469168424606323,0.4972873330116272,-0.4240086078643799,0.4016169607639313,0.5046563744544983,-0.5803989171981812
2015,0.3278748691082001,0.453652948141098,-0.12520956993103027,0.3246658146381378,0.5090710520744324,-0.32460811734199524,0.38557136058807373,0.5244241952896118,-0.48144111037254333
2016,0.3294551968574524,0.4516039788722992,-0.09413725882768631,0.3152293860912323,0.5089533925056458,-0.3084438145160675,0.38257890939712524,0.5232617855072021,-0.4593006670475006
2017,0.3310793936252594,0.4513646066188812,-0.0768035277724266,0.32142356038093567,0.5067321062088013,-0.3083231747150421,0.3876795172691345,0.5221631526947021,-0.47189903259277344
2019,0.4274604916572571,0.5235338807106018,0.05778544396162033,0.44793039560317993,0.5047799348831177,-0.08395906537771225,0.40256282687187195,0.535780131816864,-0.2782893776893616
2024,0.383862167596817,0.4715542197227478,-0.28951773047447205,0.416218638420105,0.5441979169845581,-0.3942016065120697,0.5486155152320862,0.5169486999511719,-0.4241717457771301
2027,0.3989099860191345,0.46943944692611694,-0.4113941490650177,0.4761422872543335,0.5500096678733826,-0.41758036613464355,0.5997717380523682,0.5324247479438782,-0.4911518394947052
2030,0.44711440801620483,0.4638501703739166,-0.4834783375263214,0.4879336953163147,0.547476053237915,-0.44847571849823,0.6044825911521912,0.545961856842041,-0.4179452657699585
2031,0.4477922320365906,0.46476513147354126,-0.404266357421875,0.4893558919429779,0.5474866628646851,-0.4734781086444855,0.6079529523849487,0.5476449728012085,-0.5077279806137085
2032,0.4627034068107605,0.4648078382015228,-0.34415242075920105,0.49828046560287476,0.5477597713470459,-0.4555260241031647,0.6148763298988342,0.548616886138916,-0.4879853427410126
2033,0.4744245409965515,0.46471071243286133,-0.35997307300567627,0.5019161701202393,0.5475080609321594,-0.46930956840515137,0.6265779137611389,0.5494078993797302,-0.4949437081813812
2034,0.48494088649749756,0.46263256669044495,-0.35200440883636475,0.5051178336143494,0.545894980430603,-0.46687188744544983,0.6363447904586792,0.5499817728996277,-0.48066821694374084
2035,0.4935930371284485,0.4623252749443054,-0.3536093533039093,0.5103330612182617,0.546449601650238,-0.4652712941169739,0.6413770318031311,0.5506107211112976,-0.47575923800468445
2036,0.5039054155349731,0.46005505323410034,-0.36952558159828186,0.5133993029594421,0.5464726686477661,-0.4700300395488739,0.6485030651092529,0.5521878004074097,-0.48969408869743347
2037,0.5109937191009521,0.4571208953857422,-0.3777216076850891,0.5144715905189514,0.5447132587432861,-0.47889086604118347,0.6515230536460876,0.5547706484794617,-0.4977971017360687
2038,0.5213914513587952,0.45571374893188477,-0.4278564155101776,0.51728755235672,0.5421292185783386,-0.5584267377853394,0.6472054719924927,0.5592408776283264,-0.5796135663986206
2039,0.5259091854095459,0.45452994108200073,-0.4149650037288666,0.5189213752746582,0.541249692440033,-0.5241456031799316,0.6444435715675354,0.566411018371582,-0.5390601754188538
2040,0.5303913354873657,0.45514369010925293,-0.3647814989089966,0.5219529867172241,0.5413683652877808,-0.4453619718551636,0.6372246146202087,0.5697619318962097,-0.46247461438179016
2041,0.5399020910263062,0.45554566383361816,-0.37436777353286743,0.5289315581321716,0.5416580438613892,-0.4503830075263977,0.6367648839950562,0.5697163343429565,-0.453369677066803
2042,0.5463676452636719,0.45616015791893005,-0.3782027065753937,0.5286963582038879,0.5418636202812195,-0.4383620321750641,0.6376599669456482,0.5699793696403503,-0.4497704803943634
2043,0.5518083572387695,0.45620569586753845,-0.40518438816070557,0.5272437930107117,0.5419234037399292,-0.4564644992351532,0.6374148726463318,0.5704107284545898,-0.4611121416091919
2044,0.5574136972427368,0.4563944935798645,-0.3995383381843567,0.5303866863250732,0.541982114315033,-0.43235018849372864,0.6368627548217773,0.5714071393013,-0.44412505626678467
2045,0.560741662979126,0.45685243606567383,-0.3323042094707489,0.5375029444694519,0.5420692563056946,-0.3570738434791565,0.6383047699928284,0.5728066563606262,-0.38626572489738464
2046,0.5675148963928223,0.4567257761955261,-0.36496132612228394,0.5384242534637451,0.5398703813552856,-0.39209166169166565,0.6389891505241394,0.5727517604827881,-0.4500991404056549
2047,0.5720208883285522,0.45679622888565063,-0.3083799481391907,0.5416657328605652,0.5392200946807861,-0.3689476549625397,0.6415480971336365,0.5725623369216919,-0.42334043979644775
2048,0.5723079442977905,0.4563453793525696,-0.23710116744041443,0.5437029004096985,0.5343258380889893,-0.23745772242546082,0.6404781341552734,0.5719740986824036,-0.353208065032959
2049,0.579742968082428,0.4533158838748932,-0.2939857840538025,0.5429419279098511,0.5303272008895874,-0.3277488350868225,0.6397635340690613,0.5715853571891785,-0.3850459158420563
2050,0.5860178470611572,0.4533797800540924,-0.26440009474754333,0.5498496890068054,0.5318182110786438,-0.3029135465621948,0.6402351260185242,0.5712674260139465,-0.3445563316345215
2051,0.5927619934082031,0.4532724916934967,-0.26924705505371094,0.552034318447113,0.5316016674041748,-0.33162906765937805,0.640191376209259,0.5711190104484558,-0.3737770617008209
2052,0.5980423092842102,0.4527207016944885,-0.28609699010849,0.5511730313301086,0.5292496681213379,-0.3385259807109833,0.6397576332092285,0.5709982514381409,-0.44710981845855713
2053,0.6033024191856384,0.45166248083114624,-0.2453746348619461,0.5510250329971313,0.5266613960266113,-0.2840411365032196,0.6366427540779114,0.5711879730224609,-0.36853688955307007
2054,0.602203905582428,0.4511605203151703,-0.17598608136177063,0.5506901144981384,0.5253029465675354,-0.21932204067707062,0.6364437937736511,0.5714887976646423,-0.3264511227607727
2055,0.606694221496582,0.45127072930336,-0.2203039526939392,0.5496946573257446,0.5244810581207275,-0.37227004766464233,0.6362487077713013,0.5714695453643799,-0.5780240893363953
2056,0.6081302762031555,0.45132654905319214,-0.23781830072402954,0.5490875244140625,0.5247436761856079,-0.3542512357234955,0.6344741582870483,0.5711764693260193,-0.5230709314346313
2057,0.6084556579589844,0.45080214738845825,-0.17836642265319824,0.5488049387931824,0.5236231088638306,-0.2743942439556122,0.6325178146362305,0.5709303021430969,-0.5005370378494263
2058,0.608844518661499,0.4506901204586029,-0.18323124945163727,0.5483608841896057,0.5236162543296814,-0.2763807475566864,0.6317334771156311,0.5709126591682434,-0.4803241193294525
2059,0.6117743849754333,0.4506933093070984,-0.20648379623889923,0.5480576157569885,0.5240558385848999,-0.2738038897514343,0.6312245726585388,0.5709434747695923,-0.4324445128440857
2060,0.615250289440155,0.4507344663143158,-0.20977874100208282,0.5477014183998108,0.522680938243866,-0.2632095217704773,0.6286730170249939,0.5709713697433472,-0.38788244128227234
2061,0.6173475980758667,0.4507465958595276,-0.2656378149986267,0.5474995374679565,0.5221763849258423,-0.3400854468345642,0.6250311136245728,0.5710354447364807,-0.5009568333625793
2062,0.6183849573135376,0.45072951912879944,-0.23924651741981506,0.5482388138771057,0.5224704146385193,-0.277068555355072,0.6243512630462646,0.5710783004760742,-0.4222436547279358
2063,0.6187322735786438,0.45119228959083557,-0.26816970109939575,0.5494332909584045,0.5224542021751404,-0.3368043005466461,0.6236163377761841,0.5712818503379822,-0.5251864790916443
2064,0.6188529133796692,0.45156916975975037,-0.29306483268737793,0.549286425113678,0.5225662589073181,-0.33953410387039185,0.6237689256668091,0.5714800357818604,-0.49933603405952454
2065,0.6189309358596802,0.4517848491668701,-0.30877935886383057,0.54954993724823,0.5227081179618835,-0.3463374376296997,0.6235647797584534,0.5717728734016418,-0.4996874928474426
2066,0.6181758642196655,0.4532472491264343,-0.29587647318840027,0.5487892627716064,0.524064838886261,-0.35003864765167236,0.6215927004814148,0.5719459056854248,-0.5089709162712097
2067,0.6179842352867126,0.45345425605773926,-0.3094939887523651,0.5470724105834961,0.525707483291626,-0.3954159617424011,0.618930459022522,0.5721787810325623,-0.5831214189529419
2068,0.6175835728645325,0.45344647765159607,-0.3454478085041046,0.5470737218856812,0.525825560092926,-0.4116143584251404,0.6191767454147339,0.5724200010299683,-0.5766028761863708
2069,0.6168569922447205,0.45372867584228516,-0.33859774470329285,0.5473127961158752,0.5261663198471069,-0.40127038955688477,0.6193943619728088,0.572454571723938,-0.5679563879966736
2070,0.6140969395637512,0.4545207619667053,-0.34883907437324524,0.5473049283027649,0.5266887545585632,-0.41942307353019714,0.6194665431976318,0.5724605321884155,-0.5900071859359741
2071,0.6098006963729858,0.45496606826782227,-0.34447020292282104,0.5465793013572693,0.5272063612937927,-0.43705177307128906,0.6195164322853088,0.5726240873336792,-0.6403893828392029
2072,0.6034914255142212,0.455456018447876,-0.27508416771888733,0.5460988283157349,0.527735710144043,-0.37887680530548096,0.6196097135543823,0.5726370215415955,-0.6135060787200928
2073,0.5971419215202332,0.45652589201927185,-0.1807825118303299,0.5451692938804626,0.5278581380844116,-0.2529408037662506,0.6195704936981201,0.5726515650749207,-0.4516686201095581
2074,0.5928772687911987,0.45644769072532654,-0.2133849412202835,0.5430927276611328,0.5282769799232483,-0.2646500766277313,0.6196147203445435,0.5727708339691162,-0.4116349518299103
2075,0.5905673503875732,0.45516976714134216,-0.18588106334209442,0.5419049859046936,0.5283337831497192,-0.22643250226974487,0.6203429698944092,0.5727822184562683,-0.37378042936325073
2076,0.5861173868179321,0.45453959703445435,-0.13794519007205963,0.5414853692054749,0.529041588306427,-0.16272571682929993,0.6215225458145142,0.5733989477157593,-0.29506224393844604
2077,0.5820229649543762,0.45423850417137146,-0.12986986339092255,0.540138304233551,0.5301148891448975,-0.16550444066524506,0.6215745210647583,0.5740723013877869,-0.32254040241241455
2084,0.5044835209846497,0.4682203233242035,-0.009719905443489552,0.47447746992111206,0.5327714681625366,-0.08166602998971939,0.4863589107990265,0.5502573251724243,-0.3604494333267212
2089,0.435408353805542,0.46921247243881226,-0.04974311590194702,0.4235359728336334,0.5302979350090027,0.04053593799471855,0.3901270031929016,0.5553439855575562,-0.1488480567932129
2090,0.4295410215854645,0.46959009766578674,-0.05168360099196434,0.42303138971328735,0.528704822063446,0.21829988062381744,0.37768417596817017,0.5551767349243164,0.21996712684631348
2091,0.41892072558403015,0.47044673562049866,-0.05317174643278122,0.412200003862381,0.528779923915863,0.1433926671743393,0.3767738342285156,0.5562400221824646,0.07129432260990143
2092,0.4034695029258728,0.4737137258052826,0.13652388751506805,0.41239145398139954,0.5338518023490906,0.35175850987434387,0.3706175982952118,0.5562146306037903,0.35939547419548035
2093,0.387765496969223,0.4781187176704407,0.16341890394687653,0.40871691703796387,0.5385095477104187,0.3364785611629486,0.37162721157073975,0.55967116355896,0.28011173009872437
2094,0.3706185519695282,0.48383578658103943,0.004957982338964939,0.3992820382118225,0.541743814945221,0.18470993638038635,0.3725425601005554,0.562282919883728,0.10972794145345688
2095,0.36664342880249023,0.4824819564819336,-0.09520156681537628,0.3799254894256592,0.5378538370132446,0.17842017114162445,0.35212013125419617,0.5607823133468628,0.18515777587890625
2096,0.35494914650917053,0.4819604456424713,0.010261491872370243,0.36751508712768555,0.5376113653182983,0.21816112101078033,0.347250759601593,0.5582816004753113,0.17454808950424194
2097,0.3443121016025543,0.4834285378456116,0.009443315677344799,0.3613441586494446,0.5378157496452332,0.21232520043849945,0.33770379424095154,0.5582563281059265,0.16835886240005493
2098,0.33947134017944336,0.4826062321662903,-0.016170475631952286,0.3562323749065399,0.5377811193466187,0.22831343114376068,0.33309125900268555,0.5569263100624084,0.2308828979730606
2099,0.3392375707626343,0.4813651144504547,4.33690584031865e-05,0.36337700486183167,0.5376940965652466,0.2222653031349182,0.3346940875053406,0.5574301481246948,0.19495847821235657
2100,0.33408674597740173,0.4840949475765228,0.08527881652116776,0.36532214283943176,0.5347360372543335,0.2791018784046173,0.32785385847091675,0.5546131730079651,0.24735696613788605
2101,0.32846155762672424,0.4868210256099701,0.016864582896232605,0.34879070520401,0.533783495426178,0.2523629069328308,0.3094434142112732,0.5454018712043762,0.29397520422935486
2102,0.3249589502811432,0.48817476630210876,-0.006276752334088087,0.3564733862876892,0.5341703295707703,0.2501627504825592,0.31797879934310913,0.5485970377922058,0.23511730134487152
2105,0.3276568055152893,0.48194748163223267,0.02105952613055706,0.37822121381759644,0.5228517651557922,0.234820157289505,0.33837443590164185,0.5471391677856445,0.3184141218662262
2107,0.359277606010437,0.47835928201675415,-0.07285809516906738,0.4106207489967346,0.5423447489738464,-0.11611142754554749,0.36291104555130005,0.5591432452201843,-0.23463712632656097
2115,0.3523179590702057,0.4843009114265442,0.12320924550294876,0.3804434835910797,0.538260281085968,0.17446570098400116,0.32785364985466003,0.5555276274681091,0.10233110934495926
2116,0.3582896888256073,0.47980350255966187,-0.27760055661201477,0.38501107692718506,0.5364803075790405,-0.4617581367492676,0.36287662386894226,0.546949565410614,-0.589131236076355
2117,0.35543346405029297,0.48027968406677246,-0.14434105157852173,0.38538479804992676,0.5365121364593506,-0.061714332550764084,0.36229848861694336,0.547470211982727,-0.1769460290670395
2118,0.3540385365486145,0.4821702837944031,-0.08312594890594482,0.3836074769496918,0.5362393260002136,-0.11180491000413895,0.35908445715904236,0.5482221841812134,-0.14689630270004272
2119,0.3455159664154053,0.48376885056495667,0.1762561947107315,0.3666788637638092,0.5339851379394531,0.2274974137544632,0.3262375593185425,0.5472243428230286,0.16000628471374512
2120,0.33901306986808777,0.4856431484222412,0.19888386130332947,0.3628532290458679,0.536155641078949,0.20552460849285126,0.32038620114326477,0.551613450050354,0.07877997308969498
2121,0.3387853503227234,0.48490995168685913,0.17829105257987976,0.3628014028072357,0.534568190574646,0.29455745220184326,0.32117462158203125,0.5509322285652161,0.3169485330581665
2122,0.3313472867012024,0.485097736120224,0.2221289724111557,0.36043229699134827,0.5346639156341553,0.24710066616535187,0.3216112554073334,0.5501676201820374,0.1458132266998291
2123,0.33358651399612427,0.4846991002559662,0.2188633382320404,0.36125510931015015,0.536689817905426,0.189250648021698,0.32589736580848694,0.5500711798667908,-0.06679414957761765
2124,0.33472537994384766,0.48610052466392517,0.23945310711860657,0.36829453706741333,0.5405811667442322,0.17695830762386322,0.3450692892074585,0.555502712726593,-0.035282254219055176
2125,0.335540771484375,0.4838961958885193,0.2277645468711853,0.3735373616218567,0.5402941107749939,0.17482216656208038,0.3523872196674347,0.5553191900253296,-0.04966365918517113
2126,0.33584198355674744,0.4839107394218445,-0.07399189472198486,0.37364959716796875,0.5377625226974487,-0.11606932431459427,0.35276058316230774,0.5475901365280151,-0.0915883481502533
2127,0.33331069350242615,0.48628050088882446,0.11473999917507172,0.37386059761047363,0.5444014072418213,0.014640334993600845,0.3505862057209015,0.5503889918327332,-0.13202780485153198
2131,0.31376373767852783,0.4801386296749115,0.08655299246311188,0.34909719228744507,0.5320606231689453,0.22389380633831024,0.28580689430236816,0.5435000658035278,0.2533774673938751
2134,0.6215389966964722,0.4980524182319641,-0.006011233199387789,0.6325107216835022,0.45945173501968384,-0.09826057404279709,0.656714141368866,0.4878096580505371,-0.2550264000892639
2135,0.5967142581939697,0.506961464881897,0.050253186374902725,0.6118497848510742,0.47555679082870483,0.02663670852780342,0.6398999691009521,0.4826558232307434,-0.06659560650587082
2149,0.6261098980903625,0.5005975961685181,0.039763156324625015,0.6239751577377319,0.46518731117248535,0.0451991893351078,0.6189214587211609,0.4368653893470764,0.03773362189531326
2158,0.32944348454475403,0.48558109998703003,-0.061043329536914825,0.3803057074546814,0.5347626209259033,-0.1418372541666031,0.357793390750885,0.5516804456710815,-0.2608284056186676
2177,0.32662132382392883,0.4907969832420349,-0.18092454969882965,0.39678841829299927,0.5312467813491821,-0.1901852935552597,0.4070741534233093,0.5419747233390808,-0.36922019720077515
2178,0.3314860761165619,0.490180641412735,-0.22802022099494934,0.3897569477558136,0.5361239910125732,-0.20654448866844177,0.3841317892074585,0.5658959150314331,-0.40488916635513306
2179,0.33428239822387695,0.4902743697166443,-0.27694281935691833,0.38266924023628235,0.5420532822608948,-0.2126869410276413,0.38315337896347046,0.5717357397079468,-0.367334246635437
2180,0.3411511778831482,0.48720893263816833,-0.2822500169277191,0.38258665800094604,0.5404533743858337,-0.20413580536842346,0.3836885094642639,0.5749354362487793,-0.2993831932544708
2181,0.3460896909236908,0.4874524474143982,-0.18163862824440002,0.38170620799064636,0.5449448823928833,-0.18831126391887665,0.3861977756023407,0.5768543481826782,-0.38034874200820923
2182,0.35014599561691284,0.48086339235305786,-0.21230553090572357,0.3811623156070709,0.5426211953163147,-0.1957753747701645,0.3859091103076935,0.5704838633537292,-0.4119206368923187
2183,0.351338654756546,0.4771297574043274,-0.25418782234191895,0.3722797930240631,0.5374869108200073,-0.24123342335224152,0.38251906633377075,0.5671138763427734,-0.426725298166275
2184,0.35938316583633423,0.47757744789123535,-0.25513866543769836,0.37421971559524536,0.5357903242111206,-0.2128550261259079,0.3958045244216919,0.5547411441802979,-0.3182350695133209
2185,0.36326760053634644,0.4759640097618103,-0.335281640291214,0.37958958745002747,0.5327210426330566,-0.30789682269096375,0.40737220644950867,0.5439587831497192,-0.4336504340171814
2186,0.37178853154182434,0.47277164459228516,-0.29280930757522583,0.3768185079097748,0.5305841565132141,-0.3184961676597595,0.40126699209213257,0.5450431108474731,-0.5219160914421082
2187,0.37780624628067017,0.47135457396507263,-0.27605926990509033,0.3775283098220825,0.5309759378433228,-0.3456222712993622,0.4011092782020569,0.5467684864997864,-0.6093352437019348
2188,0.3876114785671234,0.4692468047142029,-0.27898305654525757,0.37486156821250916,0.5288956761360168,-0.34111151099205017,0.43176981806755066,0.5444978475570679,-0.5429617762565613
2189,0.40100446343421936,0.4661490321159363,-0.2770906090736389,0.41426509618759155,0.527074933052063,-0.31809255480766296,0.4542635977268219,0.5368157029151917,-0.511511504650116
2190,0.4083282947540283,0.4649885594844818,-0.2041386216878891,0.425423264503479,0.5271763801574707,-0.2523563504219055,0.4892241060733795,0.525856614112854,-0.42983534932136536
2191,0.4190569221973419,0.4594917893409729,-0.15780878067016602,0.4197707176208496,0.5230026245117188,-0.23048795759677887,0.4756830930709839,0.5280488133430481,-0.4964247941970825
2192,0.4284687340259552,0.45903873443603516,-0.1499170958995819,0.4160933494567871,0.522446870803833,-0.28077802062034607,0.4898490905761719,0.5214176774024963,-0.5791383385658264
2193,0.4365479052066803,0.45683979988098145,-0.10036667436361313,0.42297792434692383,0.5191041827201843,-0.21830116212368011,0.5030561685562134,0.5068674087524414,-0.46951723098754883
2194,0.4511242210865021,0.45555490255355835,-0.15172255039215088,0.4404783546924591,0.5191447138786316,-0.29400622844696045,0.5128004550933838,0.4971110224723816,-0.5282925367355347
2195,0.46807152032852173,0.4539451599121094,-0.09727839380502701,0.4436633586883545,0.5145806074142456,-0.2570842206478119,0.5139672160148621,0.4858793616294861,-0.5137585401535034
2196,0.4765876829624176,0.4501663148403168,-0.3453004062175751,0.46042636036872864,0.514686107635498,-0.5571457147598267,0.5192037224769592,0.4793432652950287,-0.9226347804069519
2197,0.5203893184661865,0.4353238046169281,-0.2579239010810852,0.48944664001464844,0.5062462091445923,-0.41231587529182434,0.5280432105064392,0.4590069651603699,-0.7087966203689575
2198,0.5205445885658264,0.4395522475242615,-0.25240635871887207,0.498729407787323,0.5044103860855103,-0.4924217760562897,0.5211955308914185,0.4576779007911682,-0.8737949132919312
2199,0.5328055620193481,0.4348256587982178,0.4790543019771576,0.5187941193580627,0.495339572429657,0.39487719535827637,0.5518401265144348,0.4716012477874756,0.43509864807128906
2200,0.5206522345542908,0.4401182532310486,0.3715955913066864,0.5016145706176758,0.50155109167099,0.15985050797462463,0.5457073450088501,0.47726234793663025,0.006916136015206575
2201,0.5194082260131836,0.43983346223831177,0.3932516872882843,0.49652183055877686,0.5044460296630859,0.32612404227256775,0.5443161725997925,0.48378080129623413,0.25444942712783813
2202,0.5179212093353271,0.44170576333999634,0.33926600217819214,0.49515414237976074,0.504930317401886,0.24354061484336853,0.5357738733291626,0.49801355600357056,0.08383507281541824
2203,0.5154362320899963,0.4426787495613098,0.19432580471038818,0.4892478883266449,0.5061033368110657,0.16683852672576904,0.4906194806098938,0.5125770568847656,-0.040403101593256
2204,0.5167383551597595,0.4429968297481537,-0.4542243480682373,0.48570123314857483,0.5071026682853699,-0.3000037372112274,0.4766468107700348,0.51288241147995,-0.332046240568161
2205,0.5167697072029114,0.44342947006225586,-0.31701067090034485,0.4881947338581085,0.5083482265472412,-0.27161985635757446,0.5183404684066772,0.5257323980331421,-0.5352455377578735
2206,0.5196837782859802,0.44368475675582886,-0.31413692235946655,0.4860832095146179,0.5087100267410278,-0.41671279072761536,0.5168030261993408,0.5316827893257141,-0.8301951885223389
2207,0.5200287103652954,0.4438081383705139,-0.20927508175373077,0.48536771535873413,0.510309636592865,-0.30531805753707886,0.5178758502006531,0.5408576726913452,-0.7185326218605042
2208,0.5200944542884827,0.44556689262390137,-0.12277991324663162,0.4848072826862335,0.512747049331665,-0.06262074410915375,0.5248133540153503,0.5476266145706177,-0.32759329676628113
2209,0.5206413865089417,0.44639796018600464,-0.09658588469028473,0.4842013418674469,0.5141807794570923,-0.036325603723526,0.5260598063468933,0.5482205748558044,-0.2864944338798523
2210,0.5214487910270691,0.44674739241600037,-0.3668583035469055,0.48379263281822205,0.5145986080169678,-0.296276718378067,0.525686502456665,0.5520702600479126,-0.534691333770752
2211,0.5202131271362305,0.4467518925666809,-0.32815587520599365,0.48351961374282837,0.5150527358055115,-0.3072351813316345,0.528203010559082,0.5525100231170654,-0.5818878412246704
2212,0.5193645358085632,0.446662038564682,-0.23943844437599182,0.48328229784965515,0.5157032608985901,-0.24111852049827576,0.5304965376853943,0.5499236583709717,-0.5077856779098511
2213,0.5188926458358765,0.44663262367248535,-0.21702681481838226,0.4832225441932678,0.5159576535224915,-0.2169468104839325,0.5303901433944702,0.5493929386138916,-0.48587948083877563
2214,0.518306314945221,0.4466281831264496,-0.20682625472545624,0.48160624504089355,0.5166746377944946,-0.18117722868919373,0.5311681032180786,0.5505682826042175,-0.42285534739494324
2215,0.5157912969589233,0.4466298222541809,-0.1495673954486847,0.47899478673934937,0.5178865790367126,-0.1366560161113739,0.5363355875015259,0.5511065125465393,-0.3731567859649658
2216,0.5081086754798889,0.4473671317100525,-0.0714801549911499,0.47147613763809204,0.5217226147651672,-0.028055667877197266,0.535269021987915,0.5523995161056519,-0.24101001024246216
2217,0.500667929649353,0.44789737462997437,-0.21056702733039856,0.46526095271110535,0.5219687223434448,-0.16237451136112213,0.5392686128616333,0.5527435541152954,-0.39937132596969604
2218,0.4939044415950775,0.4483807682991028,-0.1263112872838974,0.4574633240699768,0.5217826962471008,-0.14454439282417297,0.5306491255760193,0.5517517924308777,-0.41049924492836
2219,0.48931315541267395,0.4486679434776306,-0.1755664050579071,0.45343708992004395,0.5216960906982422,-0.2827128767967224,0.5222814679145813,0.5497903227806091,-0.6203441619873047
2220,0.48616141080856323,0.4487771987915039,0.04530255123972893,0.44419151544570923,0.5193874835968018,-0.0933181568980217,0.5078370571136475,0.5395730137825012,-0.48843103647232056
2221,0.4825795888900757,0.448373407125473,-0.2655890882015228,0.4335111975669861,0.5164118409156799,-0.36302292346954346,0.49878257513046265,0.5262212753295898,-0.6895449161529541
2222,0.47742384672164917,0.4479998052120209,-0.33700165152549744,0.4220789670944214,0.5161992311477661,-0.4900425374507904,0.4844247102737427,0.519157350063324,-0.8787619471549988
2223,0.4723636507987976,0.44829875230789185,-0.2651996314525604,0.4147823452949524,0.515645444393158,-0.43800175189971924,0.4619034230709076,0.5183621644973755,-0.8632898330688477
2224,0.46948957443237305,0.44845372438430786,-0.41337013244628906,0.40602734684944153,0.5163658857345581,-0.5510777235031128,0.45078930258750916,0.5199074745178223,-0.9371574521064758
2225,0.4669192135334015,0.4486021101474762,-0.3863917589187622,0.41144832968711853,0.516106367111206,-0.531821072101593,0.43351882696151733,0.5225813388824463,-0.9682844281196594
2226,0.46041369438171387,0.4490079879760742,-0.3478720486164093,0.4081004559993744,0.5162773132324219,-0.4688246548175812,0.4230097830295563,0.5231064558029175,-0.8585596680641174
2227,0.4557243287563324,0.44983798265457153,-0.2774321734905243,0.40901702642440796,0.5160319209098816,-0.4283471703529358,0.4219427704811096,0.5279921293258667,-0.8199958205223083
2228,0.4534412920475006,0.4505597651004791,-0.22499343752861023,0.4011264443397522,0.5146316289901733,-0.4041132628917694,0.40950149297714233,0.5320675373077393,-0.8134494423866272
2229,0.45037761330604553,0.451363742351532,-0.20301960408687592,0.3958398103713989,0.517199695110321,-0.3270401656627655,0.40348926186561584,0.5393906831741333,-0.7158138751983643
2230,0.4446188509464264,0.4525778293609619,-0.13049769401550293,0.3918038606643677,0.5184160470962524,-0.24836614727973938,0.4052739143371582,0.5399491786956787,-0.644977331161499
2231,0.44184014201164246,0.4546596109867096,-0.21131953597068787,0.3887121379375458,0.5204734206199646,-0.33142584562301636,0.3890365958213806,0.5421128273010254,-0.7875691056251526
2232,0.438960999250412,0.4573621153831482,-0.07567977160215378,0.3900534212589264,0.5239071249961853,-0.22456082701683044,0.400057852268219,0.5475136041641235,-0.7058396935462952
2233,0.43680551648139954,0.45857834815979004,0.03630688786506653,0.3928312063217163,0.5239738821983337,-0.11805082112550735,0.3983627259731293,0.5484522581100464,-0.5869789123535156
2234,0.434614896774292,0.45910897850990295,-0.008265173062682152,0.3940640687942505,0.5235205888748169,-0.17158876359462738,0.3991983234882355,0.5468718409538269,-0.642760694026947
2235,0.4346112608909607,0.4586607813835144,-0.04283216595649719,0.39609494805336,0.5224578976631165,-0.21904288232326508,0.40009281039237976,0.5438199043273926,-0.632581889629364
2236,0.43458399176597595,0.4602847695350647,-0.17285491526126862,0.40112656354904175,0.5229724645614624,-0.2584567666053772,0.3942495584487915,0.5450674891471863,-0.6540695428848267
2237,0.4356497526168823,0.4599605202674866,0.02534191682934761,0.40128254890441895,0.522901177406311,-0.03452395275235176,0.38067054748535156,0.543034553527832,-0.3422393500804901
2238,0.43595075607299805,0.45968788862228394,-0.05560183525085449,0.3987525403499603,0.52280193567276,-0.01713721826672554,0.35481134057044983,0.5402151346206665,-0.18119710683822632
2239,0.43650704622268677,0.4593055248260498,-0.04718376696109772,0.3989882171154022,0.5227547287940979,-0.016958989202976227,0.3493172526359558,0.5384328365325928,-0.20090217888355255
2240,0.43699175119400024,0.45916175842285156,0.0069063808768987656,0.399328351020813,0.5235756039619446,-0.015598460100591183,0.362777441740036,0.5378434062004089,-0.2735128402709961
2241,0.43717578053474426,0.45852890610694885,-0.022466277703642845,0.39947792887687683,0.5234720706939697,-0.12662889063358307,0.37514373660087585,0.5376222133636475,-0.4768883287906647
2242,0.44311243295669556,0.45844706892967224,-0.019348546862602234,0.40303975343704224,0.5230785012245178,-0.06657734513282776,0.37680596113204956,0.5375213623046875,-0.3726000189781189
2243,0.4481988251209259,0.4570956826210022,-0.24655160307884216,0.4092249870300293,0.5228152275085449,-0.33960598707199097,0.4000292420387268,0.5378491878509521,-0.7310017347335815
2244,0.4572054445743561,0.4566061496734619,-0.2595181167125702,0.4143805205821991,0.5224465131759644,-0.39441633224487305,0.4117850065231323,0.5376539826393127,-0.8068888187408447
2245,0.46307826042175293,0.4565207064151764,-0.46047982573509216,0.41389578580856323,0.5232474207878113,-0.63532954454422,0.43543416261672974,0.5360965132713318,-1.0846763849258423
2246,0.4687351584434509,0.4550362527370453,-0.3279498517513275,0.4140169322490692,0.5231707096099854,-0.4335598051548004,0.4676528573036194,0.5311474800109863,-0.7699639201164246
2247,0.47861340641975403,0.4533410668373108,-0.2396536022424698,0.41886720061302185,0.5218487977981567,-0.29445260763168335,0.4882475435733795,0.5306915044784546,-0.533559262752533
2248,0.4865851104259491,0.4523158073425293,-0.18016979098320007,0.43388810753822327,0.5188521146774292,-0.19576498866081238,0.5109766721725464,0.5309764742851257,-0.4008283317089081
2249,0.4969024658203125,0.45060834288597107,-0.18485572934150696,0.45255422592163086,0.5183590650558472,-0.19433502852916718,0.5252429246902466,0.5397574305534363,-0.3983779549598694
2250,0.5030748844146729,0.4497818946838379,-0.2780316174030304,0.46097835898399353,0.5197807550430298,-0.2427746206521988,0.5339868664741516,0.5501142144203186,-0.4638397693634033
2251,0.5110489726066589,0.449310302734375,-0.2931688725948334,0.46536484360694885,0.5229311585426331,-0.26356735825538635,0.5431927442550659,0.5563735961914062,-0.41443923115730286
2252,0.5183151960372925,0.44882598519325256,-0.2961391806602478,0.47121450304985046,0.5244609117507935,-0.260420560836792,0.5482250452041626,0.557852566242218,-0.3850248456001282
2253,0.5229701399803162,0.44827786087989807,-0.2833016514778137,0.4746178388595581,0.5251029133796692,-0.22544610500335693,0.5572871565818787,0.5590998530387878,-0.34034571051597595
2254,0.5302881598472595,0.446064293384552,-0.27928540110588074,0.47789323329925537,0.5256893634796143,-0.23086407780647278,0.5692694783210754,0.5603103637695312,-0.34307315945625305
2255,0.5377336144447327,0.44595083594322205,-0.23091259598731995,0.4840201437473297,0.526015043258667,-0.22597086429595947,0.5825830101966858,0.5596739649772644,-0.3374548554420471
2256,0.5453907251358032,0.4459521770477295,-0.2926398515701294,0.4965502917766571,0.5270114541053772,-0.3105028569698334,0.6038641929626465,0.5602892637252808,-0.3800860643386841
2257,0.5499827861785889,0.4461272358894348,-0.3012653887271881,0.5137102603912354,0.5307086706161499,-0.32175666093826294,0.6396892070770264,0.5612486004829407,-0.39988696575164795
2258,0.558851420879364,0.446187824010849,-0.2847498655319214,0.5286442637443542,0.5326019525527954,-0.3138015866279602,0.6643407344818115,0.5602335333824158,-0.39829155802726746
2259,0.5626652836799622,0.44627824425697327,-0.3254878520965576,0.5419245958328247,0.5353286862373352,-0.370434433221817,0.6965404152870178,0.5602731704711914,-0.42259207367897034
2260,0.5693085193634033,0.4465388357639313,-0.3421061933040619,0.551470160484314,0.5360079407691956,-0.39149415493011475,0.6929363012313843,0.5596557855606079,-0.4577202796936035
2261,0.5759811401367188,0.4477854371070862,-0.2582021653652191,0.5664340257644653,0.5373893976211548,-0.3315688371658325,0.7034662365913391,0.5595617294311523,-0.4030633568763733
2262,0.5820486545562744,0.4478248953819275,-0.20215748250484467,0.5811797380447388,0.5395671129226685,-0.2667745053768158,0.7242542505264282,0.5592395663261414,-0.3512493669986725
2263,0.5879573225975037,0.4481351375579834,-0.366177499294281,0.607867956161499,0.538886308670044,-0.43383559584617615,0.7643848657608032,0.5594325661659241,-0.4868168234825134
2264,0.5945756435394287,0.4466279447078705,-0.3476909101009369,0.6238935589790344,0.5371659994125366,-0.3757419288158417,0.773522675037384,0.5570526123046875,-0.39441320300102234
2265,0.6015600562095642,0.4390947222709656,-0.284412145614624,0.6460227370262146,0.5329428911209106,-0.3597578704357147,0.8034051060676575,0.5555812120437622,-0.3805609941482544
2266,0.6054290533065796,0.4365716874599457,-0.3347451686859131,0.6521963477134705,0.5252283215522766,-0.3948984742164612,0.8057129979133606,0.5509354472160339,-0.3971807658672333
2267,0.6083616614341736,0.4323004186153412,-0.2895532250404358,0.6403135657310486,0.519649863243103,-0.36652421951293945,0.792874813079834,0.5427789688110352,-0.3762262165546417
2268,0.6135830283164978,0.4319363534450531,-0.25561001896858215,0.64393550157547,0.5184535980224609,-0.3251185417175293,0.799111008644104,0.5392906069755554,-0.34861740469932556
2269,0.6173819899559021,0.43001633882522583,-0.11736650764942169,0.6421796679496765,0.5165477395057678,-0.23047137260437012,0.7956047654151917,0.5385524034500122,-0.2603673040866852
2270,0.619351327419281,0.42951568961143494,-0.19113966822624207,0.6465557217597961,0.517414927482605,-0.2711494565010071,0.8081250786781311,0.5399074554443359,-0.28156039118766785
2271,0.619987428188324,0.4294787347316742,-0.19055034220218658,0.6413702368736267,0.5185055732727051,-0.2848486304283142,0.7920564413070679,0.5398150682449341,-0.30472657084465027
2272,0.6196988224983215,0.4295918345451355,-0.17206087708473206,0.6415590643882751,0.5188056826591492,-0.21853190660476685,0.7851124405860901,0.539891242980957,-0.2540241777896881
2273,0.6173498630523682,0.42978936433792114,-0.17678096890449524,0.6374499797821045,0.5194106101989746,-0.2199963480234146,0.7721890807151794,0.5468730926513672,-0.26749709248542786
2274,0.6159862279891968,0.4307170510292053,-0.22589316964149475,0.6316589117050171,0.5194480419158936,-0.2458198517560959,0.744769275188446,0.5532222390174866,-0.29291996359825134
2275,0.6133422255516052,0.4344775080680847,-0.18066760897636414,0.6137107610702515,0.5286291837692261,-0.19000880420207977,0.7262623310089111,0.5613894462585449,-0.2572323977947235
2276,0.6079191565513611,0.43705424666404724,-0.41585874557495117,0.6031494140625,0.5320698618888855,-0.3310016393661499,0.7073352932929993,0.5668399333953857,-0.3865223228931427
2277,0.6055815815925598,0.43869107961654663,-0.4317910373210907,0.5901999473571777,0.5313275456428528,-0.34429439902305603,0.6794092059135437,0.5690659284591675,-0.40343502163887024
2278,0.5997949242591858,0.43929624557495117,-0.23797176778316498,0.5794649720191956,0.5314477682113647,-0.17795652151107788,0.6674576997756958,0.5733520984649658,-0.28025785088539124
2279,0.5937156081199646,0.4408101439476013,-0.37237539887428284,0.5731335282325745,0.5310620069503784,-0.2772687077522278,0.649233341217041,0.5758019685745239,-0.38819071650505066
2280,0.5883141160011292,0.4407626688480377,-0.41031724214553833,0.5615319609642029,0.5246872901916504,-0.3260864317417145,0.6347447037696838,0.5756630897521973,-0.3893775939941406
2281,0.5829792618751526,0.43995243310928345,-0.37580740451812744,0.5510369539260864,0.521175742149353,-0.23621013760566711,0.6215415596961975,0.5746397972106934,-0.29956600069999695
2282,0.5796927809715271,0.43856173753738403,-0.2939482629299164,0.5466687679290771,0.5190697908401489,-0.18863943219184875,0.6109752058982849,0.5746964812278748,-0.21252332627773285
2283,0.5769964456558228,0.43776702880859375,-0.4575062096118927,0.543743371963501,0.5186828374862671,-0.3357924520969391,0.6088154911994934,0.5758935213088989,-0.3771628439426422
2284,0.5733612179756165,0.4382101893424988,-0.5084307193756104,0.5400717258453369,0.5184223651885986,-0.3757064938545227,0.600709855556488,0.5768206119537354,-0.44522544741630554
2285,0.572424590587616,0.4385055899620056,-0.5456541180610657,0.5382863283157349,0.5178898572921753,-0.3986511528491974,0.599296510219574,0.5769827365875244,-0.46805402636528015
2286,0.5690281987190247,0.43866148591041565,-0.5320922136306763,0.5314342975616455,0.5165790319442749,-0.3736313581466675,0.5917049646377563,0.5763384103775024,-0.46926969289779663
2287,0.5678744316101074,0.4386555254459381,-0.474359393119812,0.5276551842689514,0.5126566290855408,-0.31269994378089905,0.5799128413200378,0.5748224258422852,-0.38404813408851624
2288,0.5668102502822876,0.4386321008205414,-0.3558700680732727,0.5233564972877502,0.5101560950279236,-0.21239568293094635,0.569646954536438,0.5715270638465881,-0.31201180815696716
2289,0.5616716742515564,0.43862253427505493,-0.3787495791912079,0.5223016738891602,0.5087499618530273,-0.24791894853115082,0.5640779137611389,0.5706301331520081,-0.37070173025131226
2290,0.5584578514099121,0.4381546378135681,-0.45744603872299194,0.5211541056632996,0.5067795515060425,-0.3284324109554291,0.5528727173805237,0.5659643411636353,-0.48475438356399536
2291,0.5564626455307007,0.438029944896698,-0.45119574666023254,0.5204492211341858,0.5067428946495056,-0.28744208812713623,0.5503416061401367,0.5640891194343567,-0.4713267982006073
2292,0.5544992089271545,0.43715032935142517,-0.4420448839664459,0.520946741104126,0.5066350698471069,-0.2936665117740631,0.5513990521430969,0.5640595555305481,-0.4553966224193573
2293,0.5536608099937439,0.43620067834854126,-0.4382559359073639,0.5220485925674438,0.5066161751747131,-0.320372611284256,0.5581211447715759,0.5629323720932007,-0.47852444648742676
2294,0.5536084175109863,0.43370214104652405,-0.4876249134540558,0.5233688354492188,0.505612850189209,-0.41457274556159973,0.5614868402481079,0.5602591037750244,-0.5716982483863831
2295,0.5470125079154968,0.43378108739852905,-0.5387570261955261,0.5179574489593506,0.505570650100708,-0.4449019134044647,0.562559962272644,0.5589458346366882,-0.5984088182449341
2296,0.5444989800453186,0.43382740020751953,-0.5231331586837769,0.5138220191001892,0.5058510303497314,-0.4326355457305908,0.5633910894393921,0.5554656386375427,-0.602762758731842
2297,0.5419586896896362,0.43389764428138733,-0.5214154720306396,0.5080965161323547,0.5075560808181763,-0.39875292778015137,0.5887619256973267,0.5541144013404846,-0.5468876957893372
