frame,shoulder_x,shoulder_y,shoulder_z,elbow_x,elbow_y,elbow_z,wrist_x,wrist_y,wrist_z
0,0.4780374801495452,0.38633752197268595,-0.12217106867375369,0.4200837863730344,0.4497926152304601,-0.20838041697412782,0.5257335102480256,0.47381336686509656,-0.3951401178204421
1,0.47747333002850983,0.3875054086396632,-0.1848862024214155,0.40667979679619964,0.4518634315966344,-0.26608807471138324,0.5155329353030635,0.47255904642260915,-0.47185020876433115
2,0.47742150787410914,0.38890579791576635,-0.2446707048993219,0.3979833653555186,0.4542029018258578,-0.32458010562860695,0.5083349320864313,0.47153635731673826,-0.5499002279455945
3,0.478392790956342,0.3905294074788514,-0.29544531807906177,0.39537528872905575,0.456466337191899,-0.37791436697558206,0.5052582765411326,0.4709244341533561,-0.6052634278973789
4,0.4803446555216596,0.3920993966555725,-0.32409081203926726,0.3966196505597679,0.4580781018353951,-0.40954930105541276,0.5052746689022377,0.4707140871113271,-0.6046845004782097
5,0.48238954955361274,0.3933365108291146,-0.31421363194140534,0.39845217970238367,0.45901553740400675,-0.4000856599825601,0.5066135242294278,0.4706563778437292,-0.545088973215832
6,0.48357260057685014,0.3942214442615023,-0.262706978760242,0.3991875613662273,0.4597729813638309,-0.3474588439103517,0.5084403547770597,0.4705120377671082,-0.4654863335699887
7,0.4838704915494423,0.39490267628178655,-0.19474227052252321,0.39910635635253355,0.46063555614496776,-0.27965598313475865,0.5113623154637371,0.4704421752930331,-0.41512252855214005
8,0.4840202361799047,0.3954319933168787,-0.15245795620607946,0.3990821166164936,0.4614461848582425,-0.2374354424208862,0.5163739928972595,0.47101806371153887,-0.4101562174166466
9,0.48439392240970913,0.39577786584625924,-0.1581767459448592,0.39940668785235,0.4621088478755429,-0.23807616004825832,0.5231914468339703,0.47261607264980277,-0.42310206582779214
10,0.4844846990847887,0.3960340083752378,-0.19133569744147122,0.39982978630388466,0.4628474179587098,-0.2604044937383783,0.5297175440717364,0.4747911157531415,-0.4164372419972544
11,0.4836927722393154,0.39636299189889707,-0.2099951170463083,0.4002062830454944,0.4637611605969607,-0.2688590760603419,0.5335902424475335,0.47647744490193367,-0.3816523113871219
12,0.4822565522698747,0.3967356891393573,-0.19432535999658224,0.4007548800905309,0.4644970786958215,-0.24925794823437725,0.5344312613234148,0.47693789609736603,-0.34107308452430396
13,0.4809360005882048,0.3969953546311534,-0.16387336131829175,0.4017004117829902,0.4647404556492516,-0.22063452989432233,0.5342373651300742,0.4764443521157791,-0.3212216091019628
14,0.4798050960365722,0.39724640090265667,-0.15311674975416154,0.4028119540993303,0.46486617329889235,-0.2145330882646669,0.5353608839880868,0.47601560836479434,-0.3325950660246144
15,0.47782610398306313,0.39790396337851186,-0.17394849151550779,0.4033995503787309,0.46565739147754653,-0.2416656708920283,0.538227429311086,0.47655991445023177,-0.3654136869963253
16,0.4738960604804027,0.39917378576929213,-0.20320921397739436,0.4028709083751484,0.4673013700583656,-0.27861327457018364,0.5410018441068761,0.47819592988779147,-0.3960013329343001
17,0.4681751727697534,0.4006789817499557,-0.20605055362693497,0.40137030878842017,0.4690246838542429,-0.2902053316342334,0.5413209308941493,0.48022285610154875,-0.4044811551026904
18,0.4621546192344173,0.4018510858396769,-0.1707473714893161,0.3997063189653088,0.4699248998248384,-0.26424641153129697,0.5382736363782153,0.48169058645122975,-0.39256821663733465
19,0.4572696301454885,0.40261118163616,-0.12133307316484701,0.3982634573426498,0.46993233558141023,-0.22146039302035836,0.5324611647144794,0.482148539723103,-0.3796724263479625
20,0.4534265863888788,0.40343584924880976,-0.09686706050659072,0.3958436093944485,0.46975230637998505,-0.19424309494218708,0.5240092478361317,0.48208187221872306,-0.3813091876722959
21,0.4491429109967445,0.4047339076034078,-0.11592919866033019,0.38999052485392294,0.4700202009783043,-0.19949769504055917,0.511390386547665,0.4826665805397729,-0.3985397681813412
22,0.443351533963293,0.4063128135694531,-0.15874902377487154,0.37911834751693274,0.47069599177213894,-0.2284172948689035,0.49342610397578135,0.48481945275208826,-0.4261847531596013
23,0.4367705185664663,0.4075321984068723,-0.1861741087618531,0.36465977560080837,0.4712129941572329,-0.25656650023654337,0.47198156227092236,0.48822663350863954,-0.4584545620585333
24,0.4310490222716294,0.40793582357880015,-0.177979385926003,0.35071705803418907,0.47111838256786975,-0.26361939364429854,0.45073712199598964,0.4914133570393459,-0.48371068362071107
25,0.42669327656209877,0.4077095846300701,-0.14895124945888558,0.34077725204524634,0.4706193293962532,-0.24656901059156514,0.4311527118330422,0.4930765852688486,-0.48514300882362865
26,0.4223981297822525,0.4075578572581001,-0.1276251008291343,0.3345951794144485,0.47053290840775164,-0.21715957542909953,0.412120798185989,0.49348843626415945,-0.45457057396094974
27,0.4166134669544074,0.4081206033862303,-0.12824120056374494,0.32886395548972575,0.47161613617349807,-0.18986647061700104,0.39418086746195136,0.49441355937319764,-0.402567981674766
28,0.4093232873579018,0.40942858030558216,-0.14584760039203454,0.32097188982626057,0.4738805489479701,-0.17192629262981357,0.38048946601558786,0.4973475887961115,-0.34955990624453176
29,0.4019386528454191,0.41087758689103887,-0.16716113783193284,0.3115382643738539,0.47655922870492057,-0.16053083401759055,0.37150085184222936,0.5018496437793637,-0.3076760047008549
30,0.3957747735430094,0.4117491912066316,-0.17849969717619907,0.3033707138086862,0.4787093043045463,-0.14866130056665403,0.36189925572214826,0.5059161420636774,-0.2780257926686922
31,0.3909966657073195,0.41180852392682676,-0.17103632717357153,0.29849406682266966,0.4798429621638725,-0.13623454972691035,0.34588233548774716,0.5079678116392361,-0.2662123728221569
32,0.38675973347458203,0.41148890372149205,-0.1483227123279765,0.29619581026294567,0.4801405580879376,-0.13410057952723514,0.3240585771181344,0.5080880259706453,-0.28792365953067406
33,0.38198676010324895,0.4115546900367199,-0.12772237832128336,0.2938097098221308,0.4802139572212455,-0.15362991747462013,0.303095032519489,0.507371160921331,-0.35038548475240033
34,0.37619991068442,0.41249518261315143,-0.1283721256323753,0.2895020380020424,0.4805102297488414,-0.19410919209791577,0.2892295541574142,0.5066291261373991,-0.43656570042449927
35,0.3699587102065279,0.41410433416591336,-0.1547616797067223,0.28409301445874846,0.48070723084860095,-0.24271496791284178,0.28326775656149333,0.5059758376978778,-0.516741532257457
36,0.3644341447770283,0.4156513799928492,-0.1901629168158437,0.279895482167909,0.47989248145203217,-0.2821960548948117,0.2814083634639611,0.505303106219393,-0.5695542522635842
37,0.36036297084208635,0.4165491933314712,-0.20532582247412734,0.2782332623742621,0.4777736742615117,-0.29500283306895875,0.27959072764349324,0.5047290140258273,-0.5853759264281464
38,0.3575411080389764,0.4168441859698008,-0.18164699866622777,0.27862973466421403,0.47562062701086133,-0.27080939857598846,0.27679847083941816,0.5044625412897301,-0.5625050327429713
39,0.3554768607309187,0.4169995158716679,-0.13832736898978526,0.27993649305878665,0.47535694081711255,-0.22702248575892858,0.27566370142359686,0.5043176609788264,-0.5207974208787381
40,0.3542210260988818,0.4172837145423628,-0.13285846362599846,0.2813775874548771,0.47739612701847617,-0.2183527589998799,0.28093503696501076,0.5035247498286837,-0.5145704620761589
41,0.3541681542319953,0.417521490723229,-0.2123939374701789,0.2825676236396449,0.47983861819811385,-0.29820720328011074,0.2957251298399862,0.5012637349531462,-0.5995489380942478
42,0.3552270050278699,0.41744129902800997,-0.3546781925727114,0.28338539368315063,0.48036268040232966,-0.4526237422424304,0.3170224422969262,0.4976832606385768,-0.7644684863412564
43,0.3566379740580985,0.4171227307986061,-0.4736800554299604,0.28431275387748034,0.478818104627154,-0.5873886100749037,0.33590067927977435,0.494595454364658,-0.9091385441211564
44,0.3576353175415435,0.4170307570359396,-0.498324727209914,0.2866207580273486,0.4775737521975411,-0.6047179858349808,0.3454120275413164,0.49493565108880927,-0.9194411663325126
45,0.3580190889362176,0.4176840425694328,-0.4395468349605694,0.2917927927972185,0.47937174374998115,-0.49717330623030054,0.34897402508609804,0.5007540684910639,-0.7756792332200514
46,0.3580559410974156,0.41932132106137165,-0.37182405537277496,0.3005063208835735,0.48508985074493066,-0.3560384942149027,0.3579577063261718,0.5110514316590125,-0.5769177481517325
47,0.3581008012671215,0.42174019633455423,-0.3537704834002204,0.31189734418748494,0.4932637002181908,-0.2819449643656559,0.3787870771631411,0.5217552964518801,-0.4470990936758324
48,0.3585723269137925,0.4243040366310603,-0.3751144646101703,0.323747197249416,0.5011391144850305,-0.29280255827115,0.4044612960487926,0.5285118706017627,-0.4219262061660893
49,0.36024716652653166,0.42618443488108504,-0.38229327337931757,0.33392805488865973,0.5062202355061661,-0.3258752874782505,0.42168899723033504,0.5298597644561341,-0.4398232778673314
50,0.3641403122205249,0.4268157028024645,-0.3472732454538109,0.3421745001651433,0.5074580753353117,-0.3223260904925151,0.424929398164404,0.527727829999556,-0.4358041616123306
51,0.37061765392207674,0.42623353953954357,-0.2984073657876932,0.35016438682653483,0.5054060251453802,-0.29117419131813893,0.42006636392999636,0.5251738373585597,-0.41774143610399667
52,0.37864244886416004,0.42499327909958595,-0.281277034958888,0.3594768489833991,0.5014326677421346,-0.2848030214553785,0.4153416363494666,0.5240704939073757,-0.44061082766376836
53,0.38633667491527257,0.4237750331660438,-0.30465298483644687,0.3697043717059422,0.49696248588882,-0.3285533920301363,0.41285909172382895,0.5246965367640697,-0.5252570097691337
54,0.3925482728145979,0.42304079596771793,-0.34012893740730676,0.37891982596894563,0.4932436652536223,-0.3933859618137979,0.4098716266987256,0.5265591681174541,-0.62608672772383
55,0.39775801079426093,0.4229555437335583,-0.3665669115171655,0.3858971214104249,0.4911690799031111,-0.43657216441144187,0.40543938956720316,0.5289660735705125,-0.6822734695320621
56,0.40326740325334465,0.42344723946700885,-0.3925392413719936,0.39130498722110035,0.4908904996437199,-0.4505222554013526,0.4035530378424511,0.5311524951194553,-0.6834074821835693
57,0.40952497373612345,0.4241580503125999,-0.4314228102722074,0.3961950299692142,0.49159978389324016,-0.45941464792537456,0.4098249143118025,0.5325150425062339,-0.6678310272039111
58,0.41555304893314965,0.4243769390698776,-0.4746271618859684,0.3999379507951011,0.4918004043761932,-0.47842405738525673,0.425897587621652,0.5329172249262376,-0.664293404014982
59,0.4202182655773939,0.4233921945824301,-0.5006443730370637,0.40116127546337765,0.4902410349519085,-0.49471220477909283,0.44741764214900626,0.532693796053871,-0.6601767587466667
60,0.42372152462139934,0.4212419388596504,-0.49760138542232063,0.4007547499538947,0.4872372094323157,-0.48930712961756684,0.4672652693511731,0.5323850744941644,-0.6343655205235794
61,0.4274032337578702,0.4189673202879482,-0.4681839462944811,0.4018833775143993,0.48490819963838716,-0.4626761380594858,0.480323364811738,0.532450234398472,-0.5987640801795352
62,0.4322567241608185,0.4177574047328652,-0.4250949363680512,0.405820397537356,0.48521270272962735,-0.4318611631927812,0.4854401107757716,0.5330675147142141,-0.584805664879605
63,0.43805045632282513,0.41783585277556895,-0.39114009372613934,0.4092684619740321,0.4876656497922243,-0.412646500271677,0.4842348156085049,0.5340559859645303,-0.5992422374165303
64,0.44383867509155295,0.4184090027196043,-0.3932214085201579,0.40759759313396066,0.4897817366695869,-0.41476630944983295,0.4790916868897484,0.5349566396121507,-0.6225941464824599
65,0.44888455421357676,0.4186285935851891,-0.4436951781921186,0.40019912475702785,0.48979781383512283,-0.44831630542315776,0.4718109501110297,0.5352777728024563,-0.6538300474759204
66,0.45288894179016115,0.418346477801643,-0.5265283219090868,0.3911400284689773,0.48818719116839415,-0.5187351264946202,0.46321611948381386,0.5348181112132693,-0.7235162047038143
67,0.4557021796504503,0.41799532635370107,-0.6041193131652758,0.3847596962806502,0.486510544693642,-0.6081212354305212,0.4538476347159823,0.5338222185631895,-0.8386884644080147
68,0.457388399389772,0.41805764565951126,-0.6405485792239956,0.38206984964981316,0.48563817298077006,-0.6717525867515876,0.4450165869108475,0.5327394282608262,-0.936266523934435
69,0.4585616838801151,0.41872826745004904,-0.627661488084333,0.3815424828292043,0.48536194138233135,-0.6739948981552365,0.43871883100595493,0.531778246761573,-0.9379701793929299
70,0.4600612643470238,0.4198477148819594,-0.5978109867693802,0.3817446261590729,0.48513308867685645,-0.6379450821692993,0.43619882477720834,0.5307884983221207,-0.8638480691731504
71,0.4620321747863756,0.42101042107189046,-0.6037102121407683,0.3821672240017971,0.4847375160835092,-0.6404050325863897,0.4369413731245359,0.5295929030006525,-0.842266364259736
72,0.46370256323871567,0.4218553255701254,-0.6660539788788591,0.3825405514734951,0.48444354202996476,-0.7276010100179794,0.43966642113489396,0.5282487827304994,-0.9580202304158364
73,0.464316984948625,0.42236322143773464,-0.7373354683847234,0.38296717682057335,0.4847682461541456,-0.8398326039281143,0.44432159426198115,0.5269500615502887,-1.1194253153426512
74,0.4640255106577614,0.42280782332003786,-0.7380062074142214,0.38473457398890215,0.48605567021344975,-0.8573234936528381,0.452224950556091,0.5259823426127714,-1.1439969500694667
75,0.4636180599503588,0.42337718223866205,-0.6410391748454226,0.3895929373140039,0.48816431596879845,-0.7341443520201753,0.4635314783896814,0.5259440317010131,-0.9731967921508332
76,0.4635515476560781,0.4239574304531508,-0.5050971624054235,0.39749174143916544,0.490614711344744,-0.5553050466476304,0.47529773183355084,0.5276249714019084,-0.7384951072693577
77,0.46350171702196785,0.4243504434373531,-0.41241886176575393,0.40575604389576486,0.4930461696973274,-0.4427349004909133,0.4835046192242072,0.5311954651365246,-0.6050515041838387
78,0.46287013915914094,0.4245630221568686,-0.3938177232569636,0.4112599908483406,0.49537039773235836,-0.43441134247203017,0.4870860685036049,0.5356495694017102,-0.6089246901198005
79,0.46152192956740623,0.42475357555422744,-0.42931087902548903,0.4131349767075952,0.49748765419182805,-0.48078982729932707,0.4886098554007817,0.5395209842137831,-0.6716688969184795
80,0.4598830647760569,0.42498904327677045,-0.49218032910540416,0.4129216759361591,0.4991232016776942,-0.5287572659010285,0.49027152509287586,0.5421378028465466,-0.7217055201216085
81,0.4583593324617159,0.42519583603057626,-0.5562912533916048,0.4124323024510224,0.5000484241319085,-0.5617706991583306,0.4901822271375291,0.5437922344200601,-0.7469103811310762
82,0.45679142541031414,0.42530306623221686,-0.576662892700283,0.41199448159112445,0.5002976577436974,-0.5645392269679749,0.4840846770609353,0.544830460670305,-0.7436686614834653
83,0.4545804023392095,0.42531074106982997,-0.5128996025536336,0.41070388990577594,0.5001144822068886,-0.5049391859278041,0.47095741466864816,0.5452026381820538,-0.6808941112040866
84,0.45136623613608007,0.42523507009920747,-0.38987952646307833,0.4079380909773193,0.49978849173796863,-0.38478748340478713,0.4555077427433672,0.5449417764812878,-0.5532061317740037
85,0.44748835008646204,0.4250945930187646,-0.3039850122065343,0.40424889903018735,0.4995170726092086,-0.27880142706685823,0.4439900174206727,0.54443867245055,-0.4357887458527058
86,0.4436424692601408,0.42496388244171707,-0.3359336051387715,0.40064717935393745,0.49930745492127704,-0.27599211429610654,0.43847184959969304,0.5439791041992481,-0.42978128671797877
87,0.4400742201657313,0.42495631385087873,-0.4646291372827743,0.3972864749893761,0.4990152623835995,-0.3822593228910817,0.4364692752112026,0.5434004992182837,-0.5504584358075812
88,0.4363013444608312,0.4251016502651419,-0.590989096636858,0.39337365822957904,0.498540205938295,-0.5123560310022108,0.4352062125210045,0.5424610496681805,-0.7065902908672104
89,0.43185403151856805,0.42526545686834016,-0.6396020894590284,0.38854564832172034,0.497962934453846,-0.5798481075780546,0.4342975452518238,0.5413284590714954,-0.7953886535707951
90,0.42717612877561734,0.4252430447968478,-0.6141808190816712,0.38389577439697026,0.4974589131369816,-0.5697240931761105,0.43448531870490925,0.5404794924742788,-0.7897237957930285
91,0.42334004721469976,0.42497086260855343,-0.563038578855878,0.38114615242480354,0.4971530807441102,-0.5226147286528116,0.43567185084431875,0.5402003202087972,-0.7304875460691936
92,0.42074964527509773,0.4246368700149653,-0.5213271330832729,0.3807836466927488,0.4971287441809469,-0.4771464344994173,0.43697322866623184,0.5403308788949904,-0.6662880244113779
93,0.4185801735869602,0.42453624807317525,-0.49198829247276565,0.38124602824105236,0.4974681345248826,-0.44232771303017393,0.4377550790020801,0.5404599018311259,-0.6185445360667748
94,0.41573593257452246,0.42479669795050057,-0.4615578634818776,0.38009772935075997,0.49811802481324785,-0.41025182116358094,0.4377716511976776,0.5402987405475129,-0.5874503649112077
95,0.4120286093187633,0.42527054274453785,-0.42165233637703653,0.3761913192838738,0.49877072581802856,-0.3758835827600012,0.4366821930185408,0.5399397248475233,-0.5666780277430388
96,0.40822668379698646,0.42570611236581785,-0.3794560161705881,0.3708566120096274,0.4990892039795534,-0.3426494941613883,0.4343518463806118,0.5397747313786682,-0.5481906552485184
97,0.40521819678394433,0.425987030338368,-0.3516049591485529,0.36682816579556926,0.4990847373018637,-0.3187628997194402,0.43179517510448107,0.5399231417784848,-0.527227956610318
98,0.40331600802517886,0.42618333524530994,-0.34634593180870205,0.365667544718128,0.4990737456905019,-0.31326607272352086,0.430769126322291,0.5395337792934687,-0.5138284949674344
99,0.4022187965474836,0.4264160018121794,-0.3520220776944407,0.3661069503474058,0.4991251668189094,-0.33004443850407217,0.4310260609174856,0.536954373699286,-0.5324776091634309
100,0.40142073301665315,0.4267312026015438,-0.34675361150793443,0.36508540396093814,0.49870227569770154,-0.359528040937442,0.428008261725893,0.531226664788501,-0.5961686114914895
101,0.4006127990048849,0.4271025844023686,-0.32059741144955817,0.36073531687250276,0.4971694349425002,-0.3804484513394245,0.4154830488047284,0.5236165453233819,-0.6818975508631069
102,0.3998104437866165,0.42749457000130114,-0.28453997512421403,0.3544907253612211,0.49471565743579404,-0.3774996338861779,0.39234371362096615,0.5171793692308231,-0.7455197321249736
103,0.3992359252781168,0.42787611509415063,-0.25625074662030195,0.3498555741218112,0.49232591515204666,-0.35718074489510787,0.3653966701730307,0.5142473317535007,-0.7649549124130819
104,0.399094218895197,0.42819204210652734,-0.24323788800525603,0.3486053781496056,0.4904233127325374,-0.3429149995954929,0.34318771061339937,0.5142188378617327,-0.7614332677125197
105,0.3993750770087598,0.4283775317282301,-0.24418565028131173,0.3484525261215967,0.4879922853117935,-0.3549653513181913,0.32837063012381484,0.5140613470664326,-0.7749518088241476
106,0.3998172111325538,0.42842376553579026,-0.25967769422386694,0.34515319335511974,0.4838964567436865,-0.395291028222933,0.3181597589021803,0.5113072833613649,-0.8228602967561047
107,0.4000917471635465,0.42840875237455833,-0.2918866450313534,0.3370200542081594,0.47888042232081535,-0.4480192491093633,0.3100248657029335,0.5065734732046437,-0.8847351749202818
108,0.40009505949364976,0.4284476679829894,-0.3319335379530726,0.326858315338056,0.47519735084685055,-0.4890259837902744,0.3039201239195476,0.5027895988231881,-0.9230629030532226
109,0.40013196169788967,0.4286150249400543,-0.35508123731218133,0.31931326347996236,0.4740499771278539,-0.49695754492253874,0.3003357500438492,0.5019700346444609,-0.9151605451204988
110,0.4007740866145235,0.4289007604185666,-0.34060282318558416,0.3167408836564958,0.4742785045870035,-0.46788100846789143,0.2989905177249595,0.5033480013479513,-0.8714419141486553
111,0.4023901094258331,0.4292014949710749,-0.29863015122350905,0.31780704512884383,0.4738999826688226,-0.4249854626174761,0.299289761387414,0.5047508944389683,-0.8276316553573442
112,0.40477039205080156,0.42933819111726845,-0.2654114110801841,0.3195188203181884,0.4722711783133565,-0.402248156495483,0.30059641802236126,0.5049888706386124,-0.8126761284670817
113,0.40734176728537536,0.429139634485129,-0.26712402887284487,0.3200084278523769,0.4703513928318284,-0.41156438772081516,0.3022275908909375,0.5044992811361129,-0.8211138395929924
114,0.4097723532559342,0.42859302850882125,-0.29780550247334087,0.319429250414279,0.46932875776925137,-0.4338198582020361,0.30443112214557977,0.5042774290872998,-0.8226875743913123
115,0.4121822805964206,0.427910505085807,-0.33487762505048324,0.31874273071281234,0.4695137100982011,-0.44424604733912687,0.30933756625123654,0.5047573789364118,-0.7978539854461199
116,0.4147298773638189,0.4273581241900033,-0.36349515378085506,0.3181973247265085,0.470404000255728,-0.4370427448469354,0.31924830586481856,0.505514204132543,-0.7563006511908931
117,0.41726897939656477,0.4269890294124847,-0.3782223389049432,0.3171871748928019,0.47131823493610203,-0.42185254289897867,0.3331823735286372,0.5056411943970737,-0.7211690841797502
118,0.4195885186677174,0.42662257805654313,-0.371861598485454,0.3153687294218617,0.4718506302274506,-0.40471500336039,0.34681459943786846,0.5045155467715222,-0.7020882664191904
119,0.4217770059097381,0.42612128904234525,-0.338094665413859,0.31357092464312397,0.47200653005593424,-0.3812498519268277,0.3572154790444949,0.5025014662639424,-0.6875003855780513
120,0.4241319471011256,0.42559883222720746,-0.2836171855709082,0.31351320407296474,0.47206596239987064,-0.34653675323474753,0.36617770727401144,0.5008376113216552,-0.6608595093286682
121,0.4268591564375953,0.4252824024814224,-0.22490757310462856,0.3166031756457941,0.47222923580654763,-0.3030807242346075,0.37731690129104034,0.5005897878188608,-0.618551739301359
122,0.43003189309217255,0.42522341218007076,-0.1734074688788619,0.322720005070642,0.47238468683862095,-0.2586400678349929,0.3911739695939755,0.5017199722685519,-0.5714677573415118
123,0.4336645539749991,0.42521617222048536,-0.13407191407778074,0.32997996016197484,0.47231204965488627,-0.22310152020879215,0.4047837513454613,0.503258942187607,-0.5339813412927059
124,0.43763457597020494,0.4249861816249422,-0.1145762845088134,0.33602125064265964,0.472019188827949,-0.20638585241148333,0.4151718475986323,0.5042403400509606,-0.5123131537384578
125,0.4416277866490382,0.4244238166041027,-0.1225743243242546,0.33990726357818424,0.4716931949492578,-0.21237760372961073,0.4217462255449931,0.5043266281824423,-0.5021714169756264
126,0.44529140287303187,0.42365428356105733,-0.15219470093182802,0.34274654058462717,0.4713798116695715,-0.23398245218739921,0.4258034594161929,0.5037258897419133,-0.4979434163718984
127,0.44850226290489903,0.4229148753903863,-0.1804190415937286,0.34636373633141804,0.4709291941353354,-0.2559561927814844,0.4293966322135988,0.5028509414305,-0.49950323995869883
128,0.45155734377627776,0.4223801878894212,-0.18133407565408824,0.35156516194931375,0.47033444248802386,-0.26289671206873644,0.4349024241269897,0.5021171788658056,-0.5056516645946687
129,0.45501998729708065,0.4221040158107582,-0.14819993744615537,0.35792765668705867,0.47005901152257307,-0.24906495140382515,0.4442228050575403,0.5018133000446309,-0.5091972700414147
130,0.45919038147094327,0.4220676188818468,-0.10561949219849695,0.36495645077861943,0.4708748059452026,-0.22661741374236383,0.4572896449136722,0.5019662214771566,-0.5075043374613827
131,0.46373295774402,0.42219146033092636,-0.0959103120038316,0.372512480555757,0.4731487804516309,-0.2222129474574929,0.471503436316238,0.5023479940520057,-0.5120549157781293
132,0.4678889912976551,0.42234960982068365,-0.14352596268754408,0.37974333177697567,0.4763111246825846,-0.25743844588983095,0.4833527833287281,0.5026833980255165,-0.5393240041352089
133,0.47093889712816533,0.42256118599152515,-0.22985811094947553,0.3847093669081534,0.4793962656247108,-0.3282094246014247,0.49110067919169637,0.5028537271437963,-0.5935694505729487
134,0.47245779587866543,0.42317518109070257,-0.3071573597735231,0.3862827850597736,0.48214945788570374,-0.40379467636629635,0.49583649542604513,0.5028863394785796,-0.6590215153205978
135,0.47244186165532925,0.4245860255821107,-0.33744721921889614,0.3859811931068444,0.4850357995026503,-0.447598007825041,0.4996425118190988,0.502785856949573,-0.7055797781361898
136,0.4714208964136683,0.42661250963341246,-0.31706916142464986,0.3865921361020325,0.48797746053764357,-0.4431417032491595,0.5030626680178978,0.5024478492866385,-0.707672736279308
137,0.47028446319150835,0.4284005660378101,-0.27078452064967695,0.3888709321784024,0.48985279114643765,-0.405236768332383,0.5050714590395305,0.5017641000686615,-0.6674961510688556
138,0.46965913727155056,0.4291932508757822,-0.22922198542115485,0.3909324594782442,0.48984910540770077,-0.3664352118525011,0.5053527434655679,0.5007574985519896,-0.6178336655729822
139,0.4692685380901413,0.42909252791801383,-0.20805116724865239,0.3914309013361206,0.48881091242575075,-0.34991232806502204,0.5050341099904786,0.4995471614046933,-0.5939657523982472
140,0.46799830539617776,0.4288752645480078,-0.2015092379112657,0.3915675649310435,0.4884666419430018,-0.35402142613483056,0.5038458284097336,0.4982426070784408,-0.6029413321488595
141,0.4648473811855017,0.42914323165443086,-0.19420295285140887,0.39224175466365263,0.48938412795095565,-0.36057391065847716,0.49798497602920644,0.49706576054732926,-0.6228834045491931
142,0.45993558337204415,0.4298395857299915,-0.17912339566627442,0.39078236286038687,0.49034995488473476,-0.35438632442821877,0.48390372196576736,0.49660250729657535,-0.6282113909445025
143,0.4544953510147621,0.4305579584984913,-0.16329770940807226,0.383450738440631,0.4899561983908625,-0.3354469467637326,0.4641706180811049,0.49757860591516584,-0.6123553319558965
144,0.44985378330862014,0.431079776800896,-0.15793345967821293,0.3707196963881151,0.48819453165981574,-0.31643144239654053,0.4458778418795395,0.5000376431693387,-0.5896076891640453
145,0.44648812267518684,0.43147935077600946,-0.16655292265049543,0.3571692677934589,0.48605157936396726,-0.31019531396678146,0.4320836810610065,0.5028878638632338,-0.5788612447268893
146,0.4439761596004807,0.43187339850303674,-0.18289004866894948,0.34615120852904907,0.48410817622331237,-0.3185150929748698,0.4183552224347,0.50468897619754,-0.5858682539521152
147,0.4416200538906069,0.43229451700374627,-0.19868282857212982,0.33705997088055467,0.48229710864357944,-0.3321429754482879,0.3996793125951295,0.5050593554916163,-0.5995299317491888
148,0.4389803768616782,0.4327729404591495,-0.21185548359598422,0.32798897563997953,0.48074084722907295,-0.3401903234399362,0.37778541541704225,0.5051623674381862,-0.6016026554109665
149,0.4359070185631211,0.43335568455285967,-0.22405676382566692,0.3189397359582183,0.4799580078828714,-0.33697201739359084,0.35904617993729165,0.5065960931652943,-0.5787280103046429
150,0.4323469906673436,0.4340089327227733,-0.23089895878557504,0.31167947703533516,0.4801197421939281,-0.322065765464204,0.34685923118772505,0.5097155477744348,-0.5322340831203921
151,0.4283702914748206,0.4345927797952611,-0.22320802004930557,0.30737763301067106,0.4806807300713711,-0.30060315377581515,0.3387447763675777,0.5131572449575479,-0.4836944870267977
152,0.4243327938662604,0.4349639576199676,-0.20271558465193523,0.30532509605514363,0.4810158513071288,-0.28506394910170335,0.3307822954215569,0.5151496290346064,-0.4663661668687922
153,0.42077295719351304,0.4350765855291008,-0.188175886890194,0.3044852204229831,0.4811203377356492,-0.29003194845990354,0.3227777360100086,0.5152289406751429,-0.5004585060998427
154,0.41802073603246487,0.4349900856108746,-0.19672949404832338,0.30596713496495764,0.481426272388314,-0.31862681229751266,0.3176305678247117,0.5145787339393291,-0.5732543987419062
155,0.4159407725377523,0.4348213216032526,-0.22251380938003262,0.31261433584414344,0.4821738981086481,-0.35481209659339286,0.31655741947205285,0.5147765677863465,-0.6471029804936238
156,0.41409909109776755,0.4347034830191077,-0.24306473411014107,0.3252669080555615,0.4834106112909657,-0.3760462881806913,0.31786602669948655,0.5163036931429623,-0.6901681349037372
157,0.41218720291892386,0.4347356092032571,-0.24771140937798256,0.3401659744075687,0.485556544026679,-0.37753141067196994,0.32193157570916464,0.518241460588924,-0.6993872473874418
158,0.4103211464487485,0.43488748832293583,-0.24949273418223378,0.35124840489023956,0.48925717152293496,-0.3772027078201545,0.33444909703050835,0.5193320292717414,-0.6922575111934867
159,0.4089554624410598,0.4349543343003681,-0.26171481123416285,0.35538403616928993,0.4942011562236425,-0.38869678432357535,0.3606203354175532,0.5192456108113099,-0.6782370829442609
160,0.4084546837424401,0.4347104772878598,-0.27113035561103005,0.3552749268362507,0.49867205930106956,-0.395492505016648,0.3967659337399739,0.518790586267397,-0.6444544498851782
161,0.408721419437683,0.4341681473753344,-0.25003481703530117,0.35700531897350707,0.5011154697888385,-0.365810358492742,0.4316855170528868,0.5190014932605462,-0.5741921213123571
162,0.40928413347442605,0.43361459181278034,-0.1978414071897724,0.3643774169083371,0.5019575685823715,-0.29513844124096794,0.45684679913605036,0.5202479503686717,-0.47654891510923875
163,0.4097024003970807,0.4333338363692906,-0.15698474682763622,0.3756704417580605,0.5031719149457569,-0.22269296902524827,0.4724510928068148,0.5224454303600823,-0.3898010494804718
164,0.40981738084071,0.43334594013727307,-0.17469118628055758,0.38605063164142733,0.5060759624982135,-0.1984505629834289,0.4832223625105422,0.5259565950177792,-0.35183326322997893
165,0.4097669699129385,0.43346116732389556,-0.2518292976940531,0.3922641237810531,0.5099755849815126,-0.23729234270859267,0.4909976862448335,0.5315515905027643,-0.3708854810653663
166,0.4099757631406039,0.4335183480712446,-0.34057884472332595,0.39425687025828965,0.5129620661654131,-0.3081212853478576,0.49323991600716527,0.5390050998953478,-0.42472923218389513
167,0.4110081649993964,0.43349538876472626,-0.3926861998780198,0.3934933730093228,0.5137834122316145,-0.3631455364844744,0.4880915741383484,0.5462813227953665,-0.4788621035822137
168,0.41312694935122896,0.43341789429450583,-0.3992728269784443,0.39142556312627297,0.5128313366852173,-0.3754571740887619,0.4785761792103631,0.550923425803619,-0.5044258466460284
169,0.41599402016479675,0.4332465727662072,-0.38215577357621083,0.38930573978707056,0.5113818963272776,-0.35415172237186265,0.4701095676874228,0.5522362484805972,-0.4930114432056126
170,0.41900631008361106,0.4329013609624463,-0.3611420755186312,0.38803842188117915,0.5101543751584642,-0.3284915738723026,0.4647484202755502,0.5516618851676844,-0.4615940027295891
171,0.4218779492368303,0.43238746865873134,-0.340943240498828,0.3877095651650694,0.5088800351589297,-0.3175734718297407,0.45988709634734015,0.5511001331767799,-0.4349291711245402
172,0.4247023769561943,0.43187256242513006,-0.3217399393840501,0.3876299454629244,0.5071581919541052,-0.31594269154175986,0.4525676967312958,0.5512594980917982,-0.421199334213647
173,0.42751650302379685,0.4316102954437806,-0.3075183536356593,0.38700326066030033,0.5053021742565645,-0.30960943144053477,0.4433121780313695,0.5515945249939466,-0.41374353116929036
174,0.4300672535909054,0.4317422013549863,-0.3037293400714645,0.38547585247923316,0.5041114107483011,-0.30251081209274533,0.43523916551584235,0.5514087933495466,-0.41675340672711125
175,0.43212332255754077,0.4321510685753185,-0.31667155689456855,0.38318373520223376,0.5040144484712881,-0.3206946805491258,0.43075646574591087,0.550769628285228,-0.45610238108861173
176,0.4338968656521234,0.43254640295856456,-0.3530521319029931,0.38056574757669365,0.5046983775713605,-0.3835271225556354,0.42990512017412896,0.5504173871684002,-0.5495735807389172
177,0.43594351550357646,0.43272928213502526,-0.40814051898530085,0.3781993535269163,0.5054854769934567,-0.46894774295982894,0.4310906430074362,0.5509125624309523,-0.6628750187421484
178,0.43856002884488676,0.4327435586978849,-0.4580765685192994,0.37659944824217667,0.5058304703959067,-0.5202408483883,0.43250011722325876,0.5519815672725936,-0.7171756204636588
179,0.44141662010408855,0.4327421969780333,-0.48296889016739253,0.37599181250061736,0.505512376531778,-0.5052121382236102,0.4330441638598958,0.5528183789460486,-0.6708247709952458
180,0.44393943477593156,0.43276178000251003,-0.49892585932646866,0.376291483331186,0.5046332545209339,-0.4638633573782056,0.43269301277961786,0.5530215239092828,-0.5876702474667984
181,0.44599774810936094,0.4326985258817135,-0.5419049302446454,0.37731016064344314,0.5035276333243743,-0.4705418312381821,0.4322310626791602,0.5530360272234801,-0.5815559659807535
182,0.44803749589938263,0.43248595459318256,-0.6073814184996432,0.37891482000166576,0.5025244331580528,-0.5384964205770095,0.43249875703163126,0.553522141077956,-0.6751782984405009
183,0.45051230318241947,0.4322184852960102,-0.6331708809679316,0.38099061527307715,0.5017156701187652,-0.5887383457281065,0.4335977549809731,0.5543988211260751,-0.754131309736376
184,0.4533434241924501,0.4320736053245207,-0.5702681539062853,0.3833251434152647,0.501013564560722,-0.5400207381767841,0.4347870495309458,0.5547629410218746,-0.699898543232015
185,0.4560434791179961,0.4321449828403408,-0.45434467212488056,0.3855682996302321,0.5003920448490525,-0.411619089065493,0.4352672985358468,0.5538637375356977,-0.5388265016580962
186,0.458241686583357,0.43236819221109046,-0.3736515297536887,0.3873398439085429,0.49993504089778784,-0.30189157308022524,0.4350323655710215,0.5520039836414202,-0.40751127172121054
187,0.4598893119734399,0.43258623150335246,-0.3689350889571815,0.38842313635301395,0.49966742884919385,-0.27237726108957105,0.4347823050683235,0.5502817171600647,-0.38656862321108554
188,0.4610069275105535,0.43265470358805147,-0.39223856861068523,0.38887505261431043,0.4994858954996158,-0.28876818153687195,0.43506009807746715,0.5495090227613564,-0.4234505010036589
189,0.4615165003898952,0.43247529269405155,-0.3702301254680609,0.3889587652902384,0.499279542948758,-0.27974592786111885,0.4357236072688624,0.5495930614048524,-0.42048969133074376
190,0.46143456906475333,0.4319794039686279,-0.2894507505415088,0.38895935659628916,0.4990406707284227,-0.22318595415532608,0.43623733311527596,0.5499292600747447,-0.35190794616774396
191,0.4610358078559902,0.43117801043884324,-0.20544755084408267,0.38900196876402204,0.49887068459640577,-0.1583310280620091,0.4362129852730907,0.5501218676239094,-0.2738621771229245
192,0.4606563408375982,0.4302698589347402,-0.17516369644318525,0.38899243920578713,0.49893186177703797,-0.130122857715,0.43567339834320185,0.5502245723128127,-0.24564835879419675
193,0.4603950939953459,0.4296123028190564,-0.19921837138502793,0.3887237171666147,0.49933389668002176,-0.14409949344175044,0.4350743541182351,0.5504703774518164,-0.27043192424081824
194,0.46011326884384135,0.42945599518350497,-0.23781467648442992,0.38801578837459183,0.49997569387961643,-0.17741872185017712,0.43510427723610795,0.5509515515999978,-0.3126594525993208
195,0.4596961125127403,0.4296931622301714,-0.2674970890741913,0.3867372627114082,0.5005364371291535,-0.21725744801710525,0.4361463887561247,0.5515398144865813,-0.3523339984596938
196,0.45919922401249097,0.4299548862058029,-0.3012172329383533,0.38482096006356575,0.5007267082279172,-0.271792822676404,0.43777408266850004,0.5520069918674325,-0.4042502917478746
197,0.4586718402039688,0.4299843212715417,-0.3510213321805796,0.382455752441886,0.5005654551587086,-0.3408572026791896,0.4390266580718363,0.5522113779144033,-0.480902017822454
198,0.457874599237049,0.4298477970040415,-0.3908344637244605,0.38021422233525964,0.5003699588656402,-0.3903018872725458,0.43941484596507385,0.5522258819258465,-0.5513151005268799
199,0.45626790786784466,0.4297709818518614,-0.376236954133776,0.3787050846868807,0.5004890049748436,-0.3753298185794236,0.4394696511486327,0.5522691290358658,-0.5592658017020827
200,0.4533864165108939,0.4298809434014756,-0.30001174401194325,0.3779990680592069,0.5010793895994886,-0.29293747979487017,0.4400259550089751,0.5524475384803518,-0.48766412251813696
201,0.4493355647499684,0.43018135177113864,-0.21004491045900883,0.37759355055543664,0.5020870781557528,-0.19596379112001583,0.44110272210436746,0.5526125095482448,-0.3874846885462437
202,0.4449627121789604,0.4306728581192101,-0.16436457671137,0.37702889048369587,0.5033317751803629,-0.1461693924729643,0.441877802965895,0.5526128217117159,-0.3313905843537488
203,0.44143054244708746,0.4313417633435515,-0.18057085567750994,0.37633807801196545,0.5045773255784819,-0.1626486431841343,0.4418345940938221,0.552671665723122,-0.34850786147306173
204,0.43944679224248123,0.4320532898245677,-0.2360635163432842,0.375764486220247,0.5056008376200818,-0.2206770835812483,0.4415448120413468,0.5532026548469394,-0.41213031480074186
205,0.438809839854296,0.43260926857478194,-0.3011331610395508,0.37525045784358585,0.5062540176274001,-0.28521586828468865,0.4419172679126479,0.5539367777901079,-0.4779266482796362
206,0.43864953464598333,0.43294725983256876,-0.3549555177703716,0.3744889338247056,0.506423855507303,-0.332864777603213,0.4426751913694841,0.5533732980411686,-0.5205745104505791
207,0.43808462096892953,0.4331833028824513,-0.37922396214389015,0.3734344769978439,0.5059396321657752,-0.3532627568292682,0.4419845161535997,0.5496716796973322,-0.5420384426153011
208,0.43675930802969515,0.43343625011059644,-0.3603873863979218,0.3724123027799947,0.5046842577585392,-0.3478024208786339,0.4379442250527681,0.5424895058408712,-0.5596851162587853
209,0.43493551250690266,0.433701762322685,-0.3057988526450476,0.3715563864552245,0.5029473661792099,-0.32644983593526644,0.4300063925175431,0.533767839604793,-0.582472185677995
210,0.4331518336206695,0.43391934034901763,-0.2446985337271059,0.370477159925984,0.5014729293996899,-0.29497037186427394,0.4180039434282679,0.5263447886580201,-0.5882612973926663
211,0.43177699378409207,0.43406382717517755,-0.20301880403326203,0.3688621571703425,0.5006782226963031,-0.24791719487646446,0.40052918146084626,0.5217945636689189,-0.5370328964509357
212,0.4308471720626208,0.43411176522044687,-0.1824291456699444,0.3671799973758716,0.49968001224364417,-0.18494840062302023,0.3769757992982922,0.5197320944491284,-0.42640619894949855
213,0.4302200105358187,0.4339740471911354,-0.16957096882914316,0.3662596933600959,0.4966158731682543,-0.12887881624533254,0.351650244681399,0.5188123012989296,-0.32098067470087993
214,0.4297533257724026,0.4335429594271905,-0.15867651657069118,0.3661215018414767,0.49050516426702884,-0.11240152816021977,0.3325054395026578,0.5177963658890236,-0.29872749745449434
215,0.429346325559948,0.4328417704810514,-0.15811813302308808,0.3655670090689103,0.48272915324127535,-0.14834279278136342,0.3239395237653155,0.5158416034494707,-0.3758100631250552
216,0.4289466626919449,0.4321171114220872,-0.1778145803484018,0.3630730323740396,0.47623220615085143,-0.2220117158174093,0.3228764156719702,0.5126444358037504,-0.5042498341342273
217,0.42859407030537316,0.43172443674516375,-0.2131524793309517,0.3581331636096067,0.4731111436730589,-0.3037556337603896,0.32297732136613544,0.5087651141141456,-0.6240279335799537
218,0.428394924730645,0.431851018549127,-0.24209996897952865,0.3518509428876333,0.4731456799936484,-0.36022840656825134,0.32082983273984716,0.5055339437276469,-0.6940693750340989
219,0.42837353267301853,0.4323440090958153,-0.24454541512420172,0.34607581187545244,0.4746346630215163,-0.37039372175157925,0.3172662649141171,0.5042369746463075,-0.698640040714976
220,0.42838384500590204,0.43285762094737457,-0.2266757327672499,0.34175109427663614,0.47622561165387445,-0.3458561644372032,0.3144481681356906,0.5052103659642391,-0.6573610487795918
221,0.42829263916111526,0.4331788168872839,-0.21486945907649968,0.33845593166224874,0.47761972683369913,-0.3221107328935755,0.31313179659689294,0.5076521835589723,-0.6165800621193153
222,0.4283176195620916,0.43337147619988914,-0.22006190418124308,0.33579147759475797,0.47883950964627875,-0.3173639988566399,0.31250883587549094,0.5102729046872445,-0.6065576681455533
223,0.42912950317036364,0.4336057855523716,-0.22222529648680267,0.33444830439132084,0.4795318459673268,-0.3131927661170075,0.31215938593664877,0.5121616610024344,-0.6131420100030384
224,0.43149750692385425,0.433916909894293,-0.19924594154886083,0.3352115052529579,0.479302906794902,-0.2857474448055546,0.31393463933820187,0.5131148430631531,-0.6033949208864133
225,0.4356535899062998,0.43417652580816113,-0.1588636086124753,0.3374712815667503,0.47839642179272446,-0.24225508228168702,0.32106654950442115,0.5132758077296768,-0.5702060781880288
226,0.4408108200501184,0.43424688706359105,-0.13179006250149133,0.33954149753625823,0.4776125817375119,-0.21479666433516995,0.33447798286853575,0.5127252526153159,-0.5402502183814534
227,0.4453705815272023,0.43407378958453147,-0.13935080584670514,0.3402610399792095,0.4775309627177692,-0.2241538969975294,0.3507984236328045,0.5115906344649908,-0.5405451021082702
228,0.44803229744556206,0.4336462920450482,-0.17227592775542808,0.33973883726231896,0.47798280471181226,-0.25728962890118984,0.3657134186691878,0.5102135252966997,-0.5658068004151998
229,0.4490142361758596,0.4329908796529305,-0.19775689689322315,0.33879489419628683,0.47829358491417084,-0.28038626426661034,0.37889614795753945,0.5086775513232651,-0.5848489480883138
230,0.44996861535397087,0.43225190075217385,-0.1888955816242576,0.33834112344636025,0.4779557595765333,-0.27314844375864356,0.3937445500171443,0.506359632558213,-0.5780380962236966
231,0.45234553071206535,0.4316616913662605,-0.15137097789418627,0.339162364662204,0.47706785160839715,-0.2493280193461562,0.412131876780137,0.5026867039768969,-0.559977304768913
232,0.45591963246975287,0.4313346927387311,-0.11756675184481802,0.34137152707312085,0.4761536352868012,-0.24136424578662524,0.43108618820559585,0.4983726648226564,-0.5607381157627618
233,0.45921986688357264,0.4311488196133586,-0.11154021483174317,0.34374109703382544,0.4755893678341633,-0.26592577279605445,0.44542893685300494,0.49514899467503604,-0.5909555704696529
234,0.4613346092439191,0.43089385142714554,-0.12651501471328364,0.3445767520953219,0.47534946288565105,-0.30858841427067724,0.4531129513803589,0.4940188893191667,-0.6322441089524664
235,0.4628952754752622,0.43047676818224395,-0.14051498741573318,0.3444476029205481,0.4754644949653847,-0.3418316686228196,0.45746788098233915,0.49433618200903323,-0.6591921963365241
236,0.4651407927619937,0.42994128593568587,-0.14363888044232062,0.34770368595945417,0.4765904711999848,-0.3510177387369472,0.46428384379350984,0.49490874998652606,-0.6620268948525388
237,0.46835141804563235,0.42938224472749864,-0.14015273832300784,0.3594528609339621,0.47967102286282587,-0.33901809612738243,0.47689865484433497,0.4955934967889673,-0.6445979734754642
238,0.4715523690396679,0.4289106070852617,-0.13223215006495911,0.37982654916546166,0.4847132729860736,-0.31369676085331666,0.4939883324583251,0.49729002496913494,-0.6096266049174257
239,0.4736290694968693,0.4286246141041653,-0.11718171361843414,0.40215098098714963,0.4901304890181673,-0.28279312399849654,0.5115775232910383,0.5002812957028434,-0.5592169882959359
240,0.4743628695654145,0.42854730406763764,-0.10011271440411973,0.41834685875741034,0.4938338852962575,-0.25993506717031933,0.5265965155833293,0.5029952819392401,-0.5095607496229679
241,0.47434942330817637,0.42864172751504986,-0.09518171498571829,0.42593158937255265,0.4952219907259384,-0.261500729480096,0.5381879601416211,0.5032424888935908,-0.48971558847048774
242,0.4742378051773959,0.4289120711450563,-0.1082543062763856,0.42841109649024917,0.49600781161326024,-0.28867477249783613,0.5459335965744241,0.5014160818752679,-0.5142203364218488
243,0.47424074180299935,0.42940033046882126,-0.12612740970311476,0.42922045019953187,0.49883858471674286,-0.3193808568620634,0.5482385809608584,0.5017077897119957,-0.5627283072753704
244,0.4742078712463473,0.430028507569969,-0.13029090577379282,0.42753943794795707,0.504422059544221,-0.32930692371251835,0.5438180610199468,0.5072975976626785,-0.599717487706383
245,0.4738831960688431,0.4305607543440268,-0.11908923505179062,0.4210232684947539,0.5093691264207091,-0.3216778641258563,0.5341184332961879,0.512566918920587,-0.6150800696692182
246,0.4730251773392416,0.4308737616303576,-0.1101331871593955,0.410726385250333,0.5078232400691979,-0.32660477064121834,0.5223989476180999,0.5040420559640969,-0.6332822272463122
247,0.47148376642626255,0.4311980949144078,-0.11960664679337642,0.40099096765992054,0.49734943283580674,-0.3639706818750435,0.510212650190548,0.47592014834301566,-0.6767380707819397
248,0.46936317055541676,0.43185857852756243,-0.14364096478224983,0.39467009034671097,0.48334025947224984,-0.4126264535207716,0.49624235955588825,0.4439090014607557,-0.730616217218383
249,0.46707001608624066,0.4327392890746483,-0.16336261692724066,0.390346865452357,0.4752057464504474,-0.4280886446937266,0.47905769069204973,0.43430233168322413,-0.7560480656190445
250,0.4650351755446611,0.4332538219003783,-0.16450895320147155,0.38488921321486724,0.4772886770681335,-0.3903693632830953,0.46002944586079236,0.45587057441972023,-0.7335867292689701
251,0.4633025569470307,0.43299010879740807,-0.14565621141118376,0.37760946161318926,0.4853112234288608,-0.3203745117547489,0.44273933394180987,0.49024255579208315,-0.6780450845977797
252,0.461355491843792,0.43221962448561096,-0.109412184086226,0.3708993685115989,0.49212496689639607,-0.24558207364683957,0.429371639399311,0.513448976058326,-0.6076656053403471
253,0.4583274661010173,0.4316173256125091,-0.05709933101548684,0.36704150864335244,0.4946940652345461,-0.1678606441766946,0.41801601079095935,0.5192866670411478,-0.5164054622100289
254,0.4535197032645298,0.4315937241196115,0.0022587746015597324,0.3654731809216839,0.494747125196307,-0.07911080079513844,0.40428116739667597,0.5178426393128666,-0.39274622108574586
255,0.4469874825105307,0.43205823013067646,0.04696987418972299,0.3638305792395268,0.49493495425720346,0.006046385994084544,0.38580889557996983,0.518883698658616,-0.2568729663988589
256,0.4397691539168973,0.43275141293131625,0.057157741317689796,0.36105558438640795,0.4961179915850983,0.05591650612365413,0.36472741835806377,0.5232026832165918,-0.15670590714638644
257,0.4333726461546472,0.43356515449258043,0.031765241602611835,0.3582836358078617,0.49751651456897644,0.056568512727983584,0.3457173913403766,0.5267886620573362,-0.12401073858475921
258,0.4286704123918497,0.4344558771508003,-0.014871110459999937,0.3565726949997382,0.4980053912693685,0.021591979562525215,0.33229538701620054,0.5273095446690456,-0.1517200181166053
259,0.42512501180475165,0.4352521900924742,-0.06858550156975848,0.35506389426608675,0.4971684447438259,-0.03259420472728064,0.32497589941633503,0.5256134480738476,-0.21813974220520382
260,0.4212966467251032,0.4357776381783996,-0.11972306224550187,0.35235761395374343,0.49578223716829817,-0.10161853734334125,0.32217499391664467,0.5236797315327432,-0.31232908307076523
261,0.41630970752632884,0.436108921981443,-0.15690580471272164,0.34895445031370786,0.4953620055996105,-0.17793315941933938,0.3219942221470278,0.5227413412884993,-0.4224126938949733
262,0.4107386463013923,0.4365042658173939,-0.16956190124408954,0.346907079444749,0.4967784129690411,-0.23871949740668566,0.32319377104276753,0.5228468442101317,-0.5176784150897683
263,0.40599221168405714,0.43706250127021123,-0.16046211756244352,0.34689070861479937,0.4992547422249109,-0.263805843143945,0.3257211999770892,0.5232971625903304,-0.5674477274368415
264,0.4030343729157813,0.43761670641931805,-0.14746506521275005,0.3468129732867662,0.5011282962643434,-0.25884896576612404,0.33130037069797214,0.5233070347061933,-0.5733001277480041
265,0.4018578266640221,0.437993235149289,-0.14566612111688504,0.344258407645666,0.5016704797938248,-0.2472040468775867,0.3426858961890457,0.5225519946335041,-0.5618648571683482
266,0.4019422765733328,0.4382280675723111,-0.1496181724017303,0.33993981845610793,0.5017240725982701,-0.2395243909327531,0.360956074849719,0.5214176557969048,-0.5465536120647743
267,0.4027817767164298,0.43846321486711737,-0.13945465179387778,0.33776584163157897,0.5024095865546003,-0.22296145737853454,0.3835964104720671,0.520895999986687,-0.5147759119686984
268,0.40390766370631814,0.438737726367632,-0.10853822966908337,0.3411598761800319,0.503731321062143,-0.18593339224774114,0.40592930267835825,0.5221060551178955,-0.45562326440762513
269,0.40481949450805843,0.438987413473841,-0.08210804467235057,0.34974347143105555,0.5049132989466161,-0.146235145565943,0.4244937843346108,0.5255783317103926,-0.3850926706007868
270,0.4052741561099381,0.4392341393805695,-0.09829048502325193,0.3601147212479174,0.5058215884696566,-0.1411350381680857,0.43946885841786415,0.530869826176436,-0.3355425106968484
271,0.40561251526638337,0.4396779157585305,-0.16402509505627677,0.36980260998821357,0.507436061069711,-0.1844419573219572,0.45453292620355246,0.5369111335142189,-0.32541305177417673
272,0.4065785145294998,0.44050634899024704,-0.23868130968657358,0.37979009622261645,0.5107280205437973,-0.24517751758152395,0.4735656657794025,0.5425578226902049,-0.34601674948576416
273,0.4087109844447733,0.4416001895039354,-0.2740083013267203,0.3925930611027476,0.5153324797722587,-0.28205686003192754,0.49613935791045805,0.5467377622640233,-0.3782908322834932
274,0.4118905269990494,0.44253404703964117,-0.2648448777978346,0.4082006106897653,0.5195767879242922,-0.29108608289920485,0.5168007440131939,0.5486054978601629,-0.41610350283297126
275,0.4154259655843984,0.4429700538803926,-0.24548851819224277,0.42289721371338346,0.5218741205529263,-0.3009591617101969,0.5300203016988067,0.5481234841850229,-0.4652533924489789
276,0.41860004393595235,0.4429868573547111,-0.24023053477852477,0.43259641177454566,0.5220490820216369,-0.32507615894423203,0.5354237307273892,0.5463266214920702,-0.5197987216997131
277,0.4213089639545524,0.4428820364356046,-0.23768370478793704,0.43681278832332365,0.5212594907449718,-0.3403271294126073,0.5373302609560537,0.5445975174059863,-0.5502576204960642
278,0.424287751816282,0.4426831527027254,-0.21900321801604228,0.4386128147666402,0.5206854813731028,-0.3207224381005464,0.5397993961454196,0.5437063160332731,-0.5272031680100379
279,0.428511623394735,0.4420628640352609,-0.1939286203365314,0.4408880719466772,0.52045256296925,-0.2770099733117437,0.5430971249387564,0.5436701801437632,-0.4589208760871183
280,0.4340548368439675,0.44083843023536773,-0.19346515631216624,0.44364136423963707,0.5198752093860441,-0.24934654216958135,0.544746456358063,0.5442648431834765,-0.3956136035107212
281,0.4396170526567116,0.439371452720317,-0.23128503044629606,0.4451712137880765,0.5185386579821639,-0.2639922175633032,0.5431318315429581,0.5453455426921576,-0.38539313433498756
282,0.4436607258835223,0.438239875510069,-0.28701837808892017,0.4449267839645066,0.5168500055141654,-0.3094292539016853,0.5396039976466906,0.5467303019241928,-0.4303805911025197
283,0.44613823673338115,0.4375866794155713,-0.33203967653133354,0.4441725109125177,0.5154564842982983,-0.3576478454891959,0.537046173575821,0.5480304343519411,-0.495235002837123
284,0.44855689999312237,0.4370585783969577,-0.35986695391115964,0.44405895807412626,0.5143528985502812,-0.39460715902054944,0.5365827014131279,0.5487789478053244,-0.5484198257753262
285,0.45204341500512596,0.4364063667849649,-0.380471880502076,0.4442688857973724,0.5129157573294071,-0.4186364738936873,0.5362289059422954,0.548839953149072,-0.5785177378406715
286,0.45586055866173747,0.43589312606940495,-0.3926938765830944,0.4442365652871862,0.5110285501347215,-0.4213910054666935,0.5334396995083897,0.5486209050702587,-0.5798416553235325
287,0.4583003325803403,0.4359787377451342,-0.3797655570846775,0.44464199796262077,0.5099345403586798,-0.3911045014936089,0.5286900893378284,0.5484723710798922,-0.5478152910287389
288,0.45872163615926687,0.4367011253338705,-0.33683032631094556,0.4459512724524662,0.5111858498300748,-0.33657630357985213,0.5244943066678762,0.5476119300219583,-0.4958694743146924
289,0.4582360063159181,0.43746952678749035,-0.2902898207170776,0.4455844295663125,0.5141586091530768,-0.2933379619482466,0.5189467352831428,0.544212937349001,-0.46237985260796344
290,0.4584870979812209,0.43750192021148687,-0.27533265631902926,0.439004959632675,0.515317797768651,-0.29378423128467485,0.5022943127397708,0.5375085355689329,-0.48317520078519516
291,0.4601055841413112,0.4365223825707368,-0.29528621235918745,0.42525350116176935,0.5113055647636945,-0.3318233641538284,0.4655220939581013,0.529725749685437,-0.5511531201396181
292,0.46238321590300624,0.4350471966140715,-0.318218427854838,0.4096188258066943,0.5026920238549208,-0.36898876622950855,0.4139151053034903,0.5246609138775218,-0.6166574069654919
293,0.4641753301207072,0.43390928411075064,-0.3190703309645087,0.3985097085742718,0.493375842733036,-0.38202209276550686,0.3665616149915341,0.5236332630122279,-0.6449567383878387
294,0.4649144990582769,0.4334807920733794,-0.3097891428903891,0.39278411231319477,0.48632329538993313,-0.3914150022383475,0.3389060176832198,0.523727418311487,-0.6627864572235657
295,0.4648475823570337,0.4334505775779786,-0.3163857381335905,0.3882867395504159,0.4813585848992246,-0.42880143072032806,0.32969393915011025,0.5210448984896641,-0.7209913671437149
296,0.4645561106838739,0.43334016161043853,-0.3397750859275676,0.381766861087996,0.47723598879133905,-0.4876573882931825,0.32747120302414695,0.5152866945965405,-0.8157682447015705
297,0.46436864647395243,0.4330454881624729,-0.35575141551857054,0.37385725344364135,0.47409382431281377,-0.5266260282908435,0.3250686379757317,0.510090539919477,-0.8800717333613435
298,0.4641669988772089,0.43280477050300253,-0.34470272898116355,0.3670045105272844,0.47285486451169634,-0.5156858189915683,0.32374013725411754,0.508877302936284,-0.8586602292919379
299,0.4636843399345116,0.43281177170512947,-0.30644223080522576,0.3627442028427693,0.47326657759295115,-0.46131040845697197,0.3262590242757716,0.5113929519790572,-0.7656502067903482
300,0.4629410452209953,0.43300219856717304,-0.25622588662323464,0.3608103009088815,0.4738235216640939,-0.3940482405867348,0.3312516481757591,0.514640030716004,-0.663449184119827
301,0.46227153548108824,0.4331457550910262,-0.22139045618338832,0.35932788140805294,0.4734488864307055,-0.34914555656591983,0.3354741148330722,0.5161881723912853,-0.6065958803597423
302,0.46182716678349706,0.4330516461645384,-0.2284610757214427,0.3560777526018877,0.472512217280717,-0.3494236311047338,0.3392175264830494,0.51584257541224,-0.6084798599217586
303,0.46118527041976837,0.4327308389349003,-0.27321977213860055,0.35079208687413105,0.4723099534192433,-0.38594462459313805,0.34710823443636735,0.5147600185488538,-0.6425457423079804
304,0.45971995931506227,0.43240803500466674,-0.3120028632930501,0.3459176553431129,0.4739856794902893,-0.41850945908361586,0.362951727008619,0.5139286112320219,-0.6669720408705493
305,0.45737889900385903,0.43230495571107524,-0.3031291063953467,0.3439945880102603,0.47764743016320416,-0.4108454608222311,0.38456226857182146,0.513546942173649,-0.6557338939115174
306,0.45483353750526284,0.4323694859258365,-0.25481344321876326,0.34457740403138176,0.48203122104920376,-0.3664582861753244,0.4049094210426388,0.5132984056786087,-0.6138943327532592
307,0.45284658221569507,0.4323080616146761,-0.21536845046999198,0.34494562134319334,0.48526118806096596,-0.3222472242005593,0.41876612198874263,0.5128399561491741,-0.5673838734267118
308,0.4518571658402949,0.43192327815671266,-0.2155081202759247,0.3437306971465097,0.486406125601881,-0.3067243828664341,0.42761141134067043,0.512005047542078,-0.5370095218682098
309,0.45224102273759237,0.43131343146180484,-0.23652487888078802,0.3425785441550866,0.486223965686218,-0.3107370832138125,0.43755522069002745,0.5107471002398722,-0.5176543685871927
310,0.45439484450692763,0.43071314884419004,-0.24081869405312653,0.34409581172391335,0.48621568107092145,-0.3037221235209274,0.4526039399619384,0.5091644670412613,-0.4873231293909917
311,0.4581753879723698,0.4302752975562876,-0.21872523088497303,0.3493932138396452,0.48717440202958123,-0.27548330664746884,0.4703345843191242,0.5076285355658273,-0.4442113118334056
312,0.4626513359030402,0.4300688473544039,-0.19300607537342826,0.358049017489462,0.4888185769653757,-0.25160770811383654,0.4846885671925163,0.5066495456667293,-0.42334596656808443
313,0.4668068903868534,0.43016879345223963,-0.18575671978214076,0.369185905721414,0.490601487371128,-0.26258817892523284,0.4928702490861428,0.5064544734981007,-0.45843310159539064
314,0.47020696021322483,0.43063035283858153,-0.19413696574739844,0.38151970218875264,0.49261300167984595,-0.30469636035985664,0.49817189656484623,0.5067839874936866,-0.5324765661044218
315,0.4727289446573991,0.43138359261997267,-0.19656834413359361,0.39316684029981136,0.495591968449532,-0.33952535065557266,0.5054367545250574,0.507180014542469,-0.5848626923096957
316,0.4740980385603851,0.43221795733621265,-0.17485804222513368,0.40278353045351034,0.49992062327130443,-0.33301869635947,0.5154633823784036,0.5074015486343348,-0.5716195254876525
317,0.4741416996406443,0.4329005856695115,-0.13218312944108618,0.4108249053653824,0.5046504107446103,-0.29144574663132,0.5255595617027583,0.5075214906181699,-0.5091957096948458
318,0.47327475878303477,0.43331303839250324,-0.09399791799970571,0.4188478754331275,0.5080361568451106,-0.25425871962745944,0.5342851857755809,0.5077033146751411,-0.45235893320084836
319,0.47231754630241907,0.43349513081699276,-0.08864505215031546,0.4274020184555277,0.5092918492952225,-0.25157823469441604,0.5426658625112134,0.507972888842879,-0.43562050074953845
320,0.4718118861023932,0.43357490937805643,-0.1237360351693245,0.43448677166822036,0.5092240182671399,-0.27781480636467915,0.5501580955956126,0.5082090017827037,-0.4505208131319061
321,0.4716564303870098,0.4336293249296146,-0.18191279791055157,0.435884052370444,0.5088727244243318,-0.311223029196863,0.552198982595056,0.5083060050956827,-0.47887687133379997
322,0.471360061234712,0.4335798868068577,-0.2383247876506595,0.4279983451629957,0.5083803359996689,-0.34561639557201485,0.544245846025718,0.5083043511827291,-0.5239034966950238
323,0.4704756843971591,0.4332305704673212,-0.28009268011279365,0.4116254423181384,0.5075081796156163,-0.3891704941480038,0.5274515390370217,0.5083187839577209,-0.5946132999298639
324,0.46868657530107405,0.4324395081301293,-0.31081203665410634,0.39239517136080065,0.5061923491197701,-0.4395394812963354,0.5079771673505299,0.5083037535917694,-0.6770060249046431
325,0.4655955896896185,0.43129370861326655,-0.3384134172695185,0.37636689489384967,0.5041007899043823,-0.4753397408882381,0.4903667869060431,0.5079989571200136,-0.7379167255689398
326,0.46082948792343703,0.4301270460647673,-0.3585910765544698,0.3655505182179618,0.5006715911055318,-0.47361670320814375,0.47360973601245276,0.5073860734508534,-0.7498771069548608
327,0.4546710577072814,0.42930941060328176,-0.3547523395484985,0.35825090825006745,0.49626356372615876,-0.4309372608477823,0.4547329097969043,0.5072892368076932,-0.7064614004239128
328,0.44836858638417354,0.428971438570648,-0.31969820321849307,0.3525238538855284,0.49256481839853217,-0.36820864963876926,0.4342189006374355,0.5090833182343752,-0.62545988457958
329,0.44328307728554306,0.42898213085664105,-0.2692152775537847,0.34785258595568647,0.4911568185575851,-0.31320193868052637,0.4153942349851381,0.5132733992279755,-0.5404783490072553
330,0.4395559787854033,0.42921017708881515,-0.22383376079737538,0.34408716546112805,0.4919169705055232,-0.27477416538565713,0.39927404321212984,0.5185150787692183,-0.4776427657128836
331,0.4359200525821854,0.42968244068711897,-0.18613417801586113,0.34057875024152195,0.4932339223420096,-0.2401248412507942,0.38313028057639376,0.5225812861092959,-0.43949495156473767
332,0.4310515641428064,0.43041060369076606,-0.14712983211258987,0.3370588491412874,0.4936444430378922,-0.1995660595089817,0.3650127917529166,0.5242688335286957,-0.4157950350795844
333,0.42495884578114435,0.43120763008509394,-0.10540569470669175,0.3344263965627673,0.49299329146321724,-0.1607076794138107,0.34730941054526515,0.5240425486310366,-0.3991483018000242
334,0.41886662137050035,0.43184311740896053,-0.07038463058721717,0.3336590185637749,0.4921242915103858,-0.13506610903972702,0.33428925998986214,0.5231216985823767,-0.3862307329051357
335,0.4139143991461621,0.4323189001868704,-0.05504269680384909,0.33422529743712587,0.49179086469867744,-0.12842222313622295,0.32739670668955545,0.5224285945349797,-0.382276676984601
336,0.4102587404585636,0.43282643376744384,-0.06963552531867698,0.3344305797517338,0.49201204699528883,-0.1480458288261394,0.32431742820584186,0.5222214891715113,-0.4079347155664113
337,0.4073927217135086,0.4334373751460593,-0.11027730958556903,0.33338327713240007,0.49232573601465457,-0.19593253711151773,0.32227580026874514,0.5222102478043386,-0.4748820582919227
338,0.4049862861440175,0.43397892521604114,-0.15067876710397027,0.3320089766065929,0.49242809594196224,-0.2471041179268603,0.32141936824331796,0.5218893508732185,-0.5486483848655467
339,0.40317453289503946,0.43424718899694875,-0.16590539799979784,0.3318671370208083,0.4924666958786163,-0.26574440526522713,0.3246690241947889,0.5209267673195245,-0.5743022458734519
340,0.4021215136568917,0.4342300954032807,-0.17318729899671303,0.33320182623395656,0.4927585164562754,-0.2603526272477292,0.33415651793169554,0.5192970537762485,-0.5551608694316871
341,0.40161562447748766,0.43406075160319424,-0.2205368763851282,0.3344432094436359,0.49334047724574576,-0.2860800047667709,0.3482088679674652,0.5171044388483043,-0.558147173948847
342,0.40131956484441006,0.4338294367953412,-0.3165051766024402,0.3340016871029183,0.4939497096990786,-0.3641354180312251,0.3629614987769633,0.514670477283752,-0.6130789033998705
343,0.4013476190994532,0.4335270159308871,-0.40345595029224796,0.3329495848991022,0.49458606729209237,-0.4382610810413838,0.37736004803206147,0.513156417101894,-0.6605451973818464
344,0.4023280968408318,0.4331690021168844,-0.42879357003628504,0.33554514239547645,0.4960824872342743,-0.44996227019802,0.39515574186151287,0.5146296940236752,-0.641731865871826
345,0.4046812515048543,0.4329272446197102,-0.41500776273136963,0.3458756234119421,0.4998007347305517,-0.4228558245441276,0.42046802347332546,0.5204567617600065,-0.5908971423979352
346,0.4078458149942139,0.43309571478021974,-0.42484508184226955,0.36346858648504626,0.5063045097214098,-0.42654913695135094,0.45194526022339737,0.5293020499624641,-0.5853138730551168
347,0.41048719772085634,0.4338615981170498,-0.474069375678614,0.3831082117022323,0.5142369541050416,-0.4767847852405504,0.482782616817262,0.5375059921783016,-0.6333848247822295
348,0.41177702521330756,0.43503886021270627,-0.514812085018991,0.39951813857117285,0.520868156739039,-0.5171488502631346,0.5065232125964717,0.5420983237185687,-0.665020225760702
349,0.41242477721905335,0.4360796735599858,-0.4998381182607526,0.41139452641797536,0.5240771137957064,-0.4955724742450229,0.5219900088494351,0.5431108210424295,-0.6232859579988574
350,0.41405829195866783,0.43658478914791327,-0.4245349359051162,0.420587543486456,0.5239062015297147,-0.41663508500818697,0.5331600880734645,0.542466068608245,-0.519590024298204
351,0.41742781101760806,0.4369683353044295,-0.30059082921738595,0.4289319962886598,0.5222848560251498,-0.31087188663813375,0.5459927541900355,0.5410242519227707,-0.3943765065418171
352,0.4215545703147638,0.43837291029909253,-0.13741688075013758,0.43712769871407076,0.5213033670368653,-0.1968592397004854,0.5651451260330144,0.5376527161252761,-0.26922215473873334
353,0.4248759324810108,0.4414587996769425,0.022892450834557522,0.4456855130926876,0.5216700977231546,-0.09804410950515549,0.5910352213934225,0.5315452139807678,-0.16000097305562172
354,0.4269182149999078,0.44520484506715136,0.09643953089757021,0.4552212750779021,0.5226766056490056,-0.05969968165742175,0.618452234158362,0.5248284002342372,-0.10138996317294673
355,0.4285368755922657,0.4473281175738425,0.02941257922944693,0.46532340736283095,0.5233313390826643,-0.11202022158305333,0.638886420778782,0.5218633358903502,-0.12500870243477352
356,0.4307363209846509,0.44622035517958736,-0.1367563342576673,0.47365394314914117,0.5231691664249114,-0.23019945171041648,0.6452957562862999,0.5254266294434892,-0.22455755331952715
357,0.4336387438533312,0.442425338668408,-0.3008137556238134,0.477137030202652,0.5221424844536886,-0.35204012053689065,0.6357367808010644,0.5337961543747696,-0.3565018087299523
358,0.4365924976984485,0.43811621147369245,-0.39129618652118026,0.4749058235525102,0.5204009229966009,-0.4249029010503176,0.6144055937614334,0.5421008730607709,-0.46570274374821774
359,0.4389518556429485,0.4352134705435557,-0.4071257102232189,0.4695763699101666,0.5184336036555534,-0.4307183200710558,0.5894447077814847,0.5466752491950005,-0.5127992958238544
360,0.44058319372738697,0.4340919636807312,-0.39207764071550694,0.4642793429411366,0.5169793745924172,-0.39070720162053874,0.5673688101300316,0.5479117204816444,-0.5012063820895319
361,0.44175658896211295,0.43391557561642674,-0.3942844349071028,0.4587242724607436,0.5163914899935484,-0.3591919395586102,0.5485280474197896,0.5489945183252826,-0.4832310921397728
362,0.4427051416123291,0.43377858501911126,-0.43765957609386974,0.4498147981324874,0.5161012026058885,-0.387041050390969,0.5288781574537845,0.5523216809240924,-0.5156222743885522
363,0.44334404934182764,0.43326529018505355,-0.5042202294467686,0.4362272510104555,0.5148275375526077,-0.4675589434755088,0.505681167256372,0.5572820355179806,-0.5957388805830518
364,0.4434684833942056,0.4322067080823613,-0.5408238811710071,0.4208070376736147,0.5114812284875017,-0.5294126149034368,0.4803699521617186,0.561187003225939,-0.6553073462254189
365,0.44315890879547815,0.430462283278583,-0.5014263578282246,0.4078008059513008,0.5061327100277854,-0.5022524138535623,0.4569897919325739,0.5619912725669892,-0.6288180011024995
366,0.4427578514283397,0.42815156526859316,-0.39379433110582374,0.39868932788976724,0.5002339527844167,-0.38927160117359383,0.4395877595235011,0.5598334736585078,-0.5220786339042109
367,0.44233795189654823,0.42586123111118757,-0.27918495886144257,0.3915775780981929,0.4957919770242791,-0.2653013905008871,0.4306458173300453,0.5560781121494075,-0.4056530919481071
368,0.4413621246073892,0.42432757551062356,-0.218082326903773,0.3841414522112953,0.4940631307287936,-0.20263809896000576,0.43023667437299157,0.5516132727275178,-0.3444727023168063
369,0.43911433654281484,0.4238375724161599,-0.21823466726566626,0.3761023105155411,0.4947398785270372,-0.20769775966467355,0.4358363468878332,0.5465657983261977,-0.3430005884626643
370,0.43554318072292925,0.42403945519349795,-0.24008675968691903,0.36886855760891674,0.49630668887847396,-0.23271262310214327,0.4435286744708862,0.5411846753124098,-0.35883127246655144
371,0.4315171842974235,0.42437875258378366,-0.24552235734682568,0.36375857880570434,0.4973599538126529,-0.2352380507541739,0.45022683518455703,0.5363547686655318,-0.35560454819387105
372,0.42806205689985133,0.42460139451717566,-0.2298997345969502,0.36088543322121214,0.497716762167207,-0.21299013646692852,0.4547879974945627,0.5332874667881223,-0.3324593207149528
373,0.42542546084012217,0.4247865018841237,-0.20949076803128935,0.35926946623097644,0.498203996513395,-0.1878404361774803,0.45676690858745533,0.532860923510218,-0.31059857373208855
374,0.4230790325680794,0.42506664759451207,-0.19253892424328264,0.3578202084388594,0.49939518175606756,-0.17317345116437227,0.45493161415112204,0.5349148440294986,-0.30604657399319884
375,0.42055728777682866,0.4254661197199611,-0.17262764273440445,0.35628368783659736,0.5008063265051065,-0.1636428371290044,0.4485247239413669,0.5379431441113095,-0.3177582403417443
376,0.41803091766728134,0.42592463910651407,-0.14801855860755997,0.35506704374671183,0.5015404942424115,-0.15123467758837858,0.4398699698713282,0.5397858568914189,-0.334314788362193
377,0.41599901302806275,0.42634978563522796,-0.1370240412364174,0.3541065507471123,0.5014539268811259,-0.1433594353493797,0.43339457168082784,0.5389081950933042,-0.3478674723779991
378,0.4146538402982458,0.426672495264265,-0.164114700789368,0.3524542911918997,0.5011024697871326,-0.1599746881353723,0.4302985336499415,0.5350804092989782,-0.36286004273103
379,0.41379074845049485,0.42689528864408754,-0.22781378430063962,0.3495072408336289,0.5004342792696633,-0.2100220300373156,0.4251469403546885,0.5291944429862911,-0.38948769068037137
380,0.4132686939864769,0.4270285901700807,-0.288886084419486,0.3463935918304016,0.49821685207758676,-0.27134145442529206,0.41002797956421444,0.5228494355821143,-0.4251402877494823
381,0.41322181574296535,0.4269717586251993,-0.30137423997241214,0.345413346433908,0.49342023440927246,-0.3014090527022007,0.3831358834882851,0.5178112465044146,-0.44777548696025093
382,0.4136806914011659,0.4265747911120157,-0.2589685821766421,0.3477108521856924,0.4869205663819621,-0.27782355396790875,0.35234630586854254,0.5150307796356,-0.43974217653575726
383,0.4143005333856509,0.42587507898990035,-0.20329575839977307,0.35167426162922316,0.4810419561508014,-0.22816022592944735,0.3290219411105434,0.5137583786677344,-0.41971204035400544
384,0.4148264385506189,0.4251712160909816,-0.1816227736397074,0.35405428877854866,0.47728054124909836,-0.20873180810462527,0.3184269403792418,0.5120274747357574,-0.43539131026358296
385,0.41569170452343807,0.4247729642447358,-0.20187198494232222,0.35282522561903235,0.47512573477717435,-0.24677978530379807,0.31697820911966096,0.5086399446719155,-0.5092783992419353
386,0.4176641822516802,0.4247230744194839,-0.23233376101497974,0.34867795212671704,0.4732709349952162,-0.3096041657642515,0.3178529110108588,0.5046300126263593,-0.5983199543070514
387,0.4207693997056272,0.4248195955358073,-0.23874826445303185,0.3437301348913708,0.47123237872349905,-0.33897702740788355,0.31717651650250406,0.5022392029618593,-0.6292571417657358
388,0.42397839515519703,0.42486373884966416,-0.21621711305252045,0.33955497197995255,0.4694299165482265,-0.312864339411058,0.31502816784533033,0.502492419670969,-0.5791144308793887
389,0.4262348016985594,0.42482410619689837,-0.1883208535236507,0.3367891024351844,0.4683271503169793,-0.2637987741024642,0.31347725484742184,0.5043565432099023,-0.5009997994941112
390,0.427562992010836,0.4247810588347876,-0.1809100627680232,0.3356377317208004,0.46799505718738527,-0.2376571036681855,0.3156854550154325,0.5061970842731083,-0.46052456832027405
391,0.4289865472422944,0.42477697688437505,-0.19873976896018208,0.3358677543342844,0.4682267348173801,-0.24737919136223005,0.3254076808806746,0.5073213674221142,-0.4671800473952986
392,0.4315449466737169,0.4247568652096378,-0.2265077457876512,0.33676789516176653,0.4687427942920472,-0.2727583297076142,0.3442998309824167,0.5079784433692905,-0.4849890111710092
393,0.4354313167620002,0.42464793696372444,-0.24903980891580388,0.33772178040680584,0.4693489842386526,-0.29347926974238403,0.3686211080201917,0.5084987199532625,-0.49171826682771314
394,0.43974440916188806,0.424462762838956,-0.2646412703594084,0.33853542077831017,0.469979490133437,-0.30822839190146195,0.3901198589532142,0.5087299393028367,-0.5005219207568541
395,0.4429608560522759,0.4242851259752178,-0.2768607068764171,0.33899177723456625,0.4705556847934942,-0.323717780848879,0.40213561462341346,0.5080231976871926,-0.5281655880755515
396,0.4441387897774251,0.4241461082930513,-0.28066519707530635,0.3387144086758392,0.47087317598216866,-0.3385606250114305,0.40542912518963076,0.5056917370375409,-0.5660955496645785
397,0.44409863751025047,0.4239521735199532,-0.26625749826290845,0.3380163288751772,0.47076262473085057,-0.34477259295904844,0.40750838242115006,0.5017628672882438,-0.590423179319272
398,0.44508861383021353,0.42358056027528557,-0.2362442749483738,0.33838622127407486,0.47035576496089815,-0.34053475334600525,0.41571129937783285,0.4973253476011156,-0.5902973710357381
399,0.44864591562796047,0.42304229407971666,-0.20972541892423285,0.3412175746837311,0.47005511947770934,-0.3347830967289957,0.4307278940610699,0.4938693413678457,-0.5795019211096761
400,0.45384515855384044,0.4225076082959242,-0.20303913943263174,0.34604823611753016,0.47015180399839573,-0.33683628049004166,0.44673784384435894,0.4921555351720782,-0.5812431278652843
401,0.45826897683524515,0.42215080699383767,-0.21037192075931876,0.3509671666773264,0.470532662216966,-0.3435869496655053,0.45765494230073966,0.49181280309570596,-0.6033761136998635
402,0.4607183423955171,0.42198617013067696,-0.21104808533047034,0.3550740903295303,0.4708830370752373,-0.34175573715263585,0.46280225617055243,0.49199516450220354,-0.6297614543452654
403,0.46226091850854906,0.42185614816552963,-0.19518872956672767,0.35960848744074636,0.4711857156885074,-0.3245909102246218,0.466227447318728,0.4922128478700603,-0.6375191441103977
404,0.4644482317982872,0.4215599591518407,-0.17393704105649438,0.366008938321347,0.47187853283656334,-0.3015606079145903,0.47121106595962947,0.4924848122127422,-0.621818210776417
405,0.46728473693852574,0.4210043858782661,-0.16325376598202085,0.37366684400757866,0.4733807126710064,-0.28841400251771965,0.47673160602223863,0.49294449715655814,-0.6008656493373097
406,0.4694669873512975,0.4202692911974809,-0.16673704712849843,0.3805233782242919,0.4754871991919737,-0.29242809134562786,0.47955327162971084,0.4935329329186599,-0.597560475007585
407,0.47012757361136903,0.4195443081800179,-0.17863082403176986,0.3853942017643205,0.4773820215840719,-0.31075797029116986,0.47864415947318245,0.4940488170607721,-0.6201738110538533
408,0.46968741309455964,0.4189971265687191,-0.19601631791394963,0.3886736188262012,0.4783297757933223,-0.3379144713357735,0.4764689361997427,0.49435721457099646,-0.6600222475911333
409,0.4690932383503008,0.41871416918355436,-0.22000893205618743,0.3909211998267119,0.47829352431402095,-0.36900125934895295,0.47617641134965183,0.4944886717010551,-0.7011790801766302
410,0.46876643504208604,0.4187597265191022,-0.24714350950642142,0.39189417012400335,0.4778561338133943,-0.39698862827365117,0.4785799398855926,0.4945632863331005,-0.7276285412092378
411,0.468497929269104,0.4191972375036036,-0.26782523156996096,0.3913142532185672,0.47765754687460005,-0.412192348947332,0.48228795525088974,0.4946759563135772,-0.7253265678512295
412,0.4680968133079556,0.41996227322211493,-0.2764979848927481,0.3897459700373893,0.4779558127649806,-0.4089937765545755,0.4860167621527146,0.4948710021174033,-0.6896952465673324
413,0.46781498045358577,0.4207837952957907,-0.2781976898218082,0.3881070117331692,0.4785828755628976,-0.3944368800466978,0.48986690049118176,0.49515864401499454,-0.6382872377973393
414,0.4679756251667362,0.42136956170294515,-0.2803173750610621,0.3865962927966933,0.47919906068700985,-0.38605891920589974,0.49431748137284887,0.49548522719542976,-0.606044053152879
415,0.4681761596497733,0.42166342965435244,-0.28198574004542803,0.38448984858905494,0.4796449686861513,-0.3958699871191329,0.49872582854167385,0.4957248646311203,-0.6144669063434397
416,0.4671089777049827,0.4218218802361897,-0.2783829484142144,0.3810064484342249,0.4801028081954929,-0.4182406732303656,0.5015041331730099,0.4957828423907456,-0.6499816055025268
417,0.46363946218340807,0.42196284189699473,-0.2718276386263396,0.3763038443549628,0.4808636677536886,-0.43725793599152546,0.501760318283954,0.49568723502570405,-0.6820607093112816
418,0.45820295125018523,0.4220723116233699,-0.2683449165227727,0.3715956243764967,0.48194189199354776,-0.44179312936714066,0.5003017024255226,0.49549442932557713,-0.6941892047825221
419,0.4526186660883609,0.42219371154821494,-0.26565892651984746,0.3682179594516272,0.48302479119932146,-0.43094549367856155,0.4988480960121851,0.49516323349842556,-0.6894291457880224
420,0.44807707333105634,0.4225721567292011,-0.25755184813987525,0.3664986583688967,0.4838411188137313,-0.4128737901988765,0.4983464207431745,0.4947406936767296,-0.6789506109625465
421,0.4437323845782304,0.423456138574149,-0.24912359976683915,0.3654785596274455,0.48451179401931244,-0.40174924008281354,0.4978033121012005,0.4947271401347592,-0.6753329853996252
422,0.4379121867177154,0.4247569252954937,-0.2532350480944865,0.36370089839099246,0.4854520672516794,-0.40811246803893003,0.4944371834680682,0.49593108313715095,-0.6883513367707768
423,0.430443130276812,0.42602570628834935,-0.270893084764243,0.36034391295722423,0.4868566977602309,-0.43008426743669964,0.4854085107936513,0.4986044156845995,-0.7209604802326166
424,0.42303333317089226,0.42682788208934275,-0.2883057968315729,0.3557880796553752,0.4883163825297934,-0.4578539961991917,0.470450534278706,0.5018688865888272,-0.7699543600023646
425,0.4173471676522409,0.42709461499619383,-0.294306503403825,0.35121756060524656,0.48915699203512486,-0.4808992365122407,0.45335441841615204,0.5045250334195147,-0.8219067205736155
426,0.4133524310392893,0.427091242782417,-0.28877566347277445,0.3475990224579094,0.4893021863643933,-0.48439520062416164,0.4401076920849817,0.5065674034513362,-0.8433876725541868
427,0.4097920289314473,0.42711378285980894,-0.27333823672274976,0.3449054091340054,0.4895820891460776,-0.4495561786920974,0.4337600882648929,0.5093617060903943,-0.7933327940878455
428,0.4058065711369547,0.4272621207492013,-0.24582861885161628,0.34219815021752176,0.49085992612014456,-0.37159227278788914,0.43003962138320817,0.5138630627235827,-0.6639253076517537
429,0.40170562290303435,0.42744877357714806,-0.20700305400842178,0.33836013942360676,0.4929349391004171,-0.27293037599453346,0.41954135233874723,0.5190008433052251,-0.5016236726204047
430,0.3983368672714747,0.42754119949677827,-0.16471600656962507,0.33290932270655826,0.4946857925019314,-0.18812840732126293,0.39664669061816643,0.5224730050879658,-0.37331100572765563
431,0.3960546820521657,0.42748220007999427,-0.12965029972401867,0.3264818384073141,0.4953011930124049,-0.13882160868640003,0.3658390415633537,0.523109406816866,-0.3165409427362533
432,0.3943864463913644,0.42732891432919984,-0.11200088574635682,0.3206144484153547,0.49496106698685194,-0.129553856028952,0.33731116256648935,0.5219074389986793,-0.33002433243174667
433,0.39259003788772906,0.4272302945906973,-0.12011061212129713,0.316704450867692,0.4942535345087835,-0.15886964339588594,0.3173809011031905,0.5206964141921915,-0.39733086056569417
434,0.39040391899682286,0.42735436452117,-0.15398523834804972,0.3148520403795,0.4934241088016973,-0.21953222862898156,0.3052057331555662,0.5203565186945226,-0.49784322494574507
435,0.38818755391387383,0.4277650409950957,-0.20011155984704693,0.3137811606903998,0.4924573620816745,-0.28994915111044933,0.2971298752957445,0.5205789510626251,-0.598903626842887
436,0.3864170636778976,0.42833292323100103,-0.23976352868252687,0.31212332722334163,0.4914936250488108,-0.3416428224080868,0.29110526391550284,0.5208319853311348,-0.6647437562646893
437,0.38521334139684443,0.4288099152358829,-0.2617163745776681,0.30971737764974155,0.4907366186325812,-0.360776426134106,0.2870951972756601,0.5209613911719647,-0.6856039437236807
438,0.3843890770153768,0.42903138988058753,-0.261305086169712,0.3074858830710448,0.49009438902857055,-0.35315838211618467,0.2854994722117407,0.5209102815390777,-0.6819039748982736
439,0.3837976764822769,0.42903001127604545,-0.2335278875549908,0.3063692233431098,0.4893098438985301,-0.32636788788771287,0.2860159218051702,0.52040358427465,-0.6676968340584396
440,0.3835004594194275,0.4289475198805196,-0.17966608230339232,0.3068265170709097,0.48846051552853464,-0.27890960639046763,0.28732140378839965,0.5192222123970223,-0.6249270494813001
441,0.38361331141919125,0.4288720257734979,-0.11830169362495566,0.3089594504479485,0.48795876024089246,-0.212856391706854,0.287784394292969,0.5175348307094588,-0.5323255542666603
442,0.38406073862601503,0.42877326089571266,-0.07692332825396074,0.3122514740180334,0.48791271527926194,-0.1480089114781078,0.2876391632544444,0.5156247892387307,-0.4129981277355241
443,0.3845011693784807,0.42856840491376647,-0.07007688713727346,0.3152991310756481,0.4878866907295699,-0.11287019606872964,0.29100161097563715,0.5134854097454168,-0.329787192664964
444,0.3845614123086948,0.42824281176786594,-0.09132939427724544,0.316902246992443,0.48773179454056714,-0.12019741386807595,0.30436877953035174,0.51121304540561,-0.32337043692048845
445,0.3843063771609025,0.4279148853907185,-0.12438865669641283,0.317922645831112,0.48843871346553436,-0.1549583145840333,0.33138068024947676,0.5098886525444202,-0.36735102661345864
446,0.38449963214827004,0.42775435116307636,-0.155167392159557,0.3212351454832571,0.4914474391356564,-0.18759939853064536,0.36852975421439066,0.5114182653597555,-0.39711228453223
447,0.38612609418309274,0.4278021327756499,-0.17504747574310278,0.32889149945248425,0.49680409026129124,-0.1981186751486446,0.4060460310653599,0.5167463502564477,-0.3768667835608811
448,0.3894243203986909,0.4278988201728806,-0.181695443251361,0.33968604706400474,0.5025079044702531,-0.1884131257217451,0.4336090901351271,0.5242889214423169,-0.3263486297013679
449,0.3935596614986032,0.4278484079284567,-0.18172159528684664,0.3506068007812311,0.5062239359178929,-0.1761366802662381,0.44738049810900893,0.5308906115638139,-0.2871049451912605
450,0.39748610339288953,0.4276524418052349,-0.18885601781269248,0.3605178285963965,0.5074774996431936,-0.17962540801681337,0.45314899687431787,0.5346170182260719,-0.27995252183858066
451,0.40091969422405194,0.42752675513532384,-0.21226267734190282,0.3708540291837414,0.5077632306879456,-0.20455766477041554,0.4611520786081213,0.5361424647459302,-0.2976366157086177
452,0.4041590558181289,0.4276534270804987,-0.2449728165342656,0.3822353346707486,0.508610601056608,-0.23929351621316966,0.47557025353129495,0.5372558234017794,-0.32287257423680465
453,0.4072063675798819,0.4279392849890656,-0.26992171014985333,0.39213360820713944,0.5099802471463573,-0.26469425102163957,0.48989505818378387,0.5386163592309892,-0.3441114404833338
454,0.4096038614510547,0.428064527630301,-0.2812284556905748,0.3973534841786332,0.5107434200029756,-0.2738226520979753,0.49487766674811695,0.5394820086616603,-0.3610463802149734
455,0.4111759569799184,0.42779181347442985,-0.2936001805421899,0.3979746295424694,0.5104792783181353,-0.28043243009910085,0.4901687928536802,0.5393968450874946,-0.38143600171108366
456,0.41247220449401156,0.42721110603780704,-0.32290576345316097,0.39725196017934633,0.5102024660206103,-0.30164116841342004,0.48447158383360234,0.539393431731601,-0.4091088030514098
457,0.41420471438075224,0.4266549525728892,-0.36035179249991994,0.39766631079649994,0.5108387552988172,-0.33351071899653123,0.4832951884805513,0.540975164768681,-0.43386649286002676
458,0.41646446546973137,0.4263812545965661,-0.3775390791955156,0.39830195147187986,0.5113272406488889,-0.352556913616878,0.4806358725992768,0.5441771727737338,-0.43983234218766737
459,0.4187370944685991,0.4263590703503474,-0.3606360434116196,0.3964756535189339,0.5092572022213558,-0.34294297781792843,0.46660020085210213,0.5474808287161984,-0.42538554437412446
460,0.4205297941814084,0.42632764513535254,-0.32914750612164956,0.3911213105993495,0.5037865694086584,-0.3141918140166019,0.44113205653575327,0.54985743517347,-0.407386227071695
461,0.4217345187365882,0.4259983275925975,-0.31328490941315723,0.3840030324274092,0.4970986814765575,-0.28899339747941116,0.41494012856321244,0.5519050963481934,-0.40239835911796656
462,0.4224984469518251,0.42523496155930024,-0.3184960513695073,0.3779363571809114,0.4922307375509921,-0.2786622150653003,0.3969041958319639,0.5541686373333019,-0.4082137486773443
463,0.42299929786073887,0.4241636060864763,-0.3196830587361567,0.37424595297813723,0.4900125056110965,-0.27310301413612126,0.3862765876557917,0.5552292779416689,-0.4058607659519748
464,0.42334650344722585,0.42313271602412456,-0.28964819464919284,0.3719124078767454,0.48894452375668046,-0.2528493836118578,0.37879750191891226,0.5528933928942885,-0.3777491762148351
465,0.4235482460081336,0.42248468715123505,-0.2290437036334622,0.36902106163514864,0.48766650629046016,-0.21026318611665187,0.3746071967920002,0.5470691502378748,-0.32452635089405585
466,0.42349806107540344,0.4223611274072023,-0.1667654294209496,0.3649059457830891,0.48656041203668576,-0.15945497262879155,0.37650037475042475,0.5401789692471982,-0.26692130348693754
467,0.4230120305385051,0.42274695529861556,-0.13349109589454805,0.36059624359357106,0.4868591129450365,-0.12509784725358072,0.38407903167678403,0.5346111013085267,-0.23133168384384625
468,0.421972575364091,0.4235671915252576,-0.13844612286394745,0.3571449186494108,0.4888859132117885,-0.12160696741138324,0.39329526048935654,0.5308582821271308,-0.2309803414313319
469,0.4205137410243493,0.42462390252580723,-0.1689576276607303,0.35420028226683065,0.4915434946445604,-0.142359869921231,0.40015780504213344,0.5285185815281487,-0.25635029548841737
470,0.41900198206380773,0.42556634044941016,-0.20287679332994124,0.3507915815547222,0.4932951500158848,-0.16520295773382382,0.4025396197375767,0.5280124772380245,-0.2795893159460857
471,0.4177079560878587,0.4261024637621726,-0.21905420118066815,0.3470165877157463,0.49336390911742467,-0.16752632565870734,0.3995988715970378,0.5301048068832671,-0.2728707974909997
472,0.41646478612785737,0.4262380770411803,-0.20751414978304808,0.344070079357677,0.49209951152603015,-0.14479987503270517,0.3918223302453607,0.5338561975190919,-0.23789919552784217
473,0.4147400298933084,0.4262387398112193,-0.17977627021847944,0.3426622303702538,0.49052071283588533,-0.12214805026449879,0.3812876196973684,0.5361608958605661,-0.22274972802693904
474,0.4122022346106202,0.42636173650012205,-0.16308544257640398,0.34215290537589454,0.4895113777119185,-0.1374713632276211,0.3697047657445173,0.5340875920350381,-0.28577395372941816
475,0.4092773063026394,0.42664517092835685,-0.17245469679559344,0.341385734076475,0.4891082806749145,-0.19651722279370964,0.35599783256264894,0.5276724005391734,-0.41815236192640065
476,0.40697490928268903,0.4269323320815234,-0.19059758618297754,0.3398031473496034,0.488398948827214,-0.2517233347106365,0.3379381502321765,0.5200944222889509,-0.5224710256340899
477,0.40599153659427833,0.4270585799028247,-0.18672211887085685,0.33753507186255866,0.4862912768045634,-0.2475148818640618,0.3169540735999395,0.5148891424888186,-0.5066477190382123
478,0.40606981920368385,0.4269954094173019,-0.15321344494696984,0.33479008100918733,0.48251751797754794,-0.18392984798702555,0.29925450495299427,0.5129734357492746,-0.3896072832228014
479,0.40634635318736345,0.42683700966758925,-0.11284359803683319,0.33137200503516107,0.47785055877367,-0.11628094029252195,0.2903068296934511,0.5124028499567745,-0.2809905068777005
480,0.4061954188611136,0.42669188927645935,-0.09295477241247008,0.32672914651320323,0.4734345667282215,-0.09746972658187764,0.28909010371805577,0.5107530825880747,-0.2695016316868821
481,0.40563035320624147,0.4265958998140104,-0.10359481619372839,0.32063961008314273,0.4700940040598497,-0.13743821684568452,0.28956527439617297,0.5073798845824411,-0.35698372554884156
482,0.40504885650344,0.42649562896360976,-0.13746066477079366,0.31396288818506624,0.46814082085899705,-0.20843461237698693,0.2873803317503812,0.5035211895947436,-0.47692024005497746
483,0.4047746862848237,0.4262980274808495,-0.17899147874109608,0.3083888709498773,0.4674300108856446,-0.26881941034328405,0.2833661272639572,0.5008204611298898,-0.5455805883652631
484,0.40481915848330374,0.42595830007771485,-0.2118441711270294,0.3051408198832144,0.46747476247473646,-0.2861129146760855,0.2806627829672508,0.5000649066270428,-0.5154520404183635
485,0.40496654828128387,0.42553971613319636,-0.22557357621954502,0.3039633579176848,0.4677122327846106,-0.2557492895315991,0.2808153665472116,0.501011081168083,-0.41134044862163216
486,0.4050387478841535,0.4251821819797915,-0.22089894983429348,0.303430366816106,0.46779452536995736,-0.20334976741819621,0.28385336165604086,0.5028786780977597,-0.30975740017092745
487,0.4050741437459288,0.4250003236838989,-0.2084737235614739,0.302220734742,0.46769555587873096,-0.1628207718722276,0.29041077943467675,0.5048073685372408,-0.267043629767798
488,0.40523598336024014,0.42499795277562313,-0.200701168482771,0.3001699138100221,0.46769379878200446,-0.14977290218892828,0.3015181361979922,0.5060729133769939,-0.27292278548514515
489,0.40556166725509424,0.42505618944709234,-0.2044418561742989,0.29812366597210044,0.46824790376156783,-0.1584770942029959,0.3162755469385415,0.5062214269264731,-0.28270308747261647
490,0.40590248597094325,0.4249939432809931,-0.22088517872595828,0.29680902545321425,0.4695843728376252,-0.18097670190174617,0.33127225951880046,0.5051678560135853,-0.2825550385533387
491,0.40620374070650994,0.42467908976064733,-0.247811074897481,0.296149366728672,0.4712265178860267,-0.21823347863461282,0.34336040029548953,0.50318854772964,-0.30359170350767917
492,0.4067675698526957,0.42413670333693315,-0.27704234201665656,0.2959659639772723,0.47219579833143116,-0.26790063103136724,0.3527746210643216,0.5008346955141628,-0.371355976824557
493,0.4080428744579826,0.4235359461602971,-0.292455503015847,0.29703712466866145,0.47197255520400627,-0.31103314969041,0.3626105290162667,0.4987613702333451,-0.46107874662116144
494,0.4100894856417434,0.42299596175603593,-0.2798340707014769,0.3006908953774865,0.47110186083825534,-0.32395209572670663,0.3749456481289039,0.49739599998910206,-0.5175565688507907
495,0.41242589021913073,0.4224040458498016,-0.24333333134980847,0.30694291992362766,0.47055818953039114,-0.30374697752155927,0.388339020724645,0.4966440544729254,-0.5121468274805084
496,0.41465418720016667,0.4215284227061097,-0.20707959650717703,0.3135437250193737,0.47063625349435106,-0.27325688907677903,0.39982246940476673,0.4960207198560878,-0.46735012391876674
497,0.4172398857251163,0.4203378662110849,-0.19440033613632954,0.3178928787469969,0.4708530602880708,-0.25875881041461946,0.40870990719633193,0.4951533024091599,-0.43023279115654744
498,0.4212911622716666,0.4191080290602152,-0.20646231176189203,0.320510633354626,0.4709963410974962,-0.26864601919891395,0.4177758042391407,0.4941181377011,-0.43451173113715424
499,0.4271722242274549,0.41818462026859016,-0.224469759690814,0.32617831230126837,0.47184542305005067,-0.2944891950834672,0.43127841678228396,0.4932965669785626,-0.48408842395307367
500,0.433492268755493,0.4177322959599006,-0.23077312125370103,0.34015517080134916,0.47443885479671283,-0.32498582415506105,0.4520753873844696,0.4929718755634088,-0.5565949910403458
501,0.43802711447743875,0.41771024488009784,-0.22385684581720883,0.3620588904484456,0.47870790651093237,-0.35351164484281994,0.4790730297863778,0.4930882140477534,-0.6179036907106167
502,0.4398774814313552,0.4179663114825076,-0.21424740572221468,0.38455044821406287,0.48324223564923435,-0.3761552875738754,0.5064682211019895,0.49339132435286676,-0.643679655989361
503,0.44048006867594597,0.41831406944053035,-0.21179799463997892,0.40026214815585276,0.4865315687413495,-0.3903561471011031,0.5273265729283283,0.49376707611674636,-0.6366781864002152
504,0.44229267197091515,0.4185980098386079,-0.2187541518033966,0.40944487155123693,0.48817267699068245,-0.3973853376569537,0.5396083405439203,0.4943215689551204,-0.6228309855898727
505,0.44656073422990555,0.4187348378038116,-0.22987334844983143,0.4181202949899337,0.48874827724128744,-0.40121326515144595,0.547392103912026,0.49501626165867135,-0.6256440811243844
506,0.4524716740762022,0.4186929823587726,-0.23544120950446493,0.4293100025917691,0.488853972268153,-0.4030583533916258,0.5552049861585516,0.4953294855157583,-0.6439664320883005
507,0.45826852319056405,0.4184884784550075,-0.22794627640310797,0.43969395080404483,0.488618858192288,-0.4013206830310341,0.5631870622601242,0.4945783424481641,-0.6576925225291638
508,0.46267860151562923,0.41827971793343455,-0.21038147081829928,0.4449835375342353,0.488148748257065,-0.3976322923148992,0.5688332297392223,0.4926834737280508,-0.6531132337943434
509,0.46518712245985344,0.41839175660772054,-0.19640112216602745,0.4442855790377256,0.4880177214124967,-0.39733608130011433,0.5704477343937217,0.4903174779603605,-0.6364680347933264
510,0.46568921240376127,0.4190299561065859,-0.198569843670414,0.4375531425461253,0.48888540440510864,-0.4014571656902182,0.5664638786920598,0.4880713363695545,-0.6222834944527902
511,0.4645536752122012,0.41989042323723225,-0.21626480203875548,0.42290555865009943,0.49054368801534237,-0.4026556666576632,0.5541323211770771,0.4858040591471046,-0.6152041953889263
512,0.4627553422550622,0.4202287700772068,-0.23727037476642945,0.40025915582105337,0.4916190266279822,-0.3937016304160314,0.5328588403514956,0.48319826078435313,-0.6082240767659891
513,0.46135051759931617,0.41948181229347903,-0.2508976096819794,0.3755338774548809,0.49053246192162975,-0.37813332113742476,0.5079127518751133,0.4806322356384019,-0.5959919345812034
514,0.46072716742991415,0.4178034453043859,-0.25518117534889,0.3571494764063092,0.48688441478931943,-0.3659246465240509,0.4871869293125075,0.4788966760768913,-0.5823134501825207
515,0.46049293403874036,0.41595613978704077,-0.24969337397727753,0.3483767530114924,0.4818913920035745,-0.35686968548695625,0.4739459688396662,0.47820137726472867,-0.57116587782066
516,0.45994827550611994,0.414726659218857,-0.22944223581352297,0.3456474607632368,0.47741228811628184,-0.33654025207921495,0.464772988716541,0.47816411616120025,-0.5565684228945523
517,0.4584881268552077,0.4144086187158105,-0.19475026334086493,0.3440307032936578,0.4744733065278961,-0.2960545655396553,0.45423477294347586,0.47876815809202855,-0.5299146766285844
518,0.4557576484829571,0.4146983327430093,-0.1621345797826437,0.34182640583011026,0.4726658775461721,-0.2503130150545673,0.43969645271390373,0.4804728108101247,-0.49640263754301683
519,0.4518543517691084,0.415034840689373,-0.15244028555302902,0.3397163542535692,0.4709058132989843,-0.22590644371515306,0.4221345151467997,0.4830888275382099,-0.4746984105800742
520,0.4474629367616788,0.41512947439786374,-0.16675193485715867,0.3380084725414044,0.4686980294300836,-0.23066549170264233,0.40448416278391297,0.4854044503014937,-0.47504206938125804
521,0.4434105258591487,0.415219121295016,-0.18436308200729498,0.336070742139338,0.46660068875624205,-0.24424713471610038,0.3900503266297234,0.48656106277048633,-0.48363418510924233
522,0.439850457159417,0.4157594954873173,-0.18824500290568705,0.3333249196120832,0.4655027144075061,-0.24290121252807423,0.3816163545995081,0.4871996994334503,-0.47756454004577203
523,0.4361549872611293,0.4168663736282486,-0.1846348130043458,0.32969880442444355,0.4656308853743581,-0.22762602910658747,0.3805869041664581,0.4885157259875988,-0.4547315632241518
524,0.43184449545508946,0.4181454171094499,-0.19250054979779774,0.32556112289395644,0.46639168346203985,-0.22189967665700244,0.3858291964338336,0.4905708864276944,-0.44060411972539665
525,0.4273684851911641,0.4191039598110643,-0.21960845736637336,0.32176353340173713,0.4670844026214095,-0.24474842932000737,0.393463525561357,0.49229383108661895,-0.4624322562911668
526,0.4236965085194365,0.4196333927036829,-0.25525109176411587,0.31927421213365104,0.4675945452946282,-0.2928724978371763,0.39912175778526293,0.49296582318580134,-0.5225802166188345
527,0.42124887738827255,0.4200126013794119,-0.2817296546255244,0.3183338643517373,0.46839885301645756,-0.3463782396710384,0.4013962646812444,0.4930072327605871,-0.5977053627816824
528,0.4194251434877388,0.42051003826670774,-0.28511170343285525,0.3182955997601026,0.47005942898378245,-0.38193290190970136,0.4027670263926921,0.4932658027116213,-0.6551977342244358
529,0.4171896902688713,0.4211095718484384,-0.25998334739039686,0.31845194549987743,0.4727842928766104,-0.38268128207814284,0.4065695512344847,0.4940455735267984,-0.6710629957538661
530,0.4140228812480732,0.42165559609321535,-0.21571322810981444,0.318601470401816,0.476319571424801,-0.350425726286775,0.4133634365734013,0.4949788621660705,-0.6459985340350001
531,0.41025989419743836,0.4221548516701056,-0.17610966255567873,0.31869355181006725,0.48004021845199796,-0.310712664353796,0.42072510698449933,0.4955166993578854,-0.6077104755536058
532,0.4066409052768311,0.4227830866541729,-0.16049424745942498,0.3183685661810304,0.4831386439040988,-0.2920571168636073,0.42577039154033386,0.49535103377997586,-0.5853644168118456
533,0.40375261211934854,0.4235809042105513,-0.16331773680434947,0.3171186000146,0.4849759505338093,-0.2950587868919911,0.4265819361772946,0.4946064428445046,-0.5781674970660989
534,0.40186185408953345,0.42430550548079093,-0.16134224926916182,0.31481233933842717,0.48549114566461643,-0.2931749088844906,0.4217416281026691,0.4939795345815654,-0.5609805984255358
535,0.40091472005607287,0.4247049128272575,-0.14399717305719706,0.3120047108711621,0.4853116765612516,-0.27072040814764164,0.4106933543146768,0.4946358055893584,-0.526748897362592
536,0.40046329062407626,0.4248486669339542,-0.12958286418224257,0.3096309410288271,0.4853605429699498,-0.2497053097661665,0.3954646037145698,0.49748051827452344,-0.5092694441259853
537,0.3998358536547681,0.42504124946297683,-0.14415007738565055,0.3081465808318281,0.4862030013611066,-0.26451808099210544,0.38051922879874167,0.5022220988081253,-0.5450252336513723
538,0.3987185583925992,0.4254411658707368,-0.18659664513137755,0.30697893865049747,0.4876573499948763,-0.3125229303226234,0.3692942590096687,0.5073541642005102,-0.61612162302204
539,0.3975194498918177,0.42591061473058806,-0.2245751782917338,0.305164294491936,0.48901856230720736,-0.3487293533709045,0.36098515038629037,0.5113015997215785,-0.6568376958417714
540,0.39690397486628004,0.4262552095808063,-0.22911940258773683,0.3025944009545295,0.4896978148604416,-0.33849228100051254,0.35160277609307294,0.5135125687052158,-0.6288372417045651
541,0.39696814311072187,0.42646925588617857,-0.20626412856456744,0.30029837500769485,0.4896638449746399,-0.3013197338012956,0.3384148369637016,0.5144046347994685,-0.5712100453766222
542,0.39707951807902797,0.42666696213336713,-0.18778747797696357,0.2994292908309174,0.4892670429705821,-0.2876063271585235,0.3231489516628286,0.5145492357952932,-0.5576453259481049
543,0.39658448535257207,0.4268784226681611,-0.19455947984838756,0.3004292824191759,0.4887002547089156,-0.3188544561026517,0.31068604945920575,0.5141872026952832,-0.6136781287031565
544,0.3955120951664747,0.4270399042976022,-0.21765256420175785,0.30344845462134196,0.487760388330365,-0.36735861899480715,0.3045216017537619,0.5134275958401505,-0.6953041678538436
545,0.3945328766780981,0.4271417039712297,-0.23704352786227137,0.30907220088688603,0.4861871654445278,-0.39621264654455957,0.3039397701962273,0.5125920620856438,-0.7478709849021261
546,0.3944001888507588,0.42724758442786986,-0.25106832315878885,0.31780113203470645,0.4841263816012896,-0.405581260634582,0.3063371503475919,0.5121743352339797,-0.7685843221896894
547,0.3954867085978795,0.4273412748016023,-0.2792771302807392,0.32852066558714,0.48212610429394376,-0.42977471251286126,0.311714547867193,0.5124246859847396,-0.8009517684652518
548,0.3976206393704318,0.42725677180459953,-0.3343280571381413,0.3381206888462864,0.4806650734545561,-0.4901872809132,0.32311229215839243,0.5129744857027114,-0.8712715424078684
549,0.40020259114292606,0.4268434163615971,-0.3959070853808638,0.3437560197870327,0.47980700080644145,-0.5589589537698306,0.34226736185603845,0.5130547504616457,-0.9421165133193715
550,0.4026595916434183,0.42618595256327046,-0.4233997577495777,0.3459609345879024,0.47949019669350174,-0.5806849209694649,0.3665262553107576,0.5124795155204935,-0.9444011825232456
551,0.40497889398939735,0.4256067496769587,-0.40075334483660496,0.34869693917470695,0.4801317248595367,-0.5346567879766609,0.39077992761755737,0.5125040437658918,-0.8602739311304951
552,0.40770549482779755,0.42542317458666123,-0.3573359247150687,0.3552955908254378,0.48254599307247775,-0.46101218724014364,0.4109886763412864,0.5151590048739079,-0.7532616285526254
553,0.41127339364288273,0.42569617123645415,-0.3304494529197384,0.3646108414427853,0.48688558439781543,-0.41117791725922465,0.42524502803762737,0.5211503557786474,-0.695936853844771
554,0.4153867370188129,0.42619494667369406,-0.3173486554703383,0.37206516780573756,0.4918570807490305,-0.3868302039695158,0.43319162521822285,0.5285643269765973,-0.6845920130373989
555,0.4191722461490419,0.42658687843424026,-0.2863827194614192,0.37436899383490135,0.49549011734495507,-0.35085519536334714,0.4357818698624097,0.5342202617648559,-0.6555466419211018
556,0.4219736020689019,0.426686327542878,-0.2351362433915137,0.3723762453310153,0.49678458000063197,-0.2918474710018468,0.43504092568123826,0.5364470466673157,-0.5781572626232798
557,0.42394714318933696,0.4265784263166014,-0.21259385423581922,0.3693642000645734,0.49638470484067454,-0.2500707813893828,0.4331927894067177,0.5362642886739728,-0.4971434495568054
558,0.425831374968621,0.4265390142269939,-0.26591452965295925,0.36757153724048747,0.4957033266087417,-0.2691898437130186,0.4317268428272083,0.535860542450864,-0.4740458802918457
559,0.42819628701331575,0.4268115208252334,-0.3762321697648101,0.3669250987254935,0.49564025677558005,-0.3383205006384561,0.43098288347408004,0.5363037841710129,-0.511179557760248
560,0.43098067572110976,0.427405807468018,-0.46888134789659314,0.3663474245860774,0.496067016289555,-0.3985915659734261,0.43040217170857836,0.5368923252403119,-0.5512450839021149
561,0.43365879776045146,0.42809081828390916,-0.48668877336030714,0.36530629375888196,0.4962289862394852,-0.4031635055651434,0.42961363893591376,0.5364000060924707,-0.5426373320377195
562,0.43578300848181406,0.4286011939257942,-0.43664156725459796,0.36415086703407906,0.4955760212031908,-0.35773554770654203,0.4298003974919981,0.5345362975135152,-0.4891839611768122
563,0.437498254476085,0.42885800954786013,-0.36670513631099566,0.3637739583396013,0.49439639196454405,-0.3045330277734063,0.43350003613444865,0.5321275123473308,-0.4379077096679492
564,0.43960773080098714,0.4289710354376444,-0.31730911362151376,0.36534449867979313,0.4936966358288831,-0.2816907465813079,0.44200297461164356,0.5300974773880509,-0.43330095926868184
565,0.4429370214548125,0.4290312977929755,-0.3001299444702021,0.3698677486970241,0.4943123394244413,-0.29982487614614595,0.45311489727865756,0.5285246050801483,-0.48534983866661047
566,0.4474075621898594,0.4289481725720379,-0.3076138762175588,0.37735075004679736,0.4961108304662701,-0.3433747335552628,0.46286293267140544,0.5268926295163187,-0.5660018494278666
567,0.45184149854796885,0.42852403527460864,-0.3305938862011978,0.38644387580744355,0.49818500740611404,-0.3876966477732075,0.4696939215211416,0.525255726676912,-0.6307669787555921
568,0.45500402895921205,0.42766897341736365,-0.3665678242649698,0.3953987720997206,0.4997595564862676,-0.4203471809896828,0.47559977562954897,0.5247694992580897,-0.6556130907943981
569,0.4568717067767279,0.42652027004321946,-0.4142056402894147,0.403356605871572,0.5007035234593297,-0.44728512800946807,0.48254979475059934,0.5266440115315252,-0.6565926457014901
570,0.4585605822900809,0.4253768746321031,-0.46569947395090094,0.410222013123612,0.5012344182165875,-0.47774350133277765,0.4892695338396165,0.5306306010831404,-0.6664448495292725
571,0.46095410333397197,0.42452876260152805,-0.5102848374462395,0.41551961800331566,0.5014546251733696,-0.5091330247149791,0.49268136852142774,0.5349415447369426,-0.6945036003210117
572,0.4637499884061512,0.42410171520768514,-0.5401063487390699,0.41831106940114987,0.5013397850534995,-0.5276034239547968,0.4916751313844548,0.5378049348265506,-0.7152979716593932
573,0.4659407872477571,0.4240252112622368,-0.5444738832325525,0.41841265063682304,0.5010721214551668,-0.5158648217102846,0.48829698330518445,0.5389095675709962,-0.6929765846640202
574,0.4668970610389273,0.4241445298798877,-0.508520173459793,0.4169506915082427,0.5011856724554699,-0.4641318028252882,0.48552111345580184,0.5392693823240536,-0.6170381521596978
575,0.46682905166571353,0.4243498759842745,-0.4360296763638267,0.415392618906668,0.5021723080008709,-0.3867004047204568,0.48468828957586446,0.5399180216793708,-0.5210805555878253
576,0.46635771878883603,0.4246028422692851,-0.36812372918674324,0.41437993638496134,0.5038771519988738,-0.32485604552434416,0.4851018666615596,0.5409494372690082,-0.46238637229946156
577,0.46577491385397307,0.4249097450527932,-0.35461086205292114,0.41359486632855125,0.5055064501975641,-0.3160810651143308,0.48556312120594963,0.5417650430567971,-0.47142348224718494
578,0.46481103257265133,0.42532218761801355,-0.40074668239585187,0.4124255775438265,0.5064252233111184,-0.35709658415115897,0.4858681305023147,0.5419848818869352,-0.5244024190045313
579,0.46317934549267015,0.4259116478388398,-0.45929505270726445,0.41057835774793416,0.5067468879706385,-0.40865874127278184,0.48644544624674246,0.5418551992980779,-0.5752260560052745
580,0.46113398341350414,0.4266679990131118,-0.4812165963158973,0.4081097446585254,0.5068744447101202,-0.43634517907559156,0.486575975166183,0.5417304968589951,-0.6044013721076822
581,0.45916571770961856,0.42742851287779987,-0.461461251536846,0.4049556858069572,0.5066864076173078,-0.43530217854891373,0.48405998421505053,0.5414242204685432,-0.6201793074064139
582,0.4572251277117926,0.42796041294693216,-0.43181294487799116,0.4006128800363664,0.5057119987582066,-0.4199443051826315,0.4778660059199035,0.5403830825429754,-0.6256538045831848
583,0.45469740129403885,0.4281421133740302,-0.4244133389481986,0.39455365372111956,0.5041584427805043,-0.4094650049092046,0.47042554025325656,0.538433750268704,-0.617617809508485
584,0.45134023539227064,0.42805975266776874,-0.45137131753203585,0.3870868631033934,0.5030207377761196,-0.4261012603305175,0.4648896221498415,0.5359197744217611,-0.6188099361884672
585,0.4478987284547649,0.427916643494639,-0.5064941685321718,0.37973616191647086,0.5025720669686976,-0.48485780800885003,0.4591065266226949,0.5329635530472951,-0.6735647405188178
586,0.44537204443400435,0.42784998215572584,-0.5692114968983256,0.3744303086697256,0.5012731515023686,-0.56961168388909,0.444550106906036,0.5291136156205681,-0.7890864495929039
587,0.44376352330691343,0.42783564917222244,-0.6091683573918821,0.37178467725571485,0.49709418151769963,-0.6329663660092245,0.4144029195707122,0.524133716162932,-0.9049746222427041
588,0.44203009985141445,0.42775313286575317,-0.6045658428076883,0.37013600812695086,0.489836420076941,-0.639721776458505,0.37318591864576245,0.5187088913043222,-0.9519893852719893
589,0.4394017066484356,0.42753203985350335,-0.5656682491699376,0.3668660423071434,0.48151324907104387,-0.6091819631115631,0.3356017401599554,0.5138127548507787,-0.9352013137119666
590,0.436318950910427,0.42724392848574755,-0.5330292180709495,0.3608389121137154,0.4745734879916685,-0.5992863325975056,0.31374127788344786,0.5097278368917456,-0.9315827077164629
591,0.4337613124068769,0.42703644565675375,-0.5408475531739162,0.3531767272511386,0.4702435960765762,-0.644419214177183,0.30697259261829785,0.5063355110436754,-0.9985637151475862
592,0.43199226899253773,0.42694456333547637,-0.5810392262722381,0.3459546784746439,0.4682925038728418,-0.7181989817399608,0.3058770498198556,0.5040384411535112,-1.1049552436297467
593,0.43045212441260716,0.42679394638645995,-0.6104665624345118,0.34074787368884385,0.4677105826806185,-0.7617038618550995,0.30358528331240925,0.5035497113882371,-1.1657306224797372
594,0.4287721227091526,0.42636858369924485,-0.5957934324659921,0.3379423595028608,0.4675714047087321,-0.7420241269058043,0.30080811986942824,0.5047764590042063,-1.1348993225849218
595,0.427357244463724,0.425679655115949,-0.5485029971062974,0.3364666321465585,0.4675862775949017,-0.6820665160737248,0.3018563481308235,0.5065307971824212,-1.0520833775665945
596,0.42681545263917464,0.42498739752428294,-0.5143510800351234,0.3343164449906716,0.4679329536412975,-0.6384049027511846,0.3089337861618342,0.5074616956439535,-0.999585305966651
597,0.42718275178262904,0.42453157920852985,-0.5276652415426113,0.3301689675067826,0.4686487054818689,-0.6493214559386294,0.32037346306210296,0.5070292833409377,-1.0214160406260253
598,0.42791283198249974,0.4243097315461171,-0.5772438339265645,0.3246575150759519,0.46946882676953766,-0.7017952416418574,0.3330572009408314,0.5056647290741303,-1.0900205362770101
599,0.42838531091850907,0.42413839425981376,-0.6196902199568352,0.31980324431024704,0.47025048501568345,-0.7495482388057372,0.3461097566147703,0.5042133877711498,-1.1466908370205058
600,0.4283168698154385,0.4238295587400297,-0.6228572295595538,0.3173947166604507,0.47116641167300555,-0.7582689918944734,0.3617256838527339,0.5031486147312202,-1.1564705377504696
601,0.4280102123897149,0.42323587821474074,-0.5918058533233532,0.31810149736675203,0.47226979667601254,-0.7291427457821655,0.3815537270112207,0.5021744490854392,-1.1209437006387928
602,0.428424352468378,0.42222912864548856,-0.5571896788008858,0.3215234841483488,0.4730785781285284,-0.6874314514961347,0.40292503871635216,0.5006462433341983,-1.0613842599011232
603,0.4307212947937786,0.42080918245154997,-0.5433490619200441,0.3265223186118297,0.47286202556713564,-0.6553295450216647,0.4204382396271715,0.4984224246852463,-1.0001755743602618
604,0.4353794538419311,0.4192485931408375,-0.5434174429429133,0.3321762217530887,0.47142111869756637,-0.6291922017671772,0.43168313363887006,0.4961733747643601,-0.9407666486363608
605,0.4416483647369406,0.41798852693535327,-0.5249000635815064,0.33930341061234714,0.46961490850976134,-0.5830296222317253,0.44019589029379985,0.4947840691980159,-0.8631381079996661
606,0.4478492802186513,0.4173092366522176,-0.4676444263031155,0.3504471219994497,0.4690929882548437,-0.5058038648596875,0.4522393171402032,0.4945682161449906,-0.7594781789521815
607,0.4522874697520155,0.4171268366350397,-0.3945590194974986,0.36703697905842686,0.47119797097667254,-0.4306907371544626,0.47128364363400327,0.495105770415069,-0.668551434151285
608,0.4542271698574086,0.41711408157746965,-0.3515469832277983,0.3865138570589063,0.4757068200034028,-0.4076406363293808,0.4952968344006302,0.4956648440726527,-0.6442163410906786
609,0.4543096510011724,0.4169956392373217,-0.35587604231743086,0.40328175087119983,0.4806770805497683,-0.44581443600499004,0.518016400522421,0.49566365635962983,-0.6886749962844465
610,0.45398520758188904,0.41675840220756033,-0.37775190012123433,0.4129318726800468,0.4839793032658736,-0.5000574424917624,0.5328907453594055,0.49490412798751177,-0.7432280179112629
611,0.4542732202496597,0.4166188351115929,-0.37738857402729103,0.41518358076156286,0.4851593595342201,-0.5193066936747938,0.5373396159391219,0.49361315209941936,-0.7535103305276167
612,0.45486881656113204,0.4167845454907639,-0.35148820806918535,0.412589916263033,0.48555936917311027,-0.5004597234038399,0.5337053990386162,0.49226871676012324,-0.7312339435138882
613,0.4544630353959222,0.41724317886220047,-0.33633272735180036,0.40696292111508,0.48659701940295097,-0.48882434735735253,0.5254752945073761,0.49119651758309174,-0.7399083644083767
614,0.452095662052545,0.4177798104343891,-0.36465685109132673,0.397938729189367,0.4882860677991902,-0.5231197612847396,0.5131861650229987,0.4902513703222739,-0.8161800701335467
615,0.4481955149667832,0.4181618228831918,-0.4255516504848809,0.3852347881878919,0.48953433334503604,-0.5872150127045442,0.4956610638092367,0.4891078556661276,-0.9185171762371128
616,0.4440520358962806,0.4182945422457914,-0.47771823799416124,0.37118046509227365,0.48950922458024554,-0.6321784964628876,0.4752294755160587,0.4881766911464734,-0.9741638712130025
617,0.4402472675950414,0.41826359540684566,-0.4997694223417417,0.3596396983682709,0.488446000185243,-0.6398415777005129,0.4590500503110597,0.48911917502533436,-0.9651109433178602
618,0.4360028110468843,0.41827463358707406,-0.5077056400059453,0.3523491829561062,0.487273571237872,-0.6335068708865094,0.45212386108920777,0.4937244895048953,-0.931840127567858
619,0.43028807724266815,0.41849664608246945,-0.5184098757981016,0.34716013425831854,0.4866599895748231,-0.6235374661329274,0.44881236471525904,0.5016609391486442,-0.8974800763313594
620,0.4232569841639089,0.4188952935946542,-0.5198266467102027,0.3403956077444487,0.4864542442018725,-0.5828370949946797,0.43529738720669475,0.5097187709606924,-0.8366299299009395
621,0.41622739704049927,0.419249514285428,-0.49164973064479756,0.33077623185315874,0.4860409216404491,-0.49540056744764743,0.40402004625716825,0.5142292895036273,-0.7332118461569191
622,0.41028227571117715,0.4194057126667535,-0.43820902092479286,0.32054014023295696,0.4851522171041726,-0.39741314959146506,0.36327968080747003,0.5144571154775001,-0.6286029825902062
623,0.4051631501648746,0.41952011704056663,-0.38479284354544757,0.3126408401323978,0.48415089087092816,-0.3439552507537763,0.32840678602297996,0.513068350369438,-0.5846493441941036
624,0.39965438923285934,0.41999984504967725,-0.35299581396836477,0.30760861700221476,0.4835566758510559,-0.3514389876522095,0.30552031501639476,0.5132092517982338,-0.6164548435197422
625,0.392914710902437,0.4211673117414784,-0.3527535648766045,0.30369184745687167,0.48359298948290863,-0.391575495802967,0.28844268648225974,0.5157230935478966,-0.6804084068174041
626,0.38533375830017114,0.42294631459853244,-0.38495705339590214,0.29943772798024054,0.4842325987177253,-0.428186446099127,0.2698268084863,0.5192278231937814,-0.7184773322947082
627,0.37821972952604344,0.42484526463242794,-0.43214020378148965,0.29525982073873264,0.48533558594092985,-0.44118561287511826,0.2501478923871438,0.5220130305387146,-0.7017082192830657
628,0.37275748792677205,0.42628714070923807,-0.45403859001337915,0.2924563432053246,0.4865822994211873,-0.4235714564528718,0.23518519830579984,0.5233288580804816,-0.6407062692624906
629,0.3691659993973946,0.4270427385644238,-0.41676397561650813,0.2912892465298652,0.4875466549652652,-0.37806512652403523,0.22834239182497906,0.5233720279327125,-0.573194471648295
630,0.3667474381426445,0.4273732454364578,-0.3321086905386807,0.2905853461197941,0.4880662476749502,-0.32231197036544473,0.22767964348760228,0.5227493864754313,-0.542187513833715
631,0.36471227166817893,0.42774030918810885,-0.2501122737108611,0.2892350951740631,0.48842266174717436,-0.28137541676832517,0.22909388561575308,0.5219747644142155,-0.5643790891905622
632,0.36289797402453616,0.4283985533515411,-0.20247839054456326,0.28747927245660043,0.48900439836742077,-0.2614050913106159,0.23007949824557009,0.5211163418868954,-0.6046377726943338
633,0.3616719311802944,0.42926901188831285,-0.16950938411417546,0.2863571971920898,0.4898546729495161,-0.23803070001043186,0.23028864024863963,0.519855948177258,-0.597909776763277
634,0.3612688156556272,0.4301157288591773,-0.11964274951778958,0.28638126370593625,0.49063447617221284,-0.18714341826664013,0.2301487055421984,0.5180807277151251,-0.520191190610437
635,0.36141099859513415,0.4307519857059573,-0.06564593198600491,0.28729551827934535,0.4909613545201182,-0.12574759443171502,0.22990488902369532,0.516355001482204,-0.42924304602400387
636,0.36165208664920545,0.4311011917284286,-0.052752812751552844,0.288789357626419,0.4907021509991846,-0.10301787184640908,0.2296502127408682,0.5154459747531075,-0.40833584422387276
637,0.36198319506736804,0.43116408123793754,-0.09544360332218216,0.29069186197961383,0.4899967654671372,-0.14346021392541225,0.2298314605038086,0.5153213463072849,-0.47217784987269645
638,0.3628988414369398,0.4309958530065198,-0.15519383945769807,0.29250545193977556,0.48912571243450204,-0.2145787019977737,0.23133059064178557,0.515056273196454,-0.5545125908096453
639,0.36481336883037674,0.43071387881151896,-0.18756778370660404,0.2937048284305845,0.4883934821129917,-0.26140742011675966,0.2341643164044902,0.5140063886927648,-0.585589682718129
640,0.36764514807427573,0.43048582172845273,-0.19067551502024396,0.2949989889794604,0.48807449505954636,-0.2600045826995838,0.23591148689064775,0.5127461402132656,-0.549027386212795
641,0.37120138634849525,0.4304252839834668,-0.19487023356873737,0.29849225303123356,0.48834552123008257,-0.22689706648859492,0.23373629238166396,0.5123783110453846,-0.4651102387892707
642,0.37577203487110167,0.4303952036516893,-0.216278030748357,0.3057478786838724,0.48911438949995323,-0.19312908535847756,0.2307829658996485,0.5128981467454877,-0.36906721951433646
643,0.38188239729067963,0.42992741638981213,-0.2371543365989041,0.316125607475839,0.4899114532550498,-0.1855103797849517,0.2389696147444341,0.5126912437935408,-0.3205428047111004
644,0.3893182287737162,0.42854394701496273,-0.23209500327853902,0.3276619475778241,0.49023671799358975,-0.21726421544560232,0.27041594104081124,0.5100677366799734,-0.37601950207404755
645,0.3967249474852182,0.42634362098318257,-0.2007045441126048,0.3391599217413353,0.4902605718058032,-0.27586231008759965,0.32534774044758047,0.5051970189457087,-0.5132882631398902
646,0.40262549143844417,0.424163170083384,-0.16893456486180233,0.3511173465273786,0.4910105906285319,-0.32860967837095295,0.3920291267276004,0.5001461608214965,-0.6250752510587495
647,0.4070206337578501,0.4229121699302569,-0.1637265356831983,0.36529115481421026,0.49351797389714874,-0.35468849061777247,0.45734386245921965,0.4969883408990701,-0.6280272154387173
648,0.4117030908399334,0.4227386053947333,-0.18958016671399291,0.38347298722130535,0.4976695109607904,-0.36428835752886013,0.5130094320082494,0.4960867964103456,-0.5529381140224066
649,0.4185573098990183,0.4230011375256557,-0.22784923234773483,0.4056259630210674,0.5020075912583075,-0.37842321636442766,0.5545333573791453,0.4960806518804759,-0.49687520339456454
650,0.427553782833784,0.42299996594049233,-0.25625442697558165,0.42871500306799276,0.5047530001904039,-0.39928887733548457,0.5810139082274484,0.49524866048117167,-0.50403838082283
651,0.43683252075599344,0.42251146655431787,-0.2668193072789922,0.44850259897720274,0.5050316188413794,-0.4088632352054512,0.5960308190704712,0.49302870252293196,-0.5234389129802465
652,0.44489212641165754,0.4216347575829256,-0.26618624870689006,0.4638264635421041,0.50322970395989,-0.39279600272952075,0.6054822411322703,0.4905991970636781,-0.4825015748819719
653,0.45226022349432465,0.42044623701486905,-0.26448693579989685,0.47841316950733825,0.5004930445588576,-0.35876181327561874,0.6142542361927551,0.4899872937193286,-0.37729409920986756
654,0.460705349187699,0.4189986879571779,-0.26582890965649303,0.496566737471979,0.49789937963306496,-0.3278875703215619,0.624449491423727,0.49214083175912343,-0.27128861458832115
655,0.4711568861347309,0.41747220370923716,-0.26528343645735053,0.5173280337065626,0.4956253847677142,-0.30977832358450086,0.6350400973647764,0.4957145627201037,-0.2131691504696422
656,0.4826189290339569,0.41609880314926334,-0.2547974113525252,0.5348908456001971,0.4928869273676818,-0.29356941947145593,0.6435252505627743,0.49837364100347875,-0.1855924485376808
657,0.4926635344200077,0.4149763350608812,-0.23536719667802247,0.5445192012286139,0.48934809265168194,-0.26809921096264255,0.6489548252778639,0.4991897838789772,-0.14868654386093713
658,0.49888989327347655,0.4140470144510607,-0.21853575993826865,0.5461093097053917,0.4864239614141882,-0.24130153591097378,0.6525417482819669,0.4978385338637021,-0.10384652279394326
659,0.5007130482540371,0.41321665899844373,-0.2072943367620153,0.5424641989644642,0.4859034964544365,-0.22583785453308486,0.6547064510816244,0.49118460190261665,-0.07851251102048037
660,0.5002324692094308,0.41247653847203636,-0.17874010450294378,0.5363279882741502,0.4869657858849987,-0.20736297367510417,0.652685947819538,0.47535081350111735,-0.06325885734694701
661,0.5008088764262134,0.41194202594541707,-0.09851466595604738,0.529270406414263,0.4860742325460435,-0.14404794591643708,0.6421004637280454,0.4550191388560576,-0.010030781884267941
662,0.5041681061965769,0.41171676838951793,0.0389263300907991,0.522063288062416,0.4809526312831864,-0.01244780570015383,0.621070212717181,0.4457470250523887,0.09794232213336383
663,0.5090531104371134,0.41165468984797454,0.18775151269705356,0.5156685804731225,0.4737210644555376,0.14875517941903738,0.5933015824001611,0.45903069787082035,0.20770195428977145
664,0.5129479920720199,0.4113477204808059,0.282815138104024,0.5115124657833858,0.4688884127345299,0.2599546588976729,0.5671553616650935,0.4864951274528931,0.24864719118806314
665,0.5146537660629419,0.4105081102960223,0.30413480986711783,0.5096968912346659,0.4688785725675974,0.2768396639755119,0.5505255293808735,0.5063182461076058,0.2068180228346739
666,0.5148318512308733,0.4093696543818574,0.29762690974015066,0.5075036254648101,0.472309329355727,0.23242583598065847,0.5463239972851638,0.5048256813854429,0.1285220961194819
667,0.5146563242277425,0.4085691579684961,0.3127899108302075,0.5028052281158301,0.4753723518278992,0.18826477366860145,0.553406961107551,0.48594134581496057,0.05877734977462077
668,0.5146622752765099,0.40856569342983307,0.32684822219952436,0.5004546969212345,0.47380322100691785,0.15353272485468594,0.5706172391494562,0.4613989582801635,-0.006245841939002237
669,0.5147696130154517,0.4092233805431937,0.26145937313057993,0.5115825596003605,0.4653045412415904,0.07612140398936366,0.5981982949918156,0.4388440730805966,-0.10345919974975754
670,0.514769588137015,0.40993871721878095,0.08488008050546787,0.5418956723624923,0.4521910688387642,-0.08039418907384926,0.6358235025716501,0.4203090532312542,-0.24626112757417767
671,0.514331364490077,0.41011592151071385,-0.1306590973478811,0.5817849644217767,0.4409279034285523,-0.2736745830318397,0.6802703393499256,0.4071103350038557,-0.39210242089719594
672,0.5126319946273966,0.40960786343432126,-0.27472511670491173,0.6116772228743075,0.43755205158870125,-0.4170270762160362,0.7226070199060156,0.40225575334228275,-0.4804156929193304
673,0.5085188112845394,0.408811704545994,-0.30505524808220513,0.6162793897021539,0.4437645621508571,-0.4676635537692321,0.7452221916898659,0.40763819269252755,-0.5067344751569066
674,0.5015182584711005,0.4083064765384253,-0.2708491806077574,0.5930219352550372,0.4570726131851373,-0.46127661230357686,0.7287689830365224,0.42029992844649056,-0.5369554020030137
675,0.4927470506334825,0.40837423982053445,-0.2423478941683073,0.5517918441313805,0.4725462423392395,-0.45829891223270447,0.6730234582814294,0.43294651065755624,-0.6248714616265069
676,0.4844854054725859,0.4089184498958043,-0.23524625573620814,0.5091560124144455,0.4844991025853068,-0.46967908940307096,0.6072121694463105,0.4392291565835326,-0.7287136588071543
677,0.4783787793391787,0.40976028008447013,-0.20883063194576898,0.4789235143430204,0.4895824128505581,-0.4500667956214725,0.5670891768857204,0.4391955022333826,-0.746362300524078
678,0.47386711187534053,0.41085728671724386,-0.13523153519566233,0.46514196778227834,0.48954613732820607,-0.3698214294861345,0.5619243496794307,0.4392600213192209,-0.6444134571713552
679,0.4686934875780275,0.4122417848829916,-0.0565242195417943,0.46313480549166375,0.4892624039535271,-0.27706548299728373,0.571812545258346,0.44563422686843585,-0.5210844641918599
680,0.461472426741633,0.413794143665841,-0.047552620075216434,0.4655450564121627,0.4912452083977392,-0.2556207378572901,0.5745660561172974,0.45706772265617374,-0.5026966113657763
681,0.45371507322806764,0.4150216126029329,-0.1147256027503196,0.46751571262003666,0.4932836097755541,-0.31265439705084475,0.5664256510918125,0.4651441437446183,-0.5798816501835058
682,0.4484513095890762,0.41518125010731416,-0.16776487693246814,0.4678376582663228,0.4919031210732599,-0.34799317054851703,0.5560330366995316,0.46354161734871785,-0.5992623462481373
683,0.4463293084890908,0.4139907122093666,-0.12811030881262697,0.46563030051549004,0.48706861821269687,-0.27318459446198784,0.5463432742833662,0.4566409599889146,-0.4532333171811635
684,0.44397048361988406,0.4122978516377094,-0.038411429635297034,0.45739825301817294,0.48266826158523635,-0.13165127151419168,0.5302221472427062,0.45654847207598204,-0.22699831605263437
685,0.4372576372130599,0.41163067309018336,-0.012813367803071287,0.44066014733118986,0.48261335029073255,-0.049460217958693306,0.5042177415095863,0.4702266149792343,-0.09538444343201705
686,0.42585721471359217,0.41279182527555947,-0.09063660821950606,0.42045852433234077,0.48687137826879795,-0.08465325224290209,0.47942649116887964,0.490415719381651,-0.1158202694914898
687,0.4135422556255302,0.4150867861162061,-0.19050744545847156,0.40769747684652624,0.4914590613203451,-0.1735289036026542,0.4720462922109395,0.5013015311761181,-0.19275171419074524
688,0.4042387395349769,0.41711887825842614,-0.21293034908496536,0.4084530637953105,0.49249144874215167,-0.21647979457505756,0.48552347068327834,0.4946054949984571,-0.2145104571398055
689,0.3985640257820847,0.4181487923326745,-0.15193679316956163,0.41753838772595664,0.49018916271616514,-0.18140236594196846,0.5085427319646019,0.47894175420088897,-0.16103764988949376
690,0.3942658424870729,0.41848938488322346,-0.09187338503083675,0.4250501919811905,0.4883804607677962,-0.12411170102349725,0.5296758603604321,0.4712752351073851,-0.091820302265103
691,0.3893373395351492,0.41882907760955007,-0.11097714957129763,0.42752547332241847,0.49006609489857383,-0.12366832557688587,0.5477704889651337,0.48052682024975457,-0.07247370830238013
692,0.38418348314697764,0.4195727361950838,-0.20439521599068677,0.43010883115096105,0.4944696433420322,-0.1998481630252287,0.5672843009214965,0.501927820366172,-0.11405048882745127
693,0.38074271376322166,0.42075752471705685,-0.29824297700101277,0.4380506193554993,0.498648067444544,-0.2937873134107637,0.5874060160565852,0.5241230175998677,-0.16788212728593468
694,0.3798101861629783,0.42213342268505777,-0.32324568943455073,0.4483880667928201,0.5005991769839209,-0.3305607001002692,0.5976414179114516,0.5361744866940736,-0.17980875203770436
695,0.37971473567001013,0.42318607996629026,-0.2726812506634072,0.4519836678045535,0.5001128062528117,-0.2962150304092602,0.5860015594937789,0.5303956059134012,-0.15096688593056568
696,0.3780056004029486,0.42343241456583375,-0.20241570977243512,0.44378591492967506,0.4979128396019648,-0.24749912215194436,0.5545256109884845,0.5074632595346603,-0.13512652067097403
697,0.3742172176479426,0.42292870730726057,-0.178308106779186,0.4290398448960216,0.495145173521322,-0.2461482647641222,0.5238284088863554,0.48023948346154927,-0.17119861969480338
698,0.3703422241277381,0.4223075822224751,-0.21651457942553406,0.4179686094394803,0.49315076765376775,-0.2939511885851202,0.5154873449856039,0.46537369417034147,-0.23535131448897212
699,0.3685458094236361,0.42207985582600877,-0.27621443646830995,0.41575854036074034,0.4927623923381769,-0.342748690874943,0.5308737727621865,0.4687494535519835,-0.27653656006364835
700,0.369076247557351,0.4219466279621706,-0.3113628621802364,0.41935063354700425,0.4936523574450588,-0.3586537886713435,0.5534032873154283,0.483040642372049,-0.28385402447051544
701,0.3705770082781777,0.42103091118878466,-0.31648711405301194,0.42251233660127385,0.4945688067843472,-0.3545418924500828,0.5690228269089344,0.49818397962394256,-0.29174419638655014
702,0.3717218146027265,0.41889983287367,-0.3151069994396428,0.4217704465832032,0.4943652152362316,-0.358864624147461,0.5764479398516562,0.5086059720096772,-0.32523669083930296
703,0.3720781082766922,0.4162241490284551,-0.3200562789895049,0.4181176387562733,0.49302823147909686,-0.3773575028593073,0.5787502825912931,0.5116002548386039,-0.3721621000736016
704,0.3718519163527887,0.41425922635022494,-0.32055617327103836,0.41496791992114374,0.4917535753966114,-0.3968473398801453,0.5744745241004949,0.5057943615618571,-0.41442929998151995
705,0.3715108099941721,0.41370406582775554,-0.29823287006073435,0.41422232450516366,0.49164852319760927,-0.40636756399131824,0.5605270958148664,0.49336813699386,-0.45339581555589875
706,0.37178024106309654,0.4141658762622481,-0.24509616396715894,0.41281669650784486,0.4920777472549611,-0.40134240403619503,0.5384131488676173,0.47995872880842505,-0.4913941145849569
707,0.37358273525613483,0.4146648767842225,-0.17802827192502035,0.403676916320891,0.49056993302388907,-0.3873628920355471,0.5134232812087542,0.4701764171245801,-0.5244061167750423
708,0.37760348604682237,0.414539387763251,-0.13997312841636603,0.3826295954568194,0.4848161462171411,-0.3908831883854371,0.4900157218877186,0.4645390144967386,-0.5690812875147985
709,0.38382524086367825,0.4139462837852284,-0.16360385605907143,0.355344216519589,0.4748824605423904,-0.4395758499740079,0.4708864379618493,0.4611332697111798,-0.6538699151572951
710,0.3913518174735073,0.4136392594250669,-0.22546881622467324,0.33503503605145424,0.4634435936151126,-0.518053320374625,0.4579945108927316,0.45818867932625873,-0.7632273338561469
711,0.3985003013046941,0.41422289129244105,-0.26185311041519244,0.3312329406718909,0.45417627207928624,-0.5702688571574036,0.4508798008495869,0.45415564757082993,-0.8359150662624899
712,0.40336291331625934,0.41553327130200923,-0.24310036521740114,0.34301418794624766,0.45034025924896276,-0.56299052162011,0.4470796634784734,0.44794413761520946,-0.8406043333881973
713,0.404959610309593,0.4168261787556748,-0.21278520879268942,0.36512781884192574,0.4542862957495225,-0.5269485590219228,0.45025447722615586,0.4422449974760832,-0.8113727344853101
714,0.4041793889820317,0.41760398027934137,-0.24009403249280775,0.3959257905395746,0.46643581014364977,-0.5196205415139218,0.4751764415254288,0.4451900626003449,-0.787753473046829
715,0.40346779335082994,0.41808001320520727,-0.34271369940871266,0.4339305287157955,0.48359906886274506,-0.5572927443964072,0.5335153689270612,0.4636763200405778,-0.757237552206632
716,0.40533263289769034,0.41878318963896677,-0.4624702217555629,0.46997434574974367,0.49937599501987184,-0.5938797540546384,0.609673790574897,0.4935483504036732,-0.6820514407146364
717,0.41090878010556087,0.4199279202174353,-0.5107126366910204,0.48940592473039213,0.5078092225888329,-0.5659385473171823,0.6594118319286378,0.5199208525005954,-0.5602987565272145
718,0.4198373640012946,0.4211984491316542,-0.4401665100878559,0.4833514837361809,0.5070441664880674,-0.45834475375153405,0.6449624549275823,0.5287912987125075,-0.43880994507676313
719,0.43121856514545015,0.4218567852951421,-0.28646000962818363,0.4563760984201106,0.49960247867810337,-0.3259386997275108,0.5744407490705269,0.5168824460200623,-0.37355757254612737
720,0.4439683603488305,0.42107914137007374,-0.14004932799877134,0.422967978204944,0.4899202630707442,-0.24477617427949638,0.49920109774105614,0.4919994173191903,-0.3856030062596666
721,0.456174648317782,0.4186778503614267,-0.06344495426117061,0.39694770517825634,0.4818425274293369,-0.23815126979202256,0.467134752312298,0.46735738059197546,-0.4454874667109749
722,0.4654312829577716,0.4156319282728801,-0.038429951121795675,0.3849989115106791,0.47731939448715505,-0.25857416601003547,0.4832999317319998,0.4536939418061257,-0.4953731924128846
723,0.4710523781587975,0.4134386468285465,-0.009213385230228377,0.3893229462379781,0.476240375762349,-0.24898946326937987,0.5198006837623249,0.4526789338888619,-0.4960095288726222
724,0.4755026271382301,0.4127609869975704,0.03490070689713552,0.4110185384815483,0.4773522016802895,-0.20892432013973825,0.5538678013890569,0.4579343260262537,-0.45512546412144944
725,0.4823038278895113,0.41305240805504284,0.04946246622743725,0.44650151075837063,0.4796819995294533,-0.18494256912830503,0.5840139722826809,0.4633242809509202,-0.40745909256123125
726,0.49217307889192885,0.41348883403784353,0.006288478824558187,0.48388918294128863,0.4831066949522492,-0.20403711009767192,0.6141970352087526,0.46834394518870115,-0.37704299734886165
727,0.5020208332763594,0.4137507582221897,-0.05755706692557802,0.5091343173585626,0.4876127247560393,-0.23820860162129093,0.6388212636685632,0.47510000220760806,-0.3669368811985343
728,0.5081896668205818,0.41378367142550904,-0.08174242117586476,0.5171355686327144,0.4925098905882406,-0.24156388645603227,0.6494182899593909,0.4834105185145295,-0.3711659799039394
729,0.5100782251611928,0.4133543518916774,-0.05729595275295753,0.5145353356496122,0.4967837205175002,-0.20719042510040636,0.647382936972715,0.49096120535377696,-0.3784641687568122
730,0.5102263520944204,0.41229706703129737,-0.03317305002888912,0.5112477445631922,0.49991034213390056,-0.17090574922667093,0.6422339327550363,0.49649098988464535,-0.36998254216441145
731,0.5116326454121696,0.41097899281361594,-0.04868695761653194,0.511579891333447,0.5015880185520447,-0.16286276631869612,0.6402248275583453,0.500662127515651,-0.332736588343845
732,0.5156021633029331,0.4100134748103829,-0.08127327927530392,0.5144149462562008,0.5006235939162539,-0.17310231807919618,0.6406871560651437,0.5038755959821694,-0.2787737933527454
733,0.5215067017496514,0.40943223129276096,-0.07293332151860756,0.5189346455531805,0.4951870890800554,-0.1702331411114944,0.6422100801601051,0.5042551929967946,-0.23682738450511048
734,0.5277830118264535,0.4086077917540222,-0.00011944369717547176,0.5265739614197805,0.4851180319131044,-0.14011780552401412,0.6457753450093983,0.4986330804934825,-0.21787680001766327
735,0.5332178807774387,0.40739764679682966,0.09698468196070142,0.5374673254995264,0.4736216812702057,-0.0920866264990374,0.6494071840258423,0.48662522684812975,-0.19646180231637564
736,0.5374643768857461,0.40707197418652896,0.16050889622660666,0.5476942987819107,0.46582907566255005,-0.03255635875184088,0.6447097607406099,0.4740143534740817,-0.13369042041485601
737,0.540386718094654,0.40925520233030455,0.1803312707310188,0.5519092777955874,0.4651087530818593,0.04601421757494074,0.6248140394630852,0.4698019612719367,-0.02241880060787276
738,0.5414577138732307,0.4134981693204263,0.1993661868335026,0.5486907860539267,0.4700664997620104,0.14085757472464275,0.5958747882075646,0.4771657786409556,0.09043776637408593
739,0.5400801362397629,0.41659657137535694,0.25434549924836425,0.5422348586223403,0.4750316911637133,0.2212142768461301,0.5756179934181279,0.48836879770865216,0.13944913044452883
740,0.5358999354191079,0.4155192243131837,0.32221633520231197,0.5378237691753917,0.4750372292737326,0.24978893181748874,0.576832420746954,0.49235947441606265,0.10882948295068638
741,0.5288152177511596,0.411169182021343,0.3316570109605399,0.5359137914439761,0.47131323639196365,0.21075798680709457,0.5931254107836289,0.4876565233110143,0.0443587339126762
742,0.5196479224063898,0.4080473740960353,0.23417282276378384,0.531848217305503,0.4701388024900428,0.10903641464837265,0.604330807309386,0.4831975494891655,-0.022191594223743973
743,0.5106756792684803,0.40949787793744713,0.06981098481083506,0.5215763381386801,0.47515472938426895,-0.03565249083474757,0.5977754976462909,0.4850613216922145,-0.12333941014760004
744,0.5043046075361697,0.4142826075718631,-0.04779000407835483,0.5063509155973296,0.48309513756293493,-0.1755000155880083,0.5807246066238091,0.4881736693205358,-0.28324119836953104
745,0.501221687216067,0.41860844055633323,-0.03119011224912535,0.4913578980825715,0.48838746051161486,-0.24107722813043647,0.5682203410814795,0.48471865214243165,-0.4300826063455084
746,0.5005481228925279,0.4203775851130852,0.09306954633196943,0.48166244561065696,0.489304688555403,-0.20110314767731724,0.5647084534089079,0.4754944616520222,-0.4578094209595979
747,0.5010863388595623,0.42037124801399917,0.2088349052394656,0.4802624049091924,0.4880052462472233,-0.11248591359643298,0.5656095790795806,0.468157192896086,-0.3709726144576299
748,0.5014002330645867,0.4202599864258466,0.22395604469389652,0.4863630750015045,0.48688541355583126,-0.07560150092001072,0.5696792329737826,0.4672872908043498,-0.298337896513765
749,0.4995895177793336,0.42088799322745296,0.14950932390323862,0.4922797481968929,0.48675032500909443,-0.12945881417708127,0.5759179161266217,0.47036068317447194,-0.3445730952152298
750,0.4946550719083908,0.42223840023585285,0.06950819150610632,0.48605927573583796,0.4873067108286843,-0.21088244526441655,0.5727439316597578,0.47266872385746755,-0.4719485463204334
751,0.4879992611462701,0.4238776469819602,0.04687065469487895,0.4644679380066329,0.48791627136558585,-0.2302937443802334,0.5492898988952428,0.47318565746880387,-0.5523026821571799
752,0.4821963117999823,0.42511251059643757,0.06407616197887524,0.443263508158373,0.48800844235190316,-0.17747630339194934,0.5204737165842163,0.47427589929580427,-0.5135162624005878
753,0.4779217977287798,0.425294567234438,0.05620178830909187,0.4454720582619356,0.48740446799648135,-0.12916790801461409,0.5198629619101983,0.4768688792359532,-0.40548366964275784
754,0.4731009000321437,0.4243719815565504,-0.00011925265011076972,0.4734012500374271,0.4864824910918192,-0.14554484582520627,0.5546618095218537,0.4785058397803891,-0.3218436256401515
755,0.4657295328478931,0.4230926304712221,-0.05187123983462279,0.49942812036633144,0.4861689053765645,-0.18977487697745482,0.5865527729793556,0.4769421991980119,-0.2843096401624584
756,0.45686001267246856,0.4225268660758163,-0.04242001181526811,0.4948894126198188,0.48773232538801214,-0.18055569739330202,0.5781298120250815,0.4734980362849333,-0.22985351606131027
757,0.44972032398775685,0.4232544985017839,0.004135971514718542,0.4638334042776924,0.49210623919825386,-0.10596676072847205,0.5432558542326257,0.47131325775796357,-0.11400080459940018
758,0.4458530015446381,0.4249218703601623,0.00742316846507189,0.4365380774129897,0.49902274720115675,-0.04488295883074218,0.5262559873869894,0.472016861578832,0.0029246779976491964
759,0.4431965809782567,0.42661674300413704,-0.06882051725342311,0.4329969934428514,0.506848613297111,-0.07230162929147518,0.5431103617630088,0.4756942535502421,0.014545903190834436
760,0.4385097679283242,0.42766880770957555,-0.1741030155071436,0.4455902339070945,0.5133161389252298,-0.1725764785960299,0.5700462983734472,0.48199126450644153,-0.08904621453373286
761,0.43088157035355695,0.4280277548463973,-0.23144588603937433,0.4561601362192184,0.5166412403582538,-0.2608343068047286,0.5828664678591818,0.4886883879800574,-0.19322860259485056
762,0.4222175966222312,0.4279918851660772,-0.21532716186638926,0.45710250717158457,0.5165945652299171,-0.2745526399500346,0.5818747248607486,0.49123074005865475,-0.19590662957540134
763,0.41490468869402236,0.4278088270928581,-0.15923907477074042,0.45287974698005706,0.5146218421686387,-0.22382199808684916,0.5787161256924311,0.48725313556608485,-0.11988541976627462
764,0.4096947371047811,0.42756428197433916,-0.10477253947359999,0.4499001350078335,0.5123706077171624,-0.15676910218633286,0.5791480291491745,0.4802000179788035,-0.049748635625456665
765,0.4055282911632407,0.42728702414313174,-0.0652196434525185,0.4502482368545092,0.5102365236526104,-0.10258837210728805,0.5835784593905791,0.4750735314765513,-0.004374712068216442
766,0.400815043666886,0.4270410255946346,-0.034378581665779215,0.45162056009619456,0.5078902338024504,-0.06061739691538081,0.5900421970896047,0.4725980933143477,0.061420274646980313
767,0.3949223810163223,0.4269025565734221,-0.007636832080942572,0.4490222544776109,0.5055781099599451,-0.026445607535734862,0.587664558084353,0.47156393225792115,0.1414020498962853
768,0.3887203434261584,0.42688084445294866,0.014795296373243052,0.4377529102925449,0.5038620161739787,-0.006523156162479964,0.557015278391243,0.4744519686520043,0.1391779011711524
769,0.3837250751442095,0.4269128007756884,0.03333737002178291,0.41824104660993827,0.5025197064500564,-0.007619493409531844,0.4916767603759065,0.48494472096256513,-0.016036194095123215
770,0.3807083633738414,0.42695921451293767,0.04741845063214688,0.39796424029742156,0.5008340299264297,-0.024871351274183662,0.41838014307195526,0.5000190230019833,-0.25058651800129933
771,0.37922961457912724,0.427064980825616,0.052842898133293244,0.38603676127073605,0.49890863704691224,-0.043701143431487545,0.38141612900238303,0.5097800447668175,-0.3920455829490623
772,0.37842393536410707,0.42728018797280193,0.04659456907105104,0.3857142356378808,0.49787378594275455,-0.04964720480148628,0.4015678627566321,0.5073730835818883,-0.3339999787194147
773,0.3779791386591046,0.4275469702499339,0.03048295970851769,0.3937084243676382,0.49863679616629975,-0.03967179173159518,0.45798416338612596,0.4962886009502207,-0.1304517282864565
774,0.37827503142021895,0.4277144890432502,0.007383239043974288,0.405342852769149,0.5008046132305407,-0.028708165964944996,0.5125014944249611,0.4856844472011489,0.07051519846010552
775,0.37970103932951543,0.4276689539323479,-0.019714147290142016,0.41744427309793425,0.5030086688580077,-0.03813714456826698,0.5432145634061266,0.48053860243810853,0.16024593984392338
776,0.38194658730767317,0.42744402120161734,-0.042943185933676103,0.4272562144991722,0.5043228852031937,-0.0701085430954949,0.5516074195971162,0.4792223288263305,0.13367743845115695
777,0.38414817028636933,0.427237009566699,-0.052278603823560296,0.4322941693511359,0.5052803904778661,-0.0996038085663557,0.5473992027269146,0.4796086723174334,0.053896977393886596
778,0.3859489689576877,0.4273125385337396,-0.044968120335018714,0.43219560463400114,0.5071415613040192,-0.09868955423781067,0.536790460510966,0.4837902886281331,-0.014445534156682498
779,0.3881870871803349,0.4277930472338893,-0.02549867746253761,0.42896388772804506,0.5100944525549169,-0.0636315509453619,0.5237633820761899,0.49522086522888564,-0.04121874822441973
780,0.39199633802157285,0.42847875265266216,-6.680064445830367e-05,0.4251779005148797,0.5127974330705402,-0.01685268804901251,0.5142761918911913,0.5129146217038332,-0.033877007610174724
781,0.3971612005080878,0.42896733247140956,0.019478713985667473,0.4231022842504055,0.5141644669559677,0.009474994064499379,0.514669353198633,0.5304767912210184,-0.025496451517433603
782,0.4019426096874741,0.42908533147926675,0.015706206463096128,0.424820885635359,0.5150635127247247,-0.00597200086359458,0.5266479509827677,0.5408702056955763,-0.04814576923150158
783,0.40515971945177515,0.4291422299863742,-0.011460970132595722,0.4313633874319318,0.5171266615633854,-0.05228835415276757,0.5450561412659369,0.5409186873704664,-0.0932595531307131
784,0.40845032959657807,0.4295139079239088,-0.02552733152750269,0.44173446675716654,0.5193951181856331,-0.07866876950113842,0.5611324121408955,0.5313124171997027,-0.09238592479843508
785,0.41548461314566604,0.4298852721144722,0.018411815155437498,0.45397352658596646,0.5172914360393522,-0.027408097852326285,0.5687444027966091,0.5146139657795846,0.03377730499291513
786,0.42775634591680983,0.42925920386974953,0.1154188625013056,0.4668357087081083,0.50709987297596,0.10039311792770127,0.5687159696470665,0.49526144673379513,0.27020376565232634
787,0.44148065555342214,0.4272172739754146,0.19792301756481923,0.4795379599263932,0.49214577655519176,0.2176620429162235,0.5683466076194178,0.4805069835230185,0.4650409073710969
788,0.4503346499794436,0.4250875356956439,0.19913250913240987,0.4907064441245182,0.4823843028839789,0.2221325838695937,0.5762501317003378,0.4780453815912605,0.4516016693107803
789,0.4518354673551207,0.42512657215606847,0.12090657987578225,0.49897483594516834,0.48551479236025724,0.10205036708233994,0.5953059289397109,0.4901293445168467,0.22501301269676444
790,0.4498070718020641,0.42813938053796596,0.02119833052676863,0.5042483879091769,0.49899319793336205,-0.05717663211203079,0.6196134236001836,0.5101377385362162,-0.056065171923355056
791,0.44992777267657696,0.43235480510618934,-0.05730079894096944,0.5071846878947145,0.5126257171058651,-0.17649841650763895,0.6393288501638139,0.5265410887525732,-0.2519491624760345
792,0.4539383057777227,0.4350895791270682,-0.11752754970237195,0.5074973882365903,0.5186541232896513,-0.25396760514382355,0.6482309448919096,0.531121278125675,-0.3618410108964983
793,0.4591393757286384,0.4352727011026361,-0.16450698638065933,0.503758202700698,0.5175335785957959,-0.3178633319903826,0.6457703352532465,0.523892255451773,-0.447607044440932
794,0.4627030527871926,0.43403882223366114,-0.16835169732746108,0.4953714494699243,0.5143559256336344,-0.35482231494176525,0.6343495834955618,0.5113303904203703,-0.5144421291766634
795,0.46492759106395654,0.43313536521584395,-0.10049852993868988,0.48450580841169383,0.5122926227055439,-0.32551816762166147,0.6179667828579609,0.500541149033925,-0.5190327417632337
796,0.468134953718133,0.4331659123846354,0.006962167083895435,0.4754236227975145,0.5106375017009883,-0.23671596988073887,0.6020169826705514,0.494363838250962,-0.4595185249126306
797,0.47372771353575643,0.4333250102206521,0.06942523178869908,0.47124409917953414,0.5076877696904135,-0.1606970784427061,0.5909900078870501,0.4914163268622481,-0.4031178041509958
798,0.48109124490637717,0.43250134508702476,0.02736423460469225,0.47134453420875067,0.5037634260513085,-0.1700248749680635,0.5862180098771678,0.4907381881826865,-0.4185139922323933
799,0.48858245502213565,0.4304770759516069,-0.09161106586119751,0.4722560025244561,0.5010278055840844,-0.26171489102298107,0.5855199135772923,0.4948254064537042,-0.5031630493954518
800,0.49477772194168174,0.4280793271597707,-0.19216783830487855,0.47078732877288526,0.5006486228983551,-0.35553604551915097,0.5824434572243113,0.5049690604768685,-0.5870637516880515
801,0.4991424120676952,0.42627129238765216,-0.19315129306710418,0.46594526205220715,0.5005314259423728,-0.3703030787371603,0.5681158133845697,0.5131642802159259,-0.6014117649937029
802,0.5021260933191021,0.4253065997472411,-0.09630330678410456,0.458614509474767,0.4966807913251485,-0.3003805056189563,0.5402513085586326,0.5042220430129557,-0.5403494234830677
803,0.5045566655674781,0.42482649874164674,0.018490390571881468,0.450511621835806,0.4876034695080959,-0.2156366901451035,0.5095767191417038,0.472112978064543,-0.46451453926723896
804,0.5067530088431452,0.4244628632391597,0.06536749518274217,0.44356878529288385,0.4768367798674969,-0.1886621317547006,0.4912240279313145,0.43177867006280174,-0.4492648392553793
805,0.5084097360180145,0.4240652371907635,0.02786081060758854,0.43941472784292557,0.46966169110476885,-0.22466018396285894,0.490112745261612,0.4065856596405061,-0.5151987508067771
806,0.5094124528985906,0.4235170451966639,-0.03067655789530516,0.4385260242321225,0.467375961515489,-0.2623340444422683,0.4983368084696064,0.4039695359801839,-0.5984515837492729
807,0.5103262891096945,0.4226889557407302,-0.03678453873871136,0.43984026614083216,0.46663774228057103,-0.2452523918074822,0.5043515479113294,0.41148177585350265,-0.609788399097965
808,0.5116784597183213,0.4216408438018547,0.008326913962746433,0.441467768482108,0.46450983575429894,-0.19139234117645204,0.5014986698491662,0.41656362648398826,-0.5425161999308948
809,0.5130683247500665,0.4206519735688809,0.028189178919383728,0.4416386856857592,0.46158082833892883,-0.1770159847652064,0.4904525922565235,0.42026095757450566,-0.49405796204891783
810,0.5136090307537973,0.41993438867983535,-0.03244246907352273,0.43946629060483783,0.4595898703289977,-0.24036134279795293,0.4768371801652154,0.4301577826166016,-0.5460835567700806
811,0.5131848746395296,0.4194813408843545,-0.13204381808412502,0.4360160019282213,0.4588819207814476,-0.32250008725836776,0.466023762677587,0.44881756813743484,-0.6512815085260866
812,0.5125957497228693,0.419330597021612,-0.1791508523983587,0.43428455890953466,0.4593877129283441,-0.3308058501573762,0.4591542776993916,0.47151454519632474,-0.688335468637853
813,0.5121954935401393,0.4197780277197288,-0.13944610279335376,0.43622625431872714,0.4618106531717137,-0.24716504222753527,0.45401139622264525,0.49039810216783475,-0.6113453748084058
814,0.5108669033635577,0.42105118429457994,-0.06748935466519955,0.43945080580884655,0.46648963167576774,-0.14379028946228256,0.4492941625926704,0.5005449427650411,-0.4916323581374587
815,0.5069359859421877,0.42282048132259525,-0.03860722222074269,0.43882750757385675,0.4724259256886218,-0.0989643437045531,0.4478402924263253,0.5043686030749284,-0.4163862140697378
816,0.5002109398476002,0.42430705082426773,-0.0731519921293716,0.4325533611326291,0.478351724684992,-0.12168127617574859,0.4551586526730413,0.509017194261211,-0.39427584086267337
817,0.4927052211384414,0.4249282483747648,-0.12928745823907967,0.4249520769451126,0.48374691352224947,-0.157716412769998,0.4730538991815394,0.5181691626289284,-0.3724599025275936
818,0.48687023449551786,0.4246604828528433,-0.15551270248386825,0.4212259626410489,0.48810262858631437,-0.1527582431994628,0.49442728850789497,0.5279746227434825,-0.31429475508581173
819,0.4830872640466516,0.4238040808591408,-0.14401331696575428,0.4205667416820093,0.49033199482880613,-0.10623449775334672,0.5069710801672791,0.5322354886025688,-0.2396287520899572
820,0.4792480772102119,0.42267810699445224,-0.13517446065329403,0.41722369674935966,0.49002527587344075,-0.06925991854302087,0.5036367592126434,0.529871167299011,-0.1996058647208212
821,0.4729938329131262,0.4215897676628387,-0.17079414681464314,0.4083243751237801,0.4886227645257612,-0.09018226666623053,0.4884736953443273,0.5253416407607916,-0.22455094757343994
822,0.4642184345488315,0.4208087514313931,-0.24584691568448222,0.39776493220364784,0.48830117972413184,-0.1632092912074925,0.4719636931257239,0.5228083458308234,-0.2948587710176364
823,0.4552062105290946,0.4204087246321355,-0.3151483616520438,0.39115135492184633,0.489877302075707,-0.2385925991357845,0.46204949145776875,0.5222579172404834,-0.3622479331545268
824,0.448396085050108,0.4202660230020033,-0.34749621018279525,0.38906977689981936,0.49238940353342653,-0.2818541012901256,0.4598312303338081,0.5212326570653891,-0.4009159900234321
825,0.44427800057652933,0.420294036799543,-0.35845986106990113,0.38741194228549425,0.4945370484501324,-0.3068769375120014,0.4622823693907196,0.5182909044632792,-0.4291012750969019
826,0.4415981073735088,0.4205615420766731,-0.38363184715445686,0.3832830338935916,0.49592144012091627,-0.34648650474144155,0.4673841470030234,0.5140538460999705,-0.4751002956976719
827,0.43928734913671197,0.42111460661509253,-0.4331237795544205,0.37831661504001707,0.49680796771192265,-0.40704488079913903,0.47566205003397094,0.510011285698515,-0.5343831050846277
828,0.43760782418274713,0.4217876742838093,-0.48208799597663027,0.37597917356269295,0.4972246321400982,-0.4611660124118814,0.4871886768344814,0.5073152051868091,-0.5708024112616752
829,0.4372697410689775,0.42229469338162934,-0.4968763816038379,0.37729086210775087,0.49672332706070355,-0.47448130679382994,0.4989500060856208,0.5065675536600651,-0.5533008568506318
830,0.43803753894403,0.4224863119978345,-0.45988708083418756,0.3801217209333743,0.4949095729968341,-0.4312915784585597,0.5065355941648974,0.5079536918357025,-0.4826086734232855
831,0.43893478041821793,0.4224414075194602,-0.37546894758294214,0.3819423070923947,0.4919190000352925,-0.3435117383901657,0.5081855876745345,0.5109080260690823,-0.3884585582884663
832,0.43977832722400795,0.4222837252704217,-0.26922692475259974,0.38235373137442646,0.4883294942009406,-0.2494526703323876,0.5064829412095788,0.5136242324313051,-0.3157806087169718
833,0.44171678036816364,0.42199146133675225,-0.1868198046260906,0.3830554933213135,0.4847540419757968,-0.20227703169755426,0.5060146598928628,0.5136107646774001,-0.31115947528302124
834,0.44566382583545383,0.4215208444883121,-0.17592230864648448,0.38599154975145133,0.4817037337734856,-0.23910908685621238,0.5097489261261403,0.5096307386713018,-0.3952461779293493
835,0.450545577218593,0.4211326776372854,-0.24613420652145712,0.39182140946287036,0.47988829913449216,-0.3449917347131326,0.5178192637023274,0.5031882249586425,-0.5304425964065724
836,0.45401761420125025,0.4214000820977896,-0.33925072737706274,0.4000021960540448,0.48025813886765106,-0.4502949947220677,0.5291177575897404,0.49727296292287293,-0.6314700143865203
837,0.4553138761253218,0.4226585260001305,-0.3548509626158086,0.41000743555204205,0.48310603521509615,-0.47682467017262015,0.5428447387508533,0.493196275373536,-0.6302912841847076
838,0.45673063838633776,0.42443245802283874,-0.23568527590453478,0.4223338085185105,0.48700455539409043,-0.40041441908308617,0.5583649766686716,0.4893400262646364,-0.5344037586209902
839,0.46139119933847406,0.42559084792731366,-0.04170755059978685,0.4382083354975008,0.4892700006579734,-0.2771215312560269,0.5749458303427426,0.48351939107021463,-0.41689275039718565
840,0.46957297785242164,0.4252063613297395,0.08762454919708815,0.457641683924283,0.4880768200350206,-0.19874385585905013,0.5922841558945487,0.4758431750578191,-0.3476525671920789
841,0.4780923191201468,0.4232757368505059,0.07661549300129437,0.47736850860968033,0.4840828882783365,-0.20413181923386134,0.6100428962975708,0.4685346659365672,-0.33382145439025007
842,0.4836812863527545,0.4206395605028776,-0.00019391114812161107,0.4921087282707091,0.4797306226540246,-0.24016745887053892,0.6265235397409642,0.4634849273048387,-0.32787616656842333
843,0.48634870898856475,0.4182970844965268,-0.01723193166304829,0.4996900782028176,0.477022439994891,-0.2347100118122656,0.6396101372738391,0.4608303544629111,-0.2941131991938976
844,0.4888932896672158,0.4168149777296375,0.03234221915336487,0.5041508605305347,0.47618919249117503,-0.20105919755318266,0.6494977170612061,0.4598825192631712,-0.2627112306381175
845,0.4935778374853668,0.41626360429612674,0.029467873595324552,0.5115149335828878,0.4763378095461376,-0.22915837304061537,0.658471008423926,0.4607862455393574,-0.3069132289380037
846,0.5000215808286378,0.41648496835458604,-0.10178956904389215,0.5227805901872654,0.47673172911805173,-0.3629503334481432,0.6673833028343071,0.46464413940995936,-0.45620170769712654
847,0.5062508586880716,0.4172498866034274,-0.2855127628900298,0.5333571461672756,0.4771748575455125,-0.5267692062836495,0.6741913014751258,0.47187386431063605,-0.6382008474262592
848,0.5110321014704424,0.4182464463718939,-0.38676120227097777,0.53919389016668,0.4779432798216808,-0.6003214941995366,0.6765808140882209,0.4811316405069565,-0.7287204904450373
849,0.5147579763385971,0.4191597572862031,-0.3666034214063101,0.5407585904897424,0.48011393078674736,-0.5460407394571789,0.6745461866788866,0.49069340403446393,-0.672218632675999
850,0.5183709363997936,0.4198614347885953,-0.30525717693497983,0.5405403154864036,0.4852978554541756,-0.43873784724373777,0.6698934286618551,0.5005424184983205,-0.5397499748470573
851,0.5219408996381875,0.4204842361485398,-0.29456360199879084,0.5393076338347345,0.4938686823918319,-0.3781487233469742,0.6645503668209337,0.5118981920755149,-0.4509913459517116
852,0.5245289220468811,0.42131065533387746,-0.34519320462691017,0.5361854582222408,0.5036525596427897,-0.39290946490653195,0.6598531433937732,0.52455314433735,-0.45011095042607907
853,0.5253187842886281,0.42253612059476486,-0.39877839248151326,0.530544428259527,0.5113760088784088,-0.43266309022578026,0.6558029093913562,0.5358765257285117,-0.48077306147285614
854,0.5245642365024138,0.42398352053749383,-0.40198721755998945,0.5219686492596816,0.5153243454764913,-0.4348797424515613,0.6494239042178563,0.5430936144214824,-0.4721852182065772
855,0.5232741164061735,0.42506610534575867,-0.3519783875763641,0.5092993033560734,0.515965919957305,-0.38237017748508734,0.6350825056367381,0.5458755347620269,-0.41486709605855665
856,0.5221881491310189,0.4253050530743492,-0.2848286498597365,0.49188843904474877,0.5146056799335745,-0.3052896776564711,0.6094582060965635,0.5462427358831579,-0.3494387283936038
857,0.5213321360178776,0.4249973647588776,-0.24442754935088862,0.47217802241464213,0.5124647048262938,-0.25077052276383294,0.5768807814996378,0.5465276421156979,-0.315502105822035
858,0.5204823165954373,0.4251148725587498,-0.2592151867936026,0.4554473924080322,0.5106183830037123,-0.2515164681721464,0.5472459185411461,0.5477383152707608,-0.32577701485584026
859,0.5196792337051617,0.4263247587588288,-0.3235009851749357,0.44583081412785974,0.5095919584633487,-0.30298229940145527,0.5271407017428151,0.5492552615516135,-0.3666416583186912
860,0.5190410509500843,0.42824594308818414,-0.39716775300305623,0.44279701025504953,0.5088233311869262,-0.3653513930924653,0.5143644309167861,0.5497266493555533,-0.4086124783792377
861,0.5182338814485821,0.4298651379450766,-0.44306339293744174,0.44187640210044443,0.5072324108502814,-0.4008123466769468,0.5021611787458867,0.5486381641221885,-0.42910253699659684
862,0.5164835637498103,0.4305924200132857,-0.4640966241248411,0.43858840114681014,0.5045881615821434,-0.4084301357399539,0.48745860602167757,0.5471731967262894,-0.4323186888527156
863,0.513277904479034,0.4307115269241446,-0.48327351448031797,0.43161025204745695,0.5019304362905509,-0.4096703514737092,0.473402666360663,0.5471962599530913,-0.4364373822736
864,0.5090065762720272,0.430858809004311,-0.4952379298942881,0.42278378683011847,0.5005252487570484,-0.4082116533905655,0.46444605337646305,0.5494075517334182,-0.44189142007112914
865,0.5048162271629205,0.4313252487356716,-0.4697872886783178,0.41480870988828156,0.5008380902377811,-0.3876587992021313,0.461188899452091,0.5529934113622322,-0.4292761222602442
866,0.5016906141525866,0.43194147908660807,-0.4042760471410275,0.40915415692039747,0.5026627262081507,-0.3471710036426255,0.4614601971461375,0.5570549995651551,-0.39172067033001895
867,0.49949334304541515,0.4324234279465317,-0.3414041810047769,0.4060987388075429,0.5056896193924512,-0.3147673956056968,0.46558228260656304,0.5615142826612907,-0.3529471795920463
868,0.496887802385677,0.4326555616118938,-0.32457191166939103,0.4064710397335107,0.5095823147598558,-0.3178324202977341,0.4782452452149447,0.5661984679364593,-0.3447627376021097
869,0.4923988153190301,0.43272578094039355,-0.35388597576117703,0.41227596803977407,0.5138759568246343,-0.3543962584814897,0.5035900964844783,0.5699271767594809,-0.375309776072274
870,0.4858601145580606,0.43281132463655375,-0.39312898821280995,0.42433845063568304,0.5181340926929021,-0.39851349018530563,0.5386482156259935,0.5714321792126681,-0.42484219440370163
871,0.4789018348194522,0.4330239028046078,-0.40437558154531333,0.43958473103177265,0.5220099184195972,-0.42253557406141606,0.5727968530189996,0.5707245079768642,-0.4635035308888914
872,0.47361336196274734,0.43338882481469615,-0.36895435389237907,0.4522751460849949,0.525124583549991,-0.40999183933477,0.5947262812322889,0.5687223854416782,-0.4670990609279177
873,0.4702947738792109,0.434036771923459,-0.29310494565593487,0.4585072179069979,0.5272777157543441,-0.3612235173550444,0.6006554914408315,0.5659525631527719,-0.4282374383904571
874,0.46673001050255297,0.43527023509939117,-0.21013420840791835,0.4584423491153716,0.5288377810775018,-0.29948753835700676,0.596030138424879,0.5625207198871234,-0.3674576250913858
875,0.46025000122137616,0.4371960363489792,-0.1661674705202795,0.453882264802604,0.5304860977425392,-0.2641053142634767,0.589295162595358,0.5590636860678593,-0.32878579097577243
876,0.4506977854300033,0.43934330408197697,-0.18361659453624168,0.4454798824122527,0.5324050893294674,-0.28077333919979436,0.5843853965056285,0.5567136163070833,-0.3463862000098693
877,0.4410006476088151,0.44091106806393193,-0.23833253529143,0.43350981030200925,0.5339905554802125,-0.33310344922473817,0.5791467690071885,0.5559669459238112,-0.40640359924034886
878,0.43442918719584744,0.4414346461016998,-0.2826453679992813,0.4197753304188372,0.5344026102188493,-0.3711613809661979,0.5693036859556683,0.55622508949736,-0.4503964873873288
879,0.43143058658870426,0.4410489413338663,-0.2893644296002121,0.4068107306018414,0.5331453269055655,-0.3564902779661604,0.5523320642654316,0.5566874481344085,-0.43076282920332915
880,0.4295392706084815,0.4401287881400987,-0.2681314795781526,0.39573321236719655,0.5302366147934849,-0.29828971984638303,0.5286948340515815,0.5573318640421591,-0.3613850787725186
881,0.4261912358115065,0.4388866849255039,-0.24510228952742125,0.3861570715612996,0.5262252511648424,-0.24026328006050854,0.5018746160629792,0.5587460680700438,-0.3002115308201517
882,0.42113354680664666,0.4373709718017874,-0.23573189563233785,0.3777617927527948,0.5219976305907279,-0.21408873435502945,0.47744818755232515,0.5611058429730242,-0.2840859216993969
883,0.41626549887047637,0.435682905716076,-0.2358888566503496,0.37101781707253045,0.5182347248543309,-0.21335579841414842,0.4602648926228167,0.5635492413749599,-0.29716000977363705
884,0.4135955309614843,0.43405590012968215,-0.23230167104885813,0.3666582153615671,0.5150632255602284,-0.21181866129172075,0.45141164224629954,0.5646603942799012,-0.30355170223662353
885,0.41325120016912215,0.43273528749881995,-0.21832643944527427,0.3649138788995352,0.512350188027837,-0.1962696481336696,0.44831263845384667,0.5635365672621345,-0.2922989263062746
886,0.41321765128331844,0.43182979881955086,-0.19994635032656377,0.3650415521620003,0.510164811823869,-0.17596881951475185,0.44840965603684174,0.5603626866964958,-0.28041877817404265
887,0.4111609434922895,0.4312759218776177,-0.18830311716141646,0.36547830477274507,0.5087598297125073,-0.166336165860737,0.45247668451613016,0.5560327322655211,-0.28245205196825285
888,0.4066924596557427,0.43093585052543143,-0.18953197253764742,0.3648224209659735,0.5081629542156565,-0.17220625103794562,0.4632065356142611,0.5513622006340417,-0.2921871891654886
889,0.4017232146919401,0.43076080668945327,-0.20278638592278392,0.36297289153762957,0.5080454794257989,-0.18782122249435187,0.4803352867402133,0.5467877139676287,-0.29629565424643783
890,0.39849189285707215,0.430878528877211,-0.2242502830477271,0.36137420602533354,0.5082584900121794,-0.20735215756158448,0.4989983037176884,0.5427479701578126,-0.2950900958376113
891,0.3974861306236908,0.43147288768868386,-0.24888971659091905,0.3620318463361724,0.5093845412017304,-0.2302136578626657,0.5140456753576543,0.5399777848032812,-0.3012617977520426
892,0.3974767515489409,0.4325299123461846,-0.2690787484723003,0.36585210056355516,0.5122248873919462,-0.2551996389056049,0.5240220389436625,0.5390700893447827,-0.32087947073269985
893,0.3971716425889303,0.4337514256020881,-0.2761724423149238,0.3715221141143061,0.5165602136741347,-0.27349519605791606,0.5295769297300139,0.5398195257196394,-0.3427445509166442
894,0.39630549881605015,0.4347891951347537,-0.26775746171920684,0.3761815667495959,0.5209238934766435,-0.27444083576723527,0.5309780876751451,0.5413681358841932,-0.3494117589033161
895,0.39532382649270803,0.43549891396151375,-0.25454797441797905,0.377481500037524,0.5237882191133316,-0.2613624387566368,0.5296381933316983,0.54307255075334,-0.33867249487635176
896,0.3946496088363015,0.4358436075677221,-0.25635837345088314,0.37477142717504836,0.524359200975934,-0.25598089513109906,0.5281828436415288,0.5447280286719984,-0.33276121804000575
897,0.39436735334426026,0.435647499087899,-0.28319136822496155,0.36837589870316045,0.5221204985835238,-0.2763852298718212,0.5235951657245053,0.5455155727479388,-0.3589476073036147
898,0.3941754711105735,0.4347333755238371,-0.3160526555858451,0.3587914740630241,0.5167795406638847,-0.3065479694512101,0.5023123377807902,0.5433007772130778,-0.41168806619905196
899,0.3934764154389864,0.4333545193863889,-0.314831303550002,0.3473426039346423,0.5094267422868772,-0.2990836114587788,0.45052966153292706,0.5362550936324988,-0.4397621900979987
900,0.39186069477907587,0.432195546200437,-0.25804342456325463,0.3367973617345705,0.5027849784103168,-0.22374389683884643,0.37345710470278787,0.5257102229336877,-0.3900391829062959
901,0.3896989000702754,0.431763398200487,-0.1738979526212307,0.329823241813562,0.4990944207829643,-0.10991103843095332,0.29848173634275565,0.5164893580079633,-0.2682500746098483
902,0.3879696907535814,0.4319317322620125,-0.1197242681406953,0.32634717714493644,0.49788092079052937,-0.025262691171723847,0.2526303457624318,0.513125405263151,-0.1433645886054407
903,0.3873125129400054,0.4322012106095473,-0.12715023460737088,0.32334676526653866,0.49645755588121643,-0.01371968777162466,0.23964502681129082,0.5155575409763534,-0.0920141290193532
904,0.387466643231507,0.4322577791020282,-0.174396556930376,0.3180954798811422,0.49258442035531436,-0.06652476243495387,0.24351061940560478,0.5192685250125563,-0.14643938645179294
905,0.3877222444784127,0.4321546332098189,-0.21283937332276617,0.3110764509943071,0.4864356572991593,-0.14457429551444692,0.24879807311414115,0.5198316370159014,-0.2796178223369325
906,0.38765829687074305,0.43207637573021906,-0.21297469701423738,0.30491806387305465,0.48024194790287905,-0.20914707313756986,0.2506366203834301,0.5166994791721524,-0.4198005315654884
907,0.38739614945674805,0.43210224250250784,-0.1834988895227007,0.3012037204298681,0.4762684387780252,-0.23905302705727358,0.2497237434999937,0.5124913080811264,-0.4971469272312913
908,0.38744984431126567,0.4321939141747631,-0.15599761892352915,0.29947726687989557,0.4750242721160417,-0.24325293489874839,0.24719033261764206,0.5096390237368763,-0.5061698439527501
909,0.3884285936610271,0.4322941426354298,-0.1585563661930015,0.2988350058080461,0.47524990275740775,-0.25668375362526547,0.24518835189622892,0.5085125124588676,-0.5119170623412753
910,0.39058823177898283,0.4323880185332318,-0.19598995167883757,0.2990823310227797,0.47545822872461757,-0.30063439026304023,0.24650154721317333,0.5082597879171359,-0.564725995571872
911,0.39350855000017204,0.4325015599161637,-0.24269878127506164,0.30021442778528107,0.47526113260674363,-0.34439183605740686,0.25069703851083464,0.5084149066099874,-0.6207523921982392
912,0.39646392149521903,0.43262857900161633,-0.25814908304515516,0.3017624068567005,0.47520372115470955,-0.3310530627724498,0.25339352116274844,0.5093175008641928,-0.5893804305682229
913,0.399347530539631,0.43259990978350554,-0.22395305059658244,0.30311453892321794,0.47566443893867316,-0.25005598661196055,0.25236582019451675,0.5113067818515121,-0.4575196272417122
914,0.4030373938445996,0.4320764401218317,-0.1672197514064618,0.3041730903394791,0.4762722571044512,-0.15902918604763422,0.25332386110902827,0.5139304200053724,-0.31612466248574644
915,0.40856254950795146,0.4308380053867123,-0.13524786678328365,0.3055524496068298,0.47636130018744294,-0.11891591479032584,0.266198165266821,0.5160312647957925,-0.2501036345649907
916,0.4159752924528266,0.4291203351616306,-0.14482396238887366,0.3082786119547777,0.47564890752025785,-0.12902613837209295,0.29451491733432494,0.516461025890079,-0.24876612210943436
917,0.4241587576809934,0.42749768973608215,-0.1696650579800717,0.3130470802461543,0.4743246695698927,-0.14586402789428962,0.33030599627323,0.5147490069965612,-0.2501401259429743
918,0.4315931599555714,0.4263203448594158,-0.18339425110009847,0.31926462555681406,0.472753837031017,-0.1510221446545822,0.3609654915885352,0.5113125454673354,-0.23920566705584864
919,0.43736267559012026,0.4253982528551174,-0.1958086073882956,0.3250898073996774,0.47133813959014526,-0.17277976798081068,0.38073939831566717,0.5070875095614631,-0.2648392276211418
920,0.441799934895046,0.4243790762481284,-0.2261603542622273,0.3293995572524113,0.47048964124402437,-0.23538833569800086,0.3950456977715786,0.5029447263982394,-0.36262652984952437
921,0.44621837270116776,0.4232815095651333,-0.25656412701501363,0.33383762605003103,0.4704325651715559,-0.30972235395546444,0.41372444537657665,0.4994992832330555,-0.48984752713906443
922,0.4516959708915239,0.4223613782023831,-0.24896045232362432,0.3417780539621847,0.471001017165933,-0.3387378578238188,0.44036402837081023,0.49719622462760876,-0.5598905539054342
923,0.4579885307440741,0.4215115840430526,-0.20636463287806803,0.35452886630555513,0.4717833537284732,-0.30596385789666736,0.46869869452697804,0.4961357295963752,-0.5348216980582632
924,0.46380249484910885,0.42025231161392007,-0.17514943490546445,0.36928090258759033,0.47249274773281447,-0.2516144114311084,0.4894643173758393,0.49589746303929916,-0.4596392904217911
925,0.46835380693247386,0.4185060357040525,-0.1760552856400548,0.38180754163488834,0.47310668170233416,-0.21929078390195594,0.49968934751700944,0.49590034708622105,-0.40499436621944906
926,0.4726144698920206,0.41692283430717625,-0.1734645662351465,0.39080560251389873,0.473658646345427,-0.21454288085744339,0.5043309570033688,0.4958934797517903,-0.40231641392781226
927,0.47845893656521327,0.41602920301957313,-0.13332000421515244,0.398294123906284,0.4740311218306218,-0.2215078186936803,0.5095028827114985,0.4958984513083551,-0.43845852653525347
928,0.4861468146892939,0.41542537039772764,-0.07722849137185508,0.40591474088403934,0.4740095664364644,-0.23105668929547749,0.5159288119493456,0.49583770691868034,-0.48381274628333515
929,0.49324904297757105,0.41436344938668257,-0.05169685418329091,0.4126758134002586,0.47345028748723506,-0.23825278360740013,0.5200062996686227,0.4955238787857844,-0.5098514654494509
930,0.49692485459992064,0.41287859938279153,-0.0667767848670281,0.41694857245966627,0.47237179857508405,-0.23402304782693162,0.5198786759910435,0.49501629884786114,-0.49907155661124647
931,0.4970344107021292,0.41178288413362435,-0.09346579515940567,0.4191125902529432,0.4710523335492828,-0.21784468007090002,0.5179573133604465,0.49471948198047533,-0.4596119408654087
932,0.4963140917588797,0.41162783613227577,-0.10868575461279513,0.42105856845882644,0.4701260459665837,-0.20727849854749544,0.5172168376881024,0.49491274657393386,-0.42541398825791854
933,0.49771435374614154,0.41214156070249974,-0.1150686942476526,0.4237687871680821,0.4703191596158838,-0.21895318911097433,0.517464997172939,0.49522709144926336,-0.4262418651278845
934,0.5021685479081326,0.4126969127559446,-0.11917351765598397,0.42645634777227154,0.47177472830156064,-0.24509763227196513,0.5168427451746229,0.49483784589756746,-0.45703704388314803
935,0.5085863324637778,0.4129732989583289,-0.11570468442003926,0.42805156641875247,0.47369211691859314,-0.2617859032448805,0.5155101721169862,0.49333871853055816,-0.48642323423932204
936,0.5150636629332443,0.4130615999173034,-0.10141168490444233,0.4286760689715478,0.47487008886063,-0.2588772187948783,0.515647614488583,0.4912661620650594,-0.4943018726210819
937,0.5199222215548353,0.41315612802164964,-0.08767469798820596,0.4291846138190021,0.4746509683483306,-0.25058637851804283,0.5179973732231823,0.4895318181394346,-0.4918066953484293
938,0.5222616525014049,0.4133225846767005,-0.08761989231814614,0.42978168414694556,0.4733234661250354,-0.25467590398275275,0.5204516168215757,0.48848631000869935,-0.5030205488500159
939,0.5221729071442078,0.4135157403395775,-0.09840245047435682,0.42983823218828365,0.47175122543906045,-0.26938118580026427,0.5209609528784934,0.48783179219336054,-0.5324031105460263
940,0.5206350261315713,0.4136857787851734,-0.1043431944529999,0.4289804991122201,0.4706966997750554,-0.27446717752004735,0.5205377392796279,0.48728768988140836,-0.5532472108500641
941,0.5190261117460518,0.4138068336421125,-0.09483676078285475,0.42766838323161965,0.4703669799463294,-0.2525199652637848,0.5220622897232836,0.4869292922824878,-0.532168442098849
942,0.5183336612379629,0.41384533837414267,-0.07513903767863714,0.4264786144395734,0.47044101568303853,-0.2087955294753432,0.5266329359958504,0.4868912883799027,-0.4685172773071316
943,0.5185260207367113,0.41376924232136014,-0.05875010208887873,0.4252738097705749,0.4704721491427593,-0.16898748922250245,0.5323183962857191,0.4870974521260299,-0.40137903005278425
944,0.5186407932758619,0.4136019468604053,-0.049063397474926704,0.4234409202821715,0.47028180544410664,-0.15275344451332176,0.5364711446125774,0.4873795361782159,-0.36681061057162645
945,0.5175647198078228,0.4134291093970106,-0.03230411229229521,0.4207574750205721,0.47004448279675026,-0.15132722092809223,0.5381339658261183,0.4876467725268911,-0.357193629406447
946,0.5148306043187711,0.4133275770747337,0.005156819191666586,0.41769013966041346,0.4700808958128291,-0.1399803872071756,0.5377809281340706,0.48784222675695466,-0.33925241253897587
947,0.5108427681193747,0.4133107086359107,0.054840844972470694,0.41494687141227593,0.4705985174075058,-0.11127920704473422,0.5358593824701904,0.48791453117914346,-0.3040705508789872
948,0.5064774312525576,0.4133703354444793,0.09206769851552654,0.4131389704819046,0.4716546817362516,-0.0835940527461421,0.5328297143251665,0.4880183168377132,-0.27718609136571254
949,0.5022949552949358,0.4135284949899502,0.10541970647713575,0.41277519800281337,0.4733591812585047,-0.07441987972055192,0.5300161651625894,0.4886488657382989,-0.2801859166261782
950,0.4978934323559181,0.4137478821479089,0.10659086642777497,0.41372381627175114,0.4758665995862823,-0.07917242402272402,0.5284088616678251,0.49026801263738823,-0.30311032281190664
951,0.4922613796852705,0.4137827222483934,0.10395163991610237,0.4142729114512323,0.47885527119760024,-0.08414469905004647,0.52603289819314,0.4926221919525122,-0.32071271854809447
952,0.4851466690624281,0.4132881192036404,0.08352620080902197,0.41182325445467494,0.48119077754202344,-0.08878236205154752,0.5184119029485481,0.49461197648262617,-0.322573620050964
953,0.47783934259254107,0.4122422017736428,0.032097507889125645,0.40561551380508326,0.48166155863666854,-0.10397801358695041,0.503239929346722,0.4951614206503912,-0.32141775168830433
954,0.4720925912531831,0.4111753796527974,-0.0351108357204827,0.3978391130273075,0.4801629916772308,-0.13540611180717135,0.48359783718331883,0.49434745094967636,-0.3391912937112844
955,0.468307758985267,0.4107519234385739,-0.08944116929134864,0.3907141423235213,0.4778156016339538,-0.1777796277035376,0.46516454201364854,0.4935720060505157,-0.3857861736836995
956,0.4650728745433087,0.41109029487560955,-0.12157298028532479,0.38353342323645445,0.47596617165978883,-0.2199070942198176,0.45098082192957656,0.4944765805606674,-0.4445955834810926
957,0.4603782011568116,0.41168752824770277,-0.14193768280261976,0.3742486631455795,0.4754620435630009,-0.24892957942553282,0.4399406958144347,0.4976060199772002,-0.4816951010450405
958,0.45313992194079217,0.41208916405557483,-0.158454053651282,0.3630928547319624,0.4766744343705227,-0.2571123117919403,0.42941607730607306,0.5020454002891895,-0.47934521128997504
959,0.44394245024870294,0.41244187181655256,-0.17185509932741724,0.3528407840555358,0.4794394588897533,-0.25199491543469005,0.41809506413337183,0.5062061980150304,-0.45959031056308147
960,0.43477696893148765,0.4132155234051118,-0.18609463884877142,0.3457580179283322,0.48275752105352654,-0.25307978298719075,0.4067115089423001,0.5089414072727745,-0.4631379780700085
961,0.4278092242879675,0.41449393522520506,-0.2061316621943647,0.3416079474361486,0.485095256082399,-0.2704470558080178,0.396919137527733,0.5101103528695613,-0.5018611915105433
962,0.4237317124538001,0.4157799539689863,-0.22633512524608107,0.33877081707549245,0.4854116863845734,-0.2910124622820153,0.38960839811498865,0.5102344307681926,-0.5429213493344878
963,0.42112898095459045,0.41657129372046753,-0.2325428734533423,0.336398941423827,0.4840154635049414,-0.2937453667644427,0.3845480176348123,0.5096669458094151,-0.5479696646562207
964,0.4177885107721057,0.4170015218365106,-0.219156843155377,0.3349407378801661,0.48257510046572455,-0.27854214480836925,0.38202418189961157,0.508307367767875,-0.5232095792113943
965,0.41283814160187493,0.4177653082855975,-0.20077052444519997,0.33491645741885906,0.4831382454575942,-0.27359720710574975,0.38404644530547055,0.5062128812668295,-0.5195397409577248
966,0.407448597396928,0.4193842724842823,-0.20146718862387955,0.33580458556579124,0.48654372977625826,-0.30727557780522846,0.3923640289278537,0.5039824397356013,-0.5772284643043644
967,0.403362255501501,0.42163989313149564,-0.2282619585323184,0.3364496659004369,0.4915899668470419,-0.3731116928878337,0.4053107371150552,0.5020805956149992,-0.6763498370531432
968,0.40107451966075,0.4237900937529822,-0.25962386860518877,0.3368049543858172,0.4961851291592878,-0.4315260600783373,0.4191662644405274,0.5003895367599536,-0.7516142854707242
969,0.3997774595498009,0.42525545894819716,-0.2700386409022316,0.3393567716994379,0.4994203715202423,-0.45039564349697364,0.4344724420715691,0.49935660213585675,-0.7543067973387381
970,0.3987200683530264,0.4259991915182755,-0.26363529843098515,0.34797457452376723,0.5020765405328995,-0.43656014648656405,0.4580653567312167,0.501070766798773,-0.6913056435515094
971,0.39797581594339143,0.4263182917094661,-0.2691287641278366,0.36392584498853076,0.5050864189997879,-0.42089625473203585,0.49386949678001446,0.5076091326276055,-0.606308387471085
972,0.39790263857994485,0.4264410978398586,-0.2979568958546128,0.3828607979875746,0.5081930546803898,-0.41741448303322365,0.5325994474325154,0.5179847426536229,-0.5342877117952374
973,0.3983978720129285,0.42640425855964303,-0.3234866916281109,0.3971820361129432,0.510512867226141,-0.4076026757339099,0.5571181688642184,0.5280855022754449,-0.47891584663444003
974,0.39891932566808946,0.4262343990656877,-0.3141388211980587,0.40236966648624317,0.5118956213431888,-0.3688389320352908,0.5599628308789257,0.5343636077666812,-0.42911345893805775
975,0.3991211628693791,0.4260901491986482,-0.27647368889551827,0.4004806591666797,0.5130451055118089,-0.30957174765707995,0.5505897053679121,0.5367459287196384,-0.38556226609669964
976,0.3993818989898192,0.42614980011132,-0.2495385648314449,0.3971593333468821,0.5143982466381758,-0.26547931806102504,0.5432108203905313,0.5374769121126337,-0.36115267354076236
977,0.4006053641975154,0.4264234931265608,-0.2612035149380477,0.3961528258620767,0.5155191200897515,-0.26331846813182314,0.5421547453550158,0.5381532504504535,-0.3616910874527709
978,0.4033716435063616,0.4267549736664708,-0.3041991624643959,0.39729941226815874,0.5158116607960697,-0.2983733911870713,0.5421751999236539,0.5387219976076841,-0.37994747778006654
979,0.40738317190302614,0.42697303187844493,-0.3518224419633557,0.3987668141249521,0.5153789787304349,-0.3449008592924005,0.5389780024884214,0.5386844050012826,-0.40610615048390225
980,0.41193240642549045,0.4269661767889889,-0.3816132914586227,0.3997205003267206,0.5147723823483876,-0.37695252132512214,0.534342017887071,0.5381699224857991,-0.43147737518785345
981,0.41671781202050806,0.42665697922331725,-0.38212945264279247,0.4005972067830625,0.5141080992411975,-0.3791323118899236,0.5318868900702336,0.5377018195484053,-0.444317580571919
982,0.42177709074707126,0.4260405514210768,-0.3519210986616869,0.40175253685900725,0.5129470635374986,-0.3505378696949507,0.532138893328844,0.5375055640570349,-0.43504140945391007
983,0.42668573815529326,0.42528105505224734,-0.3024171226700997,0.4026480872383437,0.5111472121953002,-0.3063518097117644,0.5329383092605473,0.537387452362577,-0.4079689299083171
984,0.43045307638572683,0.42466866588709473,-0.2565883480093505,0.40245212297346816,0.5093797901981048,-0.27057368039075047,0.5325517901307784,0.5371314044886036,-0.3807993147947976
985,0.4326025048789341,0.42439882711815413,-0.23485951328876173,0.40134296755538584,0.5084066632052708,-0.25896854421195165,0.5311217733822826,0.5367841886086695,-0.36899412970269163
986,0.4340835301241848,0.42439018555320007,-0.2387200665451412,0.4011436953320649,0.5080399414399436,-0.2659301073172081,0.529972927705735,0.5365518814719431,-0.37124424368688125
987,0.4367023819793897,0.4243403608603604,-0.2496283618416728,0.40418747436857844,0.5072624381929031,-0.26949083472395485,0.5304047817911312,0.5365380962451889,-0.3709919815639797
988,0.4415388858963773,0.4239989730421902,-0.24649378458580687,0.41091910094338874,0.5054013608394681,-0.25250892967903577,0.532791861461171,0.5366297349499534,-0.35395381493853517
989,0.4478631906562817,0.4234315605638698,-0.22577932061651798,0.418740437631331,0.502864599298817,-0.21989744260311167,0.5362621685188912,0.536618579464732,-0.3242913903442854
990,0.45348781127555704,0.4229924631942574,-0.20392402377998342,0.4239446267459137,0.5006592289898081,-0.19275047418622404,0.5393189186383662,0.5364423905238553,-0.3005697802470335
991,0.45637787634950483,0.42295988437403953,-0.19954510474305145,0.42496396061847685,0.49942184272902923,-0.18648878182760512,0.540999135046676,0.536297806949959,-0.29719422416200536
992,0.45637383996390934,0.42319706627128795,-0.214783786193209,0.42333178878327726,0.49896302808371384,-0.1995984824604083,0.541374187000238,0.5363919465146781,-0.3156210180879136
993,0.45546106767147704,0.42326937336370263,-0.2343812157198281,0.4216179706147952,0.49850470450402595,-0.22202015214054027,0.5409302470604525,0.5364459340077526,-0.3508305612436662
994,0.4560896548055096,0.4229252308189151,-0.24060927529878592,0.4211170535450724,0.49722101035895055,-0.24560085885365962,0.5396518122336155,0.5355352467105521,-0.395691928608836
995,0.45906504394447184,0.4223532443429865,-0.2288200359668028,0.42153531250505627,0.4947862936420717,-0.26503055687436505,0.5367893884509312,0.5326981334610241,-0.4391016155147086
996,0.46307489598261276,0.42188516943328447,-0.21111215374938821,0.42193658648363264,0.4917520613515853,-0.27788245421718105,0.5314078062942303,0.5277763623725674,-0.4711420051163575
997,0.46622038008540845,0.42153625130630334,-0.20493558516162155,0.42131660908089974,0.4893424300900627,-0.28749532587037335,0.5229826557112869,0.521468596858025,-0.4920923730970332
998,0.4679496705009374,0.420979129754954,-0.21570603406515954,0.4188341992288369,0.48838222811642457,-0.2989155807655094,0.5114029944627575,0.5146421854903274,-0.507797976935601
999,0.46941569655038395,0.4199536423643943,-0.2324198707610693,0.4144891126121849,0.48815155622509665,-0.311009286068274,0.49660985867718505,0.5080087918355126,-0.518855375546843
1000,0.47185962819139704,0.4185581102871801,-0.24563179202302005,0.40958597511885625,0.4866482009755181,-0.3231744116961874,0.47858890320963604,0.5023656223173206,-0.5298667555227287
1001,0.4749239636061674,0.4171135626659745,-0.26626945503959354,0.4056454871009992,0.4824084023599391,-0.34989139441015055,0.45801970387526547,0.49840769074673497,-0.5662875615544545
1002,0.4770631309953632,0.41589665299528755,-0.3124061572154243,0.4025179387793368,0.4760569183196778,-0.40791707183931536,0.43702854112087136,0.4960603939730836,-0.6513429154434894
1003,0.4775274540054444,0.4150631772095643,-0.37392682486017736,0.39827855055581524,0.4698898890229215,-0.4796769231584321,0.4188724993448149,0.49451538190814903,-0.7546524684417415
1004,0.47730335431355686,0.41466403803378854,-0.40845197482315526,0.3916247744757885,0.4659400612146253,-0.512780483213299,0.4062490950452508,0.4931550822960977,-0.7981976590904013
1005,0.47794688173043437,0.414611732194824,-0.3851096141333428,0.3840306340682481,0.4644971812908192,-0.4748700396164318,0.39984699744061303,0.4921583307558987,-0.7390517568644897
1006,0.4799593201957728,0.41471626828153174,-0.32071338016501144,0.37866831635446363,0.46439713621197526,-0.392536266260764,0.39857298790740425,0.4921718440192782,-0.6214987475434638
1007,0.48248327362531107,0.41484250631497327,-0.2615219564950041,0.3769027969226204,0.46447395200200603,-0.3195341696219188,0.40060553323201425,0.49366045029102185,-0.5242998863908516
1008,0.48426785592104293,0.41498539062274453,-0.23846541121224182,0.3765495071777364,0.4644900425299669,-0.28249895352576526,0.4040774700988844,0.49648860091694536,-0.48010167205549026
1009,0.4847680163208726,0.41513998530182644,-0.24764339030141108,0.3744990215874487,0.4647709070443503,-0.27306534236232194,0.4079189642670793,0.49973835282900964,-0.4690057811952721
1010,0.48453945388210024,0.41515118356020164,-0.2631590538266564,0.3709492205921929,0.46542051017031594,-0.2757663984400966,0.41313929833436613,0.5019177844318372,-0.46741393564114836
1011,0.4848201595469652,0.41478589705302776,-0.2591602078625165,0.36983606576339734,0.46616954232663177,-0.2822116218634374,0.42261297454026253,0.5017657268285279,-0.4721012184960836
1012,0.4866699598242031,0.41398655183337113,-0.22707429382652805,0.37422444058673865,0.4666884620716813,-0.2850630481848544,0.4379807344646368,0.4991541227267432,-0.4832960457431952
1013,0.4901705441211161,0.41300712595452765,-0.18049932783685757,0.3820304476719597,0.4667241447630642,-0.2769936676269262,0.45653445317865965,0.4952119588889905,-0.4903105446327564
1014,0.4942142582745576,0.4122410828709304,-0.1420314994018959,0.3878389265422224,0.4661811868294754,-0.25956158013507435,0.47278603214847326,0.49150346459175454,-0.483389170302766
1015,0.497252766556447,0.41189585368948906,-0.12384029962613716,0.38924644064812974,0.46550635494021025,-0.24554473710869523,0.4842829152707874,0.4890499645739086,-0.46978074642067025
1016,0.4985527991644788,0.4118253636728931,-0.12161075430515307,0.39020270612855634,0.4658751090884829,-0.24650730799153678,0.494919141988782,0.48808332455315206,-0.4655303822150287
1017,0.49866929991585623,0.4116662013420098,-0.12164559663195769,0.3971066893425361,0.4684294659346304,-0.25767403749345413,0.51094229774254,0.488506644057761,-0.4710910893226619
1018,0.4985879280552232,0.41117320909277527,-0.10895419228910493,0.41188800840207695,0.47306551092036214,-0.26020730147323856,0.5336704924612078,0.49017695938663297,-0.4678648099894732
1019,0.4986920827559165,0.4104981364783147,-0.07561973816315165,0.42970181683803915,0.47823412390678555,-0.24259696544760523,0.5571777685841043,0.49259373362614595,-0.44558038570766095
1020,0.49877471846357135,0.410163065708291,-0.03133487789940188,0.4434698109760297,0.4821939207039488,-0.21671265868213144,0.5735503040454459,0.4947912865564271,-0.42237239229204654
1021,0.49868126039555827,0.4107126747001935,-0.0047715367696493744,0.4500375395323957,0.4844065639808685,-0.20984695880174803,0.5799816342358471,0.4960960981833561,-0.4292367999989622
1022,0.49848258882920193,0.4123030116732547,-0.02553956389275166,0.45167361275341394,0.48562030796175126,-0.24261969112350898,0.5801911394596322,0.4968554700901082,-0.4808256443822042
1023,0.4980938734758856,0.41449068449973603,-0.09764341497851252,0.45215229192616224,0.4867090439820847,-0.3112456782973382,0.5789429879040923,0.49790524899159944,-0.5633174782124536
1024,0.4971395656061848,0.41635465529548316,-0.18990206997515688,0.45215265151412326,0.48768268940850656,-0.38503841289066276,0.5762670244913841,0.4993462109369232,-0.6416740033195534
1025,0.495442815973431,0.4170136092159904,-0.25783903952026127,0.4490336921303532,0.4879767594416082,-0.4261528369561182,0.5682441308138796,0.5003768145755582,-0.680031151396315
1026,0.49347723575110386,0.41629605519596447,-0.28202800717593063,0.4409102228978978,0.487441797975016,-0.4236401281146828,0.5527387928977769,0.5004785377861503,-0.6708373560684718
1027,0.49188295117617986,0.4149098183857517,-0.28627834026377097,0.4295469077889298,0.4865492762417643,-0.4096489186162411,0.5322465480166787,0.5003102316889949,-0.650624103489928
1028,0.4903402339249293,0.4138267403691584,-0.31329007649020396,0.4183046426495285,0.48561674974013985,-0.432702610362758,0.5107557758179397,0.5011012867464645,-0.6755147607708006
1029,0.487309716369508,0.41354841307526236,-0.38127165840566957,0.40866657319591826,0.48439338872034593,-0.5103525119801375,0.48960393139645747,0.503378977668451,-0.7709793469399479
1030,0.481398027346376,0.41399617202183525,-0.4692974405895764,0.4004015328721614,0.4826584857621235,-0.613210002208542,0.467296777352049,0.5065813287916976,-0.9084050470602396
1031,0.47303766180115153,0.41486642732878154,-0.5424259717785388,0.39384038516506775,0.4807578907731544,-0.6957250241681089,0.4426507580631763,0.5097308540796198,-1.0317597618987069
1032,0.46450713683348344,0.415906527868394,-0.5796077938129542,0.38977639258959573,0.4791681217232548,-0.7326597494034165,0.41769101108852313,0.5121097246722212,-1.0987099099188955
1033,0.4580266057408654,0.41702305844107385,-0.5780377919515951,0.38757756776095725,0.4779030626789854,-0.7246825327772664,0.39737776313367,0.5133981710270327,-1.0972358824574422
1034,0.45384199150611565,0.41831334663865993,-0.5479237235397607,0.3853374389363569,0.47681518092126646,-0.6862737527327376,0.38596660907041835,0.5136414906166412,-1.042786194866471
1035,0.45034312392655496,0.41988910508392185,-0.5114828466064565,0.38215487639228785,0.4762165361662551,-0.6420479847389813,0.3834373243651755,0.5131742201649081,-0.9746729707755182
1036,0.44597439885626006,0.421575952079589,-0.4933183113597367,0.3790131779461084,0.47670377236986783,-0.622706578912868,0.385592725365695,0.512296122087411,-0.9418008413904412
1037,0.4407099021110481,0.42293795071892337,-0.49651488781448305,0.37704796607257096,0.4784770537743733,-0.6396876421791082,0.3877543350630027,0.5110423554366891,-0.9634187167706828
1038,0.43572975380559875,0.4236998405713304,-0.4926915682344294,0.37616073737491906,0.48120557008674736,-0.659743501172235,0.38945210736389335,0.5095393966973133,-0.9968576044270027
1039,0.43218656550816315,0.4240082651600872,-0.4498769411927392,0.3761431484748895,0.4844645934037839,-0.6267205051175636,0.39632938166342657,0.5085463623406088,-0.9657999700266515
1040,0.4304711355052337,0.4241905643217486,-0.3710401907402417,0.3780452402762525,0.48795568344269763,-0.5228924022883806,0.4153041649713597,0.5093704553474231,-0.8379077204441127
1041,0.4302031130696156,0.4244142759589726,-0.29619264747688595,0.38295377898345995,0.49141301066321824,-0.3979419040830966,0.44532363679030584,0.5130948131978176,-0.668549527382378
1042,0.4304977014030016,0.42473067414186944,-0.2670235448043949,0.38976896815333645,0.4948033950906698,-0.3259293477461267,0.4747295154452098,0.5197425945523423,-0.5560088242938531
1043,0.4303764483486696,0.42532059200891204,-0.29329108074053734,0.39561410459864893,0.49864080070520445,-0.3358188948205322,0.4912819818852563,0.5279570357074844,-0.5487280231721496
1044,0.4293250112235313,0.4264325021207832,-0.34776822228654164,0.39864758117288757,0.5033898062167071,-0.38694667658465903,0.4939326574458293,0.5354799716833398,-0.5982731273216414
1045,0.4276333635341044,0.42803453750518056,-0.3909108897989037,0.3992537964562069,0.508236668198328,-0.41378848950324937,0.49120268369846687,0.5402992188902046,-0.6139569942951968
1046,0.42610893182401716,0.4297240357948847,-0.4076697482440917,0.39785158443061286,0.5112189056150963,-0.39692589929750377,0.4884616651287409,0.5417588267963934,-0.5689198639681778
1047,0.42538956897822927,0.43107642441901,-0.4190161887358742,0.39280741468038305,0.5112174491696575,-0.3819904157330682,0.48160676276477815,0.5407701056834014,-0.5321848801855639
1048,0.42557458792460023,0.4319782258457951,-0.44712179815860403,0.3822837959460109,0.5093092529764363,-0.4167326849659298,0.4655419745854885,0.538957623723089,-0.5746584003382883
1049,0.42644176678800205,0.43258791004892116,-0.47555242967796607,0.368009207018816,0.5075471944345216,-0.4804017563950776,0.4447296475722546,0.53751466622997,-0.6645873777703842
1050,0.4277882948725512,0.4330979413460168,-0.4650106221347614,0.35533931499505134,0.5067874205336521,-0.5036453993629955,0.43023563740184667,0.536718356682547,-0.6998784196317844
1051,0.4295522783424406,0.4335843103423132,-0.41124446252644886,0.3488175675632468,0.5062727340859128,-0.4613324021696059,0.42767563538371933,0.5362670536832642,-0.6436460544810774
1052,0.43187629487094725,0.4339789202433986,-0.3652400023035736,0.34889972928379875,0.5051224104154295,-0.41371967903288465,0.4332164678220494,0.5357920315759656,-0.5790120754645552
1053,0.43510262732464566,0.4340796605438901,-0.3805745073305442,0.3535914588382876,0.5036450713931747,-0.4344974723970884,0.4414319048753316,0.5350195618032965,-0.604856696598922
1054,0.4394399008289044,0.43360054356351174,-0.4517038781774448,0.36170218875023935,0.5029779760171234,-0.5188274992287569,0.45184458242820874,0.5337520900855608,-0.7116954424146353
1055,0.44459990239567665,0.4323532844126879,-0.5220861937959493,0.373089446833165,0.5036782963444644,-0.5919869611177745,0.46600220656656294,0.5320257460725611,-0.798277010994204
1056,0.45007107058994633,0.43052196190699044,-0.5488951066319718,0.38665313074112856,0.5050278033115985,-0.6002206478800387,0.4822649497853743,0.5303798390286251,-0.7941894777945493
1057,0.45584084221012966,0.42870501586391574,-0.5396993705432673,0.40003192307555024,0.5057982380168224,-0.561424582888173,0.49665527526278275,0.5298439451759703,-0.7255241908156927
1058,0.46248578969254595,0.42749704436103303,-0.5231440174386358,0.41166880596251965,0.5054480670100052,-0.5240566366744593,0.5072809357541392,0.5313547229577453,-0.6612163797958623
1059,0.47021880240804337,0.4269930598248654,-0.5052504878411471,0.4219895884818064,0.5044208031022663,-0.5056207479428785,0.5155590725173138,0.5348635565014656,-0.6329976239695176
1060,0.4780302363538914,0.4268130311461355,-0.4708649639332178,0.43194362543810005,0.5034847646096342,-0.4880288596942887,0.5235010652899137,0.5390291482596432,-0.6247144278501185
1061,0.48425705727485446,0.42659670542782885,-0.41923743078608616,0.44123966873205456,0.503083147262726,-0.45937335130233414,0.5313984802317724,0.5421222640281999,-0.6182540905856669
1062,0.48817563125847196,0.42635546527972445,-0.3761195370302202,0.44878075360474173,0.503336979289986,-0.43678322536601455,0.5383684859794949,0.5434477067844498,-0.6209320533366355
1063,0.4907300900515245,0.42634694444179944,-0.3627401460265267,0.45421316257990196,0.5043024865098171,-0.4399819553206459,0.5439787024890511,0.543815197630979,-0.6420426598593967
1064,0.49341030089010635,0.4267078865693672,-0.3696345032123724,0.45800256184396787,0.5057808460485879,-0.4587338033020702,0.5482891900420785,0.5445024343495092,-0.6654990280237942
1065,0.49656543021691535,0.42724121151692296,-0.37842237416659774,0.46014418191297235,0.5069048932521801,-0.4684084782354522,0.5505112210782067,0.545710762028587,-0.6710248757341696
1066,0.4991167893178825,0.42754155491474855,-0.3990083401674045,0.4598674191456963,0.5065058541758958,-0.47366825384069033,0.5489574266624815,0.5461004133752547,-0.6762094403770391
1067,0.49987542378464644,0.4273433293410162,-0.46062407249201737,0.4568736508231665,0.504380136801387,-0.5102662920056943,0.5433615179095738,0.544091669645289,-0.7267251864463494
1068,0.4988438510489791,0.4267636719960737,-0.5637441897738174,0.45204928698855146,0.5019186545013321,-0.5934094865276834,0.5365240020191147,0.5397777804081201,-0.8317040677892313
1069,0.4971493795180587,0.4261675566677265,-0.6620665404016159,0.44654126235937464,0.5007257338622283,-0.68401501910801,0.5313424238487555,0.535180207303004,-0.9308931266217519
1070,0.49590490592120506,0.4257526781746849,-0.7030795928258993,0.4407272139455817,0.500395295569925,-0.7237139036050926,0.5250698559433139,0.5321052586522994,-0.9516297547633066
1071,0.49526420254058995,0.42532273840136137,-0.6757654347725072,0.4346206951045324,0.4983588273402756,-0.6952932837871382,0.5091681805834009,0.5299610815076086,-0.8930955362878056
1072,0.4944900406072945,0.4245767659895585,-0.6110276697687106,0.4288068156546426,0.4926204393036317,-0.6344890197346438,0.478514711412284,0.5263563606570981,-0.8293970018389563
1073,0.49281538799070473,0.4235797113963768,-0.5454771769880633,0.424105429191623,0.48432946806231997,-0.5863108460819172,0.43995009015618525,0.5198970262841484,-0.8242766820283435
1074,0.49023191680086253,0.4227650926869312,-0.4950847379736957,0.42022862782640713,0.47690568947271766,-0.5640711999838124,0.40780843612527024,0.5118196417402698,-0.865074369919849
1075,0.4874554067075059,0.4224468564707623,-0.4593355897504044,0.4154249924608897,0.47272943999338124,-0.5544276810567697,0.3904970138267281,0.5047172313483852,-0.8950570260127562
1076,0.4851366903418083,0.4225073961561451,-0.43938362348554116,0.40799401056474777,0.4714302579238847,-0.5506813672262796,0.3844256637185598,0.5002320491439118,-0.8936088451996577
1077,0.4832688109256049,0.4226263949542435,-0.44595560656770133,0.398334364832859,0.4713395549628552,-0.5675347634802663,0.38131261678021017,0.4983361628978007,-0.9005543220621369
1078,0.4815259033442169,0.4226544134252781,-0.4874118437941746,0.3892826453262217,0.47156807687976826,-0.6188121202078198,0.3776970663894176,0.49823477983625397,-0.9599820020707988
1079,0.47996855885899525,0.4226485618676909,-0.549028531244703,0.38386804045976763,0.47219898361240537,-0.6847840570379486,0.3754922915972675,0.4991946730584362,-1.0517555610316491
1080,0.4790325087329205,0.422634962288453,-0.590660082830305,0.3825183306557197,0.4732389376358126,-0.7117736646285162,0.37652833401580693,0.5007007925438047,-1.0890397410177635
1081,0.4788649991741486,0.4224957486210569,-0.5772171249881647,0.38283558941464424,0.4742164871963472,-0.6576325207534466,0.3804405933392464,0.5024859047893165,-0.9979744219878619
1082,0.4790544675570907,0.42213236289729145,-0.5132232301745754,0.3822491239417228,0.4747267289284043,-0.5414776753974392,0.38731801200697463,0.5044712296310911,-0.8073972843206133
1083,0.47911073659796516,0.42164408326917213,-0.4385594771062817,0.38052968060559755,0.4748939815286919,-0.43715187176294024,0.39901288643275856,0.5063864410779079,-0.643626493420306
1084,0.4789377773613041,0.4212472424273166,-0.38957926801718346,0.3794654224691551,0.475159748732193,-0.40813449138000135,0.416375526765243,0.5075252886124293,-0.6175082450443002
1085,0.47869476778741366,0.42103903691794825,-0.3712763701761694,0.3802842532830431,0.47575148142458246,-0.45151401014495823,0.43655998485095043,0.5071064828879324,-0.7194551096160509
1086,0.4784454024989151,0.42091997600786063,-0.36512878423647005,0.3819205869698479,0.4764575227062769,-0.5082591892649776,0.45475078606435615,0.5048820314667193,-0.834773768240317
1087,0.47828864317895303,0.4207538399134161,-0.3542992134976385,0.3823557199446905,0.4769152010475684,-0.5237462939304734,0.46875418650911405,0.50139629429163,-0.8583624153982001
1088,0.47881241789924767,0.42054126440198847,-0.3372867118184418,0.38168359661969364,0.4770410152644129,-0.49428173365231165,0.4807775846470268,0.4977561880028647,-0.7869364999982261
1089,0.4809424765335093,0.42040654554677537,-0.32109535175934123,0.38299228968569315,0.47709551983288095,-0.4568057531262158,0.49398472059739257,0.49506279525422237,-0.7011568209498901
1090,0.48492528686213787,0.4204498277588068,-0.30825319175450655,0.3891874411252835,0.47733827432617526,-0.44184637166435886,0.5082273969538568,0.49377965789490336,-0.6706745138915374
1091,0.48969343499732554,0.42065897475714825,-0.2948211581048432,0.39923252981183527,0.47772155878780254,-0.4445458682502249,0.5203826958334935,0.4935270385111761,-0.6893798516687939
1092,0.4938249831273238,0.420953247298403,-0.2787368298595408,0.4089949748007128,0.4780091300833011,-0.43905457037911444,0.528557967429026,0.4936479133740208,-0.6998449861862565
1093,0.49710391735266024,0.4212281538003583,-0.2664301177157135,0.4160190600294781,0.47819015437229573,-0.412900835309528,0.5345927477273795,0.49408203779228743,-0.6657240404552672
1094,0.5004899129714339,0.42129015710971957,-0.27061637117631754,0.4217965961013231,0.4786583494386213,-0.3846828425860515,0.5418090296672315,0.49544913038966576,-0.6131354591515544
1095,0.5044748393650598,0.4208170548202873,-0.2992076451460552,0.4287501190176389,0.4798228154109625,-0.38821125069689455,0.5510850718017979,0.49803257302327175,-0.603785021220287
1096,0.5082492836967805,0.4195690841953791,-0.3429320484110511,0.4366778227842366,0.4815261601029643,-0.43626157105380214,0.5600430220086297,0.5009692486698241,-0.6681051272707091
1097,0.5108516686405203,0.41774071061240703,-0.3760404051217909,0.44324259941163424,0.4830392481555043,-0.4992295296213726,0.5657257378598611,0.5029119533408265,-0.7646779011281879
1098,0.512477402342176,0.4159948139340601,-0.37502488414996255,0.44694180419569873,0.4837850363662744,-0.526110570560015,0.5672444445985645,0.5033780429596674,-0.8134793961900804
1099,0.5140500973359582,0.4149962529155557,-0.3401702003587211,0.4485097117365109,0.4839705432378408,-0.4949234635152172,0.5660499729453358,0.5030189701867931,-0.7793695862009598
1100,0.5158329027815334,0.4149006261852023,-0.2979874984648708,0.4495711967330018,0.484327872619743,-0.44105920759865797,0.5644339603041476,0.5026675575563906,-0.7159812376890672
1101,0.5171369896018293,0.41532824004587837,-0.2775686273037803,0.45071103681445956,0.48526026072295403,-0.42342751785502786,0.5638693786534101,0.5025954408243806,-0.7062562488869197
1102,0.5174324177441811,0.4157658291811101,-0.28213652980731335,0.4514003456073463,0.48644280658530614,-0.4588044543449918,0.5643637995110469,0.5027187898988271,-0.7610643474105465
1103,0.5171058864425616,0.41593737560350286,-0.28975224578257613,0.4514275093837083,0.4873192522528925,-0.5045407876577749,0.5651507229214328,0.5030185596050576,-0.8073515584705607
1104,0.5166742865754168,0.41587282473187254,-0.284770022024902,0.4513444818056757,0.48774922704364104,-0.513227692998221,0.5658201274770095,0.5034081307265185,-0.7841723289860357
1105,0.5155532804364418,0.4157564733882005,-0.27901316253805303,0.4511440488512318,0.4879596915094478,-0.48661761748174265,0.5664589604106055,0.5034056350909247,-0.7147507875469196
1106,0.512175945111034,0.4157618247937479,-0.294837539674189,0.4492953239787748,0.48807169394418315,-0.4621821110440366,0.5666671425349846,0.5024189809588557,-0.6632756608502338
1107,0.5055161477555872,0.41599294814619875,-0.3339166871371879,0.4438942961734367,0.4880395845459136,-0.46034941206265373,0.5650493840988244,0.5005129791352173,-0.6497991930593634
1108,0.4963724629930445,0.4165027791771967,-0.37124455218591773,0.43470022023601756,0.4880115167788249,-0.4641813210633642,0.5603140029326141,0.4985750493658436,-0.639956600284171
1109,0.48702485593452155,0.4172839072973453,-0.3810540844611367,0.4234917020145886,0.48837016989280785,-0.45139702117913105,0.5526158162733108,0.4974431622148551,-0.6102941396376386
1110,0.4795265002307493,0.4182040861201682,-0.366860219303152,0.4121988021217912,0.48925767463149694,-0.43309119145147523,0.5430409547787308,0.49708867763259773,-0.5926953311218063
1111,0.47424786112935824,0.4189882691484373,-0.36252339710296577,0.40110554363807066,0.49025027227728657,-0.44797361956351367,0.5320346099270588,0.497030758260066,-0.6376074459581054
1112,0.4699761544743496,0.4193577703407387,-0.3978151013099078,0.3894217627974226,0.49069276376462473,-0.5137757331581152,0.5195326735711522,0.4974414356626993,-0.74159128856182
1113,0.46522704250598057,0.419278403588817,-0.4623800442153875,0.37740657400642175,0.4903593032629476,-0.5931013615805267,0.5064163941016394,0.4992925418331245,-0.8319913031050362
1114,0.45945233003644975,0.41908079548392974,-0.5111725522461018,0.36712988493747034,0.48970318347146563,-0.6228625864101534,0.4939248499134026,0.503103392251266,-0.8369997570709496
1115,0.453328911988941,0.4192704878491761,-0.5090232893878073,0.3607596908381283,0.4893881003029625,-0.57923481329766,0.4810137429096771,0.5078778756010521,-0.7619628112437337
1116,0.44808110059402023,0.4201773294751859,-0.4642154148266921,0.3582711399411823,0.4895914322906936,-0.4991644430777733,0.4639601089292603,0.5118377448847272,-0.6768660542032171
1117,0.44427974277870735,0.42175661605249265,-0.415386219288561,0.3570662720766621,0.48987143920172976,-0.4349464739271078,0.43992205755754277,0.5142012828060485,-0.634054952404845
1118,0.44107181637574244,0.4236314954671158,-0.39250213844551274,0.35408668219162615,0.489738920225206,-0.40626334503641676,0.41047442630087605,0.5157064211654016,-0.628160861998456
1119,0.4366980482285631,0.4252839849553053,-0.3965452710105222,0.34845245435392314,0.4892378027572132,-0.404101888252862,0.38100383302554014,0.5173455714666659,-0.6377826359901823
1120,0.43002309054559,0.4263398916704432,-0.41076038656942376,0.34184147748202,0.4889080714496072,-0.4179747133473433,0.35687272639887047,0.5192899196810018,-0.6634510613711977
1121,0.4216674735263563,0.42682154556211616,-0.4202081357803409,0.33624719997171004,0.48926576280088685,-0.43987544321094246,0.340218986379734,0.5212507260825049,-0.7047263284707177
1122,0.4135141575801296,0.4271268707208634,-0.4192254795313321,0.33196737781359426,0.49036073700161054,-0.45637449633646876,0.3296381775810592,0.5230704728305068,-0.7370572184799026
1123,0.4070444269088986,0.42769890293894336,-0.4076120915807396,0.32821264225552393,0.4917692859964333,-0.4564612905963035,0.32236974050393774,0.5244765708722324,-0.7396339523783688
1124,0.4023665692433408,0.42867999317384886,-0.38522587337731623,0.3249894856666438,0.4929577398936982,-0.44348561895656674,0.31709244691710975,0.5249055519277512,-0.7270137614041347
1125,0.3988334901256603,0.42984144784814315,-0.35366272198815046,0.32336235323807405,0.49365499079442243,-0.4331859230607129,0.3147314060372573,0.5241593016249627,-0.7370778197399084
1126,0.39604219674851193,0.4307980841423524,-0.32368423919376316,0.3239229784263506,0.49391273948471254,-0.4419368755578278,0.3160968696494458,0.5228793288800762,-0.794146905070521
1127,0.3939563217275051,0.4313109922103558,-0.31377736565154574,0.3258424383248938,0.49390606438629286,-0.47156910513657735,0.3191398762006839,0.5219383506060316,-0.8803274826559574
1128,0.3925445717271866,0.43145182704260265,-0.33605143383482466,0.32771504087064945,0.4937856775882992,-0.5045891227883108,0.32043446759120564,0.5215707050100119,-0.9427858057301587
1129,0.39172870280631955,0.4315005847118544,-0.3862097964359657,0.32890907933650554,0.4937427035758407,-0.5264930749807097,0.3205418650660474,0.5213555336239066,-0.9484111989919621
1130,0.3914651731167984,0.43167531401741105,-0.4451406794815754,0.3297989807772564,0.49414485445718903,-0.5481942378106455,0.3258810408299917,0.5208383959365497,-0.9269581344895448
1131,0.3915854818006796,0.4319716747756696,-0.4874744574686544,0.3308286971351448,0.49542588343000676,-0.5885182132920886,0.3419255581961335,0.5199070821939482,-0.935175680887031
1132,0.3917317977533077,0.4322517934489887,-0.5008304509736038,0.33171796467744613,0.497595320987642,-0.6447880165973383,0.3649858509741388,0.5187492779315295,-0.9914709452130421
1133,0.3917879369641029,0.43240782602892686,-0.5040020700856008,0.3320860656125902,0.49991778053833497,-0.6995098212402234,0.3854355780807374,0.517875178150762,-1.068459633246649
1134,0.39237509558796074,0.4323864293826998,-0.5299539725765953,0.333209881086873,0.501546206314713,-0.7396807760305537,0.4009344189637209,0.5181917925282536,-1.1213194963028479
1135,0.3946060683218799,0.4321263386319777,-0.58070018067605,0.33868625805579466,0.5026588954155031,-0.7508594680087513,0.421362262695886,0.5204917002864884,-1.1000579592344948
1136,0.3991505607282513,0.43158845807817475,-0.6136189596536163,0.35209198169083333,0.5044717456930354,-0.7116737017147421,0.45609191630319557,0.5245047568676272,-0.9722754457356249
1137,0.4056331541553587,0.43086663136220626,-0.5844463786304898,0.37325511298382913,0.5077196784238766,-0.6171271767680463,0.49993716696216467,0.5288011968973039,-0.7662350409392964
1138,0.4129856831493476,0.4301853396931793,-0.49698090454746024,0.39735995432591736,0.5114731334505107,-0.49924626725175286,0.5372596169512442,0.5320018245797778,-0.5677154315853311
1139,0.42020769398593727,0.42971176563148294,-0.40091850089238024,0.418466027095202,0.5139196772983277,-0.4075014613086001,0.5583189157932603,0.5338525521902987,-0.4498187671540273
1140,0.4267842963929166,0.42938547046268133,-0.34284039465747007,0.433884828114156,0.5141434725114713,-0.3677111179318153,0.5667973636613672,0.534875111916187,-0.41645374058108986
1141,0.4326897916847295,0.42899931544285075,-0.3285380323580548,0.44485570447779715,0.5127835103588492,-0.36738835497984995,0.5720045890014674,0.5353707104093742,-0.4231563476563418
1142,0.4381158500298486,0.42845244995011345,-0.33402189305594665,0.45338494483840713,0.5111866489452327,-0.3790775862060762,0.5782430679615733,0.5352861799564044,-0.4349912471655746
1143,0.44293333601522883,0.42786553065832544,-0.33981003507582125,0.4594903052833583,0.5104473834173516,-0.38733347078838093,0.5833759100502869,0.5349075428958552,-0.4467370491057594
1144,0.4463741626386592,0.42743656738304353,-0.3452811444455979,0.4620489296502206,0.5111582048947834,-0.3926375381138639,0.5850823911213329,0.5350764657039989,-0.46014854481418344
1145,0.4477264240411091,0.4272287932328432,-0.36001374913274825,0.46125758392285715,0.5132655786457361,-0.40345486905216155,0.5846038827485639,0.5364510743243509,-0.472246800257155
1146,0.44762135602685926,0.42710525537376,-0.3945391509023163,0.4584498543427803,0.5156476714908439,-0.4321912160201945,0.5828276392238572,0.5387952058092415,-0.49289349649104097
1147,0.4480796789280599,0.4268388480217018,-0.4557291189945988,0.4534041431554696,0.5163259307324792,-0.48889473692991664,0.5755187293482975,0.541182306145599,-0.5491972781188591
1148,0.4506269422340528,0.4262885844026614,-0.5391509108781216,0.4440110241978023,0.5139594626867545,-0.568313680780458,0.5569837824043573,0.5427414817555891,-0.653020783251284
1149,0.45458667620406845,0.4254927767460992,-0.6215709303979391,0.4299959406133243,0.5092927758552098,-0.6433594740884536,0.5289865680261854,0.5431223524569303,-0.7702578586313189
1150,0.45782998571024763,0.4246116172675443,-0.6658394772283721,0.4153653638647546,0.5046527067558582,-0.6761690085583494,0.5019566020021563,0.5425007482675004,-0.8356856334425266
1151,0.45906182318176914,0.4238183042085292,-0.6457102943089692,0.40522759715340134,0.5018633339699137,-0.6441896369974845,0.4852636476302592,0.5414295311479183,-0.8057136424154033
1152,0.4587987424775765,0.4232521928052392,-0.5754656878693435,0.40095427324577737,0.5009328525179155,-0.5626673853444667,0.4788669604617562,0.5406802585394103,-0.6979928579337528
1153,0.4582422266740102,0.42299312867407807,-0.5044615405547234,0.3999539145202233,0.5006599862000958,-0.4738536288379043,0.4757309049003325,0.5409223631106069,-0.5722552809960314
1154,0.45794833864904183,0.42299478132740487,-0.4667976065362405,0.3994307298832057,0.49993746311590415,-0.40502869468206126,0.4693132867843797,0.5421656359059003,-0.47140979275376466
1155,0.45784105604910497,0.4230563001477068,-0.44659698201050646,0.3987881612286126,0.4983263626934097,-0.34888632532375824,0.4572953966991183,0.5434444135387061,-0.39760788722869633
1156,0.45794280984724905,0.4229378778540715,-0.412189963939146,0.3987143709316744,0.49589004781568424,-0.29642186671788134,0.4414391705302149,0.5434199958013358,-0.34959266066141625
1157,0.4585121078880369,0.42256085116109465,-0.37382466267971504,0.39956469259070093,0.4928852441081522,-0.27269245693617966,0.4264367261554621,0.541591988694458,-0.3565175527964479
1158,0.45950903090920653,0.42208540647563114,-0.3781410127828703,0.4012053627908731,0.4896375143178656,-0.31689699651773506,0.4172732458721054,0.5387855332065403,-0.4509569647103026
1159,0.46028770340137154,0.42175585886579386,-0.4403888699463374,0.40355015526208654,0.4868174659320239,-0.4261011642486034,0.4157695739571385,0.5363235180452255,-0.6117259048847185
1160,0.4599986937764352,0.4216766945711203,-0.5091555679551141,0.40642968936980156,0.48581211640915795,-0.5365776518569084,0.41999736358436296,0.5349224783666845,-0.753304312343583
1161,0.4583138121245906,0.42175527911013955,-0.521117203794339,0.4091072593878788,0.4880407000564314,-0.5785714090406748,0.4271809872144943,0.5344451611003677,-0.794173012867121
1162,0.4557719061198365,0.42182429228235996,-0.47775468570671026,0.41049600770989486,0.4931684733826191,-0.5481788896533578,0.4360366137332283,0.5343411821590295,-0.739520276527987
1163,0.453367701608614,0.42179974784807683,-0.43803912617487323,0.41003873108223166,0.49857920101997955,-0.506050452968616,0.4461280193354564,0.5340797673666717,-0.6749403839766316
1164,0.4517178063169047,0.4217673667815194,-0.4350790532880036,0.408227986399897,0.5015988055334455,-0.499531500040665,0.4565246535401681,0.5334376855060798,-0.6680573678953181
1165,0.4506218981528298,0.42192850380342356,-0.4321016234813533,0.40618282413436785,0.5020278712180587,-0.5074314861330433,0.4661517587908031,0.532729543545406,-0.6970780637530746
1166,0.44941050312731734,0.42242446381067245,-0.3775821495261866,0.40474543537820284,0.5018417298008238,-0.4773068163559257,0.47464999966650634,0.5327335501861326,-0.6910814886199743
1167,0.44758934185184895,0.42323608904971205,-0.28074465200667575,0.40391729880794436,0.5027631013085858,-0.40073029257644,0.48198786433106583,0.5341131059327932,-0.6226867167046168
1168,0.4451058995054446,0.4242820884644588,-0.20493024619271222,0.40300908365597304,0.504798045575926,-0.32629005725219,0.48773942328255404,0.5367458377836077,-0.5368705901169468
1169,0.4421861033781438,0.4255056472946277,-0.1953831603967619,0.40131992085170654,0.5068891517329657,-0.3015551460599431,0.49141280395754533,0.539693017490644,-0.4926912876194411
1170,0.4391467298969169,0.42676290637909275,-0.24151670311459555,0.39880011960531747,0.5082579966829378,-0.32759416402862945,0.4931493859204487,0.541929860016088,-0.5029419004914201
1171,0.4363669358076108,0.4277591561999173,-0.30867444085977513,0.3961119817838834,0.5089232743224453,-0.3766200984793317,0.4936572477949799,0.5430773276297184,-0.5417336660041449
1172,0.4342370664784856,0.42828672576452426,-0.3776803919679193,0.3940492377563872,0.5093105837697295,-0.4310735309833653,0.49360300039702565,0.5434430830887966,-0.5894588719467034
1173,0.4329782946688204,0.4284763541492214,-0.44300224330856225,0.3929654218347605,0.5097288794932856,-0.4885879678830461,0.4932409729191151,0.5435606877341794,-0.6453195088101878
1174,0.43251406886746174,0.42865028759190416,-0.49285663821371356,0.39276937341883766,0.5102273061895225,-0.5396276694150198,0.49263582126252686,0.5438367236988209,-0.6993447018574246
1175,0.43255356404730394,0.42894353391556506,-0.5099277237879587,0.393250834086364,0.5107109274638155,-0.5599839480037005,0.4922609222667559,0.5444549920215194,-0.7167531137042445
1176,0.43278003170736207,0.42919469431712154,-0.4909303311976758,0.3940924427582117,0.5109884462910107,-0.5338644084189658,0.4929534638040343,0.5452139471800092,-0.6701521183006285
1177,0.43297101692559326,0.4291981702909234,-0.4575822536604912,0.3945394173817077,0.5107246708195816,-0.4821593048162456,0.4943424103287094,0.5452594197076633,-0.5888546140700306
1178,0.4330457368051919,0.42894547049842546,-0.4434735209593595,0.3935434882317852,0.509536746660642,-0.45823801404738235,0.49318396685977256,0.5432719844296842,-0.5576774679259093
1179,0.43308508733953793,0.4285889192520277,-0.467545066666692,0.3907749403550474,0.5072993337533241,-0.502917895943647,0.48455787387243576,0.5384242864284277,-0.6425138380231069
1180,0.4332602603573074,0.42824827753458256,-0.5189227780330306,0.38735904223777945,0.5043757249694906,-0.5987191428774107,0.46562828766706804,0.5313914749299055,-0.8112467801322424
1181,0.4336409605073452,0.4279144063335141,-0.5674130673820815,0.3849807682377452,0.5014484535311015,-0.6770687539449983,0.4374674638115313,0.5243711635430599,-0.9462400885607024
1182,0.43406896019465135,0.4275179941553959,-0.5892618759677284,0.3840482493648981,0.49890826523950627,-0.6818875703896112,0.403233857288931,0.5198840231169897,-0.9546003004108584
1183,0.43430492724710534,0.4270350336795433,-0.5828115670577454,0.3830059453747314,0.4962604527342448,-0.6253390066257192,0.3671432665838419,0.5189927218445651,-0.8629079674743108
1184,0.43432414311120543,0.4265198811723093,-0.5604523826411255,0.3795208105469887,0.4923886261723703,-0.5711484246722794,0.33590632392732406,0.5201493359881442,-0.7841911349001573
1185,0.43438946243369153,0.42607131180929597,-0.5317165009635167,0.37231466077500414,0.4868360847244704,-0.5648750974719418,0.31681883983942294,0.5200833166776473,-0.793567380770085
1186,0.43478770462407396,0.4257671136201824,-0.5004954815894161,0.3621853649760267,0.4807786700577482,-0.5952547361352198,0.31117383331210796,0.5166992382799163,-0.8626357889913076
1187,0.4355564069670935,0.42561165850148625,-0.47414579451694905,0.3516068125069956,0.47628987515448523,-0.6228586070180266,0.3121196057310162,0.5113082452119468,-0.9156753642832354
1188,0.4365301554846424,0.4255525456929262,-0.46409278096295287,0.34328100573270603,0.4744654464700373,-0.6248561300083434,0.3117080077427991,0.50744786000503,-0.9127984882604956
1189,0.4376229600197537,0.4255278049472166,-0.47446594231097416,0.33875338540907896,0.47442039140790615,-0.6046071639836132,0.30864862116889996,0.507357698706818,-0.8664076632454878
1190,0.439028532431903,0.4254418252462743,-0.4959245161540757,0.33794632481778497,0.47419726684463076,-0.5764965670600384,0.30795446896491746,0.5100241137518234,-0.8104244615724837
1191,0.44116774910973977,0.42512812849007897,-0.5140051666166029,0.3395588665330371,0.47256367003699545,-0.5543832359771381,0.31444766067087376,0.5126038290826312,-0.7740632880977343
1192,0.44436722969633047,0.4244672619181377,-0.5215346038531498,0.3418910353901733,0.469888297110032,-0.5458866213045932,0.3276695060751032,0.5131418201804125,-0.7668502602220251
1193,0.44837753699059674,0.42357434695760054,-0.5216921245297648,0.3436505720894657,0.46738762751259894,-0.5475125992374611,0.3427639545372216,0.5117482468645841,-0.772168161119099
1194,0.45221152881022303,0.422743470763427,-0.5206871766619301,0.34432923762707685,0.4657397400180776,-0.5472874568553069,0.3560877404602667,0.5096414506690492,-0.7623112662981096
1195,0.45484507864689994,0.4221521296731504,-0.518503725743316,0.3441804887395585,0.46462248820315427,-0.5367993068400663,0.3694890720963462,0.5075104350867867,-0.7279302233257017
1196,0.45635922378547156,0.4217377045318752,-0.5075904101956611,0.3441156764981545,0.46354315096133664,-0.5206277453861402,0.3879585231532797,0.5049165311551932,-0.6899577115979312
1197,0.4581375486884889,0.4213977554449606,-0.48387842226136824,0.3452972483952139,0.4627583780008181,-0.5140851896246863,0.41306863770912555,0.5012351120223766,-0.6823413716165786
1198,0.46150287703528003,0.42114141937839156,-0.45809287399122084,0.3482664135142767,0.4630715661442553,-0.5312236009514849,0.4401265919893185,0.4969496523845079,-0.7245845157854693
1199,0.46620170536674,0.42096415494513195,-0.44629153072336586,0.35281989476165776,0.4647825634984626,-0.5689305204620319,0.4624418570655712,0.49360293668823196,-0.8023421776068931
1200,0.47073345239238584,0.4207509036576742,-0.4461308053256942,0.3596348548011188,0.4671569612364899,-0.6013231937126662,0.47798320479384593,0.49231294276801946,-0.8700774022660075
1201,0.47432286500443627,0.42043959437658324,-0.43568949500943965,0.37144845820329947,0.4691913802585456,-0.6008159253695221,0.4916609582262035,0.4926767818779168,-0.8867453619392848
1202,0.4779362252414592,0.42013504350838043,-0.40216948988643236,0.3906402122361788,0.47078621632793927,-0.5688214095389401,0.5108774827110116,0.4934109161624209,-0.8559632823737792
1203,0.4827938954510312,0.4198796907484913,-0.3576726509413138,0.4150159588879447,0.4727178741334764,-0.5328732478904876,0.5381032508425045,0.4937713769858583,-0.8166384749430078
1204,0.48833951755424654,0.41942273685005604,-0.3194576952009212,0.43760754598624724,0.4753384310397485,-0.5103581775617864,0.567477710460531,0.4939405563996596,-0.7918975447715111
1205,0.49253574796084865,0.4184756979542057,-0.2897905602719346,0.45204728492211477,0.47790302935060724,-0.49166175315559935,0.5893305785201904,0.4942113194784162,-0.7679751752624142
1206,0.49413352061498134,0.41719566818928766,-0.2637924728788611,0.4577946972727809,0.4796655898046675,-0.46330062923295506,0.5985846561599533,0.4943839520512634,-0.7264810759620719
1207,0.4939074319080232,0.4161600134509528,-0.24359334356300638,0.4592760039909522,0.48110669751321905,-0.42992206704647895,0.5984074564321403,0.49416591411559724,-0.6748523948864485
1208,0.49347213559245495,0.41577862293481266,-0.23611825536008943,0.46017922857699844,0.4832722688045539,-0.4079627497932401,0.5956647020820315,0.493747165999888,-0.6397162614217695
1209,0.49343703172074554,0.41592234162248826,-0.246055256028898,0.45960787816460835,0.4861351538941424,-0.4123390520917649,0.5938856017840068,0.49355788612564644,-0.6473102102022571
1210,0.49303911367821074,0.41621023993108713,-0.27454120196106696,0.4540349076680704,0.48846791622266805,-0.45051202504409515,0.5909076923961103,0.4935756822967118,-0.7079067330924396
1211,0.49132576705755426,0.4164625909398693,-0.3153022120414208,0.44210725366739756,0.4893581553094901,-0.5123737350685416,0.5819487573182538,0.49330805394784233,-0.7983380633314904
1212,0.48835747997797674,0.4167216883720951,-0.35148487194679146,0.42671192535217717,0.4890866663248687,-0.5639695614602734,0.5642970777433323,0.49264384111937437,-0.8624902440344194
1213,0.4850612120405349,0.4169791364658307,-0.36739754482342546,0.41234000503624857,0.4883227182646961,-0.5686188725174244,0.5400502352347833,0.49249191701263034,-0.8523455239258586
1214,0.481852763022935,0.41714270332936304,-0.36448113720545394,0.4010249960426673,0.48716581265023573,-0.5206608272829022,0.5144735470930589,0.49425858757633767,-0.7730355640191359
1215,0.47775338154073205,0.41731611814846764,-0.3574358433129893,0.3914950315321326,0.4854826509261822,-0.44981282144768303,0.49071770631764317,0.49861378169956755,-0.6754813623217182
1216,0.47154225787180487,0.4178949371425283,-0.35727640015415274,0.38205299024441075,0.48376592360072507,-0.39153928050359066,0.4671916031131499,0.5048226921571205,-0.6056182876888815
1217,0.4638386718779792,0.4191681048511254,-0.365281870273875,0.37298903575145603,0.48294163875448937,-0.3590456580661576,0.4419478050773308,0.5111601702055044,-0.5680246409387327
1218,0.457060890948783,0.42084292167294146,-0.3771159755532135,0.3654815632370713,0.4832228644278234,-0.34055112558001416,0.41738640235025415,0.5159157577342991,-0.5336565238410229
1219,0.4526805146776358,0.4221549811462156,-0.3865955373587731,0.3592965399837312,0.4836233914575251,-0.3181106044516905,0.39691720073769365,0.5184492446854061,-0.4775447965132266
1220,0.44928260037879403,0.4225813194941684,-0.3922283587587968,0.35296046659137836,0.48295100825204107,-0.291523326206123,0.37869764069529555,0.5197069224406883,-0.41350148003924436
1221,0.4441429182578566,0.4224264010361394,-0.39994007290706013,0.3457009985533583,0.4812380075511609,-0.281904431662659,0.357307520058467,0.5214064743173389,-0.3887534333048762
1222,0.4362155015317874,0.4226061007007057,-0.40898445637338504,0.3378748883445286,0.4800428709827593,-0.30369296119258227,0.33177889784676506,0.5243157316207807,-0.4326109802537906
1223,0.42690201435089764,0.42378289600536817,-0.4028183087581054,0.3297084922057341,0.48119131100422385,-0.3400240047617398,0.3084681892526557,0.5275579964170458,-0.5164721971123589
1224,0.41829613076426253,0.42573716454552324,-0.3738475682703162,0.32105057344311283,0.4849998875202574,-0.36315949911524625,0.29440434566435936,0.5297720621508573,-0.5843391236834624
1225,0.41132644652558137,0.42764178971018446,-0.3479440388339864,0.3126791224400695,0.4897049343442173,-0.37221868937954866,0.289208542252182,0.5305326697749115,-0.6158076708272006
1226,0.40549948903615085,0.42887518726379636,-0.3543386377295312,0.30660987304566156,0.49288891290268827,-0.3844823363338072,0.28533921288916464,0.5303629408495226,-0.6301395752937242
1227,0.3999057404835833,0.42942535831788264,-0.3769134658903443,0.30419553688211626,0.49354377870701915,-0.39551579229661404,0.2764068163663736,0.5297280618061748,-0.637484633572284
1228,0.3941880574075253,0.4296055825697351,-0.3718809283095945,0.30442658955190094,0.4925814153692435,-0.38430856039781147,0.26378636206394684,0.5285267236743145,-0.6305997902834453
1229,0.38866765372321377,0.429686257935863,-0.3325443839256127,0.3048555745790621,0.491507048325924,-0.3579032133631961,0.25397681639424563,0.5266297952019303,-0.6242244302896902
1230,0.3838042339299588,0.42985863390915613,-0.29701251340781454,0.3039010761854962,0.4910372727418602,-0.3496795313842703,0.2505293165644116,0.5244842309223144,-0.6510947983059613
1231,0.3796445722634433,0.43026927112046737,-0.2886113161018228,0.3017000460195751,0.4909907969400684,-0.36510316694895634,0.2506580871700279,0.5227630852019437,-0.7052912904569616
1232,0.3757914292713776,0.4309129716060966,-0.2869241164675649,0.29918228025352817,0.49101867445893754,-0.3670031942452935,0.2499538145696215,0.5215338798047898,-0.7315997233616546
1233,0.3719310742937114,0.43161300452117185,-0.26309331397479313,0.2971282298645992,0.4911260984468563,-0.3273046769199748,0.24821333164073223,0.520184700993647,-0.6890453774965679
1234,0.36833876129305104,0.43220165508422065,-0.21183677841881637,0.2959697977515911,0.49158393946441453,-0.2628941503069637,0.2487091273207105,0.5183116597419772,-0.5954287811930635
1235,0.36572929993502146,0.4326289845105011,-0.1485575914622229,0.29583108251308554,0.49250851483849256,-0.2078001855663246,0.25217995901068035,0.5165905710293958,-0.4951974745957801
1236,0.3645925149448069,0.43286420265850956,-0.10360125026758632,0.2967107413109203,0.49362458522556174,-0.17470522199815938,0.2541735707686688,0.5165846212074077,-0.41087412049780986
1237,0.36474941387406856,0.43285641880970566,-0.11420860610505999,0.2990051258318997,0.494532790665554,-0.16035032923626544,0.2513415922572468,0.5191772600944322,-0.3488220516609223
1238,0.3655149386754182,0.43271787494333025,-0.19143226346071424,0.30377101881531604,0.49520180046020346,-0.17422350234296025,0.2504783710424636,0.5228062651216245,-0.3343641144147259
1239,0.36623358155350466,0.4328146122627752,-0.29243149179608047,0.31175091392562354,0.496025320202694,-0.23618697285106258,0.2666231182691778,0.5238852249667095,-0.39871980631072285
1240,0.36678521137657416,0.43344953331768216,-0.3473364813481352,0.3215384127507008,0.4973455592672991,-0.3366237016400836,0.30731789097363854,0.5200652913289833,-0.5173022482131536
1241,0.36768703774024086,0.43444891073152336,-0.3228033540133623,0.3293253169355787,0.4992054291981643,-0.4212449536557866,0.3606761638639181,0.5130607603563405,-0.6037213501500698
1242,0.3695870851756327,0.4352589652295976,-0.25150755743059056,0.33218842319169567,0.5017756616982961,-0.44256241904778254,0.4051197600499129,0.5072967454042868,-0.6040311039638979
1243,0.37260018462097133,0.43552088402193034,-0.19411245856060616,0.33248411258635896,0.5055806182207222,-0.4146050864051007,0.43124109503091435,0.5055310491505578,-0.5628021816860889
1244,0.37637425412559383,0.43540845514092175,-0.17996336433694254,0.3376720365204847,0.5106255199137931,-0.3880273709972305,0.4488134512209607,0.5063863478459127,-0.5497620346917491
1245,0.38086757814393385,0.43533223838946933,-0.19435454471054403,0.3538515389212212,0.5154965206675874,-0.38344844038499354,0.4719287984179455,0.506210485880143,-0.5568034909425973
1246,0.386576608323149,0.43543813570558954,-0.21563602288029785,0.37925909332728763,0.5182440928581497,-0.3826207503809734,0.5029881213781339,0.5027269252300802,-0.5257683291555969
1247,0.3936360044680015,0.43549477801999714,-0.2432493270966052,0.405515428794067,0.518410919568162,-0.3752930850796686,0.5331647063487113,0.49659522711997905,-0.4508017329593839
1248,0.4011209411613938,0.43521042109650176,-0.28243517062322715,0.42581111112268216,0.5175607934258853,-0.37498104252767506,0.5539760126508724,0.4896858102133919,-0.38651154058176457
1249,0.40781230429928395,0.4345567148235354,-0.31882345839484444,0.44052087852952226,0.5175190445732495,-0.3856047506997659,0.5647018185878806,0.48242835544165286,-0.3638324967146312
1250,0.41352418830861815,0.43375475442904465,-0.3269120083268792,0.4540268307674271,0.5185112777979428,-0.3883367537982109,0.5696435214762532,0.47367929910355006,-0.3616906837203198
1251,0.4192411896895048,0.43298845727967483,-0.3021332570030989,0.4681419941300454,0.5192500965754123,-0.37435291478153293,0.5717265170222777,0.4633142259635283,-0.36555031229206275
1252,0.4259138509924993,0.4322167646945811,-0.2695290326749792,0.4811741476628121,0.5184337770391466,-0.3627743522596708,0.5711216553179986,0.4536149915217265,-0.39056678692864105
1253,0.43335334475648063,0.43133510346623627,-0.25583702756906473,0.49243678475199415,0.5157577388124638,-0.3691677227840958,0.5688635338257004,0.4468580491244233,-0.42741237368669066
1254,0.4403922273903684,0.430459427106838,-0.26445962071184476,0.5041774250978763,0.511704770856948,-0.37848618369355724,0.5684864175724132,0.44232481341765234,-0.4227893130191711
1255,0.44596709666785245,0.42989621485892554,-0.28309154753360755,0.5176153731966333,0.5070168859093078,-0.36888067909324396,0.5728427717190908,0.4374681911015592,-0.34802056755571464
1256,0.4498215513526805,0.42980617645736924,-0.30196054513310794,0.5291374591104865,0.5026461120182052,-0.34521975619244805,0.5808244266891384,0.4319782549002112,-0.24607695177645375
1257,0.45226038487442266,0.43001092159233656,-0.31473189692062653,0.5330805519043726,0.4996920952660544,-0.3282979139163084,0.5885823406917723,0.42865562039918226,-0.17734323625315548
1258,0.453695203119158,0.4301574050384037,-0.31349948961151985,0.5283674058799465,0.4987686403654373,-0.32341901036556375,0.5936962036755873,0.42951471852412065,-0.15186843022720994
1259,0.45460682203018965,0.4299938019456974,-0.29575559104035337,0.5200574246110693,0.49952843433095007,-0.3200645246791413,0.5971719333375519,0.43310061134532846,-0.14578609164201886
1260,0.4555110130993211,0.4294656306659017,-0.2701054753612594,0.5130556216564951,0.5011069171168772,-0.31337843978926383,0.6009015872335186,0.43719989358433414,-0.15180511067794866
1261,0.45657190702466194,0.42860165729512345,-0.24505335665555275,0.506157024042411,0.502766460587277,-0.3060848663559934,0.6037797709536122,0.44241585331161587,-0.17593788362996862
1262,0.4574017740089858,0.4273873092056276,-0.2173006880859742,0.49445970305306863,0.5038730401977528,-0.2951354558886438,0.6016678443244562,0.45079262729345243,-0.20620445277275742
1263,0.4575180391161597,0.425842890857005,-0.18100150571223395,0.47660632897317196,0.5037754336856181,-0.27464674292106783,0.5919752870729925,0.4617342308848002,-0.22101047502297602
1264,0.4569529638604329,0.4242276438712161,-0.1437214942681161,0.4569776108287634,0.5022904792197644,-0.24946784312494732,0.5772892326959663,0.47154351280229106,-0.22042441741231206
1265,0.45623065377333943,0.42297150213355034,-0.12070383266196649,0.44048539221228594,0.5000349509863762,-0.23266568860894973,0.5627669922329624,0.47714513481368176,-0.22764550249874863
1266,0.4557578755347077,0.4222192951663984,-0.11520417955830894,0.4275934207064721,0.49773233840411746,-0.23260707093768476,0.5502843066477833,0.4787576767878861,-0.26661369780538363
1267,0.4554040157697188,0.4215749238687182,-0.11758132472537122,0.4158369979982468,0.495388163179296,-0.25150484854957517,0.537374684417375,0.47862996378604866,-0.34758816300091777
1268,0.45474245472375374,0.4205708263035161,-0.12408198682604042,0.40448331302051277,0.4926719112537117,-0.290150417987444,0.5222757803248984,0.4784256027893947,-0.46159279931701
1269,0.45358930870759256,0.41933242677467564,-0.14231843134609407,0.39543568207813157,0.489873888571382,-0.3431271479525788,0.5075949627284235,0.4784344437697974,-0.5792149200673469
1270,0.45216203574974406,0.4184752264061545,-0.1734244120666694,0.39005601943379387,0.487819020506654,-0.39335002545004777,0.4975747282605061,0.4784318110125402,-0.6654300584171262
1271,0.45070124266320793,0.4183490492772997,-0.20175829313359056,0.3870957997368471,0.486900230527764,-0.4225182945992527,0.4930942585612106,0.4783790942821149,-0.7066097505836091
1272,0.4490897987209247,0.41867901987205114,-0.21263754210487817,0.38412981262727824,0.4867581742670132,-0.428746948131057,0.49085148034097825,0.4783781324289468,-0.7210071752666611
1273,0.44700678074397315,0.41898377305055706,-0.213028927599823,0.3799360207750383,0.4868915141574691,-0.4281135353043376,0.48707965274360954,0.47844403647726386,-0.7380439798947307
1274,0.4444132562591402,0.41907776098326394,-0.22329478512547096,0.3749952254488358,0.4871087930244745,-0.43730691595972127,0.48096897830561686,0.47848532431952384,-0.7692780893794159
1275,0.4416800517712043,0.4190803230021043,-0.25007440849398976,0.37029091732239916,0.4873427374302043,-0.4576971302917186,0.47435449284065895,0.478412521512406,-0.8024464308884534
1276,0.43919454343124154,0.41914590599248946,-0.2748087160313809,0.36629700961143635,0.48742579561750504,-0.47437232359532344,0.4689871314195318,0.4782199572150135,-0.8183643410189078
1277,0.43698930355825905,0.4193444508362179,-0.2696889391286097,0.36292649065390714,0.48726562232360515,-0.46601623472876497,0.464790420492576,0.4779853937047004,-0.8057190349005745
1278,0.4347399505806828,0.4197241816308195,-0.22409213009470397,0.35971820866382626,0.48708098025218444,-0.4204389450632942,0.46045909188263334,0.4778060858703223,-0.7632692678648549
1279,0.4319599125122585,0.4203306638718783,-0.15866810488603897,0.3559566184413297,0.48722307503926665,-0.35031493240771105,0.45508112895064934,0.47773256679168563,-0.7006902699759793
1280,0.4282627374891539,0.4211165581105019,-0.11285245999122927,0.3512381503555989,0.4877172554699083,-0.29206051175943715,0.44901970473769187,0.47775093684771797,-0.6416042633346849
1281,0.423707287537619,0.4218988914245028,-0.11182973612097943,0.34624132851269535,0.4881667614832601,-0.2777384796307824,0.4434952037662742,0.47780292591308793,-0.6149983230871495
1282,0.41894010504828433,0.4224892815443073,-0.14278178316049048,0.3425730122325757,0.4883296725632559,-0.30362628434186817,0.4394642452645065,0.47780734651948836,-0.6312729706419986
1283,0.41469413534922905,0.4229051608188693,-0.1670542058954264,0.3413710274756161,0.488742190037517,-0.3323455688590333,0.43674412433058224,0.47770050490974675,-0.6670835555182745
1284,0.41087226303078206,0.4234108515707699,-0.15789500570703513,0.3418429283763052,0.49040685201386003,-0.33012079787567156,0.4340355201409803,0.4775300739473118,-0.6838005647203182
1285,0.4062835835148315,0.4242674650228881,-0.12327600841595908,0.3413251631855698,0.4936004610980205,-0.2980358455102167,0.4298923586381764,0.47751253864641746,-0.6646516347074436
1286,0.39972098631096814,0.4254322172080418,-0.08929805136516059,0.3372904654036291,0.4971994153605947,-0.2622225517732908,0.4239252811184593,0.4778872351196306,-0.6265872426624362
1287,0.39146141057323147,0.42656458111606554,-0.06821771373111346,0.3296829524186471,0.49956079879229015,-0.23995855566890148,0.4171409003710855,0.4786322357294504,-0.5948928248955713
1288,0.38335685384855356,0.42734224513800667,-0.0548373951948378,0.3210024053570345,0.5000565453423247,-0.2295954590188072,0.4110069504763332,0.47940548056961174,-0.5805907968476914
1289,0.37708864847077644,0.42773586238136985,-0.052048849046860454,0.31372445419242184,0.49947148073426684,-0.23327283060320658,0.4061437726590261,0.47988525555470063,-0.5886532784458132
1290,0.37251877212194034,0.4279834032704586,-0.07891715506424918,0.30801221289812,0.49896825158272334,-0.26680842139615935,0.4019932304251887,0.48013912573493045,-0.6278355813697485
1291,0.3680795707902804,0.4283495143964728,-0.1406401147843127,0.3023797938357115,0.49905607580729305,-0.3321091829240444,0.39766138874501755,0.4805722975170529,-0.6929441926794522
1292,0.36257668822226863,0.4289281096387075,-0.20605856268728837,0.2960450565358914,0.49964056789370515,-0.3965124033777884,0.39277134535801717,0.48155389491001943,-0.750000923380626
1293,0.35629846920442265,0.4296331992047223,-0.23625025987154957,0.2898767983369274,0.5006219648939927,-0.42215125805874265,0.38754213283534994,0.4831492439720397,-0.7627242721450044
1294,0.350505610997258,0.43032224558446724,-0.23014853923021045,0.2851820378159009,0.5020265045622806,-0.40976361046834464,0.3825590740894746,0.48510899177066213,-0.7324404944222991
1295,0.3460046133040282,0.4309147188413209,-0.2223493043123159,0.28209319559037616,0.5036668599014628,-0.39439992952439484,0.37858463286595456,0.48700838834843646,-0.696218201317931
1296,0.34214517020171137,0.43142187169421287,-0.23724601421048053,0.2793101299202001,0.5050761511224399,-0.4007905089591621,0.3760557948171387,0.4885018684036353,-0.6859505185553079
1297,0.3373492308966087,0.43189099685127974,-0.26452220481194144,0.2754130149240783,0.505924302651043,-0.4206585384581051,0.3745055607374699,0.4895876663496768,-0.7001348263139227
1298,0.33091930945858083,0.43232338431732487,-0.283292151651014,0.2703118894840572,0.5063196871370113,-0.43494133564573484,0.37280881546786593,0.4905639906930416,-0.715417039453078
1299,0.3241988449867446,0.4326444669494017,-0.2910213558283236,0.2651636026506283,0.5065740882018012,-0.43988584818016757,0.370199527078018,0.4916257965633032,-0.7145952380121977
1300,0.3194948516147067,0.43277215113317696,-0.29566645275010434,0.2610042827496314,0.5068050157057319,-0.44050334274869557,0.3668638740221528,0.49261395572269745,-0.6966952047989902
1301,0.31777077213608557,0.4327266410203773,-0.29215467157763125,0.25795816452378273,0.5069219683938808,-0.4315688091725144,0.36347454597929835,0.49329110360121664,-0.6678249940594115
1302,0.31778161795543897,0.43265000033587203,-0.26597675154591605,0.25578751103920216,0.5069131000205999,-0.4040272025291156,0.3604545983329507,0.49369534567497025,-0.6374048608040147
1303,0.3176187990810423,0.4326944335644224,-0.21879649824605,0.25460776303046573,0.5069515879992109,-0.36784497387027987,0.3579445312211158,0.49393325589951487,-0.6232404457266523
1304,0.31667559596774253,0.43289972576788033,-0.17538263167823223,0.2546610086089315,0.507206251430082,-0.3510346103059768,0.3562092143203121,0.4936920939175712,-0.6432012856297331
1305,0.31575359097929373,0.4331821735118684,-0.16041493237840665,0.25556890363535734,0.5076765725409783,-0.370523469636458,0.35557328587572473,0.4923571804902031,-0.6942560678830919
1306,0.3156084022091009,0.43341804849328025,-0.17428356295582276,0.25622223804580746,0.5082229977893009,-0.4120789352430177,0.3559108205860416,0.4897406125136317,-0.7475797604808008
1307,0.31610122837424987,0.4335354168390114,-0.19247232724281346,0.2557345968837885,0.5086233255577837,-0.44127272379829574,0.35659318878457025,0.48630417907303386,-0.7673273671463683
1308,0.31697786074325834,0.4335639064282074,-0.18536695319059615,0.2546542668713791,0.5085977827878323,-0.43003210657208324,0.35718244038053487,0.48238437334591727,-0.7322957322520584
1309,0.3189330251887364,0.433611719174789,-0.14118557504322843,0.2551050557381673,0.5079879157612088,-0.37516198477363366,0.35800560477906085,0.4775863217605357,-0.6470841814402255
1310,0.32322986915891144,0.43375102564008167,-0.07484260947172991,0.259361307242132,0.5069989629115533,-0.2987209932692406,0.35973323377324284,0.4714837088752442,-0.5422941964796818
1311,0.33011747283045145,0.4338786067128979,-0.016532974920511825,0.26794265069634776,0.5061038008359028,-0.2332287696332397,0.3623673079978765,0.4647973099239728,-0.4613221377948203
1312,0.33798248214621396,0.4337009204539407,0.00875517590132226,0.27896305262222265,0.5056350773508815,-0.2029810089646409,0.3649902193948084,0.4593129792489375,-0.4358229615035207
1313,0.3444786182819236,0.4329371829301175,-0.004381287404985578,0.2893357556096876,0.5055963050722607,-0.21206620722462838,0.36679952787880976,0.45645054258919693,-0.4653907303808496
1314,0.3485890514667583,0.43164419190545683,-0.03871249008677273,0.29673157085213536,0.5058647889896843,-0.24302487715185492,0.36831930173310146,0.4561608429124382,-0.518082148812942
1315,0.3513734277411596,0.430363284575078,-0.06421868676795835,0.30074646849822495,0.5063954533669666,-0.2674326268802614,0.3713619138325348,0.4572554599719463,-0.5529366636773598
1316,0.3546223046270616,0.4298172314816565,-0.05952454611819548,0.3026796794375216,0.5071880345949766,-0.2653114625301472,0.37756474697316045,0.4585535157393257,-0.5482123894123287
1317,0.35902890564301976,0.4303138618971658,-0.029105568965919232,0.3043069649195333,0.50817545385597,-0.23926611487471727,0.38670545789888877,0.45966051075484676,-0.5133704958123879
1318,0.3638030455257322,0.43144719145791566,0.003041418873243872,0.30653603925064504,0.509182151389866,-0.20920878864716794,0.3964047071015589,0.46087327354916086,-0.4759426936902225
1319,0.3678336331210307,0.43246373061342885,0.01758424059641633,0.3090073618722756,0.5099756621395641,-0.19309443028523066,0.40381633667167405,0.46256551035021926,-0.45819239611996987
1320,0.3709396134750179,0.4329181966996759,0.014005194425022413,0.31095145403271285,0.5104124937672175,-0.19445747631691604,0.407933518880579,0.46474628833777687,-0.46640369936992526
1321,0.3738792939319235,0.43291763154658763,0.001675989789264119,0.31225254121899687,0.5105498676381373,-0.20686147320803722,0.41020837338538524,0.4670770048453165,-0.4960144799833055
1322,0.3772556139991897,0.43278618167870386,-0.013703646820783962,0.3135646207268507,0.5105374053172225,-0.22350332592086133,0.4128287842622814,0.4690965655637173,-0.5373284683770126
1323,0.3807545443634583,0.43266040167019393,-0.028823641812462202,0.3156170423934209,0.5103907983973495,-0.2384297193178961,0.41653495821772474,0.4704264030256402,-0.5756306471843154
1324,0.3837041536389367,0.43247798532859194,-0.03549879847203159,0.31857936074316023,0.5099744359871864,-0.2438418754317235,0.4202129824678782,0.47093489250822584,-0.5951459356283304
1325,0.3861220369144091,0.4322274033722371,-0.025756561938800344,0.32193607558067844,0.5092367096209431,-0.23438464965171552,0.42238306621142213,0.47079966793994593,-0.589979283506164
1326,0.3886708386568539,0.43203469527317556,-0.0043631855040537695,0.3248357255126359,0.5083414527202185,-0.2150580485219445,0.42275932919379977,0.4704066568777457,-0.571019223314079
1327,0.391520885677033,0.43196882773938156,0.011390416993391725,0.3266870599079714,0.5074557536782888,-0.20013182242516778,0.4223465873893515,0.4701555295354858,-0.55896318163345
1328,0.39384541211258484,0.4318565218837182,0.008518391537145226,0.3275097296002251,0.5064630026551322,-0.20045015144681608,0.4223130306322305,0.47027070018938294,-0.566219247967529
1329,0.3947953502625104,0.4314003010375282,-0.007200873023774955,0.3275654597846873,0.5050509999050254,-0.211757745387403,0.4229873308650965,0.47071044784918703,-0.5837433123683212
1330,0.39454492361310184,0.4305060416655252,-0.017381239648754796,0.3266362141187182,0.5031483819255568,-0.21889550465807206,0.4238647405160998,0.4712612358336899,-0.5905521336213488
1331,0.3939717876426229,0.42943027655449223,-0.011948779757522385,0.32407972410396635,0.5011451413966092,-0.21377576743632723,0.4243413613313014,0.4717457038370111,-0.5796278807938422
1332,0.39364071845708987,0.42855586194336276,7.319085126578626e-05,0.31992305252629855,0.4995559689282246,-0.20540390139098413,0.42427308077656783,0.4721350511506539,-0.5674968211929213
1333,0.3935004908712661,0.4280597902184068,0.002487633805078243,0.31552843549802573,0.49853871727172105,-0.20783742093014673,0.42386508638838005,0.47249445347765634,-0.5725145339851972
1334,0.3933359597326234,0.4278407571344377,-0.01024519145595416,0.3126387322449606,0.49787052856697667,-0.22254615806005054,0.4232803852795949,0.47288258472137384,-0.5919390569548674
1335,0.3931119448999872,0.42772091935591444,-0.0307937764013561,0.31192093268428617,0.49733949306016106,-0.23909903666827279,0.42261829209093393,0.47331076534987204,-0.6091255872319625
1336,0.39291979232887164,0.42763701037522905,-0.049466363685188856,0.3128072339013544,0.49698997560147984,-0.24963169470732013,0.4222088713330048,0.4737695792132237,-0.6161996001427611
1337,0.39285197571530345,0.42762993101499214,-0.061096391620949014,0.31436880453104543,0.496941982604122,-0.25503605128670737,0.4224798697048493,0.474276308483521,-0.619072952038321
1338,0.3929537892749924,0.4277148360680214,-0.06462698220078217,0.3156796740871881,0.49710004773791133,-0.25856627753983713,0.42313941727558907,0.4748623463533148,-0.6237915804261033
1339,0.39312396348528633,0.42782331847452665,-0.06237440898868678,0.31555096317637327,0.49717128430428237,-0.26061416934172504,0.422711660425565,0.4754824213547899,-0.6281629816812645
1340,0.39302740510474554,0.4278846133482058,-0.060417295259124974,0.3129190545370417,0.4969651790354885,-0.2613929960182756,0.41960733666168193,0.4759801301847818,-0.6284359847230293
1341,0.39229793987362194,0.42792785809280515,-0.06586685423789383,0.3080947940972012,0.4965782965791584,-0.26441684716199226,0.4139850672592721,0.4762333096564868,-0.6280702245943917
1342,0.39095774208814515,0.42806040761506586,-0.08028504158789525,0.3031790948856551,0.4962351118152255,-0.27307810093311996,0.40805420622137384,0.4763566411971416,-0.6343722457346755
1343,0.3894780082312946,0.4283467537558346,-0.09490187788465825,0.3003973272436945,0.49601218673447967,-0.28316246718017474,0.40402917762544527,0.4766873941959431,-0.645822851317166
1344,0.3882216014688644,0.4287508759228209,-0.09507311842821857,0.2998235101720584,0.49580685925076284,-0.28229621073560296,0.4020192570530987,0.47748842328311863,-0.6473482691075599
1345,0.38694123797123453,0.4292020758986403,-0.07381135669460367,0.2992757470657627,0.49554826382095746,-0.261145177248902,0.40037136705754317,0.4786653873289877,-0.6237594231188315
1346,0.38510024377005236,0.42966031540960203,-0.041511603327438404,0.296789195348021,0.49531975349910734,-0.2251681023522095,0.39792235844985996,0.4798371486460044,-0.5778295381415507
1347,0.38264244647896783,0.4300928544288892,-0.01820082995307628,0.29279073176702813,0.49524145900510563,-0.19167497449143947,0.3953579271263143,0.48068809174157084,-0.5300818398098125
1348,0.3801143113874787,0.430446106139553,-0.014204353441413416,0.2893698511155666,0.49532014489818205,-0.174672210830587,0.39417004159533636,0.48119104618288006,-0.5003989323840881
1349,0.37795617961858163,0.4306903781157957,-0.022432046266047934,0.2877034966658135,0.4954606068477478,-0.1759865921637202,0.39464906925825327,0.48149896356113836,-0.49579956532188096
1350,0.37598593185845525,0.4308645848646376,-0.03138729264705979,0.2868336651474975,0.49557091850016527,-0.19004618428037767,0.39529730117757034,0.4817243926330853,-0.5142724255484153
1351,0.3737205071354225,0.43102773676358364,-0.03896689354801204,0.28490447293647014,0.495617353096509,-0.2096850480149591,0.3941855488498492,0.48186964991462755,-0.5470986168246392
1352,0.37093134587911714,0.43115443607702586,-0.04878385340012987,0.2809511124425429,0.49561071664009304,-0.22557220312399456,0.39064655474044135,0.48190452034913733,-0.5741199680942413
1353,0.36774432200410756,0.4311136909207868,-0.05948172590988626,0.27536819970944215,0.49559411737666553,-0.22877650213637804,0.3856383573913062,0.48184676970647383,-0.5725027603446731
1354,0.3644814391507925,0.43081764100496145,-0.06520011475547416,0.26924286001229425,0.49566964311361733,-0.2197881201333691,0.3807199405146008,0.48178061688494844,-0.5410245881526036
1355,0.36157445554148787,0.43040587849127787,-0.0645951691635221,0.26362594404495193,0.4960050250364273,-0.2109230094630572,0.37689369758423225,0.48183474098585916,-0.5074960460989579
1356,0.3593641286168649,0.43019341541974077,-0.06401039730955282,0.25921955553761744,0.4967197569178465,-0.21515843511497973,0.37432518410186966,0.48212781230101215,-0.5022020916053348
1357,0.35777137919461144,0.4303718306168209,-0.07097122850506493,0.2563858909800915,0.49769301626120127,-0.23348040326730496,0.37275623486169607,0.4826843448410841,-0.5264979908042711
1358,0.35633282975822644,0.4308310123247467,-0.08694923282154988,0.25521355235681986,0.4985392710531139,-0.25547110586311994,0.3718860582472129,0.48339040071426614,-0.5547279787706676
1359,0.35469038768528144,0.4313336297614988,-0.10754142033250373,0.2554465603746847,0.4988956667845149,-0.2717872804674376,0.3714776486573098,0.4840716007438627,-0.566600457313535
1360,0.3528594876736892,0.43177644444260865,-0.12747421533849648,0.25640400060251917,0.4987721944260038,-0.282927669157977,0.3713743040520423,0.4846463463354797,-0.5690654828591953
1361,0.35092039303786127,0.432194660693852,-0.14317810850201873,0.25714473912466607,0.4985733167660849,-0.2944542371326054,0.37149662080069545,0.48518239438059935,-0.5814251310017299
1362,0.3487390316456094,0.43258380124039764,-0.1533284305362166,0.2568619646619961,0.4987362496156114,-0.30801899454493603,0.37174081562018313,0.4857711554561968,-0.6070477477555343
1363,0.3461940761644959,0.43283324130903666,-0.16106746463366595,0.2553121841231538,0.4993255423366478,-0.3215125132503395,0.37179726887579523,0.48637962582569,-0.6308866538463427
1364,0.34338009183914653,0.4328343390556148,-0.17338960953241714,0.25302932673047324,0.4999813370071201,-0.3345946796773101,0.37114572380855904,0.48690687453960835,-0.6415636167563034
1365,0.3403734904283258,0.4325971062398115,-0.19390578449735904,0.2510068386646592,0.5003032567708942,-0.3486629962366534,0.3695550002342051,0.48738029685107526,-0.6433301289760807
1366,0.337194179071988,0.4322669269033738,-0.21783236525882033,0.2499058333324259,0.5002859414678451,-0.3635515444969823,0.3678321012297411,0.4879682493087425,-0.6459895673605578
1367,0.3342605831700912,0.4320583752649818,-0.2362219916743915,0.24952719911072346,0.5003093456039581,-0.37815749370007556,0.36772827274697517,0.48873054771002344,-0.6542348114686579
1368,0.33239780919189643,0.4321356110779032,-0.2416685888624503,0.24918419198128103,0.5006946910166534,-0.39093639644152645,0.3704347660255155,0.48946150363431395,-0.6674078878806368
1369,0.3320093752329469,0.4324870860498336,-0.22917188129984328,0.24856450834096158,0.5013736776205953,-0.39603033441855123,0.3751145471299195,0.48989538844689257,-0.6785635751375768
1370,0.332573060435711,0.4329156016276725,-0.1985136250056452,0.24804577474414272,0.5020401144937355,-0.38403777149627405,0.37949921426990596,0.4900265169175762,-0.6725814938924428
1371,0.33320905107243565,0.4332065671202195,-0.15990168404522306,0.24818894754356471,0.5025193263132827,-0.353394609545515,0.3820784245282353,0.49012007761017573,-0.6370314882103093
1372,0.33346287616222964,0.4333161094369165,-0.13131156543216357,0.24924826482932888,0.5028914459960308,-0.31832512183582845,0.3832117800654965,0.4904055822922043,-0.5809364413455562
1373,0.3334626750324188,0.43335137199401896,-0.12359688385140569,0.25135937497091476,0.5033092045364889,-0.29800997466087703,0.38407158517372025,0.49084442657747257,-0.5360864069996821
1374,0.33378093455547175,0.43336687398827684,-0.12973703962304844,0.25491740115599126,0.5037813923102898,-0.2972303939733083,0.38522258153812955,0.4912161064841211,-0.5315643998581762
1375,0.3353735372669149,0.43324542820353257,-0.1336230448206766,0.260332836596566,0.504110688127781,-0.3037837536501831,0.3865709728851804,0.49134948525362165,-0.5672734258276312
1376,0.3391498582852016,0.43282484984155956,-0.1295133065154766,0.26730117906455814,0.5040229689002897,-0.3071670814182895,0.3881077568270843,0.4912324054840001,-0.618235607021508
1377,0.3450042498554635,0.43211925162154513,-0.1283019937819136,0.27452741181841617,0.5034472093973057,-0.31281867403789315,0.39002573901331955,0.4909795695982903,-0.6633299829121623
1378,0.35139318697885236,0.4313663379280756,-0.14293484393058287,0.2803834262446535,0.5027026188008424,-0.33208881906747806,0.3921331233733303,0.490746990032184,-0.7010474256624938
1379,0.35648585265022115,0.43084138962940205,-0.17320103154339067,0.28389093512226726,0.5022508649351165,-0.36528004595529706,0.3936584309272568,0.49056856610950256,-0.7388566050475207
1380,0.35993891770724346,0.43064280243596526,-0.20843386645086448,0.2851830650180487,0.5021110594349699,-0.40288544539483195,0.3940074410107665,0.49016430058017474,-0.7787899112310277
1381,0.3631312798010071,0.43065425681370156,-0.23804355023001245,0.2852753686692597,0.5016329750507835,-0.4359068411234349,0.39369048390394995,0.4890120582954841,-0.8131539667043642
1382,0.3674010509928101,0.43066701867086205,-0.2544803675434917,0.2853908137029086,0.5001092711982876,-0.45634024407403423,0.3941966201946713,0.4868133255627403,-0.8260576683672821
1383,0.3724319081798834,0.4305066646127535,-0.2541834765297495,0.2861724585761784,0.49764099570338116,-0.45646996441562665,0.3966717714033647,0.4839243040651326,-0.8034262401134212
1384,0.37679247133911165,0.43008169200345614,-0.24196382377590397,0.28743056771385705,0.49514630551401234,-0.4370038440610262,0.4007873325665025,0.48119494627622966,-0.7493922778858655
1385,0.3798159294258311,0.42939662417365876,-0.22889407135053616,0.28882702998613075,0.4934117388838713,-0.41042740274272976,0.40522636679975593,0.4792910438268121,-0.689096138344496
1386,0.38234459975576696,0.4285684896441044,-0.22201983291845764,0.2907745566869443,0.49237969653270314,-0.3914623928315471,0.4092947878940142,0.47819379537249085,-0.6512678301026402
1387,0.3855050736391893,0.4277846074162781,-0.21946932384896195,0.29439681394199047,0.4915141420755168,-0.387521699667834,0.41361254749895515,0.47737256466882383,-0.6505173347430924
1388,0.3892574150483467,0.42714905549813137,-0.21610465443995386,0.3004127155717894,0.4905871338499833,-0.39778953546403195,0.4189757896446623,0.47635927576944354,-0.6834952230333425
1389,0.39254832469095147,0.42655587018883373,-0.20954835728830282,0.3080234485079913,0.4898319451058364,-0.41502589554762387,0.4249549755379843,0.47508716053395184,-0.7321986423957844
1390,0.3946211599138913,0.425805176919661,-0.1988993378097436,0.3151326229902524,0.4895001437162683,-0.4264257349120056,0.4301818363762382,0.47377078579837223,-0.7686779254977365
1391,0.3957110971701544,0.4248894928432865,-0.18180953154849017,0.3201055020974372,0.48958479799813087,-0.41911952560690546,0.43398138103963485,0.4726261323946133,-0.7677359201768318
1392,0.3965670845100582,0.42407606086815275,-0.15822338834529176,0.32334534081331245,0.48994092457245203,-0.39171436512402835,0.43713517181536987,0.47173358911179447,-0.7271002948090709
1393,0.3977281260402997,0.4236356678072024,-0.13575393853030804,0.3266363589466807,0.49042652416677607,-0.3594303598422851,0.44067925281283393,0.47107026928478446,-0.6742390752571035
1394,0.3992446081135933,0.42356534108141536,-0.1253063806234834,0.33079128105547234,0.4909033222133195,-0.3424405576186912,0.4442909364603897,0.4706130017625613,-0.6449181090910292
1395,0.4007460513125537,0.4236499554618748,-0.13074480454518572,0.33454370920803916,0.4912820704546104,-0.3490530851453402,0.446454035205494,0.47039997187825244,-0.6538628771156538
1396,0.401740483129028,0.4237111023377214,-0.14633464042417632,0.33616733235309454,0.4916010831034519,-0.3720645317692667,0.4463061131513489,0.4704509009029073,-0.6883239255771942
1397,0.40208260260794365,0.4236926219629996,-0.16171150133280726,0.335676963832896,0.491925896853078,-0.39593648389986813,0.44483921271107985,0.4706214690409281,-0.7229205829992991
1398,0.40218787488014274,0.42356405589157375,-0.16529062939469247,0.3347450237638927,0.49215524961469903,-0.4033975925403267,0.4439157663489573,0.47064176381300227,-0.7347842168668514
1399,0.40263977135720264,0.4232787356830068,-0.14868349426319485,0.3346631347016226,0.49206711830956257,-0.3838986906423993,0.44435240856784436,0.4703783396193676,-0.7142678259200717
1400,0.40356248621558305,0.42285153395741304,-0.11619577857869307,0.3351560859416782,0.4916113920452402,-0.3451062204792589,0.44540529409691115,0.46999011617068037,-0.6729115237481639
1401,0.404508462288046,0.4223913922999052,-0.08698733923303932,0.3353025957614332,0.4910439285483539,-0.31159568507456525,0.44603849512656574,0.46973706193245623,-0.6377729483701818
1402,0.4050139565285504,0.4220168918923144,-0.07911813528784688,0.3349061998877668,0.49068436033997037,-0.3038776653848207,0.44612257270966965,0.4696841449632991,-0.629958349581137
1403,0.4051073890790324,0.421798365977223,-0.09104523912334776,0.33447108817145466,0.49060816155895665,-0.3196534871876529,0.446075074134726,0.46970295336329615,-0.6486607743606125
1404,0.40507424336180503,0.4218059952722979,-0.1048575095192218,0.3341529823190955,0.49065914309272163,-0.339123787496112,0.4457181605834835,0.4697545230092579,-0.6761736858714038
1405,0.4047518901549446,0.42212126705706315,-0.10877476991698455,0.33333260289812244,0.4907074508194907,-0.3463652985934082,0.4441879179193799,0.4700385324032194,-0.693772813505039
1406,0.4033208289929008,0.4227317287341523,-0.11112977986668501,0.3313876784866479,0.49078542065638486,-0.34316289277643985,0.44116061207632506,0.4707830321140149,-0.6940316270578758
1407,0.40004519423741774,0.4234869965326347,-0.1282756882615937,0.32856801837254407,0.4909883521216178,-0.3438435708097515,0.4376234790301313,0.47195813081996396,-0.685211474812068
1408,0.3952055680425175,0.4242373307391906,-0.16116631876722554,0.32572643961970804,0.4913819331582027,-0.35813072271365987,0.4348496905338065,0.4733097933794501,-0.6837284399601992
1409,0.3899858795432619,0.4249555756780946,-0.19039256857152875,0.32309950181516134,0.4920658804728647,-0.3795020869717122,0.43271922011028285,0.4746569722462308,-0.6962939192857293
1410,0.3851909625862522,0.42564788426730576,-0.1978944422594277,0.31963132545153333,0.4931787838726783,-0.3929020574383452,0.42965108581485423,0.476022002553243,-0.7114503672288244
1411,0.3803097565438187,0.42621701891867025,-0.18940796021725181,0.3139097771923997,0.4946650823343108,-0.3943575856393538,0.42446377943406793,0.4774275544479686,-0.7148606966436872
1412,0.3743217519269342,0.4265232907225435,-0.18850324922493464,0.3059368001003141,0.49610578369003905,-0.3969939384719916,0.41791393210037164,0.47869611445092736,-0.7081311688987241
1413,0.3674316840357212,0.4265534433205264,-0.20798416363895247,0.29774293537577695,0.49699078028191146,-0.412885545597377,0.41192836855730924,0.47956609050690263,-0.7031270815744137
1414,0.361413305641075,0.42644389919212755,-0.23285415619788313,0.2918888879885955,0.4971889237185349,-0.43304815715920947,0.40744170674561125,0.4799675665587636,-0.7015111646569332
1415,0.3578405555343185,0.42634652198238854,-0.23493081891991602,0.28921672983443497,0.49702138708082355,-0.43279121066510035,0.40352743063689944,0.48009643471264635,-0.6919375867337789
1416,0.3563303568095914,0.426324796525622,-0.20343476078546038,0.28815068541645217,0.4968767298579107,-0.3995486671884248,0.39882168251657224,0.4802085022658502,-0.6690809642281479
1417,0.355007518504698,0.4263630374222369,-0.1596509856889831,0.2862403293948575,0.49689349519578163,-0.35218859344109543,0.39333076153451135,0.4803986987881399,-0.645574339076967
1418,0.3525318512700598,0.4264202638955401,-0.1389174874403861,0.28233387572469665,0.4970224586298962,-0.32619638970368076,0.38841951012033915,0.48062435468419795,-0.6377310629890929
1419,0.3492725329753301,0.4264642611133972,-0.15608366938248677,0.277329156874238,0.49720350068505115,-0.33713275779917146,0.3852942716295638,0.48088725892001366,-0.6426059661551906
1420,0.34662318799322217,0.42647775034895413,-0.19205772532929935,0.2730892485859941,0.49733915161931536,-0.36547858637017167,0.38398870514973793,0.4812576845031077,-0.6389345374639236
1421,0.34556219998292603,0.4264522565814136,-0.21792377555153167,0.27079641741528243,0.4971988851417359,-0.38331791355686046,0.3837276450852502,0.4816817201887483,-0.6159390694710364
1422,0.34591694430289416,0.42639377819915936,-0.22704762277981375,0.2701601876033038,0.49656196503677313,-0.38913150158097226,0.3838266598252933,0.4819013637337546,-0.595653782454657
1423,0.3467608846575024,0.42633408389773775,-0.23716883433287703,0.2698890835665684,0.4954958645765094,-0.40703330787130315,0.38418960387383055,0.481680153421275,-0.6180592850645921
1424,0.3473493371751754,0.4262958042437686,-0.26461435208598705,0.26887486405508326,0.4943466687536311,-0.45386557218113016,0.38517122013337823,0.4810453764666965,-0.6995148454832829
1425,0.3477101951013175,0.42621673376143043,-0.30298812174848755,0.26707387028145063,0.49339093829503483,-0.5143144906631881,0.3869851569264375,0.4802203541026223,-0.8045791432149129
1426,0.348467351818096,0.4259520761363061,-0.32771631939226686,0.26532300760980104,0.49261566403834856,-0.5511075621984945,0.3892482442187647,0.47937896792706075,-0.8650315099915106
1427,0.35019829559024823,0.4254160084288352,-0.3196077474180425,0.2644888941410517,0.4918813005530557,-0.5391508008057116,0.3913882242704801,0.4785625853502819,-0.8386818491750863
1428,0.3529612298471208,0.42471419617835204,-0.28265348220028264,0.2650958406999254,0.4911383691351126,-0.487777984346094,0.3936500843059283,0.4777864426932637,-0.7502564579575473
1429,0.3563454736319619,0.4240804464915043,-0.23811437545632105,0.2675545349763987,0.49039254597497595,-0.42835400775547194,0.3972484533087299,0.4770865964701985,-0.6649227104435852
1430,0.3598843533474591,0.42366149216838733,-0.20465007601785679,0.2720300525776459,0.4895972669322058,-0.38519566718984255,0.40294842359559163,0.4764326103669614,-0.6253787791719579
1431,0.3633956757643923,0.4233829083214107,-0.1896320358507346,0.2778698461213929,0.488713445473895,-0.365751925416419,0.409621752298737,0.47571075608102514,-0.6292114739663327
1432,0.36696526653450695,0.42303514707409823,-0.19610624555220374,0.28367478018529413,0.4878087553507503,-0.3732520436605902,0.41487982876151996,0.47487103096592154,-0.6613103063611703
1433,0.3707262786562419,0.4224797711351937,-0.2244734038775264,0.28833514091328505,0.48697773806571626,-0.41029984044098106,0.4174001813052463,0.4740217349184046,-0.7192905331050148
1434,0.3747861446249559,0.42177034016080994,-0.2615618593664318,0.291897934749207,0.4861899968672944,-0.46248243221968477,0.41821696997342717,0.4733190249542339,-0.7935173017280841
1435,0.3793136275140554,0.4210963551324286,-0.2795557343535904,0.2952084964025533,0.4853417345185251,-0.4927011764139282,0.41943669112014637,0.4728420886744651,-0.8415783505660385
1436,0.3844605299821153,0.4206365854698605,-0.2574787303498926,0.29877801630541084,0.48447096847885324,-0.4669248090098101,0.4220926314437347,0.47263147215522383,-0.8085438915634336
1437,0.3900162395462675,0.42045968118211163,-0.20191309011648725,0.3023124864058251,0.48379634225710494,-0.38628624867948996,0.4257153677502544,0.4727079995759538,-0.6814859297933893
1438,0.39524327222933414,0.4205123251500663,-0.14189863880176695,0.3053790114719179,0.48348830829500156,-0.29092221576463645,0.4296134806395268,0.4728749346374447,-0.5193503066872238
1439,0.3994303994559345,0.4206413115026949,-0.10591180406359305,0.30806870678247184,0.48349229472026534,-0.2331942389043838,0.4336793945466374,0.47255273656726826,-0.41895604554636057
1440,0.4028043137244919,0.4206440698724769,-0.10342677320933955,0.3108700936362365,0.48362466993908854,-0.24198210852807062,0.43781496763177047,0.471045999634801,-0.4393833615478141
1441,0.4065641797380651,0.42041553022887485,-0.11917126036392552,0.31449547937638284,0.48376809703992507,-0.29985111805207915,0.441447468373931,0.46814031047849586,-0.5493720115655975
1442,0.41164940218423907,0.42013120811355414,-0.12128658852205736,0.3198617402398647,0.4839403375366776,-0.3499041371845749,0.4441659001042092,0.4645218240019663,-0.645143339726565
1443,0.4176590043855866,0.4202170735895899,-0.08686413109067301,0.3271169236657918,0.4842216803832057,-0.33694866505173554,0.44635006535237265,0.4617665573699012,-0.6278248976771597
1444,0.4233474762794249,0.4209950450436714,-0.028741021048659873,0.3342771988189582,0.48457614669326665,-0.2555493926272817,0.448648468202744,0.46186695328015615,-0.4806934455165618
1445,0.4280767316213054,0.42230919485758966,0.011185751513263448,0.3380576331107837,0.4846585102557538,-0.1576037425931566,0.45092913939553136,0.46609953657967856,-0.2840182304009298
1446,0.432424555030875,0.42359947422989674,0.00482526701253683,0.3370684890260268,0.48393919663631196,-0.10634700933577626,0.4519330828540264,0.4736311901077073,-0.1535811714996299
1447,0.4373505470698768,0.4244657389665294,-0.028992559544127085,0.33385799558593693,0.4822874344004883,-0.11909323508205448,0.45034652001980635,0.48144461286145607,-0.14876635068637886
1448,0.44303186610680023,0.42512941790174197,-0.03931075504640019,0.33314509335404313,0.48037108940320944,-0.15191079202040447,0.44718037653583126,0.4863546767521976,-0.22191910683973592
1449,0.4486799177607171,0.4261902586229851,0.008290860519521407,0.3377789509051463,0.47913967843896804,-0.1419634058773632,0.44709174458248935,0.48719399123805246,-0.25984785268622657
1450,0.4534804949533384,0.4279020139010989,0.09522187345349382,0.3463138719176098,0.478847269534679,-0.07355303445046175,0.4547792973615994,0.4849109832373198,-0.19933417881264126
1451,0.45752082690303053,0.4298606343105736,0.16046724898887194,0.3543972687633205,0.47887113402955905,-0.0037503603690945886,0.4677086528578474,0.48119187985260853,-0.108608479771277
1452,0.46153851995758094,0.43155740066952447,0.1545559257815077,0.3584126625081761,0.4786191598325932,-0.008038194163803504,0.4750333312393788,0.47752647583702446,-0.12127417654598406
1453,0.4658779437404127,0.43314647942059586,0.09161738484889767,0.3579500322215079,0.47836738101728377,-0.09000284914648932,0.4690747013277344,0.4748095926887868,-0.26554173735258474
1454,0.47008347473346485,0.4353693531058607,0.043804913295805506,0.3553831146455441,0.4789338016029679,-0.16068361142044166,0.4568536764693171,0.47283272637472773,-0.3996369232475473
1455,0.47340791012520506,0.43854041787839715,0.07147341536822066,0.35359585716018915,0.48059199293028965,-0.12984757506571004,0.4515447665641477,0.4706153738788728,-0.36911970348315853
1456,0.47525770670449263,0.4418117814790416,0.15801131586392334,0.3539055775502166,0.48259121459275,-0.00794412548640101,0.44896324658934883,0.4683103029142592,-0.1969080772300324
1457,0.4752877614236522,0.44379307564670406,0.22521426661880115,0.3555357401133444,0.4838475316365565,0.10966809572910764,0.423328688551096,0.46839345433584384,-0.044999131089085195
1458,0.47365352559225726,0.44389776510905543,0.21485640709094708,0.35670806322092247,0.48392813649584737,0.1518478383630515,0.35929828484295084,0.473202633999999,-0.006607756654711881
1459,0.4712437942836799,0.4427966317710421,0.14371764022533567,0.3562732149915079,0.48322888024795624,0.1295342307047975,0.2841346830699904,0.4806687443506292,-0.0275865560133651
1460,0.4692422151074922,0.44156697544519125,0.07487180936954921,0.3546261045091871,0.4823228395255434,0.0848944770881441,0.2510078484942501,0.48439391114684244,-0.04155211681796563
1461,0.46821240579145834,0.4407445317388941,0.048509200980387635,0.35345873089199425,0.48133906900321793,0.027537620083196372,0.284127130248597,0.47991757242585864,-0.0830658202857678
1462,0.46765569445378946,0.4402542270835222,0.05340743211697243,0.35453141276527916,0.4799975784707002,-0.05377039530785143,0.35148528253253525,0.46983787923651077,-0.21349740668121026
1463,0.46652254162516726,0.4398825197796123,0.057872832213934126,0.35801235271357407,0.47812430361845654,-0.1447779065510222,0.39916239611624243,0.46056738471555203,-0.3994255285127895
1464,0.4641064338698613,0.43956311979133283,0.049057784799503575,0.3617017446529194,0.47605814799510027,-0.20542606872285998,0.4034822065353451,0.45500205396552607,-0.5310328667680105
1465,0.460407071809984,0.4393192490127289,0.03779874757030598,0.36237600597346825,0.4745982105671725,-0.2096566202189188,0.3813136821068754,0.4510661263258081,-0.5379337126745581
1466,0.4558668867634494,0.43911160738360583,0.038546302760327236,0.35841705627335313,0.47455845835488497,-0.16654066654953867,0.3591884421618899,0.4466411871951233,-0.4446399482287333
1467,0.4511698911544995,0.4388095571928044,0.0539349389104853,0.3511262613473275,0.4761926163265818,-0.10763093078572772,0.3478307434462188,0.4422940293988945,-0.3284262658643116
1468,0.44730155576428715,0.43834487809339245,0.0747189467690386,0.3434064887343099,0.47885078243692314,-0.0651344414008084,0.34505988215592803,0.43879707670334517,-0.2534819859015631
1469,0.4452436030275691,0.43789656887477707,0.08805700201353994,0.33746883749095746,0.48124840499575433,-0.053509612170171764,0.3470173935916274,0.43569445280614577,-0.2329819863736807
1470,0.4450972920293991,0.4378146293226581,0.08656062696540676,0.33403043942007765,0.4822956850407204,-0.05928875215406163,0.3487542631835473,0.4340207316395659,-0.22926567233824705
1471,0.4454931580362909,0.43823930753688717,0.07411698291395306,0.33312894416033245,0.4818067377132593,-0.05238067888912408,0.34339394027403763,0.43739121739898995,-0.1931171525781088
1472,0.44421556913885907,0.4388484206479376,0.06305488417477098,0.3346255202527298,0.4804693521616869,-0.016568801119554426,0.33029716865535685,0.4476429891795282,-0.11468654222677509
1473,0.4398269579484989,0.4391294572571738,0.06157488645394659,0.337587735554758,0.4792899415331965,0.030709833870576207,0.3197102647788269,0.4610617004424325,-0.03685357049284124
1474,0.43289802526072185,0.43888372867427616,0.06494304911370063,0.34000681563050633,0.4792550812305418,0.05265530101514972,0.32177953804973614,0.4716300721493803,-0.019074020790521617
1475,0.42558023904377124,0.43831747574385255,0.06317892079667484,0.3400847679910193,0.48134537806765193,0.027613334066698664,0.33413732539750085,0.47727057450813165,-0.08865625603752292
1476,0.41978118524289487,0.4376756336676486,0.052953884311290764,0.3379072380282639,0.4862191039675441,-0.03193771707366359,0.34674740363239664,0.48085489982137786,-0.2183511216562348
1477,0.41557800280687096,0.4370005793667198,0.035235622257587425,0.33528702541621663,0.49339675785989456,-0.09316265810754017,0.35567992709116786,0.48576914713485986,-0.3432998730841282
1478,0.4113683636731173,0.4362789195430314,0.008111188805482419,0.33371812459012923,0.5009459186859252,-0.1313071804398552,0.3653001693697197,0.49237855715097717,-0.4057409314858404
1479,0.40570889986584857,0.4356117406063651,-0.03011689249961161,0.33300840233738027,0.5064839721937849,-0.14622067366996636,0.37910427036547545,0.49875844771164624,-0.3968316136240082
1480,0.3990582809831206,0.43514341621580593,-0.07969787290103983,0.3324286435336605,0.5089139311217742,-0.16047007334341098,0.3953816685112932,0.5036626239102074,-0.3627581521500526
1481,0.3935564817531307,0.43495501223837435,-0.14542127883571437,0.3327516563519449,0.5093837778861853,-0.20148051886612905,0.4119769620819332,0.5081302869198971,-0.36331393379013893
1482,0.39105263667690193,0.4350849898385969,-0.22602111305471023,0.3361289836683949,0.5103654272075238,-0.27103368468964306,0.42974461922825763,0.5140350661336104,-0.41070064728536915
1483,0.39152450845986914,0.43551379268528173,-0.2922215935490025,0.3436201252416523,0.5134138892006759,-0.3299434530125782,0.4495424806707654,0.5214586666932601,-0.4515088990399827
1484,0.39341528220773875,0.43605485900825486,-0.30190426962777234,0.35349810365761314,0.5177739627252844,-0.3320080970358784,0.4689377129017598,0.5283720542038752,-0.4266389911577819
1485,0.3951633200403921,0.43640038001524917,-0.25430429846698205,0.36256262274227263,0.5213712200531487,-0.28223280779419907,0.48365419700689893,0.5330135690612151,-0.3503028770234506
1486,0.39616342026317664,0.43641837422621493,-0.20978075013119768,0.368880300447643,0.5230654410175036,-0.24552247532671742,0.4911908051711674,0.5356661873529402,-0.30987291189307886
1487,0.39654622206753815,0.4363743577409899,-0.23261862776689468,0.372814696918389,0.5235998428092826,-0.28272645491987825,0.49243298479886033,0.5377110557554357,-0.37665245654640844
1488,0.3966366698426075,0.4367388597062384,-0.31877385446195816,0.3756270396726026,0.5243719555921823,-0.38360982144881667,0.49046977340891734,0.5397325256285975,-0.5272980312179594
1489,0.3968682395339115,0.43771305881098854,-0.39845444145760717,0.37780486329806395,0.5257839536939519,-0.4767145036347026,0.4883296932839397,0.5412314778449132,-0.6662971119706271
1490,0.3978963835896047,0.4389618998529795,-0.4122790022499602,0.3790364254158565,0.527115486836235,-0.5050076680365727,0.4875986729165766,0.5418027911170644,-0.7210286111133142
1491,0.4004235058588088,0.4398343816545011,-0.36856904589799355,0.37927247155833455,0.5276115215276085,-0.4768092565653896,0.4885657272347205,0.5418621896331193,-0.6978439320253607
1492,0.4048938821497874,0.4398468934038458,-0.3192061544257414,0.37918595921497705,0.5270664766916603,-0.43912186710338774,0.4909315402923641,0.5421376470893702,-0.6466983443962044
1493,0.4114238928315547,0.4390068290326254,-0.2974988017524477,0.3796515034380064,0.5253835173012271,-0.4213612264461157,0.4940093104994123,0.542848898404137,-0.599452025338542
1494,0.41986710778263925,0.43775350061640095,-0.2958555718221947,0.38121238549904485,0.5222686250925628,-0.41971337103929446,0.4966475150688106,0.5435700521343805,-0.5594664610891186
1495,0.42975394539345124,0.43659130923714934,-0.29329333090921916,0.384077844654106,0.517834761689312,-0.4221147552096372,0.497754778158499,0.5437576480316836,-0.5307662699008875
1496,0.44019432689830457,0.4357261660337587,-0.28437419708300155,0.38817197002255194,0.5132160630839563,-0.42704639147480106,0.4973144897244258,0.5433061225779944,-0.5276029272741714
1497,0.4500190892060872,0.4350210409300598,-0.27860834580225086,0.39290573219336034,0.5099790566096178,-0.4371754859511235,0.4966277460566944,0.5426545012093132,-0.5517072871934946
1498,0.45824888936319097,0.43426816806447893,-0.28345701009096846,0.3972293573500727,0.5087437860326015,-0.4485079648085568,0.4971425209917693,0.5424279377461299,-0.5785232212573128
1499,0.464660897796911,0.4334728698547931,-0.2953211592093904,0.40041595691628346,0.5086665331336451,-0.4527838853071795,0.49903021497343564,0.5429258018985667,-0.5787716774293207
1500,0.4700129826806309,0.43287250801073807,-0.30439270297072374,0.4028470756881817,0.5084027143771703,-0.4458733281577374,0.5011213102317791,0.5438756932968316,-0.5478843469668939
1501,0.47560701642536984,0.4326752174901257,-0.3038803051337868,0.40567721815878083,0.5073081077522757,-0.4296162593574164,0.5021876295053321,0.5446900560472661,-0.5051342395829115
1502,0.4823132751396706,0.432777231818832,-0.2947106084019126,0.4095419811661663,0.5055932767392615,-0.4088442265035115,0.5020465033456654,0.5449852280963997,-0.46940428775403426
1503,0.4897052265798069,0.43278828315031304,-0.2834757106423255,0.4138086914704353,0.5036993001333453,-0.3904488876243251,0.5014247757628991,0.5448331942363326,-0.4469933360866336
1504,0.4961632560650632,0.4324052685100833,-0.2762465671553518,0.41731640162634986,0.5018948748989885,-0.3823015930190144,0.5010720313099457,0.5445520077553967,-0.4396690683170164
1505,0.5000972720825022,0.4317429117023742,-0.2738526132905302,0.4196618157995886,0.5003477392339506,-0.3877215142043145,0.5012252632341164,0.5443670760791965,-0.4501748158507163
1506,0.5012135659796273,0.43120234685474434,-0.27291910138615677,0.4214074978444792,0.4992347913796715,-0.4004913140116097,0.5017569750337946,0.5443037662761049,-0.474587838884011
1507,0.5006242812353565,0.4310075906643573,-0.2705026827918885,0.4231694427182931,0.4986580075850515,-0.4082920898109515,0.5024755246159229,0.5442987232266613,-0.49722971023617807
1508,0.49984734454847934,0.43099787023566494,-0.2665733761612622,0.42500373322187823,0.4985365062742044,-0.4031098636180187,0.5031598951006433,0.544307381658956,-0.5012745652797658
1509,0.49974386203433663,0.43093411274612087,-0.26263184156474534,0.42665482841912994,0.49864345617080064,-0.388637110707347,0.5035368396666945,0.5442991461810816,-0.48499794566603216
1510,0.5002467640662761,0.4308739466148005,-0.25928275567347153,0.42786274001880764,0.4987567405046834,-0.3765110525980096,0.5034471203171098,0.5442062719204925,-0.4641097541003416
1511,0.5008130814624308,0.4310982917165376,-0.25511536608241414,0.428393763184305,0.4988660465546245,-0.373880084338001,0.5029652331774518,0.5439446990565169,-0.456424915543065
1512,0.5008097049501828,0.43171520639195693,-0.24763707661336626,0.4282940241666349,0.49940350989524634,-0.3752247700485657,0.5022387261582424,0.5435560806921174,-0.4651299512806184
1513,0.49948718352407717,0.43248036066090706,-0.23663253584280908,0.42819475680910485,0.5011595016104988,-0.3690199839683,0.5013415097360309,0.5433222847049383,-0.4769760533935431
1514,0.49627008940853684,0.43302414692070884,-0.22843622580162523,0.4287975188166887,0.5043536754214444,-0.35387195630813745,0.5004797090378811,0.5435204069452056,-0.47647164563012656
1515,0.49163127879566215,0.43316182328357633,-0.2360502107396246,0.4296877166154273,0.5074088171897502,-0.3464018288041067,0.5002383793265168,0.5437889862312058,-0.46536328912291675
1516,0.48709856526627093,0.4329915989337023,-0.26942475687328066,0.4290615700500134,0.5075206019900496,-0.368268152182844,0.5012442860510191,0.5428727551959154,-0.4694143564733157
1517,0.4834835400609084,0.4328142623712738,-0.3192296087321504,0.4253055239469456,0.5037391447691634,-0.41883672713090037,0.5033356999658979,0.539552919040286,-0.5132319978523968
1518,0.479449859488282,0.4329657633028523,-0.3528559682231145,0.41887769529349844,0.4990877926011114,-0.4603265851478248,0.505360449009601,0.5340624356085016,-0.5739614913310985
1519,0.47292815473895133,0.43357760671106244,-0.33822158229643584,0.4121264097500632,0.49798871825720203,-0.4421956844821924,0.5065182434261588,0.5281978814818586,-0.575369062294445
1520,0.4639215242077479,0.43443106074188426,-0.27722677424934206,0.4072069581888312,0.5015102166003514,-0.3532050621117851,0.5080688442816723,0.5237994212566013,-0.46486090140406894
1521,0.4548760793807692,0.4351499181955457,-0.20897928885073508,0.40454134678529025,0.5066112116539863,-0.24497303771874007,0.5123859387805885,0.5213698437246391,-0.2994572671601488
1522,0.44799590280694157,0.4356191331780296,-0.17473120018921318,0.4031258652460393,0.5101622822738762,-0.19005888445291108,0.5185167220375237,0.5202149348089791,-0.21586784905700293
1523,0.44293962738765974,0.43615146570161295,-0.1842061843202375,0.4017432668326634,0.512150840138698,-0.21695490282790086,0.5191450744541785,0.5195145585035855,-0.2978426641632369
1524,0.43762363280834116,0.4371459614405549,-0.21961383000909757,0.3998135640186086,0.5143889794156025,-0.2961264526322658,0.5052377570972879,0.5190376745344599,-0.4987737991424343
1525,0.43089397556492204,0.4385963967664466,-0.2641425626322125,0.39741028348230933,0.5173965396173444,-0.38331107169323336,0.4758830188988486,0.5190310846294092,-0.7046818390433676
1526,0.4238270588279352,0.44004145201646633,-0.313039553267607,0.39453902720191947,0.519754486429574,-0.45638757656668244,0.44161935025583315,0.51963114104343,-0.8434349155637706
1527,0.4183128466192207,0.4410353277878846,-0.354470137164082,0.3905679115408753,0.5201075111796556,-0.5057714004138724,0.4154829868841887,0.5204175945361529,-0.9136073553320598
1528,0.4147589332156769,0.4415783459615453,-0.35668766698743726,0.38497195159933123,0.5187166621114501,-0.5111033919019988,0.40176683882218384,0.5206381957010005,-0.9322456559481314
1529,0.4116181850123464,0.44202687802778534,-0.29785763449256997,0.37869709313163924,0.5168730097089643,-0.45545528809084956,0.39536255925145,0.5200877969977757,-0.8981467998122797
1530,0.40717689842219235,0.4426489459119978,-0.2113081325996355,0.3737657561973648,0.5154419972910279,-0.36692214286009217,0.3902446831422964,0.5197623140157314,-0.8220549474993536
1531,0.4014162413760645,0.44334888082396734,-0.17718366041474976,0.370999384697301,0.5143243615681038,-0.3213093979727409,0.38545780743740143,0.5212573970306398,-0.7629578439575887
1532,0.39587245220685857,0.4438220253731523,-0.2487125938024731,0.36904260593892735,0.5130841527981227,-0.37856128947027046,0.38335864720487256,0.5252015678827393,-0.7918161309276981
1533,0.3918654882233404,0.4439199824406294,-0.3887413557055376,0.36626948249431374,0.5117808421301296,-0.5137277271020025,0.38509144758304054,0.5304526969787514,-0.9084299276327291
1534,0.38915000527823984,0.44381562955010717,-0.4894514966278453,0.36279180671637384,0.5110879215170739,-0.6218742365183031,0.38877758240040305,0.5350899889015874,-1.0171332294703892
1535,0.38633596471609366,0.44381931623645793,-0.4663608953100565,0.3598047627289754,0.5116367847878023,-0.6086332868942753,0.3908364789424725,0.5379962108701075,-1.0140064883019784
1536,0.38250725825406817,0.44408725587674547,-0.3443843262458229,0.3576198615921743,0.5132948241914116,-0.489609455688968,0.38866165021442745,0.5392448609137858,-0.9048157624675327
1537,0.3782772224926503,0.44452228925975384,-0.2428628626155512,0.3553471359358602,0.5151038912973955,-0.386334399001301,0.3827814738203707,0.5393331770431071,-0.8095939729899208
1538,0.3751211962824825,0.44490366731536196,-0.2561715256763091,0.3523654647208487,0.5159648847878765,-0.40018773379572936,0.37637996210176883,0.5386632403980574,-0.8288874144219538
1539,0.3737421598560025,0.4450709659905274,-0.3570096711772204,0.3491564585402561,0.5154506852130739,-0.5030478544814199,0.3720816955297068,0.5378142859313191,-0.9301034776626691
1540,0.3733979618415303,0.44500796718282815,-0.437505894081101,0.3463953364510841,0.5140080952378835,-0.5789485279945503,0.3695256405041324,0.5377184052340346,-0.9952320130906314
1541,0.3729386832847017,0.4448104238794455,-0.4315274828278753,0.34400391529478963,0.512456035739022,-0.5588176977724457,0.36674467538273187,0.5389784210149928,-0.9603923365991918
1542,0.37213211191610746,0.4446105570439996,-0.369186758257807,0.3417011235546947,0.5113335262161679,-0.48194741425495197,0.3632842256902169,0.5410110637483702,-0.8744372614457967
1543,0.3716127922964164,0.4445118416977865,-0.3207449248388041,0.3399227074583435,0.5106011750265425,-0.4319554911850198,0.3606313392756707,0.5423231133253885,-0.8283495949087203
1544,0.37176440641507535,0.44454487218464434,-0.31976027581446614,0.339387017763734,0.5098875328082394,-0.4461458881798104,0.3596686011879321,0.5419175301783603,-0.8590763375525338
1545,0.37224141540009315,0.44466789021883485,-0.34853009027533355,0.33991179590355736,0.5091985587380885,-0.49682156842088243,0.3594405967836405,0.5402824172251374,-0.9300938442154206
1546,0.3728183182289108,0.44483374141870713,-0.3748850688159661,0.34037547065029106,0.5094056114221068,-0.5375755007341105,0.35953046982318204,0.5388191645784176,-0.9833071831705853
1547,0.37429146505185457,0.4450619072290735,-0.38364421720334857,0.3400537290010114,0.5115961587290455,-0.5471900185994648,0.3625409326461936,0.5383934874408084,-0.9907776957472508
1548,0.377901621639185,0.4454106670346806,-0.3786724244990659,0.3395806904892554,0.5156696397830115,-0.5343769562136339,0.3722795964158221,0.5386241006705684,-0.9632774949291648
1549,0.3837148364700384,0.4458706960340434,-0.37046196807639553,0.3402468291824835,0.5199913465892803,-0.5167877398056112,0.3890105233939214,0.5385777045461495,-0.9267432048745097
1550,0.39012369593329277,0.44633327534505585,-0.3630731454877233,0.342593184465867,0.5228409424739684,-0.49939209592595735,0.4076545468374778,0.537950377973954,-0.8939523234746232
1551,0.39550084839662797,0.4466673148627539,-0.3437523859803261,0.34620689831328544,0.5238678322842846,-0.46660148312982624,0.4218123284692656,0.5373397809997218,-0.8512272773328478
1552,0.4001258492638824,0.4467429732344448,-0.28793693136985404,0.3508068425125826,0.5237271242799616,-0.39672688696533426,0.42953297914689775,0.5372766956282592,-0.7739133379050716
1553,0.40577561038736987,0.4463560929121308,-0.18984425384912015,0.3567779961351528,0.5227508598698996,-0.29388998380215614,0.4344627770515707,0.5371541800531555,-0.6642967112528027
1554,0.4132251395899287,0.44526745955257846,-0.09013248799053394,0.3642902971035584,0.5207173329300977,-0.20503169202576046,0.44133764762698546,0.5354961403346717,-0.5716942919315715
1555,0.4208047150085589,0.4434386824571569,-0.05332965146290722,0.3724065789402424,0.5178068377088669,-0.18977030402167266,0.4511419866162386,0.5315456916190597,-0.5580216967091461
1556,0.4260953651860149,0.44115876134497733,-0.1024756306919983,0.37958403846609345,0.5150145783354706,-0.2610579204726376,0.461022723391974,0.5263673178494853,-0.63262242316467
1557,0.42882989191138515,0.43882253341499516,-0.1860431341061633,0.3850378949083381,0.5132890482478379,-0.359960371800347,0.4683130791082328,0.5219970356878276,-0.7292613384198637
1558,0.4313142455830181,0.4366361020202895,-0.22841087504440452,0.3894763071251484,0.512584039399467,-0.4037224120453648,0.47378902540110907,0.5196296595874872,-0.7633541470837684
1559,0.4357923612397552,0.43463635875034085,-0.21059384916888707,0.39448102400119833,0.5120370731583247,-0.36469309707252723,0.4806130028461608,0.5190694861058527,-0.7126161853625105
1560,0.4420789640395909,0.43290916970759763,-0.17972915878307583,0.4010571185471532,0.5109650302288099,-0.29068446957163613,0.490421030119772,0.5197828185583042,-0.625983747668992
1561,0.44818665618866427,0.4316226233737727,-0.1780024286992718,0.40861150159932325,0.5094817768056146,-0.24249771966211597,0.5012384046629078,0.5217143016898392,-0.555051836178596
1562,0.4527108061640123,0.4308588320625734,-0.19243477721340232,0.4152910613430696,0.5081614803677438,-0.23065837097656242,0.5095693262810205,0.5247836422408646,-0.5048739601576214
1563,0.45595669341875206,0.43052597864301956,-0.1868676571780188,0.4193834442608844,0.507308588227955,-0.2257114106180523,0.5138237147513671,0.5281212725074339,-0.45975544792440043
1564,0.4589636216806347,0.430428086258064,-0.1537122055339792,0.420539301844721,0.5067054186884731,-0.20800692282674912,0.5149538935058317,0.5302620287024647,-0.42491974996970694
1565,0.46213718912422824,0.4303640339968904,-0.11236342331242342,0.419825058254918,0.5059791233106643,-0.18386988029769258,0.5143810630781911,0.5300600522090725,-0.4196405321571217
1566,0.4650806532710688,0.4302120760706796,-0.07589589648869094,0.418709309654937,0.5049860196641728,-0.16401312216294275,0.5126447149103488,0.5274752808994917,-0.44483521536355325
1567,0.4673708208692498,0.42998424401626056,-0.04261875861794188,0.4179874674984062,0.5037533107992787,-0.14885891406144572,0.5100925024107752,0.5236679426808672,-0.47757828754111953
1568,0.4690826017298674,0.4297522637369037,-0.012872676323072542,0.4175638866723165,0.5022369262431314,-0.13560225138026707,0.5076250188551853,0.5200681523084121,-0.4944979874764516
1569,0.47058788033255194,0.4294835031426393,0.005777466868804197,0.41705157919918395,0.5004133939781432,-0.1253452925610069,0.5061676880732308,0.5169314085992276,-0.4898176312591261
1570,0.4721074587510185,0.4290321466855301,0.011529451256513891,0.4163809105720352,0.49862336244272537,-0.11902699760974121,0.5058897294342207,0.5130798452599463,-0.4724264023846316
1571,0.4735386871340006,0.4283543074603743,0.013256417234265813,0.4158341172130722,0.49750636848518726,-0.11440341331908871,0.5062276823674614,0.507637982916918,-0.45565202302018637
1572,0.4746263086814503,0.42765203729655965,0.018522730609312192,0.4156601222175023,0.4973499806476612,-0.1108007090550453,0.5064249785955922,0.5017751182362249,-0.45207992477611014
1573,0.47525340934702254,0.4272048928339581,0.025442068236763978,0.4157719476362603,0.4976642174342299,-0.11108648922377128,0.5059634352703085,0.49795020284608466,-0.4684604881563649
1574,0.4755654836457492,0.4270775154120376,0.029817811997599336,0.4158230453708798,0.49766360364507695,-0.11537578553633045,0.5047647142432574,0.4973797372987375,-0.49689219394790474
1575,0.4758051195288445,0.4270726044715585,0.03288727643959103,0.4155667587492881,0.4970948675177085,-0.1173464321053193,0.5032911500070796,0.498900680821459,-0.5147071963650331
1576,0.4760652728448719,0.4269964822371312,0.03742369926393134,0.41515689978156145,0.4963897563788043,-0.11149209285345436,0.5024963870034974,0.5005096030229965,-0.5034375482163492
1577,0.4762567661864356,0.42692534039342356,0.040607996986448215,0.4150964916945148,0.49611729518962133,-0.10247843525010474,0.5033851006153817,0.5014753504137911,-0.47088330427180025
1578,0.47628159915024015,0.4271469554143636,0.03496821145400799,0.4158441149226185,0.4965198767769336,-0.10268155020367281,0.5062464044727593,0.502595146909317,-0.4469211034711321
1579,0.4761537134244388,0.4278188144433625,0.016350683112962457,0.417428458842764,0.49749170991798536,-0.11783881446169454,0.510279646277293,0.5047486754605344,-0.45108439566190844
1580,0.475943814315433,0.4287351137696125,-0.008817094692049415,0.4194786308533743,0.4987260777935062,-0.1370837721397736,0.5142594904498186,0.5077691557879406,-0.46945360886927306
1581,0.4756788883443336,0.42949753530585344,-0.02618272918077632,0.4216600503807503,0.4998514755621749,-0.14338965150637123,0.5176558211729108,0.5108397267169197,-0.4736421376012805
1582,0.47529566812658003,0.429898021021033,-0.029699414429061283,0.42395048512308603,0.5006382357974222,-0.1375205532565141,0.5207259121048629,0.5136041602926846,-0.461465585347934
1583,0.474554774632368,0.4300608470860802,-0.03499077776048256,0.4262916081139246,0.5012030768577939,-0.1451314251669498,0.5232441242833941,0.5164723171622418,-0.4661459612381468
1584,0.4729681515868469,0.4302248008122662,-0.06615958300803382,0.4280687300863559,0.5019590092305471,-0.19020111499657494,0.5236794426746367,0.5198239245830887,-0.5186597247252813
1585,0.47009395469638104,0.43050044433913703,-0.12592816543692614,0.42831757238221213,0.5032604383813665,-0.2635566231717918,0.5204513249184467,0.5232240857104142,-0.6085551133755117
1586,0.4661355272276121,0.43087507840723427,-0.18908833761271038,0.42652932167379864,0.5050396478506373,-0.3285000446222152,0.5137494849014506,0.5256905149396163,-0.6895326579286369
1587,0.46198729417527157,0.43133084411169864,-0.22874448058851632,0.42290285912668496,0.5068057227461967,-0.3560716803115078,0.5048422450960273,0.5268352927115125,-0.7181285028636043
1588,0.45834727358458155,0.43185293182862483,-0.23821301773623912,0.4177500025461996,0.5080352668990398,-0.3429360464607979,0.4932835795541378,0.5276727117852056,-0.6804029124755251
1589,0.4549977790370987,0.43239514687841846,-0.22679468259722443,0.41117874107199814,0.5085365020009255,-0.29878442031465907,0.4763148449909137,0.5299543022805574,-0.590513564689757
1590,0.4513311451065707,0.43295841828682974,-0.20980790509333663,0.40364382680251215,0.5084152045802267,-0.23524091079512677,0.45232608888559533,0.5343585464054601,-0.47839602959023186
1591,0.44736336580677327,0.4336686545576328,-0.20402970256195577,0.3963139246211359,0.5078233807572112,-0.16955984613377978,0.42432595387983474,0.5395532275416102,-0.3778806476671346
1592,0.44373645329984995,0.4346590959011942,-0.21386395620670007,0.39028450853671504,0.5069064277728367,-0.12092148855561062,0.39876711095312944,0.5435379485020674,-0.31262027245343504
1593,0.4407581437687851,0.4358815259215869,-0.217808276843714,0.38544943819929267,0.5059361472026885,-0.09374648514388977,0.3808044194725219,0.5457306365173804,-0.28377083946031795
1594,0.4378853621195495,0.4371260024026737,-0.18702340465757727,0.3806392189228441,0.5052872619906428,-0.0737965730033461,0.3712510424444824,0.5471362012209601,-0.27189793262834905
1595,0.43431116812055115,0.43822199191864086,-0.12246057676979187,0.37511835021352696,0.5051938480439516,-0.04667003968650952,0.3678540887457142,0.5487017650593289,-0.25510986048368683
1596,0.4298542872794931,0.43915112031453374,-0.05739855305242394,0.36962294695627035,0.5055634299277492,-0.014179175728780304,0.36807638372829826,0.5503285245941443,-0.22815834109536726
1597,0.4251578468815203,0.4399752955431556,-0.020632390006051833,0.36560288656447815,0.5060445853289849,0.009622733290505156,0.3698942606321306,0.5514341108507896,-0.205944888871868
1598,0.4211127126948775,0.4407128447515982,-0.014932662545537306,0.36366200375054264,0.5062872002680684,0.011286972949986299,0.3712637940348842,0.5516269287951884,-0.20971316095976808
1599,0.4181197867181111,0.44129535177881335,-0.03389007202446764,0.36298843020975047,0.5061914019517638,-0.015694865429756163,0.3706679002342854,0.5505941341358621,-0.2488535292457204
1600,0.41579727114726545,0.44163739031960614,-0.07630286097406394,0.3620943564419637,0.5059453054064135,-0.06816984392521422,0.3683328874966259,0.5479225192535202,-0.3123416082098087
1601,0.41335345966877285,0.44174676280227765,-0.1316860453623117,0.3599367764682709,0.5058197442648412,-0.1291511762755719,0.3659683640197609,0.5434565037048289,-0.37424528376242755
1602,0.4103265747543304,0.4417419123727896,-0.17177589828643344,0.3565782768269904,0.50591060427666,-0.17350994864530533,0.3650505629602119,0.5377126956381014,-0.4111584178194417
1603,0.4070072955533724,0.44174360521685385,-0.17748554460909827,0.35305826848522626,0.5060767962991447,-0.18997362549657737,0.3657384098617902,0.5317385797745005,-0.4225688946034057
1604,0.40411185310272985,0.44177617590304424,-0.1652059361252473,0.35057668284870547,0.5061364759340453,-0.19553724936462671,0.3673790247635986,0.5264975450540791,-0.43436152327703365
1605,0.4020387698072882,0.4417932744263216,-0.16797501369663484,0.34947616536526616,0.5060948264166235,-0.21795156250614334,0.3694055301353981,0.5222715142728157,-0.47529109507389117
1606,0.4004706980046283,0.44176536003292305,-0.19577857815738053,0.34879108002711845,0.5061141644729658,-0.26535487324265444,0.37136564978072095,0.5185761388121917,-0.5492025261922422
1607,0.3987548492007779,0.44170740195954383,-0.23111823932347053,0.34700289757059377,0.5062645296919712,-0.3228358352996742,0.3724373846056339,0.51479735537675,-0.6360778986014227
1608,0.39670945766645854,0.4416416498125829,-0.2606454990834463,0.34358561593271403,0.5063980327097721,-0.3775208098222847,0.37156466987802655,0.5109813285367846,-0.7192611045247553
1609,0.3949422789038613,0.4415712048421175,-0.2918904461008905,0.33970368238752463,0.5063092692700963,-0.4327039840556014,0.36836501844749275,0.507825535162029,-0.7994897749806147
1610,0.39422391614841523,0.4414869621450608,-0.33194740204012546,0.3370633357245126,0.5059508079124299,-0.489580240730854,0.36374223399116634,0.505901821183228,-0.8749626848918984
1611,0.3946411837660264,0.44137426235722566,-0.3638054929561054,0.3361757269912947,0.5054542803811733,-0.5272116248223068,0.3593527612826012,0.5051696850566636,-0.9210900617527015
1612,0.3955490091647858,0.44121149644076724,-0.35925742694528623,0.336069406009117,0.5049956155724958,-0.5179600644978606,0.35640285898418383,0.5052664534690099,-0.9095018991785296
1613,0.3962527392101094,0.4409788847787428,-0.31418036181242454,0.3356046403351451,0.5046376883410227,-0.46236332625037607,0.35497126365422055,0.5059152165432459,-0.8452264180527531
1614,0.3965211949151165,0.44067526165982907,-0.25941514300209906,0.3346532001713036,0.5042113828971729,-0.39545058379173886,0.35437540478312596,0.5068540836972076,-0.7690119753196598
1615,0.3965198840796112,0.4403301251011456,-0.232295151739249,0.3338955383523334,0.5033817912983722,-0.35552413840638974,0.35400113880315426,0.5076024423905207,-0.7213778620095848
1616,0.3965420614962384,0.44000467069489635,-0.24229844562759073,0.33382052254536604,0.5020230831671989,-0.3529542566129478,0.353746038088484,0.5076391823768883,-0.7121854469697151
1617,0.3968950476484032,0.4397696523339633,-0.26567811993297175,0.3342477944930627,0.5005626982472381,-0.3666998712212207,0.35384392345866034,0.5068898824904754,-0.719223980826548
1618,0.3978322751836147,0.43965769019736783,-0.26902723335160783,0.3347584254490853,0.49966807035960803,-0.36435359913262416,0.35441933403112247,0.5058778071320121,-0.7083411844422983
1619,0.3993679094833414,0.43962845353564695,-0.23874447648564556,0.33531971661225723,0.4993298836062922,-0.3305588861635264,0.3551286845812375,0.5052607151122138,-0.6650207622526524
1620,0.4011714812061432,0.4396058831315993,-0.19330988338385427,0.3363783051738887,0.4984991976013607,-0.2839933003437597,0.3551785696929586,0.5052415853632298,-0.6159111666473005
1621,0.4027892401250079,0.4395860820588624,-0.16719544470482012,0.3384061630427472,0.4962972957174253,-0.2628212210267417,0.3541359352625135,0.5055247094804495,-0.6082690747720517
1622,0.40398428607070247,0.4396936732151079,-0.1766405219459231,0.3413536853246381,0.49383890463756075,-0.2839882042383544,0.3533329735761144,0.5058695383454962,-0.6533702958590895
1623,0.40478834502196137,0.4400635402884686,-0.1985613808479785,0.344523751841712,0.4941128629187053,-0.31638318127815396,0.35624777435459976,0.5065811730311713,-0.6961303814213503
1624,0.4053101720318675,0.44065870210071867,-0.19025739366513114,0.34721227911622404,0.49909627592662614,-0.30623214936748205,0.3663197822204707,0.5083231316742972,-0.6630749798411076
1625,0.40567734910205744,0.44129366912679946,-0.13615770496792787,0.3496991524670269,0.5070847684315348,-0.23695038514504096,0.3834706687533898,0.511444242440518,-0.5478775193930467
1626,0.40612110158320763,0.44186938410815824,-0.06771190660871582,0.35327091693573054,0.5137916655818557,-0.15214152514279583,0.403089099790123,0.5156171213096956,-0.42757383101633906
1627,0.4068618268386974,0.4424912095138459,-0.029311287951354088,0.3588089813984622,0.5164224861210365,-0.10778475871279089,0.4194869087706826,0.5202862487715474,-0.378707325480891
1628,0.4078288267469429,0.4433021445191329,-0.033452416955054194,0.3656508888599847,0.5161872331520041,-0.11407615991097733,0.43067278207233367,0.5254766169769733,-0.39766594525149657
1629,0.4087029991763196,0.44426919340642135,-0.058521777924373776,0.3722709226750539,0.5165495885541733,-0.13815386568619217,0.43890935455292873,0.5317960604762413,-0.4231776250133989
1630,0.40939273173582275,0.4451732352659433,-0.0807039220360071,0.37761665214001683,0.5193964923072957,-0.15074972154185723,0.4464662322829239,0.5391953101240786,-0.41665924842457625
1631,0.4103098696931872,0.4457464158121455,-0.09514728487778251,0.38127468760783556,0.5233447788474475,-0.1509974687244896,0.4524742407499852,0.5460280178960009,-0.3921545310564443
1632,0.41190523076298863,0.44580521555326735,-0.10988098379021466,0.38289391684215557,0.5256867040472732,-0.15220767252787376,0.45489151400251493,0.5501994538670822,-0.37984296163616926
1633,0.4138847561898602,0.44535881077225703,-0.13178286339926065,0.3822098785547585,0.5253950060576622,-0.16456484728656914,0.45402307209023757,0.5513873883115208,-0.39287693165766696
1634,0.41507602680886935,0.44464270476288076,-0.16324857029274872,0.3795566440101669,0.523790429260613,-0.19572266673141875,0.4527085409620012,0.5514073458989386,-0.4291038274048959
1635,0.41427350242905203,0.4439225069352021,-0.2053538391595722,0.3759579111095005,0.5226440615988244,-0.2511046178758511,0.45405291351972865,0.5519766414690391,-0.47546075533467963
1636,0.41130648123196145,0.44318306495930376,-0.2538413698162457,0.3725843288493398,0.5224859033477154,-0.3207085382824995,0.46025723505223104,0.5524115134015167,-0.5033487742549156
1637,0.4072415722129359,0.4421655301370027,-0.29148670351262873,0.3700990934433374,0.5230314788242401,-0.3734877073947078,0.47260242719845985,0.5498676764715705,-0.482683433185921
1638,0.4034351380438941,0.44082014500231514,-0.29471889148612557,0.3687037973183974,0.5243728444277057,-0.37850648464337827,0.49020501538499717,0.5417958329132425,-0.41075991690558833
1639,0.4003939580496344,0.4395000760487138,-0.2557689582054143,0.3693009566459743,0.5263648051160171,-0.3337569898618647,0.5084089295533721,0.5278583267262245,-0.3146817326913596
1640,0.39767882649080705,0.4384896991076436,-0.1975145925450077,0.3746146716969194,0.5265506372217221,-0.272023632338041,0.5210684392856525,0.5095076673595057,-0.22598148999527373
1641,0.3948373871676413,0.4375435668309698,-0.16014623301867414,0.38773749773843247,0.5205803894560369,-0.2386491419582648,0.5266406749814031,0.4886392831500846,-0.16813721939448598
1642,0.39211043934932166,0.43620539414552806,-0.16505663774762405,0.40762745419172075,0.5070310365499441,-0.2566217098179286,0.5302271125158605,0.4675499679021959,-0.15971343761972692
1643,0.3900755735838862,0.4344851171892863,-0.19166777885029468,0.4266184583080366,0.4911133516706439,-0.3057497989981311,0.5368376537248404,0.4493104162827279,-0.20186085509569224
1644,0.3887874997705595,0.43291948272241493,-0.2013044453323953,0.4360641827153289,0.4802610501839231,-0.34335491070717383,0.544562690811607,0.43602104134061714,-0.26376710958102895
1645,0.3875618325817828,0.4319976163900839,-0.18661498860048242,0.43609559333963943,0.475364221790974,-0.35294680562112574,0.5481836840298662,0.42626193480966823,-0.30788801095895796
1646,0.38581621868493954,0.43177930630560984,-0.18084850982151546,0.43646651331117103,0.4696456824200615,-0.36165127185266843,0.5476819233905252,0.4160694080481569,-0.3349059563952641
1647,0.3841393216213088,0.4320482468952301,-0.21143792753391613,0.4457491322973347,0.45738931555790413,-0.4007797929562319,0.5481814024667199,0.4030660508981532,-0.38061803222987084
1648,0.38424847379992083,0.4325565477945224,-0.2637245021403257,0.46313718720600716,0.4405062139262105,-0.4624760574038002,0.552076513262336,0.38808620425796386,-0.4598101862494387
1649,0.38752299516232996,0.43303602213638864,-0.3026152713567272,0.4823876566870318,0.4249657241432471,-0.5085464059548654,0.5560674441583262,0.3726874995228898,-0.5344714914131424
1650,0.393495936995583,0.43319848574859554,-0.31391784548319784,0.49911870565440736,0.41390923691045606,-0.513577295819173,0.5568263999850845,0.35740251385601207,-0.5530175612549495
1651,0.39995175123955395,0.43292146309497637,-0.31073196021011124,0.511582971704764,0.406433860801783,-0.4870675746213118,0.5562405565624566,0.34315230076274295,-0.5089857523267215
1652,0.404593579432387,0.43236379940967085,-0.3098648272150777,0.5184559708399764,0.40085726221452245,-0.457747171756976,0.559366754935243,0.3322256481603641,-0.4464358398498432
1653,0.4066586495907627,0.4317527599412952,-0.31531257377145044,0.5198423677451969,0.39655021730601797,-0.4465418842194847,0.5683200303922523,0.32631705233564334,-0.4120811666846895
1654,0.40708139045485997,0.431090737589983,-0.32187568729508687,0.5189562498584442,0.39328083657387164,-0.4536744955898111,0.5794659478043966,0.32455385536337894,-0.4127467720357396
1655,0.40727958871401143,0.43019862939428327,-0.3250265340337266,0.5197602124024082,0.39083824440288295,-0.46366875803283825,0.5871693402836133,0.3247152176330163,-0.4193987587709996
1656,0.40789861589884713,0.4290435954172932,-0.3236615433761661,0.5229761731212249,0.38956709482513824,-0.45997747512218506,0.5899377297284228,0.3257308117943793,-0.4044840019440251
1657,0.4087079691743374,0.42790693496982757,-0.3170318114391096,0.5259983536730592,0.39018045789442335,-0.43862235672776556,0.5914860683498898,0.3277215573092768,-0.3699811183508056
1658,0.40935212206119637,0.42717242831110946,-0.3043212434587698,0.5263412421220061,0.39274204612299596,-0.4109299248091428,0.595289356807537,0.3301578437113341,-0.3404304637613192
1659,0.40978708481040566,0.4269898703802946,-0.28807647479582316,0.523843765281583,0.396255838382066,-0.392265880441371,0.6001640921404062,0.3316147305592071,-0.33367360140014624
1660,0.41015512721829606,0.42718273350224273,-0.2744029942456023,0.520273276580063,0.39920129262092946,-0.3869938747864512,0.6031355316618928,0.3317738304317038,-0.3429804242438298
1661,0.4106643764137299,0.42745108861417924,-0.26775789272350503,0.5181877765680307,0.40045063821115473,-0.3860455300831872,0.6047582264336926,0.33294712989730635,-0.3483890321349987
1662,0.4113777851296321,0.42760944709294896,-0.2672274955162643,0.51884059929286,0.4006204448666012,-0.3801747279680575,0.6076787388420737,0.33891007631823855,-0.3410411064323519
1663,0.4115820311505703,0.42764708956953834,-0.26854691926610824,0.5189983693069322,0.40320302862831287,-0.3723694507458763,0.6096028520915284,0.3517665926373914,-0.3313859389947994
1664,0.4096673686547351,0.42765090533819444,-0.2679425983361041,0.5114420104244564,0.4129625114926302,-0.3733337749658971,0.6021625438691297,0.3698496615001318,-0.3335320732427675
1665,0.4046029115442322,0.42771765146215535,-0.2637621448752008,0.49250668909714174,0.4311305951583947,-0.38566921437041746,0.5804089702906797,0.3889151417318022,-0.3457598905581436
1666,0.39769261502735703,0.42787993186231743,-0.25636990371543295,0.468723226172026,0.45255755455269003,-0.39748068383031426,0.5515262157991885,0.40544056786415994,-0.3501038753869531
1667,0.39191583161412347,0.428053751955465,-0.24750200288962523,0.4512610133351647,0.46972648050945576,-0.39428657410239265,0.5299571822752338,0.41883464671157145,-0.3305253642266857
1668,0.38895404421324875,0.42811141539011066,-0.23897136399382984,0.44266853339313983,0.4797355049328936,-0.37391859362170987,0.5236788807366872,0.4310945157925741,-0.28775280246607016
1669,0.38744146212424796,0.4280942836801273,-0.23096461520468115,0.4335884520662948,0.48572848329100615,-0.34571174148645856,0.5278335955169505,0.4448033040756154,-0.23796288692226972
1670,0.3846861532101707,0.4283100210044585,-0.22134943891098516,0.4144910894785409,0.4918213941667249,-0.31828548026713355,0.530965885806571,0.46080899353922283,-0.20566921964547405
1671,0.3796818866090356,0.42909316572552403,-0.20726958064567708,0.38683185994303243,0.49873857131914084,-0.2948000253121371,0.5240088117235939,0.47691012548088735,-0.21652111056834666
1672,0.3738169973982895,0.4304686943754262,-0.1880915969625201,0.3606797784235255,0.5045810338849217,-0.2787568368254381,0.5039234847622149,0.48896064771183173,-0.27916309981284654
1673,0.36884953320850233,0.4321660351613206,-0.16712605283928766,0.34444155725998754,0.5079709642888864,-0.27556241826500455,0.47310693445320073,0.49437369782769924,-0.3664040239872048
1674,0.3649742016108718,0.4339554700148596,-0.15022623238227764,0.3384626458601146,0.5095680565825963,-0.2845216251126074,0.43647485458534035,0.49534232251707294,-0.4303598509001701
1675,0.36114043871676754,0.4358144765358961,-0.14056591391191287,0.33622903190398545,0.5111926532760699,-0.2933744255804934,0.39728535091332945,0.49806605953280203,-0.4457554695361709
1676,0.35659908306486077,0.43771655483429667,-0.13277152726410885,0.33037395281968757,0.5139712937993558,-0.28497056983867747,0.3567559587834539,0.5073581279658133,-0.4259784538073623
1677,0.3514708179511957,0.4394031542073016,-0.11550262890416123,0.31865835305136847,0.5172142174045001,-0.25177062078053086,0.3188973217808495,0.5215988852123775,-0.3946231423617788
1678,0.3460902869890662,0.44050788446015376,-0.085479782731772,0.30499356459167953,0.5190808532903565,-0.20600049080862592,0.2916985836468472,0.5340933543513788,-0.3617302923985261
1679,0.3405419127458281,0.44090509501013203,-0.05712159483733333,0.2948812230481553,0.5184698445138312,-0.17411109660502078,0.2799457753730531,0.5397104791470532,-0.33423956845437425
1680,0.33495870285584317,0.44082784252982005,-0.05073576746861444,0.29014197916308476,0.5160143645107352,-0.17610732824031153,0.2793898258222958,0.538958035867986,-0.3276157163130951
1681,0.32980901873060575,0.44056331768746426,-0.07018425327238503,0.28768162139829434,0.512948290843688,-0.20772550670849027,0.2807248685400909,0.5355050279724355,-0.35063327198122746
1682,0.32566040361094095,0.44010642172463266,-0.0981391808035207,0.2827923521672291,0.5095093469105445,-0.24447431943506504,0.27782473539345587,0.531836750754378,-0.3885362304818756
1683,0.32282107954858974,0.4392517180520682,-0.1150687241498795,0.2737475011672749,0.5051542053327955,-0.2647193808143258,0.27106229381091673,0.5284305458852934,-0.4158359091594638
1684,0.3212512168042328,0.43798990261442455,-0.11925808446687691,0.2630759249403519,0.49996906992900425,-0.2686642550428272,0.26442876285314454,0.5254740384749708,-0.42337488190903877
1685,0.3206040965538301,0.4366232725822546,-0.12675352473909957,0.2541015664940842,0.4950241490472376,-0.27443017587616647,0.26099471729979984,0.5235083377287312,-0.4232168939081257
1686,0.3202533275496392,0.4354399365158936,-0.15275761072618013,0.2471426495038688,0.4914155058388063,-0.29623777249415906,0.26085907383717866,0.5226548225074263,-0.42868060054903934
1687,0.3195242333334113,0.43442791326560803,-0.1936897833304129,0.24019364626713471,0.48946800605555335,-0.3284064762616538,0.262156930718774,0.5223603697529975,-0.439606373678585
1688,0.3181790777435807,0.4334087484908513,-0.2290751425665503,0.23254120860756816,0.48867372754810173,-0.35262803393628445,0.26272221933085366,0.5221050123373463,-0.44900143426420924
1689,0.3166083533324401,0.4323414748445605,-0.2424230688440572,0.22586732472101945,0.4880043409357617,-0.3591132711601846,0.26089122038480933,0.5219004506730325,-0.454194049315502
1690,0.3153733620634878,0.43130017601807563,-0.2380222938515465,0.22156955641486187,0.48656178608398415,-0.3555916776986502,0.2568411096048574,0.5219038155879798,-0.4539186482345201
1691,0.3146613693330258,0.43012801686836066,-0.23478060097349324,0.21853319128061177,0.48434897368804486,-0.35452373317501545,0.2547308562821406,0.521711951564745,-0.44048777355596197
1692,0.3141939679986325,0.42839682668480644,-0.24502201960999068,0.21440977877902426,0.48228869650750816,-0.35654619790353465,0.26133442452102573,0.5203377255949896,-0.4058051575027174
1693,0.3133678516463804,0.4259916091477212,-0.2617271555983156,0.20842086060154347,0.4812693903437523,-0.35066007175790054,0.2789024808534401,0.517089413531427,-0.35579133415476605
1694,0.31158512951251915,0.4235329747451033,-0.2671430068183377,0.2023368302990853,0.48128192860503943,-0.3305403033886648,0.30022332682126585,0.5122783823304843,-0.31247354289048224
1695,0.308951116834199,0.42179875197696703,-0.25333120102688256,0.1990209455449483,0.4815949812535464,-0.3085405014299343,0.3151294186022654,0.506771855190119,-0.3008403870501658
1696,0.30652513896004063,0.42084192051607383,-0.23263785309527546,0.20026067492030145,0.4816711746772551,-0.30963290798130055,0.322168204883678,0.5011860206876091,-0.33396845409101256
1697,0.3052953148681747,0.42010858945858576,-0.22609528200363505,0.2057704363496286,0.4818095869266362,-0.3468502574585569,0.32965824584360576,0.49598074375374224,-0.4032467971129008
1698,0.304991396107773,0.41927520414743646,-0.24124182941111352,0.214091870201038,0.48282986346888906,-0.403024115605632,0.34459237497313383,0.49180447749720574,-0.47728790033324997
1699,0.3044440540892091,0.41846353451073126,-0.2630570258744597,0.22442051081415565,0.4850689207082231,-0.44279727152967174,0.3648286209449904,0.4888222767139161,-0.5197664455041863
1700,0.30305964408324076,0.4177189398952233,-0.2690170724848715,0.2373261900080096,0.48779578144948127,-0.44597386507046693,0.383837415576958,0.48594169480861765,-0.5202325713324492
1701,0.30142782792897405,0.4168191725748322,-0.253289072711687,0.25348551473562647,0.48984677467451165,-0.4251405874960592,0.39909417244878564,0.4817245922818764,-0.5020952974259599
1702,0.3004056818636751,0.4157281902147865,-0.23376610906858672,0.2723498900679713,0.49078785660903074,-0.40776017205357495,0.4126513359345283,0.47607897686910483,-0.48916722834093157
1703,0.30010039799655985,0.41490417635011284,-0.23383376401232014,0.293168551092031,0.4910305313378523,-0.40619663570424147,0.4261268038214392,0.4699075356629715,-0.471986458027764
1704,0.30006083705733816,0.41493931958074187,-0.2586055648376406,0.3167940518699209,0.4906681346877297,-0.41048765384336544,0.43908911435687725,0.46286688122091024,-0.42417731428290184
1705,0.300146139818098,0.41594665078842297,-0.29091977740642533,0.3440128463530141,0.4888173898376358,-0.40661965080653606,0.4514948908229568,0.4531599280942619,-0.3486259622507554
1706,0.3007464316223777,0.41737863280235526,-0.3098931802612701,0.37132687734717684,0.48471569423082617,-0.3941658993974545,0.4641088030039689,0.440655776860913,-0.2864826046030102
1707,0.3021731908060943,0.4184402236330635,-0.31036409706631324,0.39139662533129416,0.4790828067743315,-0.3845902856130531,0.4761101692715778,0.42856893886492026,-0.27373534877091904
1708,0.3042230470561007,0.41865115317753304,-0.30334596491282534,0.400203334696137,0.4736132393577589,-0.38723724590563174,0.48495262909047615,0.4202101662014071,-0.302829532272368
1709,0.3065128786108309,0.41804973484572183,-0.3014982688926571,0.4019491357349339,0.46923158306581236,-0.40067583246587274,0.48952679721888265,0.4152658650234322,-0.3356921567722685
1710,0.3089632285826333,0.4170022441764558,-0.30816022735877857,0.4042815090502408,0.4655205433681553,-0.41650924837480885,0.49173541626955575,0.4111656554825126,-0.3462520114420521
1711,0.3116503849446853,0.41596662759758285,-0.31869284409141446,0.40983408494222606,0.46186961775203167,-0.42860202534023284,0.49411885997379995,0.40700319221536346,-0.3422295991208688
1712,0.3143075483775515,0.4154487220997796,-0.32747039841604086,0.41472881457665856,0.45876075741472533,-0.4374821623775622,0.4971401386062054,0.40413082157964725,-0.34925699846848496
1713,0.3162916530873052,0.41600224945968883,-0.3324191986958827,0.41444022648775963,0.4579545140001687,-0.44692064941081044,0.49942850480615786,0.4039129179533954,-0.37963071127251996
1714,0.31709974454490547,0.4179474713519329,-0.33574708541031373,0.4086768289316903,0.46136885786768633,-0.45709224749053284,0.4996814754493516,0.40706118710830963,-0.4142683936195468
1715,0.3167928782994499,0.42087042866208174,-0.34130016923486667,0.40061590129115365,0.4690885796242139,-0.46051106027223204,0.4976345113800251,0.41438392698470194,-0.41274654662269383
1716,0.3159322306847848,0.4235500993101073,-0.34891514448532196,0.39349138389017063,0.4782218767319077,-0.4467412822815818,0.49385009330772905,0.42564125466941366,-0.3511684535078023
1717,0.3152310680889378,0.4247472516959733,-0.3511656179426667,0.3886092916489994,0.4845028432038181,-0.41692461283968135,0.48937017575186736,0.4376483382255473,-0.26222259409348697
1718,0.3152542489620964,0.42426080995817933,-0.33940544098458325,0.38555439298300687,0.4855915570287686,-0.39321874842127263,0.48545173967044775,0.4456600847131926,-0.22661508709922695
1719,0.31624999130856324,0.42319369668824786,-0.31491023671912977,0.38386458196660633,0.4826245567182888,-0.4016468293288422,0.4831311899797415,0.44714176698164715,-0.2961250274964535
1720,0.3180841495968206,0.42310025049571165,-0.29050652982640507,0.3848015684513545,0.47866835176312467,-0.43714227556204194,0.4828732709040395,0.4432214280342486,-0.41856863299626973
1721,0.3203259549346499,0.4246978707257955,-0.2779896550007066,0.39058383676512576,0.4761076192171078,-0.45665730220134393,0.4845852012783983,0.4369384745357252,-0.46764593551942846
1722,0.32248527090885803,0.4272589674299148,-0.27698342665051884,0.400728831524685,0.4752609196591567,-0.4238171896413124,0.48774933579761015,0.4312253212915726,-0.37199532398768176
1723,0.3242291276265059,0.4293185694087847,-0.27999104354822474,0.4103236125855316,0.474796954683997,-0.35760267018626135,0.49146362636710184,0.4278194522231784,-0.20297713282693958
1724,0.3254226580498373,0.43001101407837455,-0.28464505435296666,0.4141180784597492,0.47318509024830024,-0.3188076291638395,0.49469623995710615,0.4263916660838691,-0.10863033606464109
1725,0.3260429026914652,0.4295614736754756,-0.29447204516849246,0.4122360968756864,0.46980669279275833,-0.343906388604119,0.49701383361117046,0.42447563067841154,-0.16166949039348794
1726,0.326120604999493,0.42854996452343036,-0.3088327663029018,0.4101451958954135,0.46492330519570413,-0.4069295215545621,0.4991292663103032,0.41932258166914005,-0.29675827434606017
1727,0.3257711361820936,0.4271474382984496,-0.3190874278911271,0.41279162303035644,0.4590860099909413,-0.4534605186167185,0.5022321836630792,0.4104990304930878,-0.39959854663344446
1728,0.32520964334765673,0.4252653127764011,-0.3173125521464014,0.4198493850892753,0.452903913362893,-0.45907626760184056,0.5064999303006038,0.4004349811737449,-0.4259846508349475
1729,0.32458912138139917,0.42309001240496674,-0.30555036559134857,0.4267735144237865,0.44715669038581995,-0.4443905357896235,0.5105900698865367,0.3921722591990762,-0.417900609336137
1730,0.3237052796258019,0.42111637435599064,-0.2936186077204053,0.4294657025567179,0.4426889931417037,-0.44215062409989164,0.5128157356607869,0.3868588898504571,-0.43133652670459915
1731,0.3220646378963886,0.41971109966057174,-0.2881587119839876,0.42753591811143843,0.4399064052500737,-0.4613645650905483,0.5126887075692046,0.38375203602219876,-0.4758572867006436
1732,0.3198668379077854,0.4188492559719687,-0.28554229134794284,0.4240227197748932,0.43832346015839085,-0.48159627299612107,0.5114263702452387,0.38239680945767524,-0.515169658251556
1733,0.31914957226585805,0.4183779182212011,-0.27697802529763516,0.42306453872646815,0.43689482902445886,-0.47582296533311746,0.5111807287522123,0.38401867926640154,-0.5075664573480511
1734,0.32282842446961924,0.4185036309171424,-0.26071739770203867,0.4273691432995979,0.43527620609544704,-0.438541863027951,0.5134845539885852,0.3901041568385063,-0.4457955801510657
1735,0.3311846213303309,0.41980627452535774,-0.24716354170041052,0.43638808792828193,0.4348440425008512,-0.3924368902440687,0.5180994258735729,0.3998508263846052,-0.3643853478193796
1736,0.33993157681420116,0.4225214166750831,-0.24904907382125613,0.44646991593535174,0.4378282719192901,-0.3662432896678527,0.5236260370499772,0.41008299928922004,-0.30896860254793623
1737,0.34371813583800226,0.42587365575583175,-0.26629229092798334,0.4534242774784699,0.444757155960558,-0.3679112989517441,0.5292617792513404,0.41806297531662967,-0.299547260190553
1738,0.34156257549895963,0.42843980791486025,-0.28370094776649885,0.455053221158691,0.45302316537335213,-0.38235122477051364,0.535174191998396,0.42339621354154233,-0.32323095552615816
1739,0.3371974067753245,0.4292745320809833,-0.2858683302473881,0.45136664170997914,0.45876247409133786,-0.39134037312221415,0.5409465435379521,0.4266676331742308,-0.35336740938943495
1740,0.3343135355290743,0.4285253154516899,-0.272434225656754,0.4438214670973144,0.46011226209695255,-0.389513275593116,0.5447679085175012,0.42750437253667745,-0.36934625038304086
1741,0.33339076576820276,0.4269923250399686,-0.25674633564216565,0.43525820398255904,0.45805230041158385,-0.3838409868094659,0.544964145738181,0.4251156622498852,-0.3672304466941242
1742,0.33320238432046045,0.4253856341391435,-0.2521355001937081,0.42913184700540363,0.45447952596648905,-0.3848544257132785,0.5419115695436717,0.41988265040561423,-0.36124858163275203
1743,0.3333256100597464,0.4240649071378788,-0.26232934730736157,0.4272407374473323,0.4505237351421419,-0.39808801062622723,0.5379059849446647,0.4132718973761273,-0.3686497957654397
1744,0.33419027703857057,0.42320083188051655,-0.28228932483499025,0.42856858828574007,0.4467141534436808,-0.4184514210582372,0.5351723066443063,0.4067166177640669,-0.38493165549110525
1745,0.33578566288761635,0.42294898028521183,-0.30328708276455346,0.4308967268877372,0.4436437815935377,-0.4324794294827363,0.5341565265051319,0.40135696479249494,-0.3829135533504581
1746,0.3373935536783448,0.4233984688950797,-0.3173771682782657,0.4328497776974606,0.4417140651545665,-0.4304156906880087,0.533767812227498,0.3980647881655334,-0.34772945345034795
1747,0.33827528119177486,0.4242746832091929,-0.321462445354379,0.4339648252953574,0.44055921196294995,-0.41711267177750533,0.533119864281899,0.3967307273502502,-0.30441048582499897
1748,0.33805268388240806,0.42477327666296305,-0.3191603581389727,0.43381560339098,0.4393877540888205,-0.4078682078270623,0.5326697076978633,0.3960612980652458,-0.2947063926682475
1749,0.3367885406476127,0.42411691871846585,-0.31684705261464474,0.43230408439237455,0.43791217308947,-0.41189096362810124,0.533270452280942,0.39486674351577705,-0.3281028714459161
1750,0.3353094290870191,0.42264634134191587,-0.31603642959207723,0.4307182592040584,0.436515401576476,-0.42173787462615747,0.5342014014048997,0.3932368485308419,-0.3705005429319355
1751,0.3351304261731305,0.4221236133116239,-0.3104130789605232,0.4313079452416103,0.43564316323931485,-0.4210512555126932,0.5330632517927019,0.3921226064160135,-0.384584912221786
1752,0.3371966266832278,0.4243017598102165,-0.29269346679031577,0.4349891336350767,0.43570419027652985,-0.40243224610829276,0.5285792373063326,0.39233948275785296,-0.36904272340375766
1753,0.34056231694001926,0.4289328747352665,-0.2653807709486576,0.4399035099690053,0.4375657091524214,-0.37632675438707525,0.5229052652965059,0.39439197910956697,-0.35171461940243043
1754,0.34295030832610673,0.43359116578121065,-0.24227624477633405,0.44292642449325037,0.4422395131107338,-0.3614227860868668,0.5195405248308677,0.39860861702358663,-0.35409493330395175
1755,0.3428871399380296,0.43575605201883055,-0.2363012973300671,0.44209060021700325,0.4495849023627898,-0.3661290706100293,0.5190938389020016,0.4047198022908037,-0.3709158023328626
1756,0.3409428828104949,0.43482636594779983,-0.24665042909346196,0.43701584387619336,0.4578712420118252,-0.38012176167679257,0.519069254814806,0.41183687392434104,-0.37933669435746054
1757,0.338865190735963,0.4321114368230373,-0.2603815825321107,0.4286279704515164,0.464931813587367,-0.3848418385471358,0.51805414647464,0.4196386120280069,-0.36241696737085494
1758,0.3380263827260527,0.4294680646510012,-0.26591362916399297,0.42055096353736365,0.46892521366855516,-0.3720757617760158,0.5181178054864338,0.42833088994305024,-0.3266120295961977
1759,0.3388102978481589,0.42811329166053397,-0.26313561495109516,0.4193767594642221,0.46764603695857876,-0.351670707618437,0.5224017882880709,0.4351977557612993,-0.29794808581103605
1760,0.34087841797608287,0.42811228908993515,-0.2610065248437354,0.4297746040016968,0.4589029541180004,-0.34131538534696093,0.5315978126721095,0.4324449633657179,-0.29676664884034765
1761,0.34360746107863793,0.42858242789470036,-0.2668662928068591,0.4484517857483865,0.44361285347009277,-0.3497364532680311,0.5430620560871537,0.4136178452386121,-0.3166526077504228
1762,0.34655129555631564,0.4285855524531835,-0.2787978549549555,0.4657528375508285,0.4278467180111856,-0.3701647220099901,0.5523768967936646,0.3846399100561454,-0.33354356331874957
1763,0.3497519710492335,0.42798798388727,-0.28869928109665294,0.4747565625962563,0.41926569783529405,-0.38848905002307793,0.5559572086317348,0.36394130901787447,-0.33244654753221753
1764,0.3533853413420796,0.4274292915006694,-0.2917661340316612,0.47702234152392947,0.4203891065147849,-0.3955644774805838,0.5536259714043076,0.3657164294401576,-0.31741521509049875
1765,0.35695150855051344,0.4276040984490832,-0.29076148035160054,0.47809565051771574,0.4265159000849773,-0.392387321594611,0.5490337205333857,0.3839916588196465,-0.30016599719092496
1766,0.3590513800880558,0.42872409181006677,-0.2908067792454218,0.47895215445609635,0.4313694490499048,-0.38722554263448045,0.5462455983428592,0.39910162076094013,-0.2916629831402565
1767,0.3582030246741907,0.430482829400969,-0.2926084658076129,0.4742206859671169,0.4338345767061315,-0.3899764068999332,0.5452913327589756,0.4004025220550834,-0.30406094447287196
1768,0.35405246204811974,0.4322860378889109,-0.2927862140945647,0.45965968640808275,0.4374956399051347,-0.4060798480191289,0.5424484682398097,0.39587457778660745,-0.34505652537215736
1769,0.3479719608271688,0.4335589880317299,-0.2896795744488547,0.439826160549475,0.4442515134011716,-0.43081238244144604,0.5357121441982764,0.39721431653311823,-0.401577416421869
1770,0.3423193725986131,0.43398817667928175,-0.2861217927035783,0.4253828030819127,0.45109355503809806,-0.4503204531228351,0.5281045911292315,0.40356366266269067,-0.44081652703102897
1771,0.3387163704748535,0.4335411860388279,-0.2856870688568749,0.4221768231197558,0.4538605632827608,-0.4543629652071203,0.5240536466922535,0.4054773044721778,-0.44304469761474974
1772,0.33702774065381136,0.43237956459573057,-0.2881391427244715,0.4256596635755168,0.45185487693222937,-0.4493200215302961,0.5242369204638161,0.3987009945572131,-0.4289727021895301
1773,0.33608867653554764,0.4308796024294901,-0.2904743828931923,0.427103547933843,0.4474944950120462,-0.4528758002114822,0.5258952280792134,0.38713579154573086,-0.4379466186921304
1774,0.3349508079199568,0.42962155334627106,-0.2917495591880001,0.4228004504836214,0.44315730701054423,-0.4737794778490475,0.5269389490394428,0.37556429026489824,-0.47892535293469374
1775,0.3331624997996355,0.4291230750415925,-0.2945037854354897,0.4164168220768389,0.43976558741569444,-0.501464057401609,0.5277719984281332,0.36583099195486224,-0.5185601845715657
1776,0.33079315124775494,0.42950480734640983,-0.30031041353544957,0.4151727536186586,0.4370360257649721,-0.5164849502270007,0.5297359527774205,0.3591109200292318,-0.5200043501622398
1777,0.32921148152718865,0.4303745457148188,-0.3054667024763259,0.4245632978116281,0.43336843557642823,-0.5067524107278171,0.5335317955129959,0.35637225345953644,-0.47976749217176956
1778,0.3310482114979002,0.4309217666737952,-0.30345556413180624,0.4437811167163786,0.4265252722930087,-0.4741813413600776,0.5390597049863186,0.35562515172014086,-0.422725279101723
1779,0.3376242985470797,0.4302902186897299,-0.2921349130432257,0.4648801520583732,0.41666552945404917,-0.43110710518239603,0.545449305144622,0.3529947728511721,-0.3724003596745248
1780,0.3463111427944834,0.4283599855524584,-0.27702451344018064,0.47867723717356253,0.4085323356809573,-0.3915505320954407,0.5511214944979602,0.34886657271125815,-0.33315224134315036
1781,0.3519471555249879,0.4262765987876792,-0.26650030106661404,0.4825852157589929,0.40840764285378295,-0.3636681413876365,0.5547845935443136,0.3500480313917482,-0.2979174592222943
1782,0.35144554916651016,0.42566495292327,-0.2642144352904528,0.48105729284248544,0.417923228085328,-0.3496115235525193,0.556487675756201,0.36249894341110106,-0.2679925293520715
1783,0.3463411009778421,0.42699465672086145,-0.26658958764889173,0.47848211429153276,0.4317926384458475,-0.3497621097304956,0.5569510108605089,0.38311653662640033,-0.25999081551942627
1784,0.3408054069792721,0.42909499297491266,-0.26704632452997046,0.4746106563549117,0.4422658910020601,-0.36203796204763866,0.5558190010910204,0.4018445819266282,-0.28802715362256565
1785,0.337810079759361,0.43056524599891727,-0.262114208174049,0.4678940886711828,0.4453897350907282,-0.3778621388650881,0.5514592150750199,0.41143643611962644,-0.3402977706686172
1786,0.3371179905624957,0.4313064364905474,-0.2536290619772444,0.4598590791854539,0.442993267641402,-0.3861842287464073,0.5428966410177017,0.4125064089269732,-0.38312908863263656
1787,0.3364087376434207,0.43228877406336724,-0.24536397948294247,0.45303011451803105,0.4398187167143929,-0.3852253920214668,0.5312210624700262,0.4098638969666203,-0.39488162331469306
1788,0.3340581276931427,0.43400176102774046,-0.23858627094461418,0.44651297088517106,0.43941485942378256,-0.3860839185843833,0.5185846064481812,0.4071829486845642,-0.38942606916004663
1789,0.330552172510114,0.4355905647136378,-0.23271008253154404,0.43768971191081807,0.44186658533174533,-0.40033566438324003,0.5067375199861077,0.4052425408557613,-0.39667314228894895
1790,0.32716944515835944,0.43574810139393333,-0.22972007420071416,0.4278815404421453,0.44438769400240064,-0.42515772898601545,0.497451381546276,0.4026198738826562,-0.42256949697648205
1791,0.3242148721936586,0.4343361266169094,-0.23387282394916997,0.4222497247861257,0.4440877891949825,-0.4439671219463232,0.49314401661329826,0.3974655789880095,-0.43919558555606175
1792,0.32134763360680124,0.43277318293380174,-0.24479247966814854,0.42274722565174666,0.4407677687266243,-0.4431600359935908,0.49465661742937284,0.3901786580447524,-0.4197729072783133
1793,0.31882997952099723,0.43260701438205645,-0.25400816773188484,0.4238780496806751,0.43772346871676543,-0.4270037245698874,0.49799594382852885,0.38486478403503005,-0.3781521045780945
1794,0.31724674950372367,0.43397089240225445,-0.25216860039002253,0.4175899043117252,0.4399948512695034,-0.4132588812367779,0.49584471827565907,0.38711157642639404,-0.3617556072113205
1795,0.31625377119082726,0.43578141671181736,-0.23930766885142352,0.4014774104321278,0.45071405061533726,-0.41365013739828843,0.48469286863817734,0.3993886347847076,-0.3990318361002324
1796,0.31456338666937594,0.4371455333892333,-0.22523039829200903,0.38048383602726127,0.4678261411902148,-0.4221968107356629,0.4695246712909308,0.4185869531368094,-0.4634493046529412
1797,0.3113121340726308,0.438001006070713,-0.2188739094745357,0.3610522127967736,0.4846982971494189,-0.4245866757213381,0.4591328230202609,0.43835963077036944,-0.5021089637537539
1798,0.3069988602792252,0.4385430006584181,-0.21910466608769855,0.3459189384380757,0.4952745729715596,-0.4149959573611287,0.4571702543449467,0.45374103778112507,-0.4936603605028617
1799,0.30290936717707273,0.4387488210314556,-0.2177111642355775,0.3349635961485439,0.4989217075452167,-0.40031476653640463,0.45967022623270487,0.46342270060795554,-0.4636845869348972
1800,0.29985687335029165,0.43867141519269703,-0.21034837022662684,0.328129685814747,0.49970296486360777,-0.39096544758354407,0.4606366760715162,0.4686139939631019,-0.4481788500173567
1801,0.2977142194730693,0.438729770482021,-0.20171163448413817,0.32525916243105074,0.5013934963673085,-0.3916352245092161,0.4577747049148991,0.4710436782039121,-0.45874206534629774
1802,0.29600318104015966,0.43937514264864824,-0.19909260912547594,0.3245849167140854,0.5042486201895736,-0.3997785012666125,0.45280892432603714,0.47178349406670106,-0.48352789869662083
1803,0.29450931723539425,0.4405943593413334,-0.20304551108809013,0.32388532086010263,0.5060691974333683,-0.4088706432799099,0.44828240918705553,0.4705158877085073,-0.5042172084611283
1804,0.29324969292314196,0.44189784021734274,-0.20641991767442067,0.32326398110414956,0.5047103408670081,-0.41030172264818693,0.44509497941029325,0.4654693872808097,-0.5002626232379277
1805,0.2922434945505762,0.4427464704592709,-0.20202085913247725,0.3252768289518958,0.4994621135178224,-0.39430856118493113,0.4426064210255898,0.45519469858383643,-0.44798030650607007
1806,0.29158468031335744,0.4429533893037295,-0.19031558423590647,0.33164963230597055,0.49160255351722343,-0.35722600473177446,0.4402505761598182,0.4412890170086413,-0.340008183803375
1807,0.29161320414679576,0.44276622615448513,-0.18030877951282392,0.34079940427590705,0.4841622499130345,-0.3137858852743426,0.438375840710975,0.4285850708056819,-0.21483213359068246
1808,0.29285504496496767,0.4426327867326942,-0.1825746629321364,0.34933418505364816,0.47998020964909405,-0.29564347279507697,0.43732187594426014,0.4214464127966586,-0.14870736398518056
1809,0.2957717219027369,0.44283861518280704,-0.19900840592930563,0.35498600964264726,0.4793717340954813,-0.3243350399112095,0.4363132590442487,0.4201165408223056,-0.19339609138917038
1810,0.30050916325172033,0.4432991466298158,-0.2188427930712951,0.3569613936553038,0.4804474840540357,-0.38336453939487714,0.43405223891888367,0.42158854031672777,-0.3190678066692931
1811,0.30666067466958535,0.44371522611074404,-0.2274999462578278,0.3547009125527088,0.4819912699670178,-0.4280450836402194,0.43040602555860286,0.42359915326387926,-0.43675380540808995
1812,0.312988891939902,0.4439554926946574,-0.22127192697208825,0.3485916822203458,0.4850481850091732,-0.4291715787725166,0.4270936921449036,0.42659240470595083,-0.4839759394356769
1813,0.3175201689679957,0.44419985498971293,-0.2122646537297594,0.34159776037770473,0.49110665968265854,-0.4006814443793769,0.42654607213097867,0.4320098712544202,-0.4736860705244555
1814,0.31862503208926346,0.4446482207925755,-0.21675430470656804,0.337674448036418,0.49955074047627457,-0.37903840736574873,0.4298705095965806,0.44017300901241346,-0.45506481187555414
1815,0.31651578425887256,0.4452409206874598,-0.23753575154010728,0.33788566546698684,0.5078228265488544,-0.3800692846029825,0.4355641488662358,0.45049692705006517,-0.4461475715484563
1816,0.3135303070827804,0.44578899307938463,-0.260311461641654,0.33993253104793647,0.5137797594772533,-0.3839387180403109,0.44042515340662847,0.4627693385324743,-0.42012400193992777
1817,0.31263926431902533,0.4462276915922609,-0.2715552465270911,0.3421193694286454,0.517158729769704,-0.3651705059919734,0.4423656885028528,0.4769271370155476,-0.35233552462679507
1818,0.3153991366811959,0.44665802264313664,-0.2769877557082299,0.3456050784261555,0.5190173729630182,-0.33043773071652693,0.44227140405394083,0.49160480108579374,-0.26529549580414996
1819,0.32093455792569014,0.44735290993742166,-0.2942962133976952,0.3512429014726529,0.5206896228549185,-0.31383393398709464,0.442439539818604,0.5042027148036198,-0.21183876778955296
1820,0.32671764388967167,0.4486358584801563,-0.3275063602358433,0.3563857254511521,0.5232933524158695,-0.3315292518602707,0.4433800826667402,0.5130241794949602,-0.2102995465946367
1821,0.3305666330925432,0.45011314373276645,-0.3566180358900014,0.3577708120745382,0.526978656826124,-0.35514034086702395,0.4432940834365428,0.5181112857099466,-0.21539447577435852
1822,0.3320732674643116,0.4501622991973168,-0.3562175478859869,0.35630428081812254,0.5300403194529202,-0.34370030114149763,0.4411075783524953,0.5192387614621,-0.1743841705805016
1823,0.33220573306177165,0.4480189074564763,-0.3231024367530369,0.35583199432424545,0.5303182508894414,-0.29749425767566956,0.4392188633676969,0.5152884063319026,-0.10321851954073599
1824,0.3318567841757153,0.44726319238041423,-0.2863527673179434,0.3583542436467739,0.5288393798880777,-0.2671382033144352,0.44256935574046924,0.5074954884017289,-0.08029894896615548
1825,0.330931039400056,0.4535629952043026,-0.2865966781236546,0.3631446507598047,0.5296748991194802,-0.30357862617532433,0.4542884717720208,0.5003603734575581,-0.15917384141022545
1826,0.3286535575984965,0.4640759656818496,-0.332924746632263,0.36818452526207796,0.5324490969392139,-0.3981530412818053,0.4703324501129013,0.49519653399151703,-0.30262868637749696
1827,0.32497990606105487,0.4630079736567698,-0.37696077674939393,0.3696174572951514,0.5277690953611344,-0.4740705648089173,0.4780847239082154,0.48580196329150355,-0.4108475100940495
1828,0.3223236252290294,0.441242965241925,-0.3480563834786165,0.3639217684361896,0.5099660535345738,-0.44953257578486383,0.4654244549133168,0.4697800387667081,-0.41237231290000675
1829,0.3255105188434903,0.42473711643661105,-0.2297352734479423,0.35518499877894305,0.49741336954831583,-0.31843462840162684,0.43607298066007966,0.4661243440691681,-0.3229523334234712
1830,0.3380554659263595,0.46259018140245467,-0.08563305861262413,0.3553590738861425,0.5249352316798114,-0.1524486444440056,0.4106390573026893,0.5067389599670603,-0.2052191156210119
1831,0.35697688914248404,0.5633476257772204,0.011142213532285686,0.37014145588019465,0.5985187284580241,-0.011455257380268043,0.40438273820973875,0.5932767339377721,-0.07698090263812046
1832,0.3726255489438236,0.6572893003185116,0.05447011125181435,0.38855329658084803,0.6673051356909024,0.11222193665737636,0.4096078014206948,0.670673873723699,0.09799752999224168
1833,0.3761912890802437,0.6592273849645394,0.07840158698703432,0.3950622961961488,0.6684835762135771,0.2267276934932871,0.4106083439334536,0.6720910727534828,0.30576434530522306
1834,0.36742099720608506,0.5680301821039753,0.07613175864495053,0.388959300374411,0.6009924567072991,0.26409876578712776,0.4092288270688453,0.5949340132852644,0.42458767205327724
1835,0.35364983153638296,0.46812063512426605,0.0016120624558080133,0.3830079847010113,0.5278148099184995,0.14392571193478426,0.42102619050472356,0.5063708973092393,0.3386577334238647
1836,0.3424303311911687,0.43080301933068743,-0.14572625651292037,0.38562437416076045,0.5022304506101776,-0.09859686312947917,0.4496765212872638,0.467468208448734,0.08861063853881353
1837,0.33676568926000006,0.4491724230375003,-0.290671338765481,0.3930280489784886,0.518201492964147,-0.31930937366655576,0.4796250703330554,0.47709408168948136,-0.15625171162739412
1838,0.33577706129105495,0.4738225450024931,-0.3581107219919667,0.39784489886727686,0.5376556221992455,-0.41092899827498236,0.4947074051949968,0.49615776832318176,-0.2714139648072515
1839,0.33717957149422795,0.47734274320543796,-0.3474861267158665,0.3982964384587119,0.5399979036925504,-0.39313267313064687,0.4940855110419205,0.500198099873726,-0.269551172772633
1840,0.338986258250779,0.4683712142486962,-0.3136380167109525,0.3978348004464653,0.5323487337730928,-0.35042685175668054,0.48808899461959465,0.4939284821652339,-0.22798039481932572
1841,0.34029005735644763,0.4636170650633684,-0.29727258019357006,0.3996580988411078,0.5274466443236216,-0.3291759380787237,0.4849669973924933,0.49016875666420734,-0.1882740450040811
1842,0.3411529978880306,0.4665443445417831,-0.29451847318522706,0.4034375249604848,0.5275993175465651,-0.3174537236618014,0.4847580151355372,0.49205571672032733,-0.14677966615161958
1843,0.34187003981251146,0.4708197964683284,-0.2829971341209762,0.40644352768897474,0.5282470350792086,-0.2934309716324072,0.4831623250173937,0.495000921210839,-0.09909732782438396
1844,0.34249372921994425,0.4721887141352674,-0.25617401963565306,0.40675584083413385,0.5272613868832727,-0.2598058633521206,0.478001897682676,0.496034726392583,-0.05722362709803698
1845,0.34302294635610514,0.47200281002631944,-0.22756157212600386,0.4050997759375963,0.5264927180958661,-0.23348307919982025,0.47140255732344805,0.4964509818420392,-0.03229027856823351
1846,0.3436808963987614,0.4727617687342868,-0.21202154415599195,0.4038320144138252,0.5270276715250943,-0.22290206474736354,0.46725320676436016,0.4977222087079345,-0.023222770001797243
1847,0.34477455306902494,0.47441256696787715,-0.2121744913780497,0.40451801446978547,0.5268552058691232,-0.2247249633245246,0.46774929822347117,0.4985140918456006,-0.02517956767511139
1848,0.34641936117497885,0.4752224465983379,-0.2217282020839819,0.40654230329049995,0.5239833671010018,-0.23439502649278665,0.47196864474921596,0.49669717880527436,-0.03828651906841263
1849,0.34853875950251584,0.4743464172321281,-0.2342376865980752,0.4078576577248624,0.5199237644281505,-0.2500391365438552,0.47690932406083386,0.49294726658036725,-0.06330871715893906
1850,0.35097418324737134,0.4726659944581611,-0.24500860249530362,0.4070664310600299,0.5184009183918951,-0.2678158627848723,0.4800366847593504,0.49064975688182194,-0.09440205455756809
1851,0.3533634778406278,0.4715951570851028,-0.2501904786820695,0.4049918230704216,0.5209734374179084,-0.2824256058468431,0.48144166819071077,0.4916782446470028,-0.12344012406528149
1852,0.35495415170958045,0.4715043375757943,-0.25007146424863297,0.4042574853499201,0.5251721578963058,-0.29432632945615705,0.48351926262634476,0.4931625244039533,-0.15100923397150628
1853,0.35489453979615637,0.47133856782278893,-0.2506188684405588,0.40698062007058655,0.5272062521796224,-0.3099687435249351,0.48817732365619987,0.48989646099017364,-0.18547324096878057
1854,0.3530667333288774,0.4698113034636951,-0.2564059529256632,0.41249915991109853,0.5259147117014508,-0.3313425707116966,0.49446416067311344,0.4805686157782124,-0.22705503568256108
1855,0.3505802830869167,0.46691891426490406,-0.2622612438728619,0.4174409972473646,0.5237237286525437,-0.3484757710092391,0.49933765459819845,0.4705926536017271,-0.2572387508556699
1856,0.34904698669688367,0.4640360724940789,-0.2559100772323823,0.41835911708242346,0.5238519301624707,-0.34594398109939933,0.5006106168651626,0.4672149324317213,-0.2507365801549572
1857,0.34915791718464184,0.4625065129732301,-0.23144186528045507,0.41440889778765644,0.5269407279176688,-0.31833199628400455,0.49861819509638433,0.47191131420203813,-0.2019803648665242
1858,0.3500544419034713,0.4624253583823122,-0.19957316541796405,0.4075834476009576,0.5307184784669542,-0.27927251880968995,0.49528172169589235,0.4791114304059012,-0.13878395157435106
1859,0.35008997999336566,0.4628683281691613,-0.1825757789993109,0.40067855298966476,0.5327076413866906,-0.25305124140967084,0.4923808081835264,0.4826498993085078,-0.10248430695057273
1860,0.34816165401177196,0.4630038053876164,-0.1972443918827532,0.3948558933890885,0.5326422265084116,-0.2547694395588554,0.4905145169469664,0.4820599940014108,-0.10895970403353109
1861,0.3445090870020363,0.46273467679254604,-0.240439322938181,0.38856068385997244,0.5321877061927339,-0.2785671386107681,0.48865107472401,0.4820455822592178,-0.13473736587487908
1862,0.34046024988320034,0.4624003781336679,-0.2898770001145301,0.3790279453072736,0.5329620818441576,-0.305964148318197,0.48461168850938796,0.48699718558922056,-0.14827128181962437
1863,0.3373403144707409,0.4622251415568235,-0.32129670316594566,0.3656119487539883,0.5352136175042066,-0.32483767351372284,0.4769433528155037,0.4968862557068689,-0.14905705861120203
1864,0.3354269064689861,0.46221867753073875,-0.3274018905356934,0.3512014041872428,0.5380305627070532,-0.33874042167120344,0.4665636095106643,0.5079198506190736,-0.1669742525878438
1865,0.3339124234375808,0.46239128665313506,-0.3197118187032966,0.33942477160201695,0.5403222899663231,-0.35761051117399323,0.45606127751131303,0.5161888435097908,-0.22435786106432204
1866,0.3319048769818419,0.4627885516306855,-0.3127120025044743,0.33121584969548107,0.541579763879166,-0.3812165977492467,0.4474972278730035,0.5203920335708981,-0.3037711739751008
1867,0.3293575261890742,0.4633413693804873,-0.3095497739652996,0.3254953165037821,0.5420077106918261,-0.39454694433324683,0.4414461803804085,0.5216033990399658,-0.3554911599721105
1868,0.3269339341140769,0.4638705882441728,-0.30383435958785365,0.3225224530919484,0.5421317099295123,-0.3823466622801605,0.43791174966210455,0.521272519839782,-0.34209521933696807
1869,0.3252165704747898,0.46424074022345274,-0.29155384787249605,0.32452321691321745,0.5421887992752861,-0.34955120476149876,0.4372357629311743,0.519842997840102,-0.2817346806692264
1870,0.32433557773611416,0.4643570883023887,-0.2774430060294864,0.33231904564429127,0.5418012127771047,-0.3237138990256191,0.4396608753533336,0.5170567682651039,-0.24126374957236785
1871,0.3240473124010701,0.4640399451162522,-0.26951635954113584,0.3424378722981924,0.5404985173230277,-0.3299074716057828,0.4442384696831725,0.5131587760321684,-0.2721054527655106
1872,0.32363720002727503,0.4631734044188879,-0.2699527096121581,0.3490919536963885,0.5387795948916484,-0.36213150538682376,0.44867667521493865,0.5093692866948818,-0.3519366209158912
1873,0.32212555276499133,0.4621235589971347,-0.2735219330717031,0.3499385876159898,0.5380715403235574,-0.387372789616773,0.4508674733689292,0.5066938025223935,-0.4040837856747906
1874,0.3195789140337427,0.46173465529644847,-0.2746831692099026,0.3495937520838435,0.538674820522429,-0.3827265502129505,0.4508494992510512,0.5042346854232358,-0.38103569983750735
1875,0.3181217169026761,0.462492225974986,-0.2740967119892324,0.35586264093641473,0.538072010309633,-0.3627132406098735,0.45088900606180293,0.49952750888575764,-0.317975849381982
1876,0.3201393655003621,0.4637175378831385,-0.2758075370836041,0.37096749291205566,0.5331242796718022,-0.3604812446587753,0.4531377008855302,0.49137814989547535,-0.28838705967334377
1877,0.324724412370378,0.4640890753235355,-0.2782662872703473,0.38714471106176734,0.5247618861847128,-0.38149600320230465,0.4573162180167914,0.4819927169350617,-0.30786992628730736
1878,0.32730534141397855,0.4631628298897407,-0.2733842702653785,0.393177250817839,0.518619618172045,-0.39023046261214045,0.46108745710411514,0.4754045506830175,-0.311961314724313
1879,0.3242824685725211,0.46195240547836014,-0.259280113964038,0.3854734151626219,0.5193559479995424,-0.35586042400350115,0.46251245899517546,0.47396419232664944,-0.25148920183277146
1880,0.3172676578167987,0.46175693434461573,-0.24939318673670632,0.370520640393049,0.5257526094040255,-0.29915094036703527,0.46150338148025444,0.47714596935323694,-0.17352191364237382
1881,0.31134263455941624,0.4627813142340536,-0.2595972781392707,0.3566046625872748,0.532946801044016,-0.27118584359575443,0.4589199412212072,0.48330636924333076,-0.15883990311932614
1882,0.3096745130515203,0.464151127963781,-0.2863228572707023,0.3462594539415482,0.5378461738136237,-0.2896614130326447,0.4551684732814905,0.49117313020394243,-0.2050735544250713
1883,0.31109447497576675,0.4649799335447521,-0.3069962368700391,0.3374474520324309,0.5406297819213011,-0.32055454724726723,0.4502670161384641,0.49945706949813484,-0.2319965136681892
1884,0.31251357114981043,0.46510845151939717,-0.30595792276134226,0.32881891041979777,0.5424183159589201,-0.32583746810659125,0.44482792701500784,0.5063693803378122,-0.1939196263657766
1885,0.3122905010455233,0.46486648768507954,-0.29213163178199464,0.3215215460580287,0.543525520484611,-0.3072401426424777,0.44019688442327026,0.5104817654064334,-0.1322413724976763
1886,0.31096098410540524,0.46440723009494544,-0.2850177573667869,0.3170644519120072,0.5437442468908863,-0.2933969904726524,0.437394574311851,0.5119039591012353,-0.11201775009109498
1887,0.3097171878861811,0.46352032697222695,-0.2901079105943268,0.31530447404133966,0.543136512764496,-0.3016404494701713,0.43622319757276395,0.5122237075311351,-0.1502852622701372
1888,0.309083592983975,0.4620919987251632,-0.29692234119792676,0.3146705003436588,0.5421483438097356,-0.32718706923227964,0.4356343391714217,0.5130526077262565,-0.2206830615158475
1889,0.3089113375682035,0.46049623628863795,-0.29642955056187903,0.31382855610183474,0.5411274839893694,-0.35827710295285375,0.4348674561572423,0.5143054078523851,-0.2940376103856634
1890,0.3089181450815981,0.459306614170495,-0.2899362378832056,0.3135580026775486,0.5398455808881415,-0.38584845915242344,0.43420791392231844,0.5137433460822015,-0.3521801484682399
1891,0.30892426073032675,0.4586702739905378,-0.28226105180136685,0.3172975871981545,0.5374744818944006,-0.4035025431740145,0.43482196782776267,0.5086946568344812,-0.3844918456460901
1892,0.3088643341123663,0.45817940253800493,-0.27505226528608306,0.3283350554266968,0.5330933951928901,-0.4107317966460535,0.43771067295261173,0.49885099313885517,-0.39591815802193264
1893,0.3088505597647792,0.4574249532985637,-0.26790287669299634,0.3450621037188014,0.5265016566112566,-0.4146478645077621,0.44238681591226303,0.48708177179361534,-0.40783408712532326
1894,0.3091249492001424,0.4565035007334179,-0.26095642334146896,0.360631722063384,0.5187881347128689,-0.42013748887271785,0.44673147195371116,0.4768966616300583,-0.42890234930806326
1895,0.3097156999331188,0.4558016575108906,-0.25545058355179606,0.3697391518874809,0.5120476126082875,-0.41989994197936503,0.4489489972027436,0.46968454822061473,-0.430936854030875
1896,0.31009913743156436,0.455363784559479,-0.25407631853908763,0.3746986154092349,0.5082047334813538,-0.40304754064439247,0.4499040674530496,0.46510584904515223,-0.3797090601154049
1897,0.30945489887130256,0.45475852722009535,-0.26028541875985894,0.3820158798061359,0.5076197442298087,-0.3747431771274374,0.452723888568708,0.4628441339012862,-0.29301286007588984
1898,0.3076078538118309,0.45368716122482744,-0.2743063690961403,0.3935257720864843,0.5085099133659929,-0.357629160799503,0.4594272159231918,0.4621846873037531,-0.24013408559719798
1899,0.3056993171097073,0.45247478953416925,-0.2895006288398531,0.4040957494797563,0.5080053010910124,-0.3675436376837647,0.4684660284017955,0.46064456731078907,-0.2685300008090848
1900,0.30542319973008697,0.4516953905620685,-0.2962472089555729,0.40847686883273293,0.5044067944584685,-0.394495369174198,0.47635189228009867,0.4553471463083101,-0.3503285528278117
1901,0.30725898879799163,0.4514456932077665,-0.29208442794125944,0.40752388088593017,0.49864013263873846,-0.41498458604423144,0.4812092103867358,0.44635987688090567,-0.4163539968411349
1902,0.30973510013351524,0.4512814898024667,-0.2854921128985383,0.4062748357595036,0.4932713318352035,-0.418201459894967,0.48372186871983247,0.4373136278794014,-0.4283076675134696
1903,0.3107724055493105,0.4508266120788543,-0.2860913957965147,0.4076768026709213,0.4901954910161746,-0.4126041017773715,0.484940071875338,0.4320251258995642,-0.4043071814533989
1904,0.3096100011354587,0.4501883538488818,-0.2928945980978376,0.4098392477064624,0.48973682651190426,-0.41048399994894785,0.4845189318159133,0.43142559291873483,-0.3855623592390613
1905,0.3072338102094697,0.4497300123848434,-0.2962860792575506,0.40888654347126885,0.4916368481944889,-0.4145750783406651,0.48161217064519807,0.43418624411079737,-0.39325898888752464
1906,0.3051666495947759,0.4495903851883538,-0.29073796468252655,0.40320697345748696,0.4956031212568323,-0.4197066695549876,0.47678313587110066,0.4389586859225274,-0.4155543554977883
1907,0.3041001730928561,0.44953554253608563,-0.2814754452306942,0.39464474405093003,0.5004434750831385,-0.42087424945911694,0.47222270363791,0.44491795921840643,-0.42607458003929
1908,0.30359557028578454,0.4493025608675248,-0.277734032280731,0.3863856603595833,0.5039357101133751,-0.41682975377139997,0.4699217650165209,0.45101569157752436,-0.41065345726742475
1909,0.30286344759415584,0.4490526813492593,-0.2819166271263819,0.38055776459268886,0.5047816775916141,-0.40856038491920865,0.4699275071618803,0.4560773226778897,-0.37752727081707477
1910,0.3016302763538864,0.4493486334457341,-0.28689826678568386,0.37761106144512907,0.5043414785524954,-0.3968403174464796,0.47054691278195887,0.45970500443383056,-0.3438735354538476
1911,0.3001863356857585,0.45053031935975885,-0.2833419659622166,0.37682703525115874,0.5054497303872316,-0.3809141755356104,0.47006826687476666,0.46239201487763104,-0.3151003283453117
1912,0.2988760874457123,0.4521838089992102,-0.26896180850366014,0.37693359297550166,0.509401316744574,-0.35922158266401133,0.4681694501013074,0.4645620264612979,-0.281192943802165
1913,0.2978838457373989,0.4534602596946825,-0.25101273029804116,0.3767931476534647,0.5146000931820229,-0.3333745226573052,0.46586462115454624,0.46592115636145687,-0.23625690040762243
1914,0.2973619821231244,0.45391813462879554,-0.24002387415476928,0.3759051945029595,0.5181539388236135,-0.31214232558809063,0.4643447296050995,0.46600002433152177,-0.19773676737344506
1915,0.29735695138253543,0.45384424116512556,-0.24056465398852012,0.374340598556399,0.5183471066796589,-0.3072308523085505,0.4639239856366354,0.464957690881993,-0.19514110309579083
1916,0.29759559205280817,0.4537876974369303,-0.2479993374028765,0.3725344726227372,0.5156437278515504,-0.3213063707989274,0.46404078302878937,0.4634171641287286,-0.23499076222429957
1917,0.2976663129169047,0.45402839645365745,-0.2547129290881635,0.3712136864319102,0.5118972875835522,-0.3434339500496158,0.46416746378035556,0.46168833625188865,-0.2877811471988469
1918,0.2975258834738204,0.4544959794554603,-0.2584501073596697,0.37103614705004656,0.5088729870764507,-0.3602073521386083,0.4645240627425412,0.4595948619588211,-0.31855415912561813
1919,0.29762787110923294,0.4549392905310506,-0.2624908483713783,0.3720188149793644,0.5072856445541201,-0.3681745387848978,0.4657812781291315,0.4570442142843103,-0.32177331340775844
1920,0.29844059443930476,0.45502462734419763,-0.2684956276751454,0.37343362850910927,0.5068065358905744,-0.3722617746260353,0.4682348123321319,0.4544113778866138,-0.31781432727241943
1921,0.3000215560236907,0.4543970948447794,-0.2730592500588744,0.3743267083075611,0.5065963791668948,-0.3764144614316246,0.4715238353532724,0.4522561318534195,-0.3240249316603404
1922,0.30212891729596675,0.45293019986464583,-0.2730046845044713,0.374260346904854,0.5058872315890235,-0.3803111083934346,0.47507057057699137,0.45083244399895567,-0.3392390885232585
1923,0.3044152262039765,0.45109465697272255,-0.2712241491602755,0.37387284446206026,0.5046174812244231,-0.38272545803719993,0.478493052112978,0.4499810518158345,-0.35165395233635266
1924,0.3063642905939124,0.4499260774056207,-0.2740817958826247,0.3746644478774989,0.5038356919261012,-0.3838112445643793,0.481610017132285,0.44951847482737073,-0.35233521526301004
1925,0.3074943537976059,0.45031788413449864,-0.28383432000322445,0.37748494912346486,0.5051564933731709,-0.38451325233549544,0.48432970541141684,0.44982829031663935,-0.3413340099585557
1926,0.3079569602336069,0.45233391819681645,-0.2968413434256906,0.3807738743992506,0.5094332933850151,-0.3864471820873184,0.4864655666388821,0.4521534063228116,-0.3270388172738836
1927,0.3085792141368542,0.45539578383389234,-0.30955695599924965,0.38115755025469744,0.5159815776341506,-0.391753020987224,0.4872900289478022,0.4579797074936271,-0.32021632176217996
1928,0.309935175490859,0.45884805093387016,-0.32224986794505955,0.3768610481520258,0.5230166545364484,-0.39970360508903313,0.4854077239325867,0.46728528405066366,-0.32312782684094116
1929,0.3115728472553318,0.4617155233516735,-0.33422077576246106,0.3700582617035043,0.5283975490541871,-0.403408011812518,0.47985470635117927,0.4769448468861907,-0.32354480341288183
1930,0.31248173189991896,0.46228469339603645,-0.3388587446225742,0.3648218913818006,0.5302482624296717,-0.3944444348500812,0.47178270852356163,0.4820448100973185,-0.3058175208699059
1931,0.3122731246603074,0.4596558225434236,-0.3285061495146506,0.3631119500368437,0.5285148722720349,-0.3730408407116331,0.46445595134566625,0.48081494804003305,-0.27066746950217824
1932,0.31163472624136196,0.45647253312192626,-0.3042176856834596,0.3636024585668104,0.5265591055890869,-0.35036339555070967,0.46052304117673554,0.47806593550422016,-0.238506858284294
1933,0.3113849826104435,0.45750856126104,-0.2773465734859551,0.3640540951111521,0.5283899316402549,-0.33829339269049263,0.45917789476681764,0.480006925486132,-0.228801515071614
1934,0.31101942647243824,0.46200103738516557,-0.26046514105557855,0.3641100882940942,0.531101464474281,-0.33902458513870176,0.45743544033209876,0.48276233250800304,-0.2391994434998637
1935,0.3087322930795909,0.45965132946061127,-0.25758134199752003,0.36608150709709525,0.5232519106045109,-0.345568826059765,0.45549848064741705,0.47102641987471744,-0.24898685538325915
1936,0.30408643437811533,0.4434966170104443,-0.26169942573906146,0.37334167252017425,0.5000890946110619,-0.3490490011000271,0.45901738242521134,0.43971930743553544,-0.24250938221563265
1937,0.3012022514008303,0.4309310928494481,-0.25910116355081986,0.386445756613237,0.4828620733046961,-0.3431278519637317,0.47113975392788604,0.41896981996753724,-0.22639801701240764
1938,0.30768347046343286,0.4595588003072231,-0.23773887497264853,0.3989604842786028,0.5088623643105307,-0.3239055210205325,0.48036082524100276,0.4580566835500403,-0.22068504380366386
1939,0.32811549523603095,0.547189893611593,-0.1977311652445214,0.3993662646784651,0.5885050227867411,-0.29045449419839386,0.4626760201252387,0.5666256289840649,-0.23292105658586124
1940,0.35883660532512973,0.6638801630009727,-0.15473780939747772,0.3822927065462909,0.6841748680624411,-0.2466550030026835,0.40528760776063716,0.6891645492617828,-0.2467497609466452
1941,0.39007966724598514,0.7614507371660725,-0.125572584623194,0.35780073074016505,0.7513128942738169,-0.19857614616165198,0.32930480924799277,0.7650532379250082,-0.23858709422586652
1942,0.41045901572677845,0.8194050446646416,-0.11122107780564311,0.3431605138577116,0.7861594371320979,-0.15312403160842594,0.2807411147851272,0.7947299273657938,-0.20378660235284635
1943,0.40774189875023986,0.8367262125109148,-0.10900493948157175,0.3432599670533916,0.8043315390443649,-0.1315362015728988,0.2919818395050046,0.8085249477138232,-0.1727499949431221
1944,0.3754985129399939,0.7969341871899777,-0.1362514282274315,0.34632718925921674,0.7904754200256591,-0.17240914634725987,0.3524385352654827,0.7939994088609781,-0.19851221284519602
1945,0.3331084912935064,0.6887885761855661,-0.20291864618078606,0.34570012711476006,0.7166083107188499,-0.2775325268217606,0.4203772842070763,0.7145465927327518,-0.29491207422869936
1946,0.33151771101051014,0.5593228508308312,-0.2514962858971029,0.35900380221489553,0.607176095286998,-0.34974562327169484,0.4621424515412021,0.5938253735266019,-0.37378590314490484
1947,0.4114411718142738,0.4937476492394681,-0.1813276733727588,0.40969444425483836,0.5357367550477836,-0.2528323244725662,0.4744520235037501,0.5171743360344319,-0.2977459633270014
1948,0.5466193680167176,0.5242517508046665,0.024678091569040297,0.4867055979206288,0.5429948916024183,0.020946447983497665,0.4705990944143688,0.5327125741914932,-0.044069220120237146
1949,0.64924414824114,0.5917895688478683,0.23455657660235632,0.5394994549157524,0.591529584227402,0.2873464229248672,0.4586044591510195,0.594797877551274,0.21728905025839648
1950,0.6465880351850255,0.6135366844090109,0.27841812122055537,0.5256005381785885,0.6145262230555414,0.327755373414243,0.44111826444583757,0.6228221590421353,0.26397790033958374
1951,0.5462551357996147,0.566230496180304,0.1189023001530756,0.45481093701358843,0.586665520270403,0.10242320574053376,0.4255154224387773,0.5880969636522134,0.038396522119401366
1952,0.421919506373072,0.49302660491820915,-0.11675239232823426,0.37538937280214696,0.5368816323776575,-0.21823261370752794,0.4185651169049917,0.5291838636321748,-0.3007507598692924
1953,0.3426480603876803,0.44644628337647996,-0.270100701430112,0.32307282975600216,0.5067487869123743,-0.426553647160539,0.4142978987951773,0.49886820949642874,-0.5386385991875773
1954,0.32229788134100357,0.44046687657310324,-0.29017551695161387,0.2985080120060452,0.5089324268197173,-0.45750110515910775,0.4016492999501741,0.5105308235059222,-0.5913036702118555
1955,0.331062257375283,0.453781626091953,-0.23820795771824865,0.29119003374646285,0.5237411247111192,-0.39882708888839113,0.38454880838060707,0.5343081098173736,-0.5348108267382499
1956,0.33870585815116694,0.4629579563305276,-0.1937279548779385,0.30160751854844486,0.5270650535752669,-0.36326890352656765,0.3809713721859281,0.5365217019509514,-0.48850139761641065
1957,0.33678429844567176,0.4618863900795537,-0.18597141183654708,0.3284651403698474,0.5149376642950916,-0.3843624226692979,0.3979882990372969,0.5149684734575214,-0.5020445834589053
1958,0.3300268056853628,0.4556383178046553,-0.19622916976653867,0.35208151114665076,0.5011521099151992,-0.42084624922718344,0.4180659439341776,0.4945153076718431,-0.5432666160609256
1959,0.3238554241900168,0.44964726094773816,-0.18905931161334874,0.35071216127080534,0.49727435280821286,-0.42075164995232023,0.41709078057081245,0.4951418655856341,-0.5580337705360223
1960,0.3235210155554138,0.44869371043422757,-0.14034221783121492,0.33003884009155543,0.5012191185108007,-0.36740279422188793,0.3923851572045862,0.5121882163929433,-0.5237062945086867
1961,0.3347205534038197,0.45733609411555814,-0.06399068962301076,0.32125208914444553,0.5053586884036565,-0.28593155637158985,0.36942049667801163,0.5272495653790676,-0.45795195193181276
1962,0.3572305007438712,0.47366651747521843,-0.02125877670780716,0.3467246607385838,0.5091740151067864,-0.2271389189118132,0.38149879181603236,0.5301472449091303,-0.39829078010858937
1963,0.382095283623018,0.4865084178435614,-0.0779810878225412,0.3969708808672507,0.5181968529478304,-0.2355154023673929,0.44023643278744445,0.5259361004301145,-0.3762372031984634
1964,0.4010985347376111,0.4858483952072511,-0.2306007193316747,0.4448625946854571,0.5330669723607951,-0.311117085366743,0.5222820272214042,0.525009015099008,-0.3968493897170977
1965,0.4156023055516733,0.47443882804100473,-0.3900643955046922,0.4737066409473455,0.5464281158669325,-0.4047195224377561,0.5878009260263749,0.5315735433283446,-0.43774339369274934
1966,0.4313387450663818,0.4638934652356914,-0.4620340579398503,0.4858598186074578,0.5516328341849848,-0.4636120479701083,0.6152856936600621,0.5415000936338766,-0.47231909753877227
1967,0.4488819735021106,0.4611995497404183,-0.43475979453893787,0.4912802376734555,0.5498033774566565,-0.47683863750847433,0.6157496967313861,0.5485072467054803,-0.4905327932678902
1968,0.4642334123804548,0.46367873390154796,-0.372393307055839,0.4962071383412959,0.5466706522167064,-0.46837193250386505,0.6135799365043263,0.5504803200677377,-0.49490600245090693
1969,0.4754527816372251,0.46550537758663935,-0.33652694288174123,0.5016039300843658,0.5457709757082259,-0.46015921363403595,0.621146691495859,0.5497708395794544,-0.4885791978297061
1970,0.4844413440602285,0.46443397742846587,-0.3377863453005707,0.5065047036854851,0.5465581912322296,-0.4573097036229903,0.6343746125489813,0.5492756868211253,-0.4771379799831886
1971,0.493602148460909,0.4618083599641359,-0.3560616176101197,0.5102604773246462,0.547036798506598,-0.4616739576860074,0.644978332990047,0.550010064971033,-0.47449137709244715
1972,0.5032947254950868,0.45926634021177176,-0.37707743650500225,0.5128133948417471,0.5461885749636394,-0.4792627436580322,0.6497689342492681,0.5519619756956013,-0.4931842391523217
1973,0.5123229737543584,0.4572513649445096,-0.3966524100733,0.5146132473000866,0.5443459865473999,-0.506629754862,0.6499357567769077,0.5553734996648596,-0.5255623426485652
1974,0.5197508171880474,0.455741956120448,-0.4073006304172191,0.5166358188196368,0.5424848878240606,-0.5229981304261577,0.6472399769151895,0.5602622287716928,-0.5439307148162579
1975,0.525972028266688,0.4549341072454254,-0.401226292678316,0.5197261123306804,0.5414075151632872,-0.5103229190722568,0.6430876519460057,0.5654303096357485,-0.5284133702870678
1976,0.5321779711302479,0.4549584770114786,-0.3847016197340219,0.523509584185258,0.5412353988490378,-0.47696425244623475,0.6391856032006589,0.5690363372665986,-0.49017217695776094
1977,0.5389680202185175,0.45549519275919537,-0.3752203933709267,0.5265174981933061,0.5415137806104617,-0.44879974493575103,0.636985313829938,0.5703219333610845,-0.45775698270287696
1978,0.5458113888328389,0.45601251795930126,-0.38106855229158965,0.5279818736374853,0.5417923629787453,-0.4388010139947526,0.6365774725206976,0.570274038838565,-0.44478446101467206
1979,0.5519470088568099,0.456283476923229,-0.3917582114073882,0.5290600404427989,0.5420022438853828,-0.43679788926638263,0.637002817172239,0.5704237986259646,-0.4423151932703923
1980,0.5573059409477485,0.4564876090653692,-0.3906754086186513,0.5314991707819088,0.5421801283223527,-0.42712391022517804,0.6375896308728155,0.5713368192670071,-0.43895383864585563
1981,0.5621993415281084,0.4567975796487457,-0.3704811327721295,0.5353796061260752,0.5419428293581284,-0.40343256777684144,0.638397271904093,0.5724273723457537,-0.4327273750828205
1982,0.5666007051644223,0.4569942477528249,-0.3355598928986896,0.5390748125048191,0.5405458274151688,-0.3671204601848988,0.6394634555734627,0.5729203488499178,-0.4222613400316801
1983,0.5704235463807029,0.45662713989261294,-0.29778441590191335,0.5414144561979254,0.5377346452258219,-0.32641099387390227,0.6403444543642035,0.5726607711313023,-0.40304206843834217
1984,0.5743151141958489,0.45557910516917494,-0.27190965674117834,0.5430503936980361,0.534429579771776,-0.29900557679561124,0.6406440360683875,0.5720510723106542,-0.3794285095304343
1985,0.579378501617231,0.4543126140767988,-0.26666834287516883,0.545347472025451,0.5320860915317757,-0.29958570925792155,0.6405084398763984,0.5715155988933754,-0.36695040019054725
1986,0.5858764539098601,0.4533959544608457,-0.27534276954993586,0.548451665884426,0.5311689268651638,-0.318565416667085,0.6402530839410299,0.571199761416614,-0.37235307089989583
1987,0.5926736205276926,0.45289847488314516,-0.2790454515036117,0.5510606346990877,0.5306617012798437,-0.3265336643340895,0.6398223060439562,0.5710730598797458,-0.3813514739022774
1988,0.598232875177576,0.45246994586705275,-0.2643124309285526,0.5519996015058044,0.5293623331392899,-0.30904218249971666,0.6389817575501676,0.5711041519553389,-0.38057708594222706
1989,0.601955487932314,0.45191751103210326,-0.23734400048978654,0.5514263543041761,0.5272729008387341,-0.28732022663710743,0.6378041648379384,0.5712544790055847,-0.3850735265184128
1990,0.6043478175132148,0.45141527192877434,-0.21633266946002622,0.5503648043015016,0.5253750104086302,-0.29108212657847354,0.6365821935535254,0.5714014829595829,-0.42207984597296383
1991,0.6060777017679697,0.4511529464125161,-0.20906371630605186,0.5495769977570324,0.5243840529973711,-0.31636417032756475,0.6354273215486612,0.5713973892904919,-0.4855545564202474
1992,0.6073493104114164,0.4510557995034149,-0.20590778596789408,0.5491508585058603,0.5241520072630939,-0.328847260512124,0.6342940831445755,0.5712202899351296,-0.5304067164354938
1993,0.6083382723078921,0.45094352502467894,-0.19801817275726885,0.548832981742171,0.5241123815507223,-0.3096111170308953,0.6332060325598547,0.5710033156761856,-0.5215306830507582
1994,0.6096719363478281,0.4507841498992925,-0.1919652313646173,0.5484266845768335,0.5238832030122277,-0.2783231014163937,0.6320807959148498,0.5708914047825192,-0.472552232041525
1995,0.6119116373134657,0.4506747799984587,-0.19910489279772986,0.5479502663757964,0.5234236036406025,-0.26560486225207586,0.6305250603431736,0.570906958454319,-0.4283668481282076
1996,0.6147454672166255,0.4506693034418892,-0.21870605058528897,0.5476196037686063,0.5228997942465481,-0.27828944971877234,0.628276253560005,0.5709728456929742,-0.42036042896204046
1997,0.6171776467735067,0.4507329901240682,-0.24028922890134663,0.5477005971903058,0.5225008918827629,-0.300158461962413,0.6258158705264995,0.5710310309893702,-0.4444241594747965
1998,0.6185238143336774,0.4508421033579713,-0.25790913865693516,0.5482750063516293,0.5222931563812991,-0.316089203266969,0.6241245101934032,0.5711056690869845,-0.47503844462958533
1999,0.6189290714323153,0.4510615994047306,-0.27349987625861777,0.5490920248216415,0.522256450576709,-0.3251210451883083,0.6236751457415539,0.5712580654206515,-0.49303032062799224
2000,0.618917127132487,0.451498559667478,-0.28797529212044687,0.5496544838675692,0.5224724242254777,-0.3339746684939377,0.6238300043264304,0.571501871232197,-0.5000532585523434
2001,0.6187378012096575,0.452166038137134,-0.29808013329694466,0.5495015668316539,0.5231165321996385,-0.3470148525140221,0.6233544543906805,0.5717706888025692,-0.5100467535225439
2002,0.6183254634730388,0.45289728530688445,-0.3041610774897654,0.5485506749551742,0.5241575588091233,-0.3637321624184431,0.6215937828438711,0.5719767393109029,-0.5295493032855686
2003,0.6177462788600079,0.45343942494242345,-0.31394624677990907,0.5473147706068304,0.5252216978087043,-0.38196549146450826,0.6192833639016491,0.5721165250180098,-0.5510672774060724
2004,0.6173321975908626,0.4536715718705145,-0.33309054921247966,0.5467048412512215,0.5259310524621987,-0.4013379324452567,0.6181815803487527,0.5722979048170385,-0.5682185268084988
2005,0.616982470610651,0.45375491248956684,-0.3531559977831259,0.5472388750363946,0.5263060957291747,-0.42070711921545845,0.6193909367567989,0.57258219572859,-0.5873650905325404
2006,0.6152789044181566,0.4540854841252515,-0.35358894312067457,0.548125159398739,0.5266792783414411,-0.43028229512816274,0.62146564167963,0.5727744798955046,-0.6117352774018024
2007,0.6101291036700354,0.4549813719594581,-0.320996606171856,0.5474949063306871,0.5272312003572626,-0.41305589923633507,0.6208825209512561,0.5725562955764251,-0.6206041487962998
2008,0.6016652211010737,0.45617365922581765,-0.2674102098409243,0.5446151648528174,0.5277480863641357,-0.36280756257127506,0.616510907872435,0.5720704757324037,-0.582856827675339
2009,0.5944652574945304,0.4566714295252595,-0.22179457870588087,0.5421433975906443,0.5279222799525545,-0.29716443244477714,0.6140062349388982,0.5721914867116793,-0.49550221014631474
2010,0.5939951866844635,0.45570998975236837,-0.1978801966426453,0.5440668682985063,0.5278823458989704,-0.24372730316947003,0.6212708527239239,0.5735099409837835,-0.3982357503723549
2011,0.5976619363693152,0.45420189644735076,-0.17841586840442056,0.5486951868989807,0.5282706693578081,-0.2133809178106153,0.6340816722202332,0.5747204964352834,-0.34243554472082355
2012,0.5911469556297039,0.4546217853309647,-0.14108244064554956,0.5449966286258027,0.5295180132806422,-0.19082095002104596,0.6290909254474659,0.5729485437772409,-0.3413546756510868
2013,0.5600201972410384,0.45850879609240175,-0.09326396229254796,0.5212586849563586,0.5309921144623346,-0.14893872856970464,0.582197805332433,0.5668690575612657,-0.3470553718499326
2014,0.5075210602358996,0.464293107981697,-0.06388607145309859,0.4796751011385136,0.5313276208759973,-0.07092550434232389,0.4985384549392622,0.5590472146668996,-0.2853523484083968
2015,0.455425871966381,0.4686961252068197,-0.057629768725869855,0.4381636296145759,0.5300890129440735,0.03809444249158365,0.4155460701292571,0.5538166103546085,-0.1276498483167585
2016,0.42323249315149286,0.47040150282210735,-0.038586717620718906,0.4143637998371458,0.5288626588683354,0.15577143963465834,0.3693483300187854,0.5530762637692475,0.07396926850154374
2017,0.4105417720540709,0.4713063163324886,0.020401447957352534,0.4101204780643973,0.5299550544998065,0.25260346355346913,0.36340635119478176,0.5553353262531432,0.22930987328478322
2018,0.4031544432760159,0.473854763235536,0.08667409757870755,0.4131470085996963,0.5337821774184219,0.30007416104641577,0.37384987294519206,0.5582132767825381,0.28279173178868094
2019,0.3911388160066208,0.47809640138304743,0.09820658124413487,0.4104050633666329,0.5380852305150113,0.2869470762648275,0.37753180000040326,0.5602859661357368,0.2480678783615714
2020,0.3756769377787062,0.4819417927961161,0.043231109506817786,0.3978615083825894,0.5401452837599082,0.23702481721988916,0.368725305973503,0.5609361200839812,0.1865742919766811
2021,0.36202203968749397,0.48364083564311666,-0.023055602224858904,0.380584119513305,0.5394717400437553,0.19589875768775325,0.3547870113642311,0.5601923649279513,0.15458401201033425
2022,0.35248639949293753,0.4832605881887524,-0.04527434222987377,0.3668199800758063,0.537900025394097,0.18986012142139586,0.3442528651584221,0.5590092575037582,0.16316650635484897
2023,0.34641450538090934,0.48212412957876666,-0.021378131917538266,0.3611968855827254,0.5372999848144544,0.20811565239777838,0.3394771389839337,0.5584693056571405,0.18622078968858694
2024,0.34224322559110054,0.48167637991130985,0.014826361528522583,0.3612407634838458,0.5377027767674174,0.22803085235459788,0.3364794816899171,0.5581689772626699,0.20196945050920806
2025,0.33790577552962947,0.4827280759615378,0.034894319149592366,0.36047775426057505,0.5376072569766221,0.2427584337298452,0.33037223436003627,0.5562945331003737,0.21720604809646776
2026,0.3320640831097791,0.4848336264273161,0.03187947158880908,0.356521204905621,0.5357552491473413,0.25735197189913067,0.32188948827845393,0.5521627827272738,0.24845852036690041
2027,0.3268066904999684,0.48631420227986133,0.018504899080771468,0.35518303939326357,0.5327020691603465,0.2677397064271082,0.3177727141595175,0.5481280466732427,0.2852061097511649
2028,0.3271226763973762,0.48573558853287674,0.01487227471666639,0.36350378675171785,0.5307664374687805,0.2518756931625113,0.3229942868839093,0.547613591048061,0.2803434587070813
2029,0.33541214223632354,0.4835079018375631,0.020450073245239325,0.37920326336821436,0.531903810932501,0.1818001310491044,0.33437717150273016,0.5509666872970255,0.18503646969002902
2030,0.3475234898702843,0.4813678111663452,0.001349799115596803,0.39154321088788874,0.5353742252304806,0.04937603889438643,0.34490363527130014,0.5544714192505522,-0.00048412321129564194
2031,0.35632844006761943,0.48040903220971765,-0.06738829300369951,0.39345754381236053,0.5382506338406415,-0.10765352410604499,0.3520150502064033,0.5543219033233463,-0.20576921238484275
2032,0.35860827654962646,0.48044914916631676,-0.14537331073402274,0.3882194125837877,0.5385047159260653,-0.20794336846851288,0.3570880025062033,0.550754453111528,-0.32418085917731293
2033,0.35652938129220046,0.4810980207734143,-0.14899213036607323,0.3826771743643879,0.5367844006762805,-0.18119990766194738,0.3587611792138846,0.5472799332634576,-0.287043487557634
2034,0.35290725114476473,0.48231591554387754,-0.04696119471840422,0.3784575511787863,0.5350783500885264,-0.03650112455643749,0.35265072145391196,0.5465595362355842,-0.11869760777215267
2035,0.3474751115006826,0.4838033556997794,0.09607376618057202,0.372441723606866,0.5346197367056639,0.13759272536979344,0.33785259934502443,0.5482357075093658,0.081658527748529
2036,0.339232881212345,0.48482438760865987,0.19262996893752124,0.3634589200210735,0.5352340707897021,0.25131772993154033,0.3204290627904301,0.5503595351450578,0.2111452659674826
2037,0.3316668331885768,0.4850691450474193,0.22306431414369526,0.3563755120251221,0.5358435692989096,0.28161965696579855,0.3109304174165186,0.5515350480632645,0.22123586819559243
2038,0.33210911535631943,0.4851214203921098,0.2275568377919041,0.35869539155331076,0.5354999615828248,0.2601616209496976,0.31834690818420747,0.5514584458965996,0.13250206556522645
2039,0.3413306621550999,0.48553272641232204,0.23005794104549934,0.3704429000063038,0.534920288828024,0.2159380730723124,0.340147193924286,0.5506975856092592,0.012503084142268034
2040,0.34517500540347057,0.4856988853138179,0.21031210312727586,0.377660754974641,0.5369644943421985,0.15297073922457663,0.35590413507870033,0.550949165282823,-0.07041809233683505
2041,0.3280729708145549,0.4844890654560275,0.15216964695612206,0.36541752879260087,0.5431276192498276,0.08016939055528442,0.34367934145861995,0.5539927219257964,-0.0883223357416367
2042,0.30418989637092486,0.4824939064658106,0.08231713263650224,0.3459841536789388,0.5477505274329192,0.029736776422857127,0.31652308111243094,0.5573896352845121,-0.06033192301670717
2043,0.3230040551966323,0.4828865281528086,0.04152866195507647,0.3635180334273285,0.5391542691713626,0.024096742062239385,0.3304302173391496,0.5518315727254847,-0.027145415985718378
2044,0.4179888615739666,0.48833579639392355,0.03914545808116178,0.4476792243522861,0.5124625103998011,0.04437575523913357,0.4259817067821516,0.5287006740626464,-0.01562930744773084
2045,0.54657676720155,0.4966517906564374,0.05231711970501371,0.5607256265047021,0.4809168494231596,0.05236540036904525,0.5597958460089324,0.4941572289423561,-0.02426065244358416
2046,0.6102341293613565,0.5015463106358133,0.0517087160347856,0.6171917321220771,0.46749578742992276,0.02710743578821343,0.6285514678606288,0.4708628013913073,-0.04968168833487069
2047,0.553313343761198,0.4992646734146773,0.015525245550771932,0.5710944285125429,0.48219547698845266,-0.030820848067950928,0.5779983536568845,0.47831624274786005,-0.11179593632457391
2048,0.4247048673369916,0.4929148358130683,-0.06251781767237918,0.46595422487778143,0.5118738442020587,-0.10740725299647402,0.4619170696303441,0.5121741333494464,-0.2204217784883764
2049,0.3237349109916511,0.48856437216598847,-0.16272769143973612,0.38424552876391893,0.5350857386168751,-0.17686043998181677,0.3762880968994674,0.5488247637440151,-0.3319691552185534
2050,0.30012815191699654,0.4884661874797993,-0.24447363032642452,0.3637633120128261,0.5428137248619588,-0.21437567456235024,0.36015144471657284,0.5696134551428944,-0.3850235996810116
2051,0.325950864496933,0.48984501899511396,-0.2741512077023805,0.37946581029541454,0.5415805309913237,-0.21663187218729382,0.38086619352624657,0.5747292509728308,-0.3756743337147495
2052,0.35047781208086615,0.48916893854193594,-0.25314839216565294,0.3914509891109068,0.5406350453094675,-0.2024697073728781,0.39409652623703906,0.5744107526973348,-0.3575616002463478
2053,0.35414119462299626,0.4857501030146561,-0.21790863060574214,0.38679892249470577,0.5419816051012314,-0.1930801552848535,0.38950387878141,0.5742462627912878,-0.3663057374239753
2054,0.34881977940524067,0.48146560815548894,-0.2088756429079288,0.37688147392158805,0.5423184029217456,-0.19745131698052354,0.38275835236618083,0.5720345081527907,-0.38245954528535825
2055,0.34905157237880485,0.47829339081818434,-0.23667215807139172,0.3733092677248795,0.539656406702241,-0.21560809964375477,0.3858641701559688,0.5648331184841366,-0.38198947654330856
2056,0.35638535931756865,0.47656523868888695,-0.27841563979707373,0.3755113033840439,0.5355232827179339,-0.24690246390474926,0.3948159841005372,0.5547719430843064,-0.38779045631277886
2057,0.3650519913638219,0.47527488446918065,-0.3046551466726203,0.3766103134572684,0.5323418377394543,-0.28832504631440686,0.4002344605858538,0.5472565186305911,-0.43801329183275356
2058,0.3720069346117177,0.473555016729365,-0.3056571868846134,0.37483801710396697,0.5308445307449056,-0.3273939761328158,0.4020153285519947,0.5449037627388498,-0.5188665801229312
2059,0.37887819904664527,0.4714187526828843,-0.29151443239411945,0.37658781513285877,0.5301638419217773,-0.3455162243142288,0.40975007115038226,0.5448976309513962,-0.567745748518583
2060,0.38783223335266126,0.4691591652835453,-0.2734477836988499,0.3879858493502115,0.5292975469482133,-0.33398542968171047,0.42969417479565897,0.5427534850778823,-0.5502071779445761
2061,0.3986434123327689,0.4666455178648128,-0.25221901397513535,0.4056366758157771,0.5278920407141793,-0.30444232582708564,0.45571594176756486,0.5373369124977941,-0.5045316433550824
2062,0.40957696895122714,0.46363290248052225,-0.22232111833741666,0.4192021929212374,0.5260167633570023,-0.2766739356375439,0.4760089199535125,0.5308464499974036,-0.48891389476831304
2063,0.4194472505546976,0.4605455852479002,-0.17940396197071212,0.4230906603880766,0.5238379026282305,-0.2555175925467371,0.4862616015761556,0.5248337119318612,-0.5028686474590651
2064,0.42832226601266193,0.4583802872017074,-0.12750216738497924,0.42187742228051606,0.5216480265377993,-0.23266905904099386,0.4922319096722779,0.5183246165409282,-0.49857757155070204
2065,0.4373631130598565,0.4574506535741134,-0.09129615472015058,0.4236060309406974,0.519819962674614,-0.22018074876978305,0.5003047218527068,0.5097465146711629,-0.4750377999748537
2066,0.44889170101084913,0.4563979081132466,-0.11287839634519022,0.43191655333117596,0.5183365594980839,-0.26159888196127157,0.5099610365961734,0.4987345357419353,-0.512379148835435
2067,0.4655864025314726,0.4531062343789577,-0.20529907318291735,0.4462360749735729,0.5163677492704987,-0.3750883278259799,0.5166875812511801,0.48594058561951087,-0.6623466986910795
2068,0.4875411045032143,0.44707619229382994,-0.29976734181794995,0.465175935793697,0.5127439544185983,-0.48619244179845666,0.5193352256513223,0.4731194739571848,-0.8222008242081283
2069,0.5098153359940236,0.4405380372814814,-0.2748558126736698,0.48598609641565027,0.5073483551930177,-0.4628882199899218,0.5224135060508713,0.46372459636966906,-0.7915171988732062
2070,0.5248941370698457,0.4365881478507833,-0.0732292278739749,0.5028808197174869,0.5019934044209706,-0.24934686168655879,0.5310932513251693,0.46129093690321127,-0.49103103793770025
2071,0.5289393741699854,0.4363480393065436,0.22228413966851873,0.510050109479693,0.49926767285634666,0.05836103181781048,0.5440537729215237,0.46636983328032366,-0.076695943698902
2072,0.5249350239131729,0.43838806043379547,0.4493812121307804,0.5069814569361851,0.5001312181974463,0.29572604324658625,0.5517895725518631,0.4762252267855342,0.2103031169869301
2073,0.5192447504909455,0.4406006131692644,0.48742169659535084,0.49898409668918675,0.5030154513495405,0.3638271500572731,0.5442035978852934,0.4875704553991171,0.26459238421246795
2074,0.5160835746751815,0.44196525312134743,0.31807159042805033,0.4920921321250457,0.5055504726676358,0.2634471119557261,0.5220136511438884,0.4984548172105065,0.14022350675477516
2075,0.515735464208281,0.4426098321140133,0.02154659044640477,0.4886309885872184,0.5067245423212126,0.04986625002523079,0.49939343381126605,0.5080828389158772,-0.08336693357037428
2076,0.516668982376626,0.4429480466676025,-0.25579022384407557,0.4875293210757319,0.5071231936320987,-0.19187854676832533,0.49181340850945676,0.5165038558803791,-0.3598036506852113
2077,0.5177973715568089,0.4432217714010063,-0.37916291765775173,0.48704883175201646,0.5077101032655696,-0.35555433393690844,0.5011018717960514,0.5244840988306934,-0.6120773349793223
2078,0.5188563632545056,0.4436166619610666,-0.3237254247033611,0.48637876158615556,0.508929647625558,-0.3660304809314631,0.5155514044472318,0.5325939478578733,-0.7185080321487711
2079,0.5198289244480168,0.44432069578782446,-0.19361988877505412,0.48554579816543136,0.5106598839764233,-0.24973306138312168,0.5239490487882968,0.5403066887208865,-0.6290820138020075
2080,0.5206014037839882,0.4453067317627961,-0.12595187412356681,0.48477884849457037,0.5124828527568702,-0.12862377291741817,0.5252129758999261,0.546413855165362,-0.45435854883130233
2081,0.5209486381736905,0.44624540277878055,-0.17192275027743303,0.4841490080146028,0.513958433119399,-0.11231943801440335,0.5246471370961603,0.5501430234793327,-0.3682747906508751
2082,0.5207146479321364,0.4467853469720883,-0.26938324790150425,0.48365824911039185,0.5148595984366809,-0.19618960649860195,0.5258192670322217,0.5515984149578637,-0.42735145639665767
2083,0.5201160613298996,0.44686574093904213,-0.322595821106086,0.48342893102859164,0.5152494363239079,-0.2831897736872237,0.5281331836802415,0.5514591641806944,-0.5343658261170656
2084,0.5196712551831769,0.44669949226349537,-0.2952485314227104,0.4835119663046532,0.5154105586239915,-0.2945480536050706,0.5297912968929744,0.5506349398616108,-0.5699252594974569
2085,0.5194238639942017,0.44654118866725034,-0.2235082991360003,0.4833840178040044,0.5157796136786549,-0.23322648864794882,0.5306860730374923,0.549980700691973,-0.5073640174433496
2086,0.5182957357307514,0.4465498743981636,-0.16245716023393605,0.4818648678573327,0.5168089013213722,-0.1530629872484056,0.532208150770964,0.5499887967879972,-0.402602552524575
2087,0.5147551999131582,0.4467979207344493,-0.1402840074828562,0.4779515905784468,0.5186134266021956,-0.10285361912996402,0.5349935285548016,0.5507717763061764,-0.32541114309482533
2088,0.5084386116452443,0.44728119779299075,-0.14839394520775853,0.4718905626573292,0.5206987728147944,-0.0998176871145004,0.537443596612469,0.5522056148343035,-0.31468489122262955
2089,0.5008638882342245,0.44788963416255106,-0.15419498441366203,0.4651142316729388,0.5221879938758522,-0.12842912459612102,0.5367306904112812,0.5535495321517067,-0.3657320161598081
2090,0.4942148270449931,0.448422799708854,-0.13358097231568344,0.45875499036829664,0.5223864530780978,-0.16001172372985495,0.5312651523973843,0.5528839330868786,-0.44281247250152656
2091,0.4894502473535113,0.4486912470166531,-0.10432464361557159,0.45230936994682447,0.5211827536106397,-0.18731555523910567,0.5218827408367049,0.5479401733888591,-0.5168622249458031
2092,0.4857898345857862,0.44864287198265634,-0.11327289834908665,0.44416147048403215,0.5191044416815394,-0.23437131067242256,0.5103831464615942,0.5385106944756552,-0.5935079197583065
2093,0.48197682723495977,0.44840697504991905,-0.18079110895384345,0.4336112402733948,0.5170726990171823,-0.3199481504590809,0.49735516742379704,0.5277719079630732,-0.6926424241790583
2094,0.477672691462928,0.44819695052206954,-0.2759265661582676,0.4222881979766393,0.515890192570825,-0.42368242381746835,0.48219443370921666,0.5201804112228829,-0.8076322027131557
2095,0.47338585284652557,0.44815969100596575,-0.3528478634397989,0.41337886921474454,0.5157423122007976,-0.5035032766649344,0.4651455648115737,0.5177872931229922,-0.9027397837941443
2096,0.46939040543851274,0.448330068791126,-0.38917565479566396,0.4091528733738253,0.5161482411615336,-0.5351418419911893,0.44839201814100793,0.5191371306676764,-0.9470170520440104
2097,0.46535505615154704,0.44868946079344135,-0.38323239180057866,0.40891677539779514,0.516406187885387,-0.5225011679244626,0.4346367353689381,0.5217134548049572,-0.9365735551169418
2098,0.4610617970280979,0.4491892712226242,-0.3408378171798343,0.4093973514930835,0.5161465453599282,-0.4816600064015889,0.42488410989952086,0.5245612848432705,-0.8880225469444566
2099,0.45683001958758046,0.44974967032896557,-0.2791495999955533,0.4073969112899129,0.5156113188871421,-0.4287962825628842,0.4179049758991662,0.5281464945041892,-0.8242405363006732
2100,0.45296095962791133,0.4503766195092401,-0.22643940152552705,0.4022691381824718,0.5154978767481382,-0.37852504664807696,0.41173549311462365,0.5325691252837473,-0.7677526098417687
2101,0.4492814002134077,0.4513026926682246,-0.1992797606178702,0.39600700839921543,0.5164546688624061,-0.3394020897034386,0.40544524924593855,0.537019391253386,-0.7343268358830186
2102,0.4455506813324815,0.4528323334319444,-0.1812538614880907,0.39125246538871417,0.5185579444432066,-0.3048314483202177,0.3996542814805988,0.5408272360887459,-0.7202391988496629
2103,0.44193586246247096,0.4549129274432199,-0.13953224085238777,0.3893371149661029,0.5211420917007806,-0.2593457621380438,0.39587536852975036,0.5439852219041341,-0.7034711681199405
2104,0.4388248827363476,0.45697827426006293,-0.07038708300306824,0.38990254523762724,0.5231650701344273,-0.2061654254075198,0.3954145429323266,0.5463890412114446,-0.6744480775184868
2105,0.43646066762510155,0.45840626520820416,-0.014366973000661271,0.39189043125247564,0.523938530701221,-0.17591356165116742,0.39820850739850694,0.5474620896449621,-0.65475985495348
2106,0.4349555696543582,0.4590947913777533,-0.01057356761016573,0.3945417583063882,0.5236280395410847,-0.1863842496245201,0.40177669015209877,0.5469796961020001,-0.6578165114734936
2107,0.43441458965499813,0.45942260457088774,-0.04713383887691398,0.39740087394461326,0.5229873598902901,-0.20460762158927479,0.40123853006513555,0.5455843042399627,-0.6420751467596948
2108,0.43477772809766113,0.4596969336095319,-0.07713640592580656,0.3997745998556717,0.5226218912439943,-0.17879014735003554,0.3921900621840254,0.5440338645595456,-0.5471377629955221
2109,0.4355869583712825,0.4598676216303176,-0.07407943238251348,0.4007978662952899,0.522631409688781,-0.10494793229766142,0.37569638914543835,0.5424477529251926,-0.3829270593570628
2110,0.4361525432817096,0.45978589531775416,-0.048354884928655986,0.4001850633453038,0.5228618154670737,-0.03245835465712739,0.3597953602526126,0.5406531627501054,-0.24148814743384983
2111,0.4362005178384472,0.45948314357147024,-0.01835350311794012,0.3987247608654219,0.5231774103593387,-0.002965207456113967,0.353505953604666,0.5388478717222985,-0.20155899341297578
2112,0.4364372885780553,0.45908182944934856,0.0036576661011249708,0.3980581271721157,0.5234077208214911,-0.015344236609957073,0.35888973479903497,0.5375717357956815,-0.2564809507768394
2113,0.4382583292074077,0.4586086064744733,-0.003981026811021389,0.39983649052007764,0.5233340239422248,-0.05991691705965828,0.3706124249803464,0.5372291952280612,-0.3606050815887299
2114,0.44258545818246875,0.45804037229528294,-0.07049135645068218,0.40434866708723904,0.5229741770876486,-0.15278463491698488,0.38312152200946814,0.5377323519434926,-0.5061949192799673
2115,0.44896257635187387,0.45743128045490905,-0.19590176222676947,0.40960489429289504,0.5227312533738048,-0.3034927752028159,0.39624961510012346,0.5383225100092232,-0.7005754269336895
2116,0.45602712080584096,0.456832716631809,-0.32637505122182464,0.41269534108307887,0.5229507535151395,-0.46053813633942325,0.41356597382114274,0.5377418212829155,-0.8830890524403896
2117,0.4629225105475714,0.45612175899394214,-0.38639657751661516,0.4131254404870696,0.5232954471837271,-0.5292040878877321,0.43704023882492476,0.5351849722432922,-0.9350002804147295
2118,0.46999409621515775,0.4550670040663446,-0.34592201902413816,0.4144295108656919,0.5228740002021899,-0.46271948149358044,0.4642506956938277,0.5316036097900673,-0.8039122129388553
2119,0.4779941868200238,0.4536098122166275,-0.25213632847948486,0.42120239687668165,0.5212732807173233,-0.3186880105288391,0.4901248402293688,0.5298213027676216,-0.5813671896280102
2120,0.486920218810713,0.4520136278286442,-0.1871265872692145,0.43420365979730424,0.5193495184108934,-0.20657227634071149,0.5106157890713282,0.5325760115673307,-0.41941257144716587
2121,0.4959045112579777,0.45069689149029823,-0.19417348208957314,0.4492276358094249,0.5186479836135661,-0.18591652434936412,0.5248568080046024,0.5399498158257531,-0.38428069072767573
2122,0.5040455150972757,0.4498882799144078,-0.24900997364638686,0.4610844887714776,0.5199194102524565,-0.22747664313619007,0.5346403646985781,0.5489089106788064,-0.4184863471269104
2123,0.511080456450935,0.4493976970602165,-0.29708988134614056,0.46784533108223825,0.5223745553078497,-0.2641418740594164,0.5424160735266147,0.5557385533204096,-0.4322637276165906
2124,0.5174019180203692,0.44876759833117724,-0.30688929596092057,0.4710534552139815,0.5244799350072339,-0.26125439993168004,0.5496881632790741,0.5589117003821544,-0.3974983624029987
2125,0.5236868850441354,0.4477538687362568,-0.2865567262627801,0.4733804407988499,0.5253711319266098,-0.23606170410845803,0.5572121522899773,0.5595382869059224,-0.34969564332616054
2126,0.5304218543671267,0.44663778663336046,-0.2629959162772847,0.4773038247901737,0.5254779962499254,-0.2245552175102965,0.5668321541257594,0.5595308540176893,-0.3292297037554603
2127,0.5375681994260585,0.4459446603555199,-0.25613429724339054,0.48497706461526946,0.5259559723265991,-0.24294461729189007,0.5824255010715607,0.5598799814926161,-0.34247492879473296
2128,0.5446738091570597,0.4458616340396048,-0.2697884553182915,0.4973675281615962,0.5275992999082021,-0.2809459214173366,0.6071602300380952,0.5604614325747441,-0.3710656535131346
2129,0.551337058373306,0.44606677067647604,-0.2955195832764723,0.5129938599169439,0.5301950368937208,-0.3206253039430849,0.6386060967986511,0.5607931380499455,-0.39802032895478495
2130,0.5575169089813292,0.44616994430851725,-0.3177232772842518,0.5284977931110214,0.5328330026777385,-0.35003579339304713,0.667973458003343,0.560656014572639,-0.4168835778270704
2131,0.5634483722755984,0.44621583551902766,-0.31970327956787964,0.5413821692867476,0.5348309519291431,-0.3615754563113764,0.6870281773921978,0.5601863801819325,-0.42502855107189896
2132,0.569393140883354,0.44663461350683076,-0.2978931649024732,0.5524048123477971,0.5363047360455194,-0.35349111631645097,0.6966644395619259,0.5596709145192652,-0.4217556868866974
2133,0.5755163461026411,0.4476133551912078,-0.2725649543097779,0.5651734437441276,0.5377526419981912,-0.3385819944734664,0.7068419140546367,0.5593620619230152,-0.4135403008098623
2134,0.5819069147884122,0.44849541872230064,-0.271387569693484,0.5830377126126407,0.5391048907502931,-0.33762816347676955,0.7266517514803172,0.5593352771688578,-0.4099457403417902
2135,0.5885072148803063,0.447973788659314,-0.29827843082240413,0.6056310740921648,0.5393192595744225,-0.35710866856171136,0.755176193336054,0.559235649586671,-0.41186685903645853
2136,0.5949286754988937,0.4451816954499285,-0.32971393068275884,0.6279129532715566,0.5370885435820888,-0.382655530853118,0.7825519361374152,0.5581080774486856,-0.41210394184882626
2137,0.6005867211672901,0.44066582594473447,-0.3407732025624077,0.643183263877215,0.5321198654693285,-0.39532842930076034,0.7989323876093347,0.5548957608356878,-0.40578215640189513
2138,0.6052712935819936,0.4360719114848329,-0.32192236832616467,0.6482951504275363,0.5257790224259034,-0.3847899531936476,0.8023098462719473,0.5496176717159643,-0.3910282060571217
2139,0.6093929466675999,0.432797910594541,-0.2768385814066609,0.6462332337153676,0.5203443491984656,-0.3515010064841329,0.798972354331172,0.5439498344006435,-0.36478894387665556
2140,0.6133756640811938,0.4310859757435137,-0.2218456305460767,0.6429992987613775,0.5174380084689386,-0.3085782097486805,0.7969618900224862,0.540030242481654,-0.32939887352265357
2141,0.6169569910710733,0.43031768786664076,-0.18220432075597823,0.642184366804538,0.5170200773386787,-0.2761579209138333,0.7988430754410575,0.5385523920276831,-0.29782219344079147
2142,0.6193763282508004,0.4298286604447117,-0.1709945636842804,0.643215097359614,0.5177226141327275,-0.2621202136341629,0.8006669016542166,0.5385793552692355,-0.28109220109602745
2143,0.6201635897849979,0.4293787277050179,-0.17468662850872685,0.6438449697851137,0.5181603099478055,-0.2535909942633807,0.7970503047665507,0.5393698782412308,-0.27510849560947165
2144,0.6195029189702664,0.429197603143798,-0.17412953167842837,0.6423841036578791,0.5182123500537342,-0.2371568310251312,0.7859068815246597,0.5416344098299875,-0.2698060697800209
2145,0.6178781572321462,0.4297935625412175,-0.17617161733661854,0.6376016076539457,0.5191336003964863,-0.22107746761831815,0.7686648442879279,0.5464424601492082,-0.2670886403125734
2146,0.6156028020737232,0.4315078438370158,-0.20730020225465373,0.6286193645443195,0.5221169213912691,-0.22560106314425563,0.7479163903674269,0.5533885442695129,-0.2787928799973734
2147,0.6127325086749598,0.4340607871096925,-0.27226529886403805,0.6160891513084508,0.5266917835057883,-0.2530783463820119,0.7258362520561319,0.5605839675377655,-0.30749819910165666
2148,0.6091986510045632,0.4366634045270949,-0.33683726475011283,0.6025509976989674,0.5308845885907161,-0.2807685835540247,0.7040471642332772,0.5663800962163597,-0.34011507577335837
2149,0.6048696533791307,0.438670925127344,-0.36603115329215136,0.5905441746579368,0.5328963727065792,-0.28870553568033863,0.6837802005440636,0.5704861753812032,-0.36362169264396593
2150,0.5996695876032416,0.4399564043324279,-0.3643181830606614,0.5804971020855659,0.5322008386037417,-0.28129311840264726,0.6655786495340525,0.5733250704251417,-0.3747284504014805
2151,0.5938740158518041,0.44060181818643357,-0.35782330297164205,0.5710516981126381,0.529300612482131,-0.2705358520592187,0.6491727401327076,0.5750034604502505,-0.368078951138751
2152,0.5881991795932521,0.4405475290863479,-0.35494401936151243,0.5614013741175494,0.5252530421205917,-0.25609822620488365,0.6343127848814775,0.5754417350573157,-0.3354143253729571
2153,0.5833709543416292,0.43979291081305694,-0.35367316581887875,0.5526524732069479,0.52146089463901,-0.24166615982374687,0.6216923416189771,0.5751238690655738,-0.29282805635284487
2154,0.5795893553255936,0.43874604463756145,-0.3709102619788757,0.5465162836925643,0.5191289959447225,-0.25188276057683506,0.6124626063807994,0.5750141296900247,-0.2868421015026262
2155,0.5765368440794937,0.4380472201331857,-0.42715247867872214,0.5431043672920136,0.518463152802421,-0.3041895519974483,0.6067020012499221,0.575637996304581,-0.34562735458276
2156,0.573895722916715,0.4380082722005198,-0.5045628648208016,0.5406124020251393,0.5185126340084776,-0.37203824800494684,0.6027095031457201,0.5765929759689518,-0.4335973437977772
2157,0.5716746604155362,0.4383811871592607,-0.5492209102034012,0.537129512102535,0.5179471630632971,-0.4011651652745924,0.5979948127588278,0.5770403121605112,-0.47879970839409086
2158,0.5698991563167619,0.4387019984801874,-0.5246714933325196,0.5323610336108539,0.5160665820588995,-0.3659077325502326,0.5909321887533523,0.5764390940614135,-0.4477708058665717
2159,0.5681220177523467,0.4387447146357042,-0.45319255469317393,0.5275183064492606,0.5132022110681196,-0.29788949534194437,0.5815016455764291,0.5747469500664899,-0.3812738973389353
2160,0.5656010300401719,0.4386131753652906,-0.39561930346681695,0.523867464364533,0.5102986732737356,-0.25319156507559276,0.5708298879878686,0.5722102584121812,-0.3502330346316562
2161,0.5621636049091676,0.4384932953344937,-0.39057001043522555,0.5217199742660994,0.5081775847743499,-0.2552788442707886,0.5607150048426937,0.5692716795937931,-0.38119942218524155
2162,0.558667279771277,0.4383759256638314,-0.4211239305011309,0.5207509734139747,0.5071042779826509,-0.27961418001932614,0.553582743934723,0.566592163456232,-0.43613148524856277
2163,0.5562417095202649,0.4380017787834414,-0.44577012530882476,0.5207450492621649,0.5067965877033397,-0.29555156245639763,0.5514402831077548,0.5647356804058852,-0.4676188392097277
2164,0.5550263010037273,0.4371019132074596,-0.4509127474413418,0.5215259190784383,0.5066846384927229,-0.3073191821267951,0.5536132837282782,0.5636173395459301,-0.476691994518787
2165,0.5539040809307062,0.4357469569662776,-0.45816432949102043,0.5223078374122708,0.5063133519981687,-0.3399528495827722,0.5565814083020025,0.5624982656680247,-0.5002302299675593
2166,0.5516763351828017,0.43441433708932686,-0.4851213126916946,0.5217483990278016,0.5057317827310231,-0.39489759607673797,0.5581189798050336,0.5607411130870474,-0.5517876893961104
2167,0.5483507488723403,0.4336260593763297,-0.5182925839217031,0.5189341160588796,0.505497694100418,-0.4387589974339337,0.5612551339044017,0.5584376379953648,-0.597528681469756
2168,0.5449231341534406,0.43353899373650523,-0.5317087972044825,0.5140643239414345,0.5061422408763258,-0.4386076408010702,0.5714139565619122,0.5561406652115081,-0.5955779952580919
2169,0.5419587301788498,0.4338993375020622,-0.5214660628282415,0.5080960451467255,0.5075565070035168,-0.39877424752177404,0.5887640239181443,0.5541145033356397,-0.5469235716268255
