PathFileType	4	(X/Y/Z)	motion_data.trc
DataRate	CameraRate	NumFrames	NumMarkers	Units	OrigDataRate	OrigDataStartFrame	OrigNumFrames
30.0	30.0	2170	3	mm	30.0	1	2170
Frame#	Time	r_acromion			r_humerus_epicondyle			r_radius_styloid		
		X1	Y1	Z1	X2	Y2	Z2	X3	Y3	Z3

1	0.0000	478.0375	613.6625	-36.6513	420.0838	550.2074	-62.5141	525.7335	526.1866	-118.5420
2	0.0333	477.4733	612.4946	-55.4659	406.6798	548.1366	-79.8264	515.5329	527.4410	-141.5551
3	0.0667	477.4215	611.0942	-73.4012	397.9834	545.7971	-97.3740	508.3349	528.4636	-164.9701
4	0.1000	478.3928	609.4706	-88.6336	395.3753	543.5337	-113.3743	505.2583	529.0756	-181.5790
5	0.1333	480.3447	607.9006	-97.2272	396.6197	541.9219	-122.8648	505.2747	529.2859	-181.4054
6	0.1667	482.3895	606.6635	-94.2641	398.4522	540.9845	-120.0257	506.6135	529.3436	-163.5267
7	0.2000	483.5726	605.7786	-78.8121	399.1876	540.2270	-104.2377	508.4404	529.4880	-139.6459
8	0.2333	483.8705	605.0973	-58.4227	399.1064	539.3644	-83.8968	511.3623	529.5578	-124.5368
9	0.2667	484.0202	604.5680	-45.7374	399.0821	538.5538	-71.2306	516.3740	528.9819	-123.0469
10	0.3000	484.3939	604.2221	-47.4530	399.4067	537.8912	-71.4228	523.1914	527.3839	-126.9306
11	0.3333	484.4847	603.9660	-57.4007	399.8298	537.1526	-78.1213	529.7175	525.2089	-124.9312
12	0.3667	483.6928	603.6370	-62.9985	400.2063	536.2388	-80.6577	533.5902	523.5226	-114.4957
13	0.4000	482.2566	603.2643	-58.2976	400.7549	535.5029	-74.7774	534.4313	523.0621	-102.3219
14	0.4333	480.9360	603.0046	-49.1620	401.7004	535.2595	-66.1904	534.2374	523.5556	-96.3665
15	0.4667	479.8051	602.7536	-45.9350	402.8120	535.1338	-64.3599	535.3609	523.9844	-99.7785
16	0.5000	477.8261	602.0960	-52.1845	403.3996	534.3426	-72.4997	538.2274	523.4401	-109.6241
17	0.5333	473.8961	600.8262	-60.9628	402.8709	532.6986	-83.5840	541.0018	521.8041	-118.8004
18	0.5667	468.1752	599.3210	-61.8152	401.3703	530.9753	-87.0616	541.3209	519.7771	-121.3443
19	0.6000	462.1546	598.1489	-51.2242	399.7063	530.0751	-79.2739	538.2736	518.3094	-117.7705
20	0.6333	457.2696	597.3888	-36.3999	398.2635	530.0677	-66.4381	532.4612	517.8515	-113.9017
21	0.6667	453.4266	596.5642	-29.0601	395.8436	530.2477	-58.2729	524.0092	517.9181	-114.3928
22	0.7000	449.1429	595.2661	-34.7788	389.9905	529.9798	-59.8493	511.3904	517.3334	-119.5619
23	0.7333	443.3515	593.6872	-47.6247	379.1183	529.3040	-68.5252	493.4261	515.1805	-127.8554
24	0.7667	436.7705	592.4678	-55.8522	364.6598	528.7870	-76.9700	471.9816	511.7734	-137.5364
25	0.8000	431.0490	592.0642	-53.3938	350.7171	528.8816	-79.0858	450.7371	508.5866	-145.1132
26	0.8333	426.6933	592.2904	-44.6854	340.7773	529.3807	-73.9707	431.1527	506.9234	-145.5429
27	0.8667	422.3981	592.4421	-38.2875	334.5952	529.4671	-65.1479	412.1208	506.5116	-136.3712
28	0.9000	416.6135	591.8794	-38.4724	328.8640	528.3839	-56.9599	394.1809	505.5864	-120.7704
29	0.9333	409.3233	590.5714	-43.7543	320.9719	526.1195	-51.5779	380.4895	502.6524	-104.8680
30	0.9667	401.9387	589.1224	-50.1483	311.5383	523.4408	-48.1593	371.5009	498.1504	-92.3028
31	1.0000	395.7748	588.2508	-53.5499	303.3707	521.2907	-44.5984	361.8993	494.0839	-83.4077
32	1.0333	390.9967	588.1915	-51.3109	298.4941	520.1570	-40.8704	345.8823	492.0322	-79.8637
33	1.0667	386.7597	588.5111	-44.4968	296.1958	519.8594	-40.2302	324.0586	491.9120	-86.3771
34	1.1000	381.9868	588.4453	-38.3167	293.8097	519.7860	-46.0890	303.0950	492.6288	-105.1156
35	1.1333	376.1999	587.5048	-38.5116	289.5020	519.4898	-58.2328	289.2296	493.3709	-130.9697
36	1.1667	369.9587	585.8957	-46.4285	284.0930	519.2928	-72.8145	283.2678	494.0242	-155.0225
37	1.2000	364.4341	584.3486	-57.0489	279.8955	520.1075	-84.6588	281.4084	494.6969	-170.8663
38	1.2333	360.3630	583.4508	-61.5977	278.2333	522.2263	-88.5008	279.5907	495.2710	-175.6128
39	1.2667	357.5411	583.1558	-54.4941	278.6297	524.3794	-81.2428	276.7985	495.5375	-168.7515
40	1.3000	355.4769	583.0005	-41.4982	279.9365	524.6431	-68.1067	275.6637	495.6823	-156.2392
41	1.3333	354.2210	582.7163	-39.8575	281.3776	522.6039	-65.5058	280.9350	496.4753	-154.3711
42	1.3667	354.1682	582.4785	-63.7182	282.5676	520.1614	-89.4622	295.7251	498.7363	-179.8647
43	1.4000	355.2270	582.5587	-106.4035	283.3854	519.6373	-135.7871	317.0224	502.3167	-229.3405
44	1.4333	356.6380	582.8773	-142.1040	284.3128	521.1819	-176.2166	335.9007	505.4045	-272.7416
45	1.4667	357.6353	582.9692	-149.4974	286.6208	522.4262	-181.4154	345.4120	505.0643	-275.8323
46	1.5000	358.0191	582.3160	-131.8641	291.7928	520.6283	-149.1520	348.9740	499.2459	-232.7038
47	1.5333	358.0559	580.6787	-111.5472	300.5063	514.9101	-106.8115	357.9577	488.9486	-173.0753
48	1.5667	358.1008	578.2598	-106.1311	311.8973	506.7363	-84.5835	378.7871	478.2447	-134.1297
49	1.6000	358.5723	575.6960	-112.5343	323.7472	498.8609	-87.8408	404.4613	471.4881	-126.5779
50	1.6333	360.2472	573.8156	-114.6880	333.9281	493.7798	-97.7626	421.6890	470.1402	-131.9470
51	1.6667	364.1403	573.1843	-104.1820	342.1745	492.5419	-96.6978	424.9294	472.2722	-130.7412
52	1.7000	370.6177	573.7665	-89.5222	350.1644	494.5940	-87.3523	420.0664	474.8262	-125.3224
53	1.7333	378.6424	575.0067	-84.3831	359.4768	498.5673	-85.4409	415.3416	475.9295	-132.1832
54	1.7667	386.3367	576.2250	-91.3959	369.7044	503.0375	-98.5660	412.8591	475.3035	-157.5771
55	1.8000	392.5483	576.9592	-102.0387	378.9198	506.7563	-118.0158	409.8716	473.4408	-187.8260
56	1.8333	397.7580	577.0445	-109.9701	385.8971	508.8309	-130.9716	405.4394	471.0339	-204.6820
57	1.8667	403.2674	576.5528	-117.7618	391.3050	509.1095	-135.1567	403.5530	468.8475	-205.0222
58	1.9000	409.5250	575.8419	-129.4268	396.1950	508.4002	-137.8244	409.8249	467.4850	-200.3493
59	1.9333	415.5530	575.6231	-142.3881	399.9380	508.1996	-143.5272	425.8976	467.0828	-199.2880
60	1.9667	420.2183	576.6078	-150.1933	401.1613	509.7590	-148.4137	447.4176	467.3062	-198.0530
61	2.0000	423.7215	578.7581	-149.2804	400.7547	512.7628	-146.7921	467.2653	467.6149	-190.3097
62	2.0333	427.4032	581.0327	-140.4552	401.8834	515.0918	-138.8028	480.3234	467.5498	-179.6292
63	2.0667	432.2567	582.2426	-127.5285	405.8204	514.7873	-129.5583	485.4401	466.9325	-175.4417
64	2.1000	438.0505	582.1641	-117.3420	409.2685	512.3344	-123.7940	484.2348	465.9440	-179.7727
65	2.1333	443.8387	581.5910	-117.9664	407.5976	510.2183	-124.4299	479.0917	465.0434	-186.7782
66	2.1667	448.8846	581.3714	-133.1086	400.1991	510.2022	-134.4949	471.8110	464.7222	-196.1490
67	2.2000	452.8889	581.6535	-157.9585	391.1400	511.8128	-155.6205	463.2161	465.1819	-217.0549
68	2.2333	455.7022	582.0047	-181.2358	384.7597	513.4895	-182.4364	453.8476	466.1778	-251.6065
69	2.2667	457.3884	581.9424	-192.1646	382.0698	514.3618	-201.5258	445.0166	467.2606	-280.8800
70	2.3000	458.5617	581.2717	-188.2984	381.5425	514.6381	-202.1985	438.7188	468.2218	-281.3911
71	2.3333	460.0613	580.1523	-179.3433	381.7446	514.8669	-191.3835	436.1988	469.2115	-259.1544
72	2.3667	462.0322	578.9896	-181.1131	382.1672	515.2625	-192.1215	436.9414	470.4071	-252.6799
73	2.4000	463.7026	578.1447	-199.8162	382.5406	515.5565	-218.2803	439.6664	471.7512	-287.4061
74	2.4333	464.3170	577.6368	-221.2006	382.9672	515.2318	-251.9498	444.3216	473.0499	-335.8276
75	2.4667	464.0255	577.1922	-221.4019	384.7346	513.9443	-257.1970	452.2250	474.0177	-343.1991
76	2.5000	463.6181	576.6228	-192.3118	389.5929	511.8357	-220.2433	463.5315	474.0560	-291.9590
77	2.5333	463.5515	576.0426	-151.5291	397.4917	509.3853	-166.5915	475.2977	472.3750	-221.5485
78	2.5667	463.5017	575.6496	-123.7257	405.7560	506.9538	-132.8205	483.5046	468.8045	-181.5155
79	2.6000	462.8701	575.4370	-118.1453	411.2600	504.6296	-130.3234	487.0861	464.3504	-182.6774
80	2.6333	461.5219	575.2464	-128.7933	413.1350	502.5123	-144.2369	488.6099	460.4790	-201.5007
81	2.6667	459.8831	575.0110	-147.6541	412.9217	500.8768	-158.6272	490.2715	457.8622	-216.5117
82	2.7000	458.3593	574.8042	-166.8874	412.4323	499.9516	-168.5312	490.1822	456.2078	-224.0731
83	2.7333	456.7914	574.6969	-172.9989	411.9945	499.7023	-169.3618	484.0847	455.1695	-223.1006
84	2.7667	454.5804	574.6893	-153.8699	410.7039	499.8855	-151.4818	470.9574	454.7974	-204.2682
85	2.8000	451.3662	574.7649	-116.9639	407.9381	500.2115	-115.4362	455.5077	455.0582	-165.9618
86	2.8333	447.4884	574.9054	-91.1955	404.2489	500.4829	-83.6404	443.9900	455.5613	-130.7366
87	2.8667	443.6425	575.0361	-100.7801	400.6472	500.6925	-82.7976	438.4718	456.0209	-128.9344
88	2.9000	440.0742	575.0437	-139.3887	397.2865	500.9847	-114.6778	436.4693	456.5995	-165.1375
89	2.9333	436.3013	574.8983	-177.2967	393.3737	501.4598	-153.7068	435.2062	457.5390	-211.9771
90	2.9667	431.8540	574.7345	-191.8806	388.5456	502.0371	-173.9544	434.2975	458.6715	-238.6166
91	3.0000	427.1761	574.7570	-184.2542	383.8958	502.5411	-170.9172	434.4853	459.5205	-236.9171
92	3.0333	423.3400	575.0291	-168.9116	381.1462	502.8469	-156.7844	435.6719	459.7997	-219.1463
93	3.0667	420.7496	575.3631	-156.3981	380.7836	502.8713	-143.1439	436.9732	459.6691	-199.8864
94	3.1000	418.5802	575.4638	-147.5965	381.2460	502.5319	-132.6983	437.7551	459.5401	-185.5634
95	3.1333	415.7359	575.2033	-138.4674	380.0977	501.8820	-123.0755	437.7717	459.7013	-176.2351
96	3.1667	412.0286	574.7295	-126.4957	376.1913	501.2293	-112.7651	436.6822	460.0603	-170.0034
97	3.2000	408.2267	574.2939	-113.8368	370.8566	500.9108	-102.7948	434.3518	460.2253	-164.4572
98	3.2333	405.2182	574.0130	-105.4815	366.8282	500.9153	-95.6289	431.7952	460.0769	-158.1684
99	3.2667	403.3160	573.8167	-103.9038	365.6675	500.9263	-93.9798	430.7691	460.4662	-154.1485
100	3.3000	402.2188	573.5840	-105.6066	366.1070	500.8748	-99.0133	431.0261	463.0456	-159.7433
101	3.3333	401.4207	573.2688	-104.0261	365.0854	501.2977	-107.8584	428.0083	468.7733	-178.8506
102	3.3667	400.6128	572.8974	-96.1792	360.7353	502.8306	-114.1345	415.4830	476.3835	-204.5693
103	3.4000	399.8104	572.5054	-85.3620	354.4907	505.2843	-113.2499	392.3437	482.8206	-223.6559
104	3.4333	399.2359	572.1239	-76.8752	349.8556	507.6741	-107.1542	365.3967	485.7527	-229.4865
105	3.4667	399.0942	571.8080	-72.9714	348.6054	509.5767	-102.8745	343.1877	485.7812	-228.4300
106	3.5000	399.3751	571.6225	-73.2557	348.4525	512.0077	-106.4896	328.3706	485.9387	-232.4855
107	3.5333	399.8172	571.5762	-77.9033	345.1532	516.1035	-118.5873	318.1598	488.6927	-246.8581
108	3.5667	400.0917	571.5912	-87.5660	337.0201	521.1196	-134.4058	310.0249	493.4265	-265.4206
109	3.6000	400.0951	571.5523	-99.5801	326.8583	524.8026	-146.7078	303.9201	497.2104	-276.9189
110	3.6333	400.1320	571.3850	-106.5244	319.3133	525.9500	-149.0873	300.3358	498.0300	-274.5482
111	3.6667	400.7741	571.0992	-102.1808	316.7409	525.7215	-140.3643	298.9905	496.6520	-261.4326
112	3.7000	402.3901	570.7985	-89.5890	317.8070	526.1000	-127.4956	299.2898	495.2491	-248.2895
113	3.7333	404.7704	570.6618	-79.6234	319.5188	527.7288	-120.6744	300.5964	495.0111	-243.8028
114	3.7667	407.3418	570.8604	-80.1372	320.0084	529.6486	-123.4693	302.2276	495.5007	-246.3342
115	3.8000	409.7724	571.4070	-89.3417	319.4293	530.6712	-130.1460	304.4311	495.7226	-246.8063
116	3.8333	412.1823	572.0895	-100.4633	318.7427	530.4863	-133.2738	309.3376	495.2426	-239.3562
117	3.8667	414.7299	572.6419	-109.0485	318.1973	529.5960	-131.1128	319.2483	494.4858	-226.8902
118	3.9000	417.2690	573.0110	-113.4667	317.1872	528.6818	-126.5558	333.1824	494.3588	-216.3507
119	3.9333	419.5885	573.3774	-111.5585	315.3687	528.1494	-121.4145	346.8146	495.4845	-210.6265
120	3.9667	421.7770	573.8787	-101.4284	313.5709	527.9935	-114.3750	357.2155	497.4985	-206.2501
121	4.0000	424.1319	574.4012	-85.0852	313.5132	527.9340	-103.9610	366.1777	499.1624	-198.2579
122	4.0333	426.8592	574.7176	-67.4723	316.6032	527.7708	-90.9242	377.3169	499.4102	-185.5655
123	4.0667	430.0319	574.7766	-52.0222	322.7200	527.6153	-77.5920	391.1740	498.2800	-171.4403
124	4.1000	433.6646	574.7838	-40.2216	329.9800	527.6880	-66.9305	404.7838	496.7411	-160.1944
125	4.1333	437.6346	575.0138	-34.3729	336.0213	527.9808	-61.9158	415.1718	495.7597	-153.6939
126	4.1667	441.6278	575.5762	-36.7723	339.9073	528.3068	-63.7133	421.7462	495.6734	-150.6514
127	4.2000	445.2914	576.3457	-45.6584	342.7465	528.6202	-70.1947	425.8035	496.2741	-149.3830
128	4.2333	448.5023	577.0851	-54.1257	346.3637	529.0708	-76.7869	429.3966	497.1491	-149.8510
129	4.2667	451.5573	577.6198	-54.4002	351.5652	529.6656	-78.8690	434.9024	497.8828	-151.6955
130	4.3000	455.0200	577.8960	-44.4600	357.9277	529.9410	-74.7195	444.2228	498.1867	-152.7592
131	4.3333	459.1904	577.9324	-31.6858	364.9565	529.1252	-67.9852	457.2896	498.0338	-152.2513
132	4.3667	463.7330	577.8085	-28.7731	372.5125	526.8512	-66.6639	471.5034	497.6520	-153.6165
133	4.4000	467.8890	577.6504	-43.0578	379.7433	523.6889	-77.2315	483.3528	497.3166	-161.7972
134	4.4333	470.9389	577.4388	-68.9574	384.7094	520.6037	-98.4628	491.1007	497.1463	-178.0708
135	4.4667	472.4578	576.8248	-92.1472	386.2828	517.8505	-121.1384	495.8365	497.1137	-197.7065
136	4.5000	472.4419	575.4140	-101.2342	385.9812	514.9642	-134.2794	499.6425	497.2141	-211.6739
137	4.5333	471.4209	573.3875	-95.1207	386.5921	512.0225	-132.9425	503.0627	497.5522	-212.3018
138	4.5667	470.2845	571.5994	-81.2354	388.8709	510.1472	-121.5710	505.0715	498.2359	-200.2488
139	4.6000	469.6591	570.8067	-68.7666	390.9325	510.1509	-109.9306	505.3527	499.2425	-185.3501
140	4.6333	469.2685	570.9075	-62.4154	391.4309	511.1891	-104.9737	505.0341	500.4528	-178.1897
141	4.6667	467.9983	571.1247	-60.4528	391.5676	511.5334	-106.2064	503.8458	501.7574	-180.8824
142	4.7000	464.8474	570.8568	-58.2609	392.2418	510.6159	-108.1722	497.9850	502.9342	-186.8650
143	4.7333	459.9356	570.1604	-53.7370	390.7824	509.6500	-106.3159	483.9037	503.3975	-188.4634
144	4.7667	454.4954	569.4420	-48.9893	383.4507	510.0438	-100.6341	464.1706	502.4214	-183.7066
145	4.8000	449.8538	568.9202	-47.3800	370.7197	511.8055	-94.9294	445.8778	499.9624	-176.8823
146	4.8333	446.4881	568.5206	-49.9659	357.1693	513.9484	-93.0586	432.0837	497.1121	-173.6584
147	4.8667	443.9762	568.1266	-54.8670	346.1512	515.8918	-95.5545	418.3552	495.3110	-175.7605
148	4.9000	441.6201	567.7055	-59.6048	337.0600	517.7029	-99.6429	399.6793	494.9406	-179.8590
149	4.9333	438.9804	567.2271	-63.5566	327.9890	519.2592	-102.0571	377.7854	494.8376	-180.4808
150	4.9667	435.9070	566.6443	-67.2170	318.9397	520.0420	-101.0916	359.0462	493.4039	-173.6184
151	5.0000	432.3470	565.9911	-69.2697	311.6795	519.8803	-96.6197	346.8592	490.2845	-159.6702
152	5.0333	428.3703	565.4072	-66.9624	307.3776	519.3193	-90.1809	338.7448	486.8428	-145.1083
153	5.0667	424.3328	565.0360	-60.8147	305.3251	518.9841	-85.5192	330.7823	484.8504	-139.9099
154	5.1000	420.7730	564.9234	-56.4528	304.4852	518.8797	-87.0096	322.7777	484.7711	-150.1376
155	5.1333	418.0207	565.0099	-59.0188	305.9671	518.5737	-95.5880	317.6306	485.4213	-171.9763
156	5.1667	415.9408	565.1787	-66.7541	312.6143	517.8261	-106.4436	316.5574	485.2234	-194.1309
157	5.2000	414.0991	565.2965	-72.9194	325.2669	516.5894	-112.8139	317.8660	483.6963	-207.0504
158	5.2333	412.1872	565.2644	-74.3134	340.1660	514.4435	-113.2594	321.9316	481.7585	-209.8162
159	5.2667	410.3211	565.1125	-74.8478	351.2484	510.7428	-113.1608	334.4491	480.6680	-207.6773
160	5.3000	408.9555	565.0457	-78.5144	355.3840	505.7988	-116.6090	360.6203	480.7544	-203.4711
161	5.3333	408.4547	565.2895	-81.3391	355.2749	501.3279	-118.6478	396.7659	481.2094	-193.3363
162	5.3667	408.7214	565.8319	-75.0104	357.0053	498.8845	-109.7431	431.6855	480.9985	-172.2576
163	5.4000	409.2841	566.3854	-59.3524	364.3774	498.0424	-88.5415	456.8468	479.7520	-142.9647
164	5.4333	409.7024	566.6662	-47.0954	375.6704	496.8281	-66.8079	472.4511	477.5546	-116.9403
165	5.4667	409.8174	566.6541	-52.4074	386.0506	493.9240	-59.5352	483.2224	474.0434	-105.5500
166	5.5000	409.7670	566.5388	-75.5488	392.2641	490.0244	-71.1877	490.9977	468.4484	-111.2656
167	5.5333	409.9758	566.4817	-102.1737	394.2569	487.0379	-92.4364	493.2399	460.9949	-127.4188
168	5.5667	411.0082	566.5046	-117.8059	393.4934	486.2166	-108.9437	488.0916	453.7187	-143.6586
169	5.6000	413.1269	566.5821	-119.7818	391.4256	487.1687	-112.6372	478.5762	449.0766	-151.3278
170	5.6333	415.9940	566.7534	-114.6467	389.3057	488.6181	-106.2455	470.1096	447.7638	-147.9034
171	5.6667	419.0063	567.0986	-108.3426	388.0384	489.8456	-98.5475	464.7484	448.3381	-138.4782
172	5.7000	421.8779	567.6125	-102.2830	387.7096	491.1200	-95.2720	459.8871	448.8999	-130.4788
173	5.7333	424.7024	568.1274	-96.5220	387.6299	492.8418	-94.7828	452.5677	448.7405	-126.3598
174	5.7667	427.5165	568.3897	-92.2555	387.0033	494.6978	-92.8828	443.3122	448.4055	-124.1231
175	5.8000	430.0673	568.2578	-91.1188	385.4759	495.8886	-90.7532	435.2392	448.5912	-125.0260
176	5.8333	432.1233	567.8489	-95.0015	383.1837	495.9856	-96.2084	430.7565	449.2304	-136.8307
177	5.8667	433.8969	567.4536	-105.9156	380.5657	495.3016	-115.0581	429.9051	449.5826	-164.8721
178	5.9000	435.9435	567.2707	-122.4422	378.1994	494.5145	-140.6843	431.0906	449.0874	-198.8625
179	5.9333	438.5600	567.2564	-137.4230	376.5994	494.1695	-156.0723	432.5001	448.0184	-215.1527
180	5.9667	441.4166	567.2578	-144.8907	375.9918	494.4876	-151.5636	433.0442	447.1816	-201.2474
181	6.0000	443.9394	567.2382	-149.6778	376.2915	495.3667	-139.1590	432.6930	446.9785	-176.3011
182	6.0333	445.9977	567.3015	-162.5715	377.3102	496.4724	-141.1625	432.2311	446.9640	-174.4668
183	6.0667	448.0375	567.5140	-182.2144	378.9148	497.4756	-161.5489	432.4988	446.4779	-202.5535
184	6.1000	450.5123	567.7815	-189.9513	380.9906	498.2843	-176.6215	433.5978	445.6012	-226.2394
185	6.1333	453.3434	567.9264	-171.0804	383.3251	498.9864	-162.0062	434.7870	445.2371	-209.9696
186	6.1667	456.0435	567.8550	-136.3034	385.5683	499.6080	-123.4857	435.2673	446.1363	-161.6480
187	6.2000	458.2417	567.6318	-112.0955	387.3398	500.0650	-90.5675	435.0324	447.9960	-122.2534
188	6.2333	459.8893	567.4138	-110.6805	388.4231	500.3326	-81.7132	434.7823	449.7183	-115.9706
189	6.2667	461.0069	567.3453	-117.6716	388.8751	500.5141	-86.6305	435.0601	450.4910	-127.0352
190	6.3000	461.5165	567.5247	-111.0690	388.9588	500.7205	-83.9238	435.7236	450.4069	-126.1469
191	6.3333	461.4346	568.0206	-86.8352	388.9594	500.9593	-66.9558	436.2373	450.0707	-105.5724
192	6.3667	461.0358	568.8220	-61.6343	389.0020	501.1293	-47.4993	436.2130	449.8781	-82.1587
193	6.4000	460.6563	569.7301	-52.5491	388.9924	501.0681	-39.0369	435.6734	449.7754	-73.6945
194	6.4333	460.3951	570.3877	-59.7655	388.7237	500.6661	-43.2298	435.0744	449.5296	-81.1296
195	6.4667	460.1133	570.5440	-71.3444	388.0158	500.0243	-53.2256	435.1043	449.0484	-93.7978
196	6.5000	459.6961	570.3068	-80.2491	386.7373	499.4636	-65.1772	436.1464	448.4602	-105.7002
197	6.5333	459.1992	570.0451	-90.3652	384.8210	499.2733	-81.5378	437.7741	447.9930	-121.2751
198	6.5667	458.6718	570.0157	-105.3064	382.4558	499.4345	-102.2572	439.0267	447.7886	-144.2706
199	6.6000	457.8746	570.1522	-117.2503	380.2142	499.6300	-117.0906	439.4148	447.7741	-165.3945
200	6.6333	456.2679	570.2290	-112.8711	378.7051	499.5110	-112.5989	439.4697	447.7309	-167.7797
201	6.6667	453.3864	570.1191	-90.0035	377.9991	498.9206	-87.8812	440.0260	447.5525	-146.2992
202	6.7000	449.3356	569.8186	-63.0135	377.5936	497.9129	-58.7891	441.1027	447.3875	-116.2454
203	6.7333	444.9627	569.3271	-49.3094	377.0289	496.6682	-43.8508	441.8778	447.3872	-99.4172
204	6.7667	441.4305	568.6582	-54.1713	376.3381	495.4227	-48.7946	441.8346	447.3283	-104.5524
205	6.8000	439.4468	567.9467	-70.8191	375.7645	494.3992	-66.2031	441.5448	446.7973	-123.6391
206	6.8333	438.8098	567.3907	-90.3399	375.2505	493.7460	-85.5648	441.9173	446.0632	-143.3780
207	6.8667	438.6495	567.0527	-106.4867	374.4889	493.5761	-99.8594	442.6752	446.6267	-156.1724
208	6.9000	438.0846	566.8167	-113.7672	373.4345	494.0604	-105.9788	441.9845	450.3283	-162.6115
209	6.9333	436.7593	566.5637	-108.1162	372.4123	495.3157	-104.3407	437.9442	457.5105	-167.9055
210	6.9667	434.9355	566.2982	-91.7397	371.5564	497.0526	-97.9350	430.0064	466.2322	-174.7417
211	7.0000	433.1518	566.0807	-73.4096	370.4772	498.5271	-88.4911	418.0039	473.6552	-176.4784
212	7.0333	431.7770	565.9362	-60.9056	368.8622	499.3218	-74.3752	400.5292	478.2054	-161.1099
213	7.0667	430.8472	565.8882	-54.7287	367.1800	500.3200	-55.4845	376.9758	480.2679	-127.9219
214	7.1000	430.2200	566.0260	-50.8713	366.2597	503.3841	-38.6636	351.6502	481.1877	-96.2942
215	7.1333	429.7533	566.4570	-47.6030	366.1215	509.4948	-33.7205	332.5054	482.2036	-89.6182
216	7.1667	429.3463	567.1582	-47.4354	365.5670	517.2708	-44.5028	323.9395	484.1584	-112.7430
217	7.2000	428.9467	567.8829	-53.3444	363.0730	523.7678	-66.6035	322.8764	487.3556	-151.2750
218	7.2333	428.5941	568.2756	-63.9457	358.1332	526.8889	-91.1267	322.9773	491.2349	-187.2084
219	7.2667	428.3949	568.1490	-72.6300	351.8509	526.8543	-108.0685	320.8298	494.4661	-208.2208
220	7.3000	428.3735	567.6560	-73.3636	346.0758	525.3653	-111.1181	317.2663	495.7630	-209.5920
221	7.3333	428.3838	567.1424	-68.0027	341.7511	523.7744	-103.7568	314.4482	494.7896	-197.2083
222	7.3667	428.2926	566.8212	-64.4608	338.4559	522.3803	-96.6332	313.1318	492.3478	-184.9740
223	7.4000	428.3176	566.6285	-66.0186	335.7915	521.1605	-95.2092	312.5088	489.7271	-181.9673
224	7.4333	429.1295	566.3942	-66.6676	334.4483	520.4682	-93.9578	312.1594	487.8383	-183.9426
225	7.4667	431.4975	566.0831	-59.7738	335.2115	520.6971	-85.7242	313.9346	486.8852	-181.0185
226	7.5000	435.6536	565.8235	-47.6591	337.4713	521.6036	-72.6765	321.0665	486.7242	-171.0618
227	7.5333	440.8108	565.7531	-39.5370	339.5415	522.3874	-64.4390	334.4780	487.2747	-162.0751
228	7.5667	445.3706	565.9262	-41.8052	340.2610	522.4690	-67.2462	350.7984	488.4094	-162.1635
229	7.6000	448.0323	566.3537	-51.6828	339.7388	522.0172	-77.1869	365.7134	489.7865	-169.7420
230	7.6333	449.0142	567.0091	-59.3271	338.7949	521.7064	-84.1159	378.8961	491.3224	-175.4547
231	7.6667	449.9686	567.7481	-56.6687	338.3411	522.0442	-81.9445	393.7446	493.6404	-173.4114
232	7.7000	452.3455	568.3383	-45.4113	339.1624	522.9321	-74.7984	412.1319	497.3133	-167.9932
233	7.7333	455.9196	568.6653	-35.2700	341.3715	523.8464	-72.4093	431.0862	501.6273	-168.2214
234	7.7667	459.2199	568.8512	-33.4621	343.7411	524.4106	-79.7777	445.4289	504.8510	-177.2867
235	7.8000	461.3346	569.1061	-37.9545	344.5768	524.6505	-92.5765	453.1130	505.9811	-189.6732
236	7.8333	462.8953	569.5232	-42.1545	344.4476	524.5355	-102.5495	457.4679	505.6638	-197.7577
237	7.8667	465.1408	570.0587	-43.0917	347.7037	523.4095	-105.3053	464.2838	505.0913	-198.6081
238	7.9000	468.3514	570.6178	-42.0458	359.4529	520.3290	-101.7054	476.8987	504.4065	-193.3794
239	7.9333	471.5524	571.0894	-39.6696	379.8265	515.2867	-94.1090	493.9883	502.7100	-182.8880
240	7.9667	473.6291	571.3754	-35.1545	402.1510	509.8695	-84.8379	511.5775	499.7187	-167.7651
241	8.0000	474.3629	571.4527	-30.0338	418.3469	506.1661	-77.9805	526.5965	497.0047	-152.8682
242	8.0333	474.3494	571.3583	-28.5545	425.9316	504.7780	-78.4502	538.1880	496.7575	-146.9147
243	8.0667	474.2378	571.0879	-32.4763	428.4111	503.9922	-86.6024	545.9336	498.5839	-154.2661
244	8.1000	474.2407	570.5997	-37.8382	429.2205	501.1614	-95.8143	548.2386	498.2922	-168.8185
245	8.1333	474.2079	569.9715	-39.0873	427.5394	495.5779	-98.7921	543.8181	492.7024	-179.9152
246	8.1667	473.8832	569.4392	-35.7268	421.0233	490.6309	-96.5034	534.1184	487.4331	-184.5240
247	8.2000	473.0252	569.1262	-33.0400	410.7264	492.1768	-97.9814	522.3989	495.9579	-189.9847
248	8.2333	471.4838	568.8019	-35.8820	400.9910	502.6506	-109.1912	510.2127	524.0799	-203.0214
249	8.2667	469.3632	568.1414	-43.0923	394.6701	516.6597	-123.7879	496.2424	556.0910	-219.1849
250	8.3000	467.0700	567.2607	-49.0088	390.3469	524.7943	-128.4266	479.0577	565.6977	-226.8144
251	8.3333	465.0352	566.7462	-49.3527	384.8892	522.7113	-117.1108	460.0294	544.1294	-220.0760
252	8.3667	463.3026	567.0099	-43.6969	377.6095	514.6888	-96.1124	442.7393	509.7574	-203.4135
253	8.4000	461.3555	567.7804	-32.8237	370.8994	507.8750	-73.6746	429.3716	486.5510	-182.2997
254	8.4333	458.3275	568.3827	-17.1298	367.0415	505.3059	-50.3582	418.0160	480.7133	-154.9216
255	8.4667	453.5197	568.4063	0.6776	365.4732	505.2529	-23.7332	404.2812	482.1574	-117.8239
256	8.5000	446.9875	567.9418	14.0910	363.8306	505.0650	1.8139	385.8089	481.1163	-77.0619
257	8.5333	439.7692	567.2486	17.1473	361.0556	503.8820	16.7750	364.7274	476.7973	-47.0118
258	8.5667	433.3726	566.4348	9.5296	358.2836	502.4835	16.9706	345.7174	473.2113	-37.2032
259	8.6000	428.6704	565.5441	-4.4613	356.5727	501.9946	6.4776	332.2954	472.6905	-45.5160
260	8.6333	425.1250	564.7478	-20.5757	355.0639	502.8316	-9.7783	324.9759	474.3866	-65.4419
261	8.6667	421.2966	564.2224	-35.9169	352.3576	504.2178	-30.4856	322.1750	476.3203	-93.6987
262	8.7000	416.3097	563.8911	-47.0717	348.9545	504.6380	-53.3799	321.9942	477.2587	-126.7238
263	8.7333	410.7386	563.4957	-50.8686	346.9071	503.2216	-71.6158	323.1938	477.1532	-155.3035
264	8.7667	405.9922	562.9375	-48.1386	346.8907	500.7453	-79.1418	325.7212	476.7028	-170.2343
265	8.8000	403.0344	562.3833	-44.2395	346.8130	498.8717	-77.6547	331.3004	476.6930	-171.9900
266	8.8333	401.8578	562.0068	-43.6998	344.2584	498.3295	-74.1612	342.6859	477.4480	-168.5595
267	8.8667	401.9423	561.7719	-44.8855	339.9398	498.2759	-71.8573	360.9561	478.5823	-163.9661
268	8.9000	402.7818	561.5368	-41.8364	337.7658	497.5904	-66.8884	383.5964	479.1040	-154.4328
269	8.9333	403.9077	561.2623	-32.5615	341.1599	496.2687	-55.7800	405.9293	477.8939	-136.6870
270	8.9667	404.8195	561.0126	-24.6324	349.7435	495.0867	-43.8705	424.4938	474.4217	-115.5278
271	9.0000	405.2742	560.7659	-29.4871	360.1147	494.1784	-42.3405	439.4689	469.1302	-100.6628
272	9.0333	405.6125	560.3221	-49.2075	369.8026	492.5639	-55.3326	454.5329	463.0889	-97.6239
273	9.0667	406.5785	559.4937	-71.6044	379.7901	489.2720	-73.5533	473.5657	457.4422	-103.8050
274	9.1000	408.7110	558.3998	-82.2025	392.5931	484.6675	-84.6171	496.1394	453.2622	-113.4872
275	9.1333	411.8905	557.4660	-79.4535	408.2006	480.4232	-87.3258	516.8007	451.3945	-124.8311
276	9.1667	415.4260	557.0299	-73.6466	422.8972	478.1259	-90.2877	530.0203	451.8765	-139.5760
277	9.2000	418.6000	557.0131	-72.0692	432.5964	477.9509	-97.5228	535.4237	453.6734	-155.9396
278	9.2333	421.3090	557.1180	-71.3051	436.8128	478.7405	-102.0981	537.3303	455.4025	-165.0773
279	9.2667	424.2878	557.3168	-65.7010	438.6128	479.3145	-96.2167	539.7994	456.2937	-158.1610
280	9.3000	428.5116	557.9371	-58.1786	440.8881	479.5474	-83.1030	543.0971	456.3298	-137.6763
281	9.3333	434.0548	559.1616	-58.0395	443.6414	480.1248	-74.8040	544.7465	455.7352	-118.6841
282	9.3667	439.6171	560.6285	-69.3855	445.1712	481.4613	-79.1977	543.1318	454.6545	-115.6179
283	9.4000	443.6607	561.7601	-86.1055	444.9268	483.1500	-92.8288	539.6040	453.2697	-129.1142
284	9.4333	446.1382	562.4133	-99.6119	444.1725	484.5435	-107.2944	537.0462	451.9696	-148.5705
285	9.4667	448.5569	562.9414	-107.9601	444.0590	485.6471	-118.3821	536.5827	451.2211	-164.5259
286	9.5000	452.0434	563.5936	-114.1416	444.2689	487.0842	-125.5909	536.2289	451.1600	-173.5553
287	9.5333	455.8606	564.1069	-117.8082	444.2366	488.9714	-126.4173	533.4397	451.3791	-173.9525
288	9.5667	458.3003	564.0213	-113.9297	444.6420	490.0655	-117.3314	528.6901	451.5276	-164.3446
289	9.6000	458.7216	563.2989	-101.0491	445.9513	488.8142	-100.9729	524.4943	452.3881	-148.7608
290	9.6333	458.2360	562.5305	-87.0869	445.5844	485.8414	-88.0014	518.9467	455.7871	-138.7140
291	9.6667	458.4871	562.4981	-82.5998	439.0050	484.6822	-88.1353	502.2943	462.4915	-144.9526
292	9.7000	460.1056	563.4776	-88.5859	425.2535	488.6944	-99.5470	465.5221	470.2743	-165.3459
293	9.7333	462.3832	564.9528	-95.4655	409.6188	497.3080	-110.6966	413.9151	475.3391	-184.9972
294	9.7667	464.1753	566.0907	-95.7211	398.5097	506.6242	-114.6066	366.5616	476.3667	-193.4870
295	9.8000	464.9145	566.5192	-92.9367	392.7841	513.6767	-117.4245	338.9060	476.2726	-198.8359
296	9.8333	464.8476	566.5494	-94.9157	388.2867	518.6414	-128.6404	329.6939	478.9551	-216.2974
297	9.8667	464.5561	566.6598	-101.9325	381.7669	522.7640	-146.2972	327.4712	484.7133	-244.7305
298	9.9000	464.3686	566.9545	-106.7254	373.8573	525.9062	-157.9878	325.0686	489.9095	-264.0215
299	9.9333	464.1670	567.1952	-103.4108	367.0045	527.1451	-154.7057	323.7401	491.1227	-257.5981
300	9.9667	463.6843	567.1882	-91.9327	362.7442	526.7334	-138.3931	326.2590	488.6070	-229.6951
301	10.0000	462.9410	566.9978	-76.8678	360.8103	526.1765	-118.2145	331.2516	485.3600	-199.0348
302	10.0333	462.2715	566.8542	-66.4171	359.3279	526.5511	-104.7437	335.4741	483.8118	-181.9788
303	10.0667	461.8272	566.9484	-68.5383	356.0778	527.4878	-104.8271	339.2175	484.1574	-182.5440
304	10.1000	461.1853	567.2692	-81.9659	350.7921	527.6900	-115.7834	347.1082	485.2400	-192.7637
305	10.1333	459.7200	567.5920	-93.6009	345.9177	526.0143	-125.5528	362.9517	486.0714	-200.0916
306	10.1667	457.3789	567.6950	-90.9387	343.9946	522.3526	-123.2536	384.5623	486.4531	-196.7202
307	10.2000	454.8335	567.6305	-76.4440	344.5774	517.9688	-109.9375	404.9094	486.7016	-184.1683
308	10.2333	452.8466	567.6919	-64.6105	344.9456	514.7388	-96.6742	418.7661	487.1600	-170.2152
309	10.2667	451.8572	568.0767	-64.6524	343.7307	513.5939	-92.0173	427.6114	487.9950	-161.1029
310	10.3000	452.2410	568.6866	-70.9575	342.5785	513.7760	-93.2211	437.5552	489.2529	-155.2963
311	10.3333	454.3948	569.2869	-72.2456	344.0958	513.7843	-91.1166	452.6039	490.8355	-146.1969
312	10.3667	458.1754	569.7247	-65.6176	349.3932	512.8256	-82.6450	470.3346	492.3715	-133.2634
313	10.4000	462.6513	569.9312	-57.9018	358.0490	511.1814	-75.4823	484.6886	493.3505	-127.0038
314	10.4333	466.8069	569.8312	-55.7270	369.1859	509.3985	-78.7765	492.8702	493.5455	-137.5299
315	10.4667	470.2070	569.3696	-58.2411	381.5197	507.3870	-91.4089	498.1719	493.2160	-159.7430
316	10.5000	472.7289	568.6164	-58.9705	393.1668	504.4080	-101.8576	505.4368	492.8200	-175.4588
317	10.5333	474.0980	567.7820	-52.4574	402.7835	500.0794	-99.9056	515.4634	492.5985	-171.4859
318	10.5667	474.1417	567.0994	-39.6549	410.8249	495.3496	-87.4337	525.5596	492.4785	-152.7587
319	10.6000	473.2748	566.6870	-28.1994	418.8479	491.9638	-76.2776	534.2852	492.2967	-135.7077
320	10.6333	472.3175	566.5049	-26.5935	427.4020	490.7082	-75.4735	542.6659	492.0271	-130.6862
321	10.6667	471.8119	566.4251	-37.1208	434.4868	490.7760	-83.3444	550.1581	491.7910	-135.1562
322	10.7000	471.6564	566.3707	-54.5738	435.8841	491.1273	-93.3669	552.1990	491.6940	-143.6631
323	10.7333	471.3601	566.4201	-71.4974	427.9983	491.6197	-103.6849	544.2458	491.6956	-157.1710
324	10.7667	470.4757	566.7694	-84.0278	411.6254	492.4918	-116.7511	527.4515	491.6812	-178.3840
325	10.8000	468.6866	567.5605	-93.2436	392.3952	493.8077	-131.8618	507.9772	491.6962	-203.1018
326	10.8333	465.5956	568.7063	-101.5240	376.3669	495.8992	-142.6019	490.3668	492.0010	-221.3750
327	10.8667	460.8295	569.8730	-107.5773	365.5505	499.3284	-142.0850	473.6097	492.6139	-224.9631
328	10.9000	454.6711	570.6906	-106.4257	358.2509	503.7364	-129.2812	454.7329	492.7108	-211.9384
329	10.9333	448.3686	571.0286	-95.9095	352.5239	507.4352	-110.4626	434.2189	490.9167	-187.6380
330	10.9667	443.2831	571.0179	-80.7646	347.8526	508.8432	-93.9606	415.3942	486.7266	-162.1435
331	11.0000	439.5560	570.7898	-67.1501	344.0872	508.0830	-82.4322	399.2740	481.4849	-143.2928
332	11.0333	435.9201	570.3176	-55.8403	340.5788	506.7661	-72.0375	383.1303	477.4187	-131.8485
333	11.0667	431.0516	569.5894	-44.1389	337.0588	506.3556	-59.8698	365.0128	475.7312	-124.7385
334	11.1000	424.9588	568.7924	-31.6217	334.4264	507.0067	-48.2123	347.3094	475.9575	-119.7445
335	11.1333	418.8666	568.1569	-21.1154	333.6590	507.8757	-40.5198	334.2893	476.8783	-115.8692
336	11.1667	413.9144	567.6811	-16.5128	334.2253	508.2091	-38.5267	327.3967	477.5714	-114.6830
337	11.2000	410.2587	567.1736	-20.8907	334.4306	507.9880	-44.4137	324.3174	477.7785	-122.3804
338	11.2333	407.3927	566.5626	-33.0832	333.3833	507.6743	-58.7798	322.2758	477.7898	-142.4646
339	11.2667	404.9863	566.0211	-45.2036	332.0090	507.5719	-74.1312	321.4194	478.1106	-164.5945
340	11.3000	403.1745	565.7528	-49.7716	331.8671	507.5333	-79.7233	324.6690	479.0732	-172.2907
341	11.3333	402.1215	565.7699	-51.9562	333.2018	507.2415	-78.1058	334.1565	480.7029	-166.5483
342	11.3667	401.6156	565.9392	-66.1611	334.4432	506.6595	-85.8240	348.2089	482.8956	-167.4442
343	11.4000	401.3196	566.1706	-94.9516	334.0017	506.0503	-109.2406	362.9615	485.3295	-183.9237
344	11.4333	401.3476	566.4730	-121.0368	332.9496	505.4139	-131.4783	377.3600	486.8436	-198.1636
345	11.4667	402.3281	566.8310	-128.6381	335.5451	503.9175	-134.9887	395.1557	485.3703	-192.5196
346	11.5000	404.6813	567.0728	-124.5023	345.8756	500.1993	-126.8567	420.4680	479.5432	-177.2691
347	11.5333	407.8458	566.9043	-127.4535	363.4686	493.6955	-127.9647	451.9453	470.6980	-175.5942
348	11.5667	410.4872	566.1384	-142.2208	383.1082	485.7630	-143.0354	482.7826	462.4940	-190.0154
349	11.6000	411.7770	564.9611	-154.4436	399.5181	479.1318	-155.1447	506.5232	457.9017	-199.5061
350	11.6333	412.4248	563.9203	-149.9514	411.3945	475.9229	-148.6717	521.9900	456.8892	-186.9858
351	11.6667	414.0583	563.4152	-127.3605	420.5875	476.0938	-124.9905	533.1601	457.5339	-155.8770
352	11.7000	417.4278	563.0317	-90.1772	428.9320	477.7151	-93.2616	545.9928	458.9757	-118.3130
353	11.7333	421.5546	561.6271	-41.2251	437.1277	478.6966	-59.0578	565.1451	462.3473	-80.7666
354	11.7667	424.8759	558.5412	6.8677	445.6855	478.3299	-29.4132	591.0352	468.4548	-48.0003
355	11.8000	426.9182	554.7952	28.9319	455.2213	477.3234	-17.9099	618.4522	475.1716	-30.4170
356	11.8333	428.5369	552.6719	8.8238	465.3234	476.6687	-33.6061	638.8864	478.1367	-37.5026
357	11.8667	430.7363	553.7796	-41.0269	473.6539	476.8308	-69.0598	645.2958	474.5734	-67.3673
358	11.9000	433.6387	557.5747	-90.2441	477.1370	477.8575	-105.6120	635.7368	466.2038	-106.9505
359	11.9333	436.5925	561.8838	-117.3889	474.9058	479.5991	-127.4709	614.4056	457.8991	-139.7108
360	11.9667	438.9519	564.7865	-122.1377	469.5764	481.5664	-129.2155	589.4447	453.3248	-153.8398
361	12.0000	440.5832	565.9080	-117.6233	464.2793	483.0206	-117.2122	567.3688	452.0883	-150.3619
362	12.0333	441.7566	566.0844	-118.2853	458.7243	483.6085	-107.7576	548.5280	451.0055	-144.9693
363	12.0667	442.7051	566.2214	-131.2979	449.8148	483.8988	-116.1123	528.8782	447.6783	-154.6867
364	12.1000	443.3440	566.7347	-151.2661	436.2273	485.1725	-140.2677	505.6812	442.7180	-178.7217
365	12.1333	443.4685	567.7933	-162.2472	420.8070	488.5188	-158.8238	480.3700	438.8130	-196.5922
366	12.1667	443.1589	569.5377	-150.4279	407.8008	493.8673	-150.6757	456.9898	438.0087	-188.6454
367	12.2000	442.7579	571.8484	-118.1383	398.6893	499.7660	-116.7815	439.5878	440.1665	-156.6236
368	12.2333	442.3380	574.1388	-83.7555	391.5776	504.2080	-79.5904	430.6458	443.9219	-121.6959
369	12.2667	441.3621	575.6724	-65.4247	384.1415	505.9369	-60.7914	430.2367	448.3867	-103.3418
370	12.3000	439.1143	576.1624	-65.4704	376.1023	505.2601	-62.3093	435.8363	453.4342	-102.9002
371	12.3333	435.5432	575.9605	-72.0260	368.8686	503.6933	-69.8138	443.5287	458.8153	-107.6494
372	12.3667	431.5172	575.6212	-73.6567	363.7586	502.6400	-70.5714	450.2268	463.6452	-106.6814
373	12.4000	428.0621	575.3986	-68.9699	360.8854	502.2832	-63.8970	454.7880	466.7125	-99.7378
374	12.4333	425.4255	575.2135	-62.8472	359.2695	501.7960	-56.3521	456.7669	467.1391	-93.1796
375	12.4667	423.0790	574.9334	-57.7617	357.8202	500.6048	-51.9520	454.9316	465.0852	-91.8140
376	12.5000	420.5573	574.5339	-51.7883	356.2837	499.1937	-49.0929	448.5247	462.0569	-95.3275
377	12.5333	418.0309	574.0754	-44.4056	355.0670	498.4595	-45.3704	439.8700	460.2141	-100.2944
378	12.5667	415.9990	573.6502	-41.1072	354.1066	498.5461	-43.0078	433.3946	461.0918	-104.3602
379	12.6000	414.6538	573.3275	-49.2344	352.4543	498.8975	-47.9924	430.2985	464.9196	-108.8580
380	12.6333	413.7907	573.1047	-68.3441	349.5072	499.5657	-63.0066	425.1469	470.8056	-116.8463
381	12.6667	413.2687	572.9714	-86.6658	346.3936	501.7831	-81.4024	410.0280	477.1506	-127.5421
382	12.7000	413.2218	573.0282	-90.4123	345.4133	506.5798	-90.4227	383.1359	482.1888	-134.3326
383	12.7333	413.6807	573.4252	-77.6906	347.7109	513.0794	-83.3471	352.3463	484.9692	-131.9227
384	12.7667	414.3005	574.1249	-60.9887	351.6743	518.9580	-68.4481	329.0219	486.2416	-125.9136
385	12.8000	414.8264	574.8288	-54.4868	354.0543	522.7195	-62.6195	318.4269	487.9725	-130.6174
386	12.8333	415.6917	575.2270	-60.5616	352.8252	524.8743	-74.0339	316.9782	491.3601	-152.7835
387	12.8667	417.6642	575.2769	-69.7001	348.6780	526.7291	-92.8812	317.8529	495.3700	-179.4960
388	12.9000	420.7694	575.1804	-71.6245	343.7301	528.7676	-101.6931	317.1765	497.7608	-188.7771
389	12.9333	423.9784	575.1363	-64.8651	339.5550	530.5701	-93.8593	315.0282	497.5076	-173.7343
390	12.9667	426.2348	575.1759	-56.4963	336.7891	531.6728	-79.1396	313.4773	495.6435	-150.2999
391	13.0000	427.5630	575.2189	-54.2730	335.6377	532.0049	-71.2971	315.6855	493.8029	-138.1574
392	13.0333	428.9865	575.2230	-59.6219	335.8678	531.7733	-74.2138	325.4077	492.6786	-140.1540
393	13.0667	431.5449	575.2431	-67.9523	336.7679	531.2572	-81.8275	344.2998	492.0216	-145.4967
394	13.1000	435.4313	575.3521	-74.7119	337.7218	530.6510	-88.0438	368.6211	491.5013	-147.5155
395	13.1333	439.7444	575.5372	-79.3924	338.5354	530.0205	-92.4685	390.1199	491.2701	-150.1566
396	13.1667	442.9609	575.7149	-83.0582	338.9918	529.4443	-97.1153	402.1356	491.9768	-158.4497
397	13.2000	444.1388	575.8539	-84.1996	338.7144	529.1268	-101.5682	405.4291	494.3083	-169.8287
398	13.2333	444.0986	576.0478	-79.8772	338.0163	529.2374	-103.4318	407.5084	498.2371	-177.1270
399	13.2667	445.0886	576.4194	-70.8733	338.3862	529.6442	-102.1604	415.7113	502.6747	-177.0892
400	13.3000	448.6459	576.9577	-62.9176	341.2176	529.9449	-100.4349	430.7279	506.1307	-173.8506
401	13.3333	453.8452	577.4924	-60.9117	346.0482	529.8482	-101.0509	446.7378	507.8445	-174.3729
402	13.3667	458.2690	577.8492	-63.1116	350.9672	529.4673	-103.0761	457.6549	508.1872	-181.0128
403	13.4000	460.7183	578.0138	-63.3144	355.0741	529.1170	-102.5267	462.8023	508.0048	-188.9284
404	13.4333	462.2609	578.1439	-58.5566	359.6085	528.8143	-97.3773	466.2274	507.7872	-191.2557
405	13.4667	464.4482	578.4400	-52.1811	366.0089	528.1215	-90.4682	471.2111	507.5152	-186.5455
406	13.5000	467.2847	578.9956	-48.9761	373.6668	526.6193	-86.5242	476.7316	507.0555	-180.2597
407	13.5333	469.4670	579.7307	-50.0211	380.5234	524.5128	-87.7284	479.5533	506.4671	-179.2681
408	13.5667	470.1276	580.4557	-53.5892	385.3942	522.6180	-93.2274	478.6442	505.9512	-186.0521
409	13.6000	469.6874	581.0029	-58.8049	388.6736	521.6702	-101.3743	476.4689	505.6428	-198.0067
410	13.6333	469.0932	581.2858	-66.0027	390.9212	521.7065	-110.7004	476.1764	505.5113	-210.3537
411	13.6667	468.7664	581.2403	-74.1431	391.8942	522.1439	-119.0966	478.5799	505.4367	-218.2886
412	13.7000	468.4979	580.8028	-80.3476	391.3143	522.3425	-123.6577	482.2880	505.3240	-217.5980
413	13.7333	468.0968	580.0377	-82.9494	389.7460	522.0442	-122.6981	486.0168	505.1290	-206.9086
414	13.7667	467.8150	579.2162	-83.4593	388.1070	521.4171	-118.3311	489.8669	504.8414	-191.4862
415	13.8000	467.9756	578.6304	-84.0952	386.5963	520.8009	-115.8177	494.3175	504.5148	-181.8132
416	13.8333	468.1762	578.3366	-84.5957	384.4898	520.3550	-118.7610	498.7258	504.2751	-184.3401
417	13.8667	467.1090	578.1781	-83.5149	381.0064	519.8972	-125.4722	501.5041	504.2172	-194.9945
418	13.9000	463.6395	578.0372	-81.5483	376.3038	519.1363	-131.1774	501.7603	504.3128	-204.6182
419	13.9333	458.2030	577.9277	-80.5035	371.5956	518.0581	-132.5379	500.3017	504.5056	-208.2568
420	13.9667	452.6187	577.8063	-79.6977	368.2180	516.9752	-129.2836	498.8481	504.8368	-206.8287
421	14.0000	448.0771	577.4278	-77.2656	366.4987	516.1589	-123.8621	498.3464	505.2593	-203.6852
422	14.0333	443.7324	576.5439	-74.7371	365.4786	515.4882	-120.5248	497.8033	505.2729	-202.5999
423	14.0667	437.9122	575.2431	-75.9705	363.7009	514.5479	-122.4337	494.4372	504.0689	-206.5054
424	14.1000	430.4431	573.9743	-81.2679	360.3439	513.1433	-129.0253	485.4085	501.3956	-216.2881
425	14.1333	423.0333	573.1721	-86.4917	355.7881	511.6836	-137.3562	470.4505	498.1311	-230.9863
426	14.1667	417.3472	572.9054	-88.2920	351.2176	510.8430	-144.2698	453.3544	495.4750	-246.5720
427	14.2000	413.3524	572.9088	-86.6327	347.5990	510.6978	-145.3186	440.1077	493.4326	-253.0163
428	14.2333	409.7920	572.8862	-82.0015	344.9054	510.4179	-134.8669	433.7601	490.6383	-237.9998
429	14.2667	405.8066	572.7379	-73.7486	342.1982	509.1401	-111.4777	430.0396	486.1369	-199.1776
430	14.3000	401.7056	572.5512	-62.1009	338.3601	507.0651	-81.8791	419.5414	480.9992	-150.4871
431	14.3333	398.3369	572.4588	-49.4148	332.9093	505.3142	-56.4385	396.6467	477.5270	-111.9933
432	14.3667	396.0547	572.5178	-38.8951	326.4818	504.6988	-41.6465	365.8390	476.8906	-94.9623
433	14.4000	394.3864	572.6711	-33.6003	320.6144	505.0389	-38.8662	337.3112	478.0926	-99.0073
434	14.4333	392.5900	572.7697	-36.0332	316.7045	505.7465	-47.6609	317.3809	479.3036	-119.1993
435	14.4667	390.4039	572.6456	-46.1956	314.8520	506.5759	-65.8597	305.2057	479.6435	-149.3530
436	14.5000	388.1876	572.2350	-60.0335	313.7812	507.5426	-86.9847	297.1299	479.4210	-179.6711
437	14.5333	386.4171	571.6671	-71.9291	312.1233	508.5064	-102.4928	291.1053	479.1680	-199.4231
438	14.5667	385.2133	571.1901	-78.5149	309.7174	509.2634	-108.2329	287.0952	479.0386	-205.6812
439	14.6000	384.3891	570.9686	-78.3915	307.4859	509.9056	-105.9475	285.4995	479.0897	-204.5712
440	14.6333	383.7977	570.9700	-70.0584	306.3692	510.6902	-97.9104	286.0159	479.5964	-200.3091
441	14.6667	383.5005	571.0525	-53.8998	306.8265	511.5395	-83.6729	287.3214	480.7778	-187.4781
442	14.7000	383.6133	571.1280	-35.4905	308.9595	512.0412	-63.8569	287.7844	482.4652	-159.6977
443	14.7333	384.0607	571.2267	-23.0770	312.2515	512.0873	-44.4027	287.6392	484.3752	-123.8994
444	14.7667	384.5012	571.4316	-21.0231	315.2991	512.1133	-33.8611	291.0016	486.5146	-98.9362
445	14.8000	384.5614	571.7572	-27.3988	316.9022	512.2682	-36.0592	304.3688	488.7870	-97.0111
446	14.8333	384.3064	572.0851	-37.3166	317.9226	511.5613	-46.4875	331.3807	490.1113	-110.2053
447	14.8667	384.4996	572.2456	-46.5502	321.2351	508.5526	-56.2798	368.5298	488.5817	-119.1337
448	14.9000	386.1261	572.1979	-52.5142	328.8915	503.1959	-59.4356	406.0460	483.2536	-113.0600
449	14.9333	389.4243	572.1012	-54.5086	339.6860	497.4921	-56.5239	433.6091	475.7111	-97.9046
450	14.9667	393.5597	572.1516	-54.5165	350.6068	493.7761	-52.8410	447.3805	469.1094	-86.1315
451	15.0000	397.4861	572.3476	-56.6568	360.5178	492.5225	-53.8876	453.1490	465.3830	-83.9858
452	15.0333	400.9197	572.4732	-63.6788	370.8540	492.2368	-61.3673	461.1521	463.8575	-89.2910
453	15.0667	404.1591	572.3466	-73.4918	382.2353	491.3894	-71.7881	475.5703	462.7442	-96.8618
454	15.1000	407.2064	572.0607	-80.9765	392.1336	490.0198	-79.4083	489.8951	461.3836	-103.2334
455	15.1333	409.6039	571.9355	-84.3685	397.3535	489.2566	-82.1468	494.8777	460.5180	-108.3139
456	15.1667	411.1760	572.2082	-88.0801	397.9746	489.5207	-84.1297	490.1688	460.6032	-114.4308
457	15.2000	412.4722	572.7889	-96.8717	397.2520	489.7975	-90.4924	484.4716	460.6066	-122.7326
458	15.2333	414.2047	573.3450	-108.1055	397.6663	489.1612	-100.0532	483.2952	459.0248	-130.1599
459	15.2667	416.4645	573.6187	-113.2617	398.3020	488.6728	-105.7671	480.6359	455.8228	-131.9497
460	15.3000	418.7371	573.6409	-108.1908	396.4757	490.7428	-102.8829	466.6002	452.5192	-127.6157
461	15.3333	420.5298	573.6724	-98.7443	391.1213	496.2134	-94.2575	441.1321	450.1426	-122.2159
462	15.3667	421.7345	574.0017	-93.9855	384.0030	502.9013	-86.6980	414.9401	448.0949	-120.7195
463	15.4000	422.4984	574.7650	-95.5488	377.9364	507.7693	-83.5987	396.9042	445.8314	-122.4641
464	15.4333	422.9993	575.8364	-95.9049	374.2460	509.9875	-81.9309	386.2766	444.7707	-121.7582
465	15.4667	423.3465	576.8673	-86.8945	371.9124	511.0555	-75.8548	378.7975	447.1066	-113.3248
466	15.5000	423.5482	577.5153	-68.7131	369.0211	512.3335	-63.0790	374.6072	452.9308	-97.3579
467	15.5333	423.4981	577.6389	-50.0296	364.9059	513.4396	-47.8365	376.5004	459.8210	-80.0764
468	15.5667	423.0120	577.2530	-40.0473	360.5962	513.1409	-37.5294	384.0790	465.3889	-69.3995
469	15.6000	421.9726	576.4328	-41.5338	357.1449	511.1141	-36.4821	393.2953	469.1417	-69.2941
470	15.6333	420.5137	575.3761	-50.6873	354.2003	508.4565	-42.7080	400.1578	471.4814	-76.9051
471	15.6667	419.0020	574.4337	-60.8630	350.7916	506.7048	-49.5609	402.5396	471.9875	-83.8768
472	15.7000	417.7080	573.8975	-65.7163	347.0166	506.6361	-50.2579	399.5989	469.8952	-81.8612
473	15.7333	416.4648	573.7619	-62.2542	344.0701	507.9005	-43.4400	391.8223	466.1438	-71.3698
474	15.7667	414.7400	573.7613	-53.9329	342.6622	509.4793	-36.6444	381.2876	463.8391	-66.8249
475	15.8000	412.2022	573.6383	-48.9256	342.1529	510.4886	-41.2414	369.7048	465.9124	-85.7322
476	15.8333	409.2773	573.3548	-51.7364	341.3857	510.8917	-58.9552	355.9978	472.3276	-125.4457
477	15.8667	406.9749	573.0677	-57.1793	339.8031	511.6011	-75.5170	337.9382	479.9056	-156.7413
478	15.9000	405.9915	572.9414	-56.0166	337.5351	513.7087	-74.2545	316.9541	485.1109	-151.9943
479	15.9333	406.0698	573.0046	-45.9640	334.7901	517.4825	-55.1790	299.2545	487.0266	-116.8822
480	15.9667	406.3464	573.1630	-33.8531	331.3720	522.1494	-34.8843	290.3068	487.5972	-84.2972
481	16.0000	406.1954	573.3081	-27.8864	326.7291	526.5654	-29.2409	289.0901	489.2469	-80.8505
482	16.0333	405.6304	573.4041	-31.0784	320.6396	529.9060	-41.2315	289.5653	492.6201	-107.0951
483	16.0667	405.0489	573.5044	-41.2382	313.9629	531.8592	-62.5304	287.3803	496.4788	-143.0761
484	16.1000	404.7747	573.7020	-53.6974	308.3889	532.5700	-80.6458	283.3661	499.1795	-163.6742
485	16.1333	404.8192	574.0417	-63.5533	305.1408	532.5252	-85.8339	280.6628	499.9351	-154.6356
486	16.1667	404.9665	574.4603	-67.6721	303.9634	532.2878	-76.7248	280.8154	498.9889	-123.4021
487	16.2000	405.0387	574.8178	-66.2697	303.4304	532.2055	-61.0049	283.8534	497.1213	-92.9272
488	16.2333	405.0741	574.9997	-62.5421	302.2207	532.3044	-48.8462	290.4108	495.1926	-80.1131
489	16.2667	405.2360	575.0020	-60.2104	300.1699	532.3062	-44.9319	301.5181	493.9271	-81.8768
490	16.3000	405.5617	574.9438	-61.3326	298.1237	531.7521	-47.5431	316.2755	493.7786	-84.8109
491	16.3333	405.9025	575.0061	-66.2656	296.8090	530.4156	-54.2930	331.2723	494.8321	-84.7665
492	16.3667	406.2037	575.3209	-74.3433	296.1494	528.7735	-65.4700	343.3604	496.8115	-91.0775
493	16.4000	406.7676	575.8633	-83.1127	295.9660	527.8042	-80.3702	352.7746	499.1653	-111.4068
494	16.4333	408.0429	576.4641	-87.7367	297.0371	528.0274	-93.3099	362.6105	501.2386	-138.3236
495	16.4667	410.0895	577.0040	-83.9502	300.6909	528.8981	-97.1856	374.9456	502.6040	-155.2670
496	16.5000	412.4259	577.5960	-73.0000	306.9429	529.4418	-91.1241	388.3390	503.3559	-153.6440
497	16.5333	414.6542	578.4716	-62.1239	313.5437	529.3637	-81.9771	399.8225	503.9793	-140.2050
498	16.5667	417.2399	579.6621	-58.3201	317.8929	529.1469	-77.6276	408.7099	504.8467	-129.0698
499	16.6000	421.2912	580.8920	-61.9387	320.5106	529.0037	-80.5938	417.7758	505.8819	-130.3535
500	16.6333	427.1722	581.8154	-67.3409	326.1783	528.1546	-88.3468	431.2784	506.7034	-145.2265
501	16.6667	433.4923	582.2677	-69.2319	340.1552	525.5611	-97.4957	452.0754	507.0281	-166.9785
502	16.7000	438.0271	582.2898	-67.1571	362.0589	521.2921	-106.0535	479.0730	506.9118	-185.3711
503	16.7333	439.8775	582.0337	-64.2742	384.5504	516.7578	-112.8466	506.4682	506.6087	-193.1039
504	16.7667	440.4801	581.6859	-63.5394	400.2621	513.4684	-117.1068	527.3266	506.2329	-191.0035
505	16.8000	442.2927	581.4020	-65.6262	409.4449	511.8273	-119.2156	539.6083	505.6784	-186.8493
506	16.8333	446.5607	581.2652	-68.9620	418.1203	511.2517	-120.3640	547.3921	504.9837	-187.6932
507	16.8667	452.4717	581.3070	-70.6324	429.3100	511.1460	-120.9175	555.2050	504.6705	-193.1899
508	16.9000	458.2685	581.5115	-68.3839	439.6940	511.3811	-120.3962	563.1871	505.4217	-197.3078
509	16.9333	462.6786	581.7203	-63.1144	444.9835	511.8513	-119.2897	568.8332	507.3165	-195.9340
510	16.9667	465.1871	581.6082	-58.9203	444.2856	511.9823	-119.2008	570.4477	509.6825	-190.9404
511	17.0000	465.6892	580.9700	-59.5710	437.5531	511.1146	-120.4371	566.4639	511.9287	-186.6850
512	17.0333	464.5537	580.1096	-64.8794	422.9056	509.4563	-120.7967	554.1323	514.1959	-184.5613
513	17.0667	462.7553	579.7712	-71.1811	400.2592	508.3810	-118.1105	532.8588	516.8017	-182.4672
514	17.1000	461.3505	580.5182	-75.2693	375.5339	509.4675	-113.4400	507.9128	519.3678	-178.7976
515	17.1333	460.7272	582.1966	-76.5544	357.1495	513.1156	-109.7774	487.1869	521.1033	-174.6940
516	17.1667	460.4929	584.0439	-74.9080	348.3768	518.1086	-107.0609	473.9460	521.7986	-171.3498
517	17.2000	459.9483	585.2733	-68.8327	345.6475	522.5877	-100.9621	464.7730	521.8359	-166.9705
518	17.2333	458.4881	585.5914	-58.4251	344.0307	525.5267	-88.8164	454.2348	521.2318	-158.9744
519	17.2667	455.7576	585.3017	-48.6404	341.8264	527.3341	-75.0939	439.6965	519.5272	-148.9208
520	17.3000	451.8544	584.9652	-45.7321	339.7164	529.0942	-67.7719	422.1345	516.9112	-142.4095
521	17.3333	447.4629	584.8705	-50.0256	338.0085	531.3020	-69.1996	404.4842	514.5955	-142.5126
522	17.3667	443.4105	584.7809	-55.3089	336.0707	533.3993	-73.2741	390.0503	513.4389	-145.0903
523	17.4000	439.8505	584.2405	-56.4735	333.3249	534.4973	-72.8704	381.6164	512.8003	-143.2694
524	17.4333	436.1550	583.1336	-55.3904	329.6988	534.3691	-68.2878	380.5869	511.4843	-136.4195
525	17.4667	431.8445	581.8546	-57.7502	325.5611	533.6083	-66.5699	385.8292	509.4291	-132.1812
526	17.5000	427.3685	580.8960	-65.8825	321.7635	532.9156	-73.4245	393.4635	507.7062	-138.7297
527	17.5333	423.6965	580.3666	-76.5753	319.2742	532.4055	-87.8617	399.1218	507.0342	-156.7741
528	17.5667	421.2489	579.9874	-84.5189	318.3339	531.6011	-103.9135	401.3963	506.9928	-179.3116
529	17.6000	419.4251	579.4900	-85.5335	318.2956	529.9406	-114.5799	402.7670	506.7342	-196.5593
530	17.6333	417.1897	578.8904	-77.9950	318.4519	527.2157	-114.8044	406.5696	505.9544	-201.3189
531	17.6667	414.0229	578.3444	-64.7140	318.6015	523.6804	-105.1277	413.3634	505.0211	-193.7996
532	17.7000	410.2599	577.8451	-52.8329	318.6936	519.9598	-93.2138	420.7251	504.4833	-182.3131
533	17.7333	406.6409	577.2169	-48.1483	318.3686	516.8614	-87.6171	425.7704	504.6490	-175.6093
534	17.7667	403.7526	576.4191	-48.9953	317.1186	515.0240	-88.5176	426.5819	505.3936	-173.4502
535	17.8000	401.8619	575.6945	-48.4027	314.8123	514.5089	-87.9525	421.7416	506.0205	-168.2942
536	17.8333	400.9147	575.2951	-43.1992	312.0047	514.6883	-81.2161	410.6934	505.3642	-158.0247
537	17.8667	400.4633	575.1513	-38.8749	309.6309	514.6395	-74.9116	395.4646	502.5195	-152.7808
538	17.9000	399.8359	574.9588	-43.2450	308.1466	513.7970	-79.3554	380.5192	497.7779	-163.5076
539	17.9333	398.7186	574.5588	-55.9790	306.9789	512.3427	-93.7569	369.2943	492.6458	-184.8365
540	17.9667	397.5194	574.0894	-67.3726	305.1643	510.9814	-104.6188	360.9852	488.6984	-197.0513
541	18.0000	396.9040	573.7448	-68.7358	302.5944	510.3022	-101.5477	351.6028	486.4874	-188.6512
542	18.0333	396.9681	573.5307	-61.8792	300.2984	510.3362	-90.3959	338.4148	485.5954	-171.3630
543	18.0667	397.0795	573.3330	-56.3362	299.4293	510.7330	-86.2819	323.1490	485.4508	-167.2936
544	18.1000	396.5845	573.1216	-58.3678	300.4293	511.2997	-95.6563	310.6860	485.8128	-184.1034
545	18.1333	395.5121	572.9601	-65.2958	303.4485	512.2396	-110.2076	304.5216	486.5724	-208.5913
546	18.1667	394.5329	572.8583	-71.1131	309.0722	513.8128	-118.8638	303.9398	487.4079	-224.3613
547	18.2000	394.4002	572.7524	-75.3205	317.8011	515.8736	-121.6744	306.3372	487.8257	-230.5753
548	18.2333	395.4867	572.6587	-83.7831	328.5207	517.8739	-128.9324	311.7145	487.5753	-240.2855
549	18.2667	397.6206	572.7432	-100.2984	338.1207	519.3349	-147.0562	323.1123	487.0255	-261.3815
550	18.3000	400.2026	573.1566	-118.7721	343.7560	520.1930	-167.6877	342.2674	486.9452	-282.6350
551	18.3333	402.6596	573.8140	-127.0199	345.9609	520.5098	-174.2055	366.5263	487.5205	-283.3204
552	18.3667	404.9789	574.3933	-120.2260	348.6969	519.8683	-160.3970	390.7799	487.4960	-258.0822
553	18.4000	407.7055	574.5768	-107.2008	355.2956	517.4540	-138.3037	410.9887	484.8410	-225.9785
554	18.4333	411.2734	574.3038	-99.1348	364.6108	513.1144	-123.3534	425.2450	478.8496	-208.7811
555	18.4667	415.3867	573.8051	-95.2046	372.0652	508.1429	-116.0491	433.1916	471.4357	-205.3776
556	18.5000	419.1722	573.4131	-85.9148	374.3690	504.5099	-105.2566	435.7819	465.7797	-196.6640
557	18.5333	421.9736	573.3137	-70.5409	372.3762	503.2154	-87.5542	435.0409	463.5530	-173.4472
558	18.5667	423.9471	573.4216	-63.7782	369.3642	503.6153	-75.0212	433.1928	463.7357	-149.1430
559	18.6000	425.8314	573.4610	-79.7744	367.5715	504.2967	-80.7570	431.7268	464.1395	-142.2138
560	18.6333	428.1963	573.1885	-112.8697	366.9251	504.3597	-101.4962	430.9829	463.6962	-153.3539
561	18.6667	430.9807	572.5942	-140.6644	366.3474	503.9330	-119.5775	430.4022	463.1077	-165.3735
562	18.7000	433.6588	571.9092	-146.0066	365.3063	503.7710	-120.9491	429.6136	463.6000	-162.7912
563	18.7333	435.7830	571.3988	-130.9925	364.1509	504.4240	-107.3207	429.8004	465.4637	-146.7552
564	18.7667	437.4983	571.1420	-110.0115	363.7740	505.6036	-91.3599	433.5000	467.8725	-131.3723
565	18.8000	439.6077	571.0290	-95.1927	365.3445	506.3034	-84.5072	442.0030	469.9025	-129.9903
566	18.8333	442.9370	570.9687	-90.0390	369.8677	505.6877	-89.9475	453.1149	471.4754	-145.6050
567	18.8667	447.4076	571.0518	-92.2842	377.3508	503.8892	-103.0124	462.8629	473.1074	-169.8006
568	18.9000	451.8415	571.4760	-99.1782	386.4439	501.8150	-116.3090	469.6939	474.7443	-189.2301
569	18.9333	455.0040	572.3310	-109.9703	395.3988	500.2404	-126.1042	475.5998	475.2305	-196.6839
570	18.9667	456.8717	573.4797	-124.2617	403.3566	499.2965	-134.1855	482.5498	473.3560	-196.9778
571	19.0000	458.5606	574.6231	-139.7098	410.2220	498.7656	-143.3231	489.2695	469.3694	-199.9335
572	19.0333	460.9541	575.4712	-153.0855	415.5196	498.5454	-152.7399	492.6814	465.0585	-208.3511
573	19.0667	463.7500	575.8983	-162.0319	418.3111	498.6602	-158.2810	491.6751	462.1951	-214.5894
574	19.1000	465.9408	575.9748	-163.3422	418.4127	498.9279	-154.7594	488.2970	461.0904	-207.8930
575	19.1333	466.8971	575.8555	-152.5561	416.9507	498.8143	-139.2395	485.5211	460.7306	-185.1114
576	19.1667	466.8291	575.6501	-130.8089	415.3926	497.8277	-116.0101	484.6883	460.0820	-156.3242
577	19.2000	466.3577	575.3972	-110.4371	414.3799	496.1228	-97.4568	485.1019	459.0506	-138.7159
578	19.2333	465.7749	575.0903	-106.3833	413.5949	494.4935	-94.8243	485.5631	458.2350	-141.4270
579	19.2667	464.8110	574.6778	-120.2240	412.4256	493.5748	-107.1290	485.8681	458.0151	-157.3207
580	19.3000	463.1793	574.0884	-137.7885	410.5784	493.2531	-122.5976	486.4454	458.1448	-172.5678
581	19.3333	461.1340	573.3320	-144.3650	408.1097	493.1256	-130.9036	486.5760	458.2695	-181.3204
582	19.3667	459.1657	572.5715	-138.4384	404.9557	493.3136	-130.5907	484.0600	458.5758	-186.0538
583	19.4000	457.2251	572.0396	-129.5439	400.6129	494.2880	-125.9833	477.8660	459.6169	-187.6961
584	19.4333	454.6974	571.8579	-127.3240	394.5537	495.8416	-122.8395	470.4255	461.5662	-185.2853
585	19.4667	451.3402	571.9402	-135.4114	387.0869	496.9793	-127.8304	464.8896	464.0802	-185.6430
586	19.5000	447.8987	572.0834	-151.9483	379.7362	497.4279	-145.4573	459.1065	467.0364	-202.0694
587	19.5333	445.3720	572.1500	-170.7634	374.4303	498.7268	-170.8835	444.5501	470.8864	-236.7259
588	19.5667	443.7635	572.1644	-182.7505	371.7847	502.9058	-189.8899	414.4029	475.8663	-271.4924
589	19.6000	442.0301	572.2469	-181.3698	370.1360	510.1636	-191.9165	373.1859	481.2911	-285.5968
590	19.6333	439.4017	572.4680	-169.7005	366.8660	518.4868	-182.7546	335.6017	486.1872	-280.5604
591	19.6667	436.3190	572.7561	-159.9088	360.8389	525.4265	-179.7859	313.7413	490.2722	-279.4748
592	19.7000	433.7613	572.9636	-162.2543	353.1767	529.7564	-193.3258	306.9726	493.6645	-299.5691
593	19.7333	431.9923	573.0554	-174.3118	345.9547	531.7075	-215.4597	305.8770	495.9616	-331.4866
594	19.7667	430.4521	573.2061	-183.1400	340.7479	532.2894	-228.5112	303.5853	496.4503	-349.7192
595	19.8000	428.7721	573.6314	-178.7380	337.9424	532.4286	-222.6072	300.8081	495.2235	-340.4698
596	19.8333	427.3572	574.3203	-164.5509	336.4666	532.4137	-204.6200	301.8563	493.4692	-315.6250
597	19.8667	426.8155	575.0126	-154.3053	334.3164	532.0670	-191.5215	308.9338	492.5383	-299.8756
598	19.9000	427.1828	575.4684	-158.2996	330.1690	531.3513	-194.7964	320.3735	492.9707	-306.4248
599	19.9333	427.9128	575.6903	-173.1732	324.6575	530.5312	-210.5386	333.0572	494.3353	-327.0062
600	19.9667	428.3853	575.8616	-185.9071	319.8032	529.7495	-224.8645	346.1098	495.7866	-344.0073
601	20.0000	428.3169	576.1704	-186.8572	317.3947	528.8336	-227.4807	361.7257	496.8514	-346.9412
602	20.0333	428.0102	576.7641	-177.5418	318.1015	527.7302	-218.7428	381.5537	497.8256	-336.2831
603	20.0667	428.4244	577.7709	-167.1569	321.5235	526.9214	-206.2294	402.9250	499.3538	-318.4153
604	20.1000	430.7213	579.1908	-163.0047	326.5223	527.1380	-196.5989	420.4382	501.5776	-300.0527
605	20.1333	435.3795	580.7514	-163.0252	332.1762	528.5789	-188.7577	431.6831	503.8266	-282.2300
606	20.1667	441.6484	582.0115	-157.4700	339.3034	530.3851	-174.9089	440.1959	505.2159	-258.9414
607	20.2000	447.8493	582.6908	-140.2933	350.4471	530.9070	-151.7412	452.2393	505.4318	-227.8435
608	20.2333	452.2875	582.8732	-118.3677	367.0370	528.8020	-129.2072	471.2836	504.8942	-200.5654
609	20.2667	454.2272	582.8859	-105.4641	386.5139	524.2932	-122.2922	495.2968	504.3352	-193.2649
610	20.3000	454.3097	583.0044	-106.7628	403.2818	519.3229	-133.7443	518.0164	504.3363	-206.6025
611	20.3333	453.9852	583.2416	-113.3256	412.9319	516.0207	-150.0172	532.8907	505.0959	-222.9684
612	20.3667	454.2732	583.3812	-113.2166	415.1836	514.8406	-155.7920	537.3396	506.3868	-226.0531
613	20.4000	454.8688	583.2155	-105.4465	412.5899	514.4406	-150.1379	533.7054	507.7313	-219.3702
614	20.4333	454.4630	582.7568	-100.8998	406.9629	513.4030	-146.6473	525.4753	508.8035	-221.9725
615	20.4667	452.0957	582.2202	-109.3971	397.9387	511.7139	-156.9359	513.1862	509.7486	-244.8540
616	20.5000	448.1955	581.8382	-127.6655	385.2348	510.4657	-176.1645	495.6611	510.8921	-275.5552
617	20.5333	444.0520	581.7055	-143.3155	371.1805	510.4908	-189.6535	475.2295	511.8233	-292.2492
618	20.5667	440.2473	581.7364	-149.9308	359.6397	511.5540	-191.9525	459.0501	510.8808	-289.5333
619	20.6000	436.0028	581.7254	-152.3117	352.3492	512.7264	-190.0521	452.1239	506.2755	-279.5520
620	20.6333	430.2881	581.5034	-155.5230	347.1601	513.3400	-187.0612	448.8124	498.3391	-269.2440
621	20.6667	423.2570	581.1047	-155.9480	340.3956	513.5458	-174.8511	435.2974	490.2812	-250.9890
622	20.7000	416.2274	580.7505	-147.4949	330.7762	513.9591	-148.6202	404.0200	485.7707	-219.9636
623	20.7333	410.2823	580.5943	-131.4627	320.5401	514.8478	-119.2239	363.2797	485.5429	-188.5809
624	20.7667	405.1632	580.4799	-115.4379	312.6408	515.8491	-103.1866	328.4068	486.9316	-175.3948
625	20.8000	399.6544	580.0002	-105.8987	307.6086	516.4433	-105.4317	305.5203	486.7907	-184.9365
626	20.8333	392.9147	578.8327	-105.8261	303.6918	516.4070	-117.4726	288.4427	484.2769	-204.1225
627	20.8667	385.3338	577.0537	-115.4871	299.4377	515.7674	-128.4559	269.8268	480.7722	-215.5432
628	20.9000	378.2197	575.1547	-129.6421	295.2598	514.6644	-132.3557	250.1479	477.9870	-210.5125
629	20.9333	372.7575	573.7129	-136.2116	292.4563	513.4177	-127.0714	235.1852	476.6711	-192.2119
630	20.9667	369.1660	572.9573	-125.0292	291.2892	512.4533	-113.4195	228.3424	476.6280	-171.9583
631	21.0000	366.7474	572.6268	-99.6326	290.5853	511.9338	-96.6936	227.6796	477.2506	-162.6563
632	21.0333	364.7123	572.2597	-75.0337	289.2351	511.5773	-84.4126	229.0939	478.0252	-169.3137
633	21.0667	362.8980	571.6014	-60.7435	287.4793	510.9956	-78.4215	230.0795	478.8837	-181.3913
634	21.1000	361.6719	570.7310	-50.8528	286.3572	510.1453	-71.4092	230.2886	480.1441	-179.3729
635	21.1333	361.2688	569.8843	-35.8928	286.3813	509.3655	-56.1430	230.1487	481.9193	-156.0574
636	21.1667	361.4110	569.2480	-19.6938	287.2955	509.0386	-37.7243	229.9049	483.6450	-128.7729
637	21.2000	361.6521	568.8988	-15.8258	288.7894	509.2978	-30.9054	229.6502	484.5540	-122.5008
638	21.2333	361.9832	568.8359	-28.6331	290.6919	510.0032	-43.0381	229.8315	484.6787	-141.6534
639	21.2667	362.8988	569.0041	-46.5582	292.5055	510.8743	-64.3736	231.3306	484.9437	-166.3538
640	21.3000	364.8134	569.2861	-56.2703	293.7048	511.6065	-78.4222	234.1643	485.9936	-175.6769
641	21.3333	367.6451	569.5142	-57.2027	294.9990	511.9255	-78.0014	235.9115	487.2539	-164.7082
642	21.3667	371.2014	569.5747	-58.4611	298.4923	511.6545	-68.0691	233.7363	487.6217	-139.5331
643	21.4000	375.7720	569.6048	-64.8834	305.7479	510.8856	-57.9387	230.7830	487.1019	-110.7202
644	21.4333	381.8824	570.0726	-71.1463	316.1256	510.0885	-55.6531	238.9696	487.3088	-96.1628
645	21.4667	389.3182	571.4561	-69.6285	327.6619	509.7633	-65.1793	270.4159	489.9323	-112.8059
646	21.5000	396.7249	573.6564	-60.2114	339.1599	509.7394	-82.7587	325.3477	494.8030	-153.9865
647	21.5333	402.6255	575.8368	-50.6804	351.1173	508.9894	-98.5829	392.0291	499.8538	-187.5226
648	21.5667	407.0206	577.0878	-49.1180	365.2912	506.4820	-106.4065	457.3439	503.0117	-188.4082
649	21.6000	411.7031	577.2614	-56.8741	383.4730	502.3305	-109.2865	513.0094	503.9132	-165.8814
650	21.6333	418.5573	576.9989	-68.3548	405.6260	497.9924	-113.5270	554.5334	503.9193	-149.0626
651	21.6667	427.5538	577.0000	-76.8763	428.7150	495.2470	-119.7867	581.0139	504.7513	-151.2115
652	21.7000	436.8325	577.4885	-80.0458	448.5026	494.9684	-122.6590	596.0308	506.9713	-157.0317
653	21.7333	444.8921	578.3652	-79.8559	463.8265	496.7703	-117.8388	605.4822	509.4008	-144.7505
654	21.7667	452.2602	579.5538	-79.3461	478.4132	499.5070	-107.6285	614.2542	510.0127	-113.1882
655	21.8000	460.7053	581.0013	-79.7487	496.5667	502.1006	-98.3663	624.4495	507.8592	-81.3866
656	21.8333	471.1569	582.5278	-79.5850	517.3280	504.3746	-92.9335	635.0401	504.2854	-63.9507
657	21.8667	482.6189	583.9012	-76.4392	534.8908	507.1131	-88.0708	643.5253	501.6264	-55.6777
658	21.9000	492.6635	585.0237	-70.6102	544.5192	510.6519	-80.4298	648.9548	500.8102	-44.6060
659	21.9333	498.8899	585.9530	-65.5607	546.1093	513.5760	-72.3905	652.5417	502.1615	-31.1540
660	21.9667	500.7130	586.7833	-62.1883	542.4642	514.0965	-67.7514	654.7065	508.8154	-23.5538
661	22.0000	500.2325	587.5235	-53.6220	536.3280	513.0342	-62.2089	652.6859	524.6492	-18.9777
662	22.0333	500.8089	588.0580	-29.5544	529.2704	513.9258	-43.2144	642.1005	544.9809	-3.0092
663	22.0667	504.1681	588.2832	11.6779	522.0633	519.0474	-3.7343	621.0702	554.2530	29.3827
664	22.1000	509.0531	588.3453	56.3255	515.6686	526.2789	44.6266	593.3016	540.9693	62.3106
665	22.1333	512.9480	588.6523	84.8445	511.5125	531.1116	77.9864	567.1554	513.5049	74.5942
666	22.1667	514.6538	589.4919	91.2404	509.6969	531.1214	83.0519	550.5255	493.6818	62.0454
667	22.2000	514.8319	590.6303	89.2881	507.5036	527.6907	69.7278	546.3240	495.1743	38.5566
668	22.2333	514.6563	591.4308	93.8370	502.8052	524.6276	56.4794	553.4070	514.0587	17.6332
669	22.2667	514.6623	591.4343	98.0545	500.4547	526.1968	46.0598	570.6172	538.6010	-1.8738
670	22.3000	514.7696	590.7766	78.4378	511.5826	534.6955	22.8364	598.1983	561.1559	-31.0378
671	22.3333	514.7696	590.0613	25.4640	541.8957	547.8089	-24.1183	635.8235	579.6909	-73.8783
672	22.3667	514.3314	589.8841	-39.1977	581.7850	559.0721	-82.1024	680.2703	592.8897	-117.6307
673	22.4000	512.6320	590.3921	-82.4175	611.6772	562.4479	-125.1081	722.6070	597.7442	-144.1247
674	22.4333	508.5188	591.1883	-91.5166	616.2794	556.2354	-140.2991	745.2222	592.3618	-152.0203
675	22.4667	501.5183	591.6935	-81.2548	593.0219	542.9274	-138.3830	728.7690	579.7001	-161.0866
676	22.5000	492.7471	591.6258	-72.7044	551.7918	527.4538	-137.4897	673.0235	567.0535	-187.4614
677	22.5333	484.4854	591.0816	-70.5739	509.1560	515.5009	-140.9037	607.2122	560.7708	-218.6141
678	22.5667	478.3788	590.2397	-62.6492	478.9235	510.4176	-135.0200	567.0892	560.8045	-223.9087
679	22.6000	473.8671	589.1427	-40.5695	465.1420	510.4539	-110.9464	561.9243	560.7400	-193.3240
680	22.6333	468.6935	587.7582	-16.9573	463.1348	510.7376	-83.1196	571.8125	554.3658	-156.3253
681	22.6667	461.4724	586.2059	-14.2658	465.5451	508.7548	-76.6862	574.5661	542.9323	-150.8090
682	22.7000	453.7151	584.9784	-34.4177	467.5157	506.7164	-93.7963	566.4257	534.8559	-173.9645
683	22.7333	448.4513	584.8187	-50.3295	467.8377	508.0969	-104.3980	556.0330	536.4584	-179.7787
684	22.7667	446.3293	586.0093	-38.4331	465.6303	512.9314	-81.9554	546.3433	543.3590	-135.9700
685	22.8000	443.9705	587.7021	-11.5234	457.3983	517.3317	-39.4954	530.2221	543.4515	-68.0995
686	22.8333	437.2576	588.3693	-3.8440	440.6601	517.3866	-14.8381	504.2177	529.7734	-28.6153
687	22.8667	425.8572	587.2082	-27.1910	420.4585	513.1286	-25.3960	479.4265	509.5843	-34.7461
688	22.9000	413.5423	584.9132	-57.1522	407.6975	508.5409	-52.0587	472.0463	498.6985	-57.8255
689	22.9333	404.2387	582.8811	-63.8791	408.4531	507.5086	-64.9439	485.5235	505.3945	-64.3531
690	22.9667	398.5640	581.8512	-45.5810	417.5384	509.8108	-54.4207	508.5427	521.0582	-48.3113
691	23.0000	394.2658	581.5106	-27.5620	425.0502	511.6195	-37.2335	529.6759	528.7248	-27.5461
692	23.0333	389.3373	581.1709	-33.2931	427.5255	509.9339	-37.1005	547.7705	519.4732	-21.7421
693	23.0667	384.1835	580.4273	-61.3186	430.1088	505.5304	-59.9544	567.2843	498.0722	-34.2151
694	23.1000	380.7427	579.2425	-89.4729	438.0506	501.3519	-88.1362	587.4060	475.8770	-50.3646
695	23.1333	379.8102	577.8666	-96.9737	448.3881	499.4008	-99.1682	597.6414	463.8255	-53.9426
696	23.1667	379.7147	576.8139	-81.8044	451.9837	499.8872	-88.8645	586.0016	469.6044	-45.2901
697	23.2000	378.0056	576.5676	-60.7247	443.7859	502.0872	-74.2497	554.5256	492.5367	-40.5380
698	23.2333	374.2172	577.0713	-53.4924	429.0398	504.8548	-73.8445	523.8284	519.7605	-51.3596
699	23.2667	370.3422	577.6924	-64.9544	417.9686	506.8492	-88.1854	515.4873	534.6263	-70.6054
700	23.3000	368.5458	577.9201	-82.8643	415.7585	507.2376	-102.8246	530.8738	531.2505	-82.9610
701	23.3333	369.0762	578.0534	-93.4089	419.3506	506.3476	-107.5961	553.4033	516.9594	-85.1562
702	23.3667	370.5770	578.9691	-94.9461	422.5123	505.4312	-106.3626	569.0228	501.8160	-87.5233
703	23.4000	371.7218	581.1002	-94.5321	421.7704	505.6348	-107.6594	576.4479	491.3940	-97.5710
704	23.4333	372.0781	583.7759	-96.0169	418.1176	506.9718	-113.2073	578.7503	488.3997	-111.6486
705	23.4667	371.8519	585.7408	-96.1669	414.9679	508.2464	-119.0542	574.4745	494.2056	-124.3288
706	23.5000	371.5108	586.2959	-89.4699	414.2223	508.3515	-121.9103	560.5271	506.6319	-136.0187
707	23.5333	371.7802	585.8341	-73.5288	412.8167	507.9223	-120.4027	538.4131	520.0413	-147.4182
708	23.5667	373.5827	585.3351	-53.4085	403.6769	509.4301	-116.2089	513.4233	529.8236	-157.3218
709	23.6000	377.6035	585.4606	-41.9919	382.6296	515.1839	-117.2650	490.0157	535.4610	-170.7244
710	23.6333	383.8252	586.0537	-49.0812	355.3442	525.1175	-131.8728	470.8864	538.8667	-196.1610
711	23.6667	391.3518	586.3607	-67.6406	335.0350	536.5564	-155.4160	457.9945	541.8113	-228.9682
712	23.7000	398.5003	585.7771	-78.5559	331.2329	545.8237	-171.0807	450.8798	545.8444	-250.7745
713	23.7333	403.3629	584.4667	-72.9301	343.0142	549.6597	-168.8972	447.0797	552.0559	-252.1813
714	23.7667	404.9596	583.1738	-63.8356	365.1278	545.7137	-158.0846	450.2545	557.7550	-243.4118
715	23.8000	404.1794	582.3960	-72.0282	395.9258	533.5642	-155.8862	475.1764	554.8099	-236.3260
716	23.8333	403.4678	581.9200	-102.8141	433.9305	516.4009	-167.1878	533.5154	536.3237	-227.1713
717	23.8667	405.3326	581.2168	-138.7411	469.9743	500.6240	-178.1639	609.6738	506.4516	-204.6154
718	23.9000	410.9088	580.0721	-153.2138	489.4059	492.1908	-169.7816	659.4118	480.0791	-168.0896
719	23.9333	419.8374	578.8016	-132.0500	483.3515	492.9558	-137.5034	644.9625	471.2087	-131.6430
720	23.9667	431.2186	578.1432	-85.9380	456.3761	500.3975	-97.7816	574.4407	483.1176	-112.0673
721	24.0000	443.9684	578.9209	-42.0148	422.9680	510.0797	-73.4329	499.2011	508.0006	-115.6809
722	24.0333	456.1746	581.3221	-19.0335	396.9477	518.1575	-71.4454	467.1348	532.6426	-133.6462
723	24.0667	465.4313	584.3681	-11.5290	384.9989	522.6806	-77.5722	483.2999	546.3061	-148.6120
724	24.1000	471.0524	586.5614	-2.7640	389.3229	523.7596	-74.6968	519.8007	547.3211	-148.8029
725	24.1333	475.5026	587.2390	10.4702	411.0185	522.6478	-62.6773	553.8678	542.0657	-136.5376
726	24.1667	482.3038	586.9476	14.8387	446.5015	520.3180	-55.4828	584.0140	536.6757	-122.2377
727	24.2000	492.1731	586.5112	1.8865	483.8892	516.8933	-61.2111	614.1970	531.6561	-113.1129
728	24.2333	502.0208	586.2492	-17.2671	509.1343	512.3873	-71.4626	638.8213	524.9000	-110.0811
729	24.2667	508.1897	586.2163	-24.5227	517.1356	507.4901	-72.4692	649.4183	516.5895	-111.3498
730	24.3000	510.0782	586.6456	-17.1888	514.5353	503.2163	-62.1571	647.3829	509.0388	-113.5393
731	24.3333	510.2264	587.7029	-9.9519	511.2477	500.0897	-51.2717	642.2339	503.5090	-110.9948
732	24.3667	511.6326	589.0210	-14.6061	511.5799	498.4120	-48.8588	640.2248	499.3379	-99.8210
733	24.4000	515.6022	589.9865	-24.3820	514.4149	499.3764	-51.9307	640.6872	496.1244	-83.6321
734	24.4333	521.5067	590.5678	-21.8800	518.9346	504.8129	-51.0699	642.2101	495.7448	-71.0482
735	24.4667	527.7830	591.3922	-0.0358	526.5740	514.8820	-42.0353	645.7753	501.3669	-65.3630
736	24.5000	533.2179	592.6024	29.0954	537.4673	526.3783	-27.6260	649.4072	513.3748	-58.9385
737	24.5333	537.4644	592.9280	48.1527	547.6943	534.1709	-9.7669	644.7098	525.9856	-40.1071
738	24.5667	540.3867	590.7448	54.0994	551.9093	534.8912	13.8043	624.8140	530.1980	-6.7256
739	24.6000	541.4577	586.5018	59.8099	548.6908	529.9335	42.2573	595.8748	522.8342	27.1313
740	24.6333	540.0801	583.4034	76.3036	542.2349	524.9683	66.3643	575.6180	511.6312	41.8347
741	24.6667	535.8999	584.4808	96.6649	537.8238	524.9628	74.9367	576.8324	507.6405	32.6488
742	24.7000	528.8152	588.8308	99.4971	535.9138	528.6868	63.2274	593.1254	512.3435	13.3076
743	24.7333	519.6479	591.9526	70.2518	531.8482	529.8612	32.7109	604.3308	516.8025	-6.6575
744	24.7667	510.6757	590.5021	20.9433	521.5763	524.8453	-10.6957	597.7755	514.9387	-37.0018
745	24.8000	504.3046	585.7174	-14.3370	506.3509	516.9049	-52.6500	580.7246	511.8263	-84.9724
746	24.8333	501.2217	581.3916	-9.3570	491.3579	511.6125	-72.3232	568.2203	515.2813	-129.0248
747	24.8667	500.5481	579.6224	27.9209	481.6624	510.6953	-60.3309	564.7085	524.5055	-137.3428
748	24.9000	501.0863	579.6288	62.6505	480.2624	511.9948	-33.7458	565.6096	531.8428	-111.2918
749	24.9333	501.4002	579.7400	67.1868	486.3631	513.1146	-22.6805	569.6792	532.7127	-89.5014
750	24.9667	499.5895	579.1120	44.8528	492.2797	513.2497	-38.8376	575.9179	529.6393	-103.3719
751	25.0000	494.6551	577.7616	20.8525	486.0593	512.6933	-63.2647	572.7439	527.3313	-141.5846
752	25.0333	487.9993	576.1224	14.0612	464.4679	512.0837	-69.0881	549.2899	526.8143	-165.6908
753	25.0667	482.1963	574.8875	19.2228	443.2635	511.9916	-53.2429	520.4737	525.7241	-154.0549
754	25.1000	477.9218	574.7054	16.8605	445.4721	512.5955	-38.7504	519.8630	523.1311	-121.6451
755	25.1333	473.1009	575.6280	-0.0358	473.4013	513.5175	-43.6635	554.6618	521.4942	-96.5531
756	25.1667	465.7295	576.9074	-15.5614	499.4281	513.8311	-56.9325	586.5528	523.0578	-85.2929
757	25.2000	456.8600	577.4731	-12.7260	494.8894	512.2677	-54.1667	578.1298	526.5020	-68.9561
758	25.2333	449.7203	576.7455	1.2408	463.8334	507.8938	-31.7900	543.2559	528.6867	-34.2002
759	25.2667	445.8530	575.0781	2.2270	436.5381	500.9773	-13.4649	526.2560	527.9831	0.8774
760	25.3000	443.1966	573.3833	-20.6462	432.9970	493.1514	-21.6905	543.1104	524.3057	4.3638
761	25.3333	438.5098	572.3312	-52.2309	445.5902	486.6839	-51.7729	570.0463	518.0087	-26.7139
762	25.3667	430.8816	571.9722	-69.4338	456.1601	483.3588	-78.2503	582.8665	511.3116	-57.9686
763	25.4000	422.2176	572.0081	-64.5981	457.1025	483.4054	-82.3658	581.8747	508.7693	-58.7720
764	25.4333	414.9047	572.1912	-47.7717	452.8797	485.3782	-67.1466	578.7161	512.7469	-35.9656
765	25.4667	409.6947	572.4357	-31.4318	449.9001	487.6294	-47.0307	579.1480	519.8000	-14.9246
766	25.5000	405.5283	572.7130	-19.5659	450.2482	489.7635	-30.7765	583.5785	524.9265	-1.3124
767	25.5333	400.8150	572.9590	-10.3136	451.6206	492.1098	-18.1852	590.0422	527.4019	18.4261
768	25.5667	394.9224	573.0974	-2.2910	449.0223	494.4219	-7.9337	587.6646	528.4361	42.4206
769	25.6000	388.7203	573.1192	4.4386	437.7529	496.1380	-1.9569	557.0153	525.5480	41.7534
770	25.6333	383.7251	573.0872	10.0012	418.2410	497.4803	-2.2858	491.6768	515.0553	-4.8109
771	25.6667	380.7084	573.0408	14.2255	397.9642	499.1660	-7.4614	418.3801	499.9810	-75.1760
772	25.7000	379.2296	572.9350	15.8529	386.0368	501.0914	-13.1103	381.4161	490.2200	-117.6137
773	25.7333	378.4239	572.7198	13.9784	385.7142	502.1262	-14.8942	401.5679	492.6269	-100.2000
774	25.7667	377.9791	572.4530	9.1449	393.7084	501.3632	-11.9015	457.9842	503.7114	-39.1355
775	25.8000	378.2750	572.2855	2.2150	405.3429	499.1954	-8.6124	512.5015	514.3156	21.1546
776	25.8333	379.7010	572.3310	-5.9142	417.4443	496.9913	-11.4411	543.2146	519.4614	48.0738
777	25.8667	381.9466	572.5560	-12.8830	427.2562	495.6771	-21.0326	551.6074	520.7777	40.1032
778	25.9000	384.1482	572.7630	-15.6836	432.2942	494.7196	-29.8811	547.3992	520.3913	16.1691
779	25.9333	385.9490	572.6875	-13.4904	432.1956	492.8584	-29.6069	536.7905	516.2097	-4.3337
780	25.9667	388.1871	572.2070	-7.6496	428.9639	489.9055	-19.0895	523.7634	504.7791	-12.3656
781	26.0000	391.9963	571.5212	-0.0200	425.1779	487.2026	-5.0558	514.2762	487.0854	-10.1631
782	26.0333	397.1612	571.0327	5.8436	423.1023	485.8355	2.8425	514.6694	469.5232	-7.6489
783	26.0667	401.9426	570.9147	4.7119	424.8209	484.9365	-1.7916	526.6480	459.1298	-14.4437
784	26.1000	405.1597	570.8578	-3.4383	431.3634	482.8733	-15.6865	545.0561	459.0813	-27.9779
785	26.1333	408.4503	570.4861	-7.6582	441.7345	480.6049	-23.6006	561.1324	468.6876	-27.7158
786	26.1667	415.4846	570.1147	5.5235	453.9735	482.7086	-8.2224	568.7444	485.3860	10.1332
787	26.2000	427.7563	570.7408	34.6257	466.8357	492.9001	30.1179	568.7160	504.7386	81.0611
788	26.2333	441.4807	572.7827	59.3769	479.5380	507.8542	65.2986	568.3466	519.4930	139.5123
789	26.2667	450.3346	574.9125	59.7398	490.7064	517.6157	66.6398	576.2501	521.9546	135.4805
790	26.3000	451.8355	574.8734	36.2720	498.9748	514.4852	30.6151	595.3059	509.8707	67.5039
791	26.3333	449.8071	571.8606	6.3595	504.2484	501.0068	-17.1530	619.6134	489.8623	-16.8196
792	26.3667	449.9278	567.6452	-17.1902	507.1847	487.3743	-52.9495	639.3289	473.4589	-75.5847
793	26.4000	453.9383	564.9104	-35.2583	507.4974	481.3459	-76.1903	648.2309	468.8787	-108.5523
794	26.4333	459.1394	564.7273	-49.3521	503.7582	482.4664	-95.3590	645.7703	476.1077	-134.2821
795	26.4667	462.7031	565.9612	-50.5055	495.3714	485.6441	-106.4467	634.3496	488.6696	-154.3326
796	26.5000	464.9276	566.8646	-30.1496	484.5058	487.7074	-97.6555	617.9668	499.4589	-155.7098
797	26.5333	468.1350	566.8341	2.0887	475.4236	489.3625	-71.0148	602.0170	505.6362	-137.8556
798	26.5667	473.7277	566.6750	20.8276	471.2441	492.3122	-48.2091	590.9900	508.5837	-120.9353
799	26.6000	481.0912	567.4987	8.2093	471.3445	496.2366	-51.0075	586.2180	509.2618	-125.5542
800	26.6333	488.5825	569.5229	-27.4833	472.2560	498.9722	-78.5145	585.5199	505.1746	-150.9489
801	26.6667	494.7777	571.9207	-57.6504	470.7873	499.3514	-106.6608	582.4435	495.0309	-176.1191
802	26.7000	499.1424	573.7287	-57.9454	465.9453	499.4686	-111.0909	568.1158	486.8357	-180.4235
803	26.7333	502.1261	574.6934	-28.8910	458.6145	503.3192	-90.1142	540.2513	495.7780	-162.1048
804	26.7667	504.5567	575.1735	5.5471	450.5116	512.3965	-64.6910	509.5767	527.8870	-139.3544
805	26.8000	506.7530	575.5371	19.6102	443.5688	523.1632	-56.5986	491.2240	568.2213	-134.7795
806	26.8333	508.4097	575.9348	8.3582	439.4147	530.3383	-67.3981	490.1127	593.4143	-154.5596
807	26.8667	509.4125	576.4830	-9.2030	438.5260	532.6240	-78.7002	498.3368	596.0305	-179.5355
808	26.9000	510.3263	577.3110	-11.0354	439.8403	533.3623	-73.5757	504.3515	588.5182	-182.9365
809	26.9333	511.6785	578.3592	2.4981	441.4678	535.4902	-57.4177	501.4987	583.4364	-162.7549
810	26.9667	513.0683	579.3480	8.4568	441.6387	538.4192	-53.1048	490.4526	579.7390	-148.2174
811	27.0000	513.6090	580.0656	-9.7327	439.4663	540.4101	-72.1084	476.8372	569.8422	-163.8251
812	27.0333	513.1849	580.5187	-39.6131	436.0160	541.1181	-96.7500	466.0238	551.1824	-195.3845
813	27.0667	512.5957	580.6694	-53.7453	434.2846	540.6123	-99.2418	459.1543	528.4855	-206.5006
814	27.1000	512.1955	580.2220	-41.8338	436.2263	538.1893	-74.1495	454.0114	509.6019	-183.4036
815	27.1333	510.8669	578.9488	-20.2468	439.4508	533.5104	-43.1371	449.2942	499.4551	-147.4897
816	27.1667	506.9360	577.1795	-11.5822	438.8275	527.5741	-29.6893	447.8403	495.6314	-124.9159
817	27.2000	500.2109	575.6929	-21.9456	432.5534	521.6483	-36.5044	455.1587	490.9828	-118.2828
818	27.2333	492.7052	575.0718	-38.7862	424.9521	516.2531	-47.3149	473.0539	481.8308	-111.7380
819	27.2667	486.8702	575.3395	-46.6538	421.2260	511.8974	-45.8275	494.4273	472.0254	-94.2884
820	27.3000	483.0873	576.1959	-43.2040	420.5667	509.6680	-31.8703	506.9711	467.7645	-71.8886
821	27.3333	479.2481	577.3219	-40.5523	417.2237	509.9747	-20.7780	503.6368	470.1288	-59.8818
822	27.3667	472.9938	578.4102	-51.2382	408.3244	511.3772	-27.0547	488.4737	474.6584	-67.3653
823	27.4000	464.2184	579.1912	-73.7541	397.7649	511.6988	-48.9628	471.9637	477.1917	-88.4576
824	27.4333	455.2062	579.5913	-94.5445	391.1514	510.1227	-71.5778	462.0495	477.7421	-108.6744
825	27.4667	448.3961	579.7340	-104.2489	389.0698	507.6106	-84.5562	459.8312	478.7673	-120.2748
826	27.5000	444.2780	579.7060	-107.5380	387.4119	505.4630	-92.0631	462.2824	481.7091	-128.7304
827	27.5333	441.5981	579.4385	-115.0896	383.2830	504.0786	-103.9460	467.3841	485.9462	-142.5301
828	27.5667	439.2873	578.8854	-129.9371	378.3166	503.1920	-122.1135	475.6621	489.9887	-160.3149
829	27.6000	437.6078	578.2123	-144.6264	375.9792	502.7754	-138.3498	487.1887	492.6848	-171.2407
830	27.6333	437.2697	577.7053	-149.0629	377.2909	503.2767	-142.3444	498.9500	493.4324	-165.9903
831	27.6667	438.0375	577.5137	-137.9661	380.1217	505.0904	-129.3875	506.5356	492.0463	-144.7826
832	27.7000	438.9348	577.5586	-112.6407	381.9423	508.0810	-103.0535	508.1856	489.0920	-116.5376
833	27.7333	439.7783	577.7163	-80.7681	382.3537	511.6705	-74.8358	506.4829	486.3758	-94.7342
834	27.7667	441.7168	578.0085	-56.0459	383.0555	515.2460	-60.6831	506.0147	486.3892	-93.3478
835	27.8000	445.6638	578.4792	-52.7767	385.9915	518.2963	-71.7327	509.7489	490.3693	-118.5739
836	27.8333	450.5456	578.8673	-73.8403	391.8214	520.1117	-103.4975	517.8193	496.8118	-159.1328
837	27.8667	454.0176	578.5999	-101.7752	400.0022	519.7419	-135.0885	529.1178	502.7270	-189.4410
838	27.9000	455.3139	577.3415	-106.4553	410.0074	516.8940	-143.0474	542.8447	506.8037	-189.0874
839	27.9333	456.7306	575.5675	-70.7056	422.3338	512.9954	-120.1243	558.3650	510.6600	-160.3211
840	27.9667	461.3912	574.4092	-12.5123	438.2083	510.7300	-83.1365	574.9458	516.4806	-125.0678
841	28.0000	469.5730	574.7936	26.2874	457.6417	511.9232	-59.6232	592.2842	524.1568	-104.2958
842	28.0333	478.0923	576.7243	22.9846	477.3685	515.9171	-61.2395	610.0429	531.4653	-100.1464
843	28.0667	483.6813	579.3604	-0.0582	492.1087	520.2694	-72.0502	626.5235	536.5151	-98.3628
844	28.1000	486.3487	581.7029	-5.1696	499.6901	522.9776	-70.4130	639.6101	539.1696	-88.2340
845	28.1333	488.8933	583.1850	9.7027	504.1509	523.8108	-60.3178	649.4977	540.1175	-78.8134
846	28.1667	493.5778	583.7364	8.8404	511.5149	523.6622	-68.7475	658.4710	539.2138	-92.0740
847	28.2000	500.0216	583.5150	-30.5369	522.7806	523.2683	-108.8851	667.3833	535.3559	-136.8605
848	28.2333	506.2509	582.7501	-85.6538	533.3571	522.8251	-158.0308	674.1913	528.1261	-191.4603
849	28.2667	511.0321	581.7536	-116.0284	539.1939	522.0567	-180.0964	676.5808	518.8684	-218.6161
850	28.3000	514.7580	580.8402	-109.9810	540.7586	519.8861	-163.8122	674.5462	509.3066	-201.6656
851	28.3333	518.3709	580.1386	-91.5772	540.5403	514.7021	-131.6214	669.8934	499.4576	-161.9250
852	28.3667	521.9409	579.5158	-88.3691	539.3076	506.1313	-113.4446	664.5504	488.1018	-135.2974
853	28.4000	524.5289	578.6893	-103.5580	536.1855	496.3474	-117.8728	659.8531	475.4469	-135.0333
854	28.4333	525.3188	577.4639	-119.6335	530.5444	488.6240	-129.7989	655.8029	464.1235	-144.2319
855	28.4667	524.5642	576.0165	-120.5962	521.9686	484.6757	-130.4639	649.4239	456.9064	-141.6556
856	28.5000	523.2741	574.9339	-105.5935	509.2993	484.0341	-114.7111	635.0825	454.1245	-124.4601
857	28.5333	522.1881	574.6949	-85.4486	491.8884	485.3943	-91.5869	609.4582	453.7573	-104.8316
858	28.5667	521.3321	575.0026	-73.3283	472.1780	487.5353	-75.2312	576.8808	453.4724	-94.6506
859	28.6000	520.4823	574.8851	-77.7646	455.4474	489.3816	-75.4549	547.2459	452.2617	-97.7331
860	28.6333	519.6792	573.6752	-97.0503	445.8308	490.4080	-90.8947	527.1407	450.7447	-109.9925
861	28.6667	519.0411	571.7541	-119.1503	442.7970	491.1767	-109.6054	514.3644	450.2734	-122.5837
862	28.7000	518.2339	570.1349	-132.9190	441.8764	492.7676	-120.2437	502.1612	451.3618	-128.7308
863	28.7333	516.4836	569.4076	-139.2290	438.5884	495.4118	-122.5290	487.4586	452.8268	-129.6956
864	28.7667	513.2779	569.2885	-144.9821	431.6103	498.0696	-122.9011	473.4027	452.8037	-130.9312
865	28.8000	509.0066	569.1412	-148.5714	422.7838	499.4748	-122.4635	464.4461	450.5924	-132.5674
866	28.8333	504.8162	568.6748	-140.9362	414.8087	499.1619	-116.2976	461.1889	447.0066	-128.7828
867	28.8667	501.6906	568.0585	-121.2828	409.1542	497.3373	-104.1513	461.4602	442.9450	-117.5162
868	28.9000	499.4933	567.5766	-102.4213	406.0987	494.3104	-94.4302	465.5823	438.4857	-105.8842
869	28.9333	496.8878	567.3444	-97.3716	406.4710	490.4177	-95.3497	478.2452	433.8015	-103.4288
870	28.9667	492.3988	567.2742	-106.1658	412.2760	486.1240	-106.3189	503.5901	430.0728	-112.5929
871	29.0000	485.8601	567.1887	-117.9387	424.3385	481.8659	-119.5540	538.6482	428.5678	-127.4527
872	29.0333	478.9018	566.9761	-121.3127	439.5847	477.9901	-126.7607	572.7969	429.2755	-139.0511
873	29.0667	473.6134	566.6112	-110.6863	452.2751	474.8754	-122.9976	594.7263	431.2776	-140.1297
874	29.1000	470.2948	565.9632	-87.9315	458.5072	472.7223	-108.3671	600.6555	434.0474	-128.4712
875	29.1333	466.7300	564.7298	-63.0403	458.4423	471.1622	-89.8463	596.0301	437.4793	-110.2373
876	29.1667	460.2500	562.8040	-49.8502	453.8823	469.5139	-79.2316	589.2952	440.9363	-98.6357
877	29.2000	450.6978	560.6567	-55.0850	445.4799	467.5949	-84.2320	584.3854	443.2864	-103.9159
878	29.2333	441.0006	559.0889	-71.4998	433.5098	466.0094	-99.9310	579.1468	444.0331	-121.9211
879	29.2667	434.4292	558.5654	-84.7936	419.7753	465.5974	-111.3484	569.3037	443.7749	-135.1189
880	29.3000	431.4306	558.9511	-86.8093	406.8107	466.8547	-106.9471	552.3321	443.3126	-129.2288
881	29.3333	429.5393	559.8712	-80.4394	395.7332	469.7634	-89.4869	528.6948	442.6681	-108.4155
882	29.3667	426.1912	561.1133	-73.5307	386.1571	473.7747	-72.0790	501.8746	441.2539	-90.0635
883	29.4000	421.1335	562.6290	-70.7196	377.7618	478.0024	-64.2266	477.4482	438.8942	-85.2258
884	29.4333	416.2655	564.3171	-70.7667	371.0178	481.7653	-64.0067	460.2649	436.4508	-89.1480
885	29.4667	413.5955	565.9441	-69.6905	366.6582	484.9368	-63.5456	451.4116	435.3396	-91.0655
886	29.5000	413.2512	567.2647	-65.4979	364.9139	487.6498	-58.8809	448.3126	436.4634	-87.6897
887	29.5333	413.2177	568.1702	-59.9839	365.0416	489.8352	-52.7906	448.4097	439.6373	-84.1256
888	29.5667	411.1609	568.7241	-56.4909	365.4783	491.2402	-49.9008	452.4767	443.9673	-84.7356
889	29.6000	406.6925	569.0641	-56.8596	364.8224	491.8370	-51.6619	463.2065	448.6378	-87.6562
890	29.6333	401.7232	569.2392	-60.8359	362.9729	491.9545	-56.3464	480.3353	453.2123	-88.8887
891	29.6667	398.4919	569.1215	-67.2751	361.3742	491.7415	-62.2056	498.9983	457.2520	-88.5270
892	29.7000	397.4861	568.5271	-74.6669	362.0318	490.6155	-69.0641	514.0457	460.0222	-90.3785
893	29.7333	397.4768	567.4701	-80.7236	365.8521	487.7751	-76.5599	524.0220	460.9299	-96.2638
894	29.7667	397.1716	566.2486	-82.8517	371.5221	483.4398	-82.0486	529.5769	460.1805	-102.8234
895	29.8000	396.3055	565.2108	-80.3272	376.1816	479.0761	-82.3323	530.9781	458.6319	-104.8235
896	29.8333	395.3238	564.5011	-76.3644	377.4815	476.2118	-78.4087	529.6382	456.9274	-101.6017
897	29.8667	394.6496	564.1564	-76.9075	374.7714	475.6408	-76.7943	528.1828	455.2720	-99.8284
898	29.9000	394.3674	564.3525	-84.9574	368.3759	477.8795	-82.9156	523.5952	454.4844	-107.6843
899	29.9333	394.1755	565.2666	-94.8158	358.7915	483.2205	-91.9644	502.3123	456.6992	-123.5064
900	29.9667	393.4764	566.6455	-94.4494	347.3426	490.5733	-89.7251	450.5297	463.7449	-131.9287
901	30.0000	391.8607	567.8045	-77.4130	336.7974	497.2150	-67.1232	373.4571	474.2898	-117.0118
902	30.0333	389.6989	568.2366	-52.1694	329.8232	500.9056	-32.9733	298.4817	483.5106	-80.4750
903	30.0667	387.9697	568.0683	-35.9173	326.3472	502.1191	-7.5788	252.6303	486.8746	-43.0094
904	30.1000	387.3125	567.7988	-38.1451	323.3468	503.5424	-4.1159	239.6450	484.4425	-27.6042
905	30.1333	387.4666	567.7422	-52.3190	318.0955	507.4156	-19.9574	243.5106	480.7315	-43.9318
906	30.1667	387.7222	567.8454	-63.8518	311.0765	513.5643	-43.3723	248.7981	480.1684	-83.8853
907	30.2000	387.6583	567.9236	-63.8924	304.9181	519.7581	-62.7441	250.6366	483.3005	-125.9402
908	30.2333	387.3961	567.8978	-55.0497	301.2037	523.7316	-71.7159	249.7237	487.5087	-149.1441
909	30.2667	387.4498	567.8061	-46.7993	299.4773	524.9757	-72.9759	247.1903	490.3610	-151.8510
910	30.3000	388.4286	567.7059	-47.5669	298.8350	524.7501	-77.0051	245.1884	491.4875	-153.5751
911	30.3333	390.5882	567.6120	-58.7970	299.0823	524.5418	-90.1903	246.5015	491.7402	-169.4178
912	30.3667	393.5086	567.4984	-72.8096	300.2144	524.7389	-103.3176	250.6970	491.5851	-186.2257
913	30.4000	396.4639	567.3714	-77.4447	301.7624	524.7963	-99.3159	253.3935	490.6825	-176.8141
914	30.4333	399.3475	567.4001	-67.1859	303.1145	524.3356	-75.0168	252.3658	488.6932	-137.2559
915	30.4667	403.0374	567.9236	-50.1659	304.1731	523.7277	-47.7088	253.3239	486.0696	-94.8374
916	30.5000	408.5625	569.1620	-40.5744	305.5524	523.6387	-35.6748	266.1982	483.9687	-75.0311
917	30.5333	415.9753	570.8797	-43.4472	308.2786	524.3511	-38.7078	294.5149	483.5390	-74.6298
918	30.5667	424.1588	572.5023	-50.8995	313.0471	525.6753	-43.7592	330.3060	485.2510	-75.0420
919	30.6000	431.5932	573.6797	-55.0183	319.2646	527.2462	-45.3066	360.9655	488.6875	-71.7617
920	30.6333	437.3627	574.6017	-58.7426	325.0898	528.6619	-51.8339	380.7394	492.9125	-79.4518
921	30.6667	441.7999	575.6209	-67.8481	329.3996	529.5104	-70.6165	395.0457	497.0553	-108.7880
922	30.7000	446.2184	576.7185	-76.9692	333.8376	529.5674	-92.9167	413.7244	500.5007	-146.9543
923	30.7333	451.6960	577.6386	-74.6881	341.7781	528.9990	-101.6214	440.3640	502.8038	-167.9672
924	30.7667	457.9885	578.4884	-61.9094	354.5289	528.2166	-91.7892	468.6987	503.8643	-160.4465
925	30.8000	463.8025	579.7477	-52.5448	369.2809	527.5073	-75.4843	489.4643	504.1025	-137.8918
926	30.8333	468.3538	581.4940	-52.8166	381.8075	526.8933	-65.7872	499.6893	504.0997	-121.4983
927	30.8667	472.6145	583.0772	-52.0394	390.8056	526.3414	-64.3629	504.3310	504.1065	-120.6949
928	30.9000	478.4589	583.9708	-39.9960	398.2941	525.9689	-66.4523	509.5029	504.1015	-131.5376
929	30.9333	486.1468	584.5746	-23.1685	405.9147	525.9904	-69.3170	515.9288	504.1623	-145.1438
930	30.9667	493.2490	585.6366	-15.5091	412.6758	526.5497	-71.4758	520.0063	504.4761	-152.9554
931	31.0000	496.9249	587.1214	-20.0330	416.9486	527.6282	-70.2069	519.8787	504.9837	-149.7215
932	31.0333	497.0344	588.2171	-28.0397	419.1126	528.9477	-65.3534	517.9573	505.2805	-137.8836
933	31.0667	496.3141	588.3722	-32.6057	421.0586	529.8740	-62.1835	517.2168	505.0873	-127.6242
934	31.1000	497.7144	587.8584	-34.5206	423.7688	529.6808	-65.6860	517.4650	504.7729	-127.8726
935	31.1333	502.1685	587.3031	-35.7521	426.4563	528.2253	-73.5293	516.8427	505.1622	-137.1111
936	31.1667	508.5863	587.0267	-34.7114	428.0516	526.3079	-78.5358	515.5102	506.6613	-145.9270
937	31.2000	515.0637	586.9384	-30.4235	428.6761	525.1299	-77.6632	515.6476	508.7338	-148.2906
938	31.2333	519.9222	586.8439	-26.3024	429.1846	525.3490	-75.1759	517.9974	510.4682	-147.5420
939	31.2667	522.2617	586.6774	-26.2860	429.7817	526.6765	-76.4028	520.4516	511.5137	-150.9062
940	31.3000	522.1729	586.4843	-29.5207	429.8382	528.2488	-80.8144	520.9610	512.1682	-159.7209
941	31.3333	520.6350	586.3142	-31.3030	428.9805	529.3033	-82.3402	520.5377	512.7123	-165.9742
942	31.3667	519.0261	586.1932	-28.4510	427.6684	529.6330	-75.7560	522.0623	513.0707	-159.6505
943	31.4000	518.3337	586.1547	-22.5417	426.4786	529.5590	-62.6387	526.6329	513.1087	-140.5552
944	31.4333	518.5260	586.2308	-17.6250	425.2738	529.5279	-50.6962	532.3184	512.9025	-120.4137
945	31.4667	518.6408	586.3981	-14.7190	423.4409	529.7182	-45.8260	536.4711	512.6205	-110.0432
946	31.5000	517.5647	586.5709	-9.6912	420.7575	529.9555	-45.3982	538.1340	512.3532	-107.1581
947	31.5333	514.8306	586.6724	1.5470	417.6901	529.9191	-41.9941	537.7809	512.1578	-101.7757
948	31.5667	510.8428	586.6893	16.4523	414.9469	529.4015	-33.3838	535.8594	512.0855	-91.2212
949	31.6000	506.4774	586.6297	27.6203	413.1390	528.3453	-25.0782	532.8297	511.9817	-83.1558
950	31.6333	502.2950	586.4715	31.6259	412.7752	526.6408	-22.3260	530.0162	511.3511	-84.0558
951	31.6667	497.8934	586.2521	31.9773	413.7238	524.1334	-23.7517	528.4089	509.7320	-90.9331
952	31.7000	492.2614	586.2173	31.1855	414.2729	521.1447	-25.2434	526.0329	507.3778	-96.2138
953	31.7333	485.1467	586.7119	25.0579	411.8233	518.8092	-26.6347	518.4119	505.3880	-96.7721
954	31.7667	477.8393	587.7578	9.6293	405.6155	518.3384	-31.1934	503.2399	504.8386	-96.4253
955	31.8000	472.0926	588.8246	-10.5333	397.8391	519.8370	-40.6218	483.5978	505.6525	-101.7574
956	31.8333	468.3078	589.2481	-26.8324	390.7141	522.1844	-53.3339	465.1645	506.4280	-115.7359
957	31.8667	465.0729	588.9097	-36.4719	383.5334	524.0338	-65.9721	450.9808	505.5234	-133.3787
958	31.9000	460.3782	588.3125	-42.5813	374.2487	524.5380	-74.6789	439.9407	502.3940	-144.5085
959	31.9333	453.1399	587.9108	-47.5362	363.0929	523.3256	-77.1337	429.4161	497.9546	-143.8036
960	31.9667	443.9425	587.5581	-51.5565	352.8408	520.5605	-75.5985	418.0951	493.7938	-137.8771
961	32.0000	434.7770	586.7845	-55.8284	345.7580	517.2425	-75.9239	406.7115	491.0586	-138.9414
962	32.0333	427.8092	585.5061	-61.8395	341.6079	514.9047	-81.1341	396.9191	489.8896	-150.5584
963	32.0667	423.7317	584.2200	-67.9005	338.7708	514.5883	-87.3037	389.6084	489.7656	-162.8764
964	32.1000	421.1290	583.4287	-69.7629	336.3989	515.9845	-88.1236	384.5480	490.3331	-164.3909
965	32.1333	417.7885	582.9985	-65.7471	334.9407	517.4249	-83.5626	382.0242	491.6926	-156.9629
966	32.1667	412.8381	582.2347	-60.2312	334.9165	516.8618	-82.0792	384.0464	493.7871	-155.8619
967	32.2000	407.4486	580.6157	-60.4402	335.8046	513.4563	-92.1827	392.3640	496.0176	-173.1685
968	32.2333	403.3623	578.3601	-68.4786	336.4497	508.4100	-111.9335	405.3107	497.9194	-202.9050
969	32.2667	401.0745	576.2099	-77.8872	336.8050	503.8149	-129.4578	419.1663	499.6105	-225.4843
970	32.3000	399.7775	574.7445	-81.0116	339.3568	500.5796	-135.1187	434.4724	500.6434	-226.2920
971	32.3333	398.7201	574.0008	-79.0906	347.9746	497.9235	-130.9680	458.0654	498.9292	-207.3917
972	32.3667	397.9758	573.6817	-80.7386	363.9258	494.9136	-126.2689	493.8695	492.3909	-181.8925
973	32.4000	397.9026	573.5589	-89.3871	382.8608	491.8069	-125.2243	532.5994	482.0153	-160.2863
974	32.4333	398.3979	573.5957	-97.0460	397.1820	489.4871	-122.2808	557.1182	471.9145	-143.6748
975	32.4667	398.9193	573.7656	-94.2416	402.3697	488.1044	-110.6517	559.9628	465.6364	-128.7340
976	32.5000	399.1212	573.9099	-82.9421	400.4807	486.9549	-92.8715	550.5897	463.2541	-115.6687
977	32.5333	399.3819	573.8502	-74.8616	397.1593	485.6018	-79.6438	543.2108	462.5231	-108.3458
978	32.5667	400.6054	573.5765	-78.3611	396.1528	484.4809	-78.9955	542.1547	461.8467	-108.5073
979	32.6000	403.3716	573.2450	-91.2597	397.2994	484.1883	-89.5120	542.1752	461.2780	-113.9842
980	32.6333	407.3832	573.0270	-105.5467	398.7668	484.6210	-103.4703	538.9780	461.3156	-121.8318
981	32.6667	411.9324	573.0338	-114.4840	399.7205	485.2276	-113.0858	534.3420	461.8301	-129.4432
982	32.7000	416.7178	573.3430	-114.6388	400.5972	485.8919	-113.7397	531.8869	462.2982	-133.2953
983	32.7333	421.7771	573.9594	-105.5763	401.7525	487.0529	-105.1614	532.1389	462.4944	-130.5124
984	32.7667	426.6857	574.7189	-90.7251	402.6481	488.8528	-91.9055	532.9383	462.6125	-122.3907
985	32.8000	430.4531	575.3313	-76.9765	402.4521	490.6202	-81.1721	532.5518	462.8686	-114.2398
986	32.8333	432.6025	575.6012	-70.4579	401.3430	491.5933	-77.6906	531.1218	463.2158	-110.6982
987	32.8667	434.0835	575.6098	-71.6160	401.1437	491.9601	-79.7790	529.9729	463.4481	-111.3733
988	32.9000	436.7024	575.6596	-74.8885	404.1875	492.7376	-80.8473	530.4048	463.4619	-111.2976
989	32.9333	441.5389	576.0010	-73.9481	410.9191	494.5986	-75.7527	532.7919	463.3703	-106.1861
990	32.9667	447.8632	576.5684	-67.7338	418.7404	497.1354	-65.9692	536.2622	463.3814	-97.2874
991	33.0000	453.4878	577.0075	-61.1772	423.9446	499.3408	-57.8251	539.3189	463.5576	-90.1709
992	33.0333	456.3779	577.0401	-59.8635	424.9640	500.5782	-55.9466	540.9991	463.7022	-89.1583
993	33.0667	456.3738	576.8029	-64.4351	423.3318	501.0370	-59.8795	541.3742	463.6081	-94.6863
994	33.1000	455.4611	576.7306	-70.3144	421.6180	501.4953	-66.6060	540.9302	463.5541	-105.2492
995	33.1333	456.0897	577.0748	-72.1828	421.1171	502.7790	-73.6803	539.6518	464.4648	-118.7076
996	33.1667	459.0650	577.6468	-68.6460	421.5353	505.2137	-79.5092	536.7894	467.3019	-131.7305
997	33.2000	463.0749	578.1148	-63.3336	421.9366	508.2479	-83.3647	531.4078	472.2236	-141.3426
998	33.2333	466.2204	578.4637	-61.4807	421.3166	510.6576	-86.2486	522.9827	478.5314	-147.6277
999	33.2667	467.9497	579.0209	-64.7118	418.8342	511.6178	-89.6747	511.4030	485.3578	-152.3394
1000	33.3000	469.4157	580.0464	-69.7260	414.4891	511.8484	-93.3028	496.6099	491.9912	-155.6566
1001	33.3333	471.8596	581.4419	-73.6895	409.5860	513.3518	-96.9523	478.5889	497.6344	-158.9600
1002	33.3667	474.9240	582.8864	-79.8808	405.6455	517.5916	-104.9674	458.0197	501.5923	-169.8863
1003	33.4000	477.0631	584.1033	-93.7218	402.5179	523.9431	-122.3751	437.0285	503.9396	-195.4029
1004	33.4333	477.5275	584.9368	-112.1780	398.2786	530.1101	-143.9031	418.8725	505.4846	-226.3957
1005	33.4667	477.3034	585.3360	-122.5356	391.6248	534.0599	-153.8341	406.2491	506.8449	-239.4593
1006	33.5000	477.9469	585.3883	-115.5329	384.0306	535.5028	-142.4610	399.8470	507.8417	-221.7155
1007	33.5333	479.9593	585.2837	-96.2140	378.6683	535.6029	-117.7609	398.5730	507.8282	-186.4496
1008	33.5667	482.4833	585.1575	-78.4566	376.9028	535.5260	-95.8603	400.6055	506.3395	-157.2900
1009	33.6000	484.2679	585.0146	-71.5396	376.5495	535.5100	-84.7497	404.0775	503.5114	-144.0305
1010	33.6333	484.7680	584.8600	-74.2930	374.4990	535.2291	-81.9196	407.9190	500.2616	-140.7017
1011	33.6667	484.5395	584.8488	-78.9477	370.9492	534.5795	-82.7299	413.1393	498.0822	-140.2242
1012	33.7000	484.8202	585.2141	-77.7481	369.8361	533.8305	-84.6635	422.6130	498.2343	-141.6304
1013	33.7333	486.6700	586.0134	-68.1223	374.2244	533.3115	-85.5189	437.9807	500.8459	-144.9888
1014	33.7667	490.1705	586.9929	-54.1498	382.0304	533.2759	-83.0981	456.5345	504.7880	-147.0932
1015	33.8000	494.2143	587.7589	-42.6094	387.8389	533.8188	-77.8685	472.7860	508.4965	-145.0168
1016	33.8333	497.2528	588.1041	-37.1521	389.2464	534.4936	-73.6634	484.2829	510.9500	-140.9342
1017	33.8667	498.5528	588.1746	-36.4832	390.2027	534.1249	-73.9522	494.9191	511.9167	-139.6591
1018	33.9000	498.6693	588.3338	-36.4937	397.1067	531.5705	-77.3022	510.9423	511.4934	-141.3273
1019	33.9333	498.5879	588.8268	-32.6863	411.8880	526.9345	-78.0622	533.6705	509.8230	-140.3594
1020	33.9667	498.6921	589.5019	-22.6859	429.7018	521.7659	-72.7791	557.1778	507.4063	-133.6741
1021	34.0000	498.7747	589.8369	-9.4005	443.4698	517.8061	-65.0138	573.5503	505.2087	-126.7117
1022	34.0333	498.6813	589.2873	-1.4315	450.0375	515.5934	-62.9541	579.9816	503.9039	-128.7710
1023	34.0667	498.4826	587.6970	-7.6619	451.6736	514.3797	-72.7859	580.1911	503.1445	-144.2477
1024	34.1000	498.0939	585.5093	-29.2930	452.1523	513.2910	-93.3737	578.9430	502.0948	-168.9952
1025	34.1333	497.1396	583.6453	-56.9706	452.1527	512.3173	-115.5115	576.2670	500.6538	-192.5022
1026	34.1667	495.4428	582.9864	-77.3517	449.0337	512.0232	-127.8459	568.2441	499.6232	-204.0093
1027	34.2000	493.4772	583.7039	-84.6084	440.9102	512.5582	-127.0920	552.7388	499.5215	-201.2512
1028	34.2333	491.8830	585.0902	-85.8835	429.5469	513.4507	-122.8947	532.2465	499.6898	-195.1872
1029	34.2667	490.3402	586.1733	-93.9870	418.3046	514.3833	-129.8108	510.7558	498.8987	-202.6544
1030	34.3000	487.3097	586.4516	-114.3815	408.6666	515.6066	-153.1058	489.6039	496.6210	-231.2938
1031	34.3333	481.3980	586.0038	-140.7892	400.4015	517.3415	-183.9630	467.2968	493.4187	-272.5215
1032	34.3667	473.0377	585.1336	-162.7278	393.8404	519.2421	-208.7175	442.6508	490.2691	-309.5279
1033	34.4000	464.5071	584.0935	-173.8823	389.7764	520.8319	-219.7979	417.6910	487.8903	-329.6130
1034	34.4333	458.0266	582.9769	-173.4113	387.5776	522.0969	-217.4048	397.3778	486.6018	-329.1708
1035	34.4667	453.8420	581.6867	-164.3771	385.3374	523.1848	-205.8821	385.9666	486.3585	-312.8359
1036	34.5000	450.3431	580.1109	-153.4449	382.1549	523.7835	-192.6144	383.4373	486.8258	-292.4019
1037	34.5333	445.9744	578.4240	-147.9955	379.0132	523.2962	-186.8120	385.5927	487.7039	-282.5403
1038	34.5667	440.7099	577.0620	-148.9545	377.0480	521.5229	-191.9063	387.7543	488.9576	-289.0256
1039	34.6000	435.7298	576.3002	-147.8075	376.1607	518.7944	-197.9231	389.4521	490.4606	-299.0573
1040	34.6333	432.1866	575.9917	-134.9631	376.1431	515.5354	-188.0162	396.3294	491.4536	-289.7400
1041	34.6667	430.4711	575.8094	-111.3121	378.0452	512.0443	-156.8677	415.3042	490.6295	-251.3723
1042	34.7000	430.2031	575.5857	-88.8578	382.9538	508.5870	-119.3826	445.3236	486.9052	-200.5649
1043	34.7333	430.4977	575.2693	-80.1071	389.7690	505.1966	-97.7788	474.7295	480.2574	-166.8026
1044	34.7667	430.3764	574.6794	-87.9873	395.6141	501.3592	-100.7457	491.2820	472.0430	-164.6184
1045	34.8000	429.3250	573.5675	-104.3305	398.6476	496.6102	-116.0840	493.9327	464.5200	-179.4819
1046	34.8333	427.6334	571.9655	-117.2733	399.2538	491.7633	-124.1365	491.2027	459.7008	-184.1871
1047	34.8667	426.1089	570.2760	-122.3009	397.8516	488.7811	-119.0778	488.4617	458.2412	-170.6760
1048	34.9000	425.3896	568.9236	-125.7049	392.8074	488.7826	-114.5971	481.6068	459.2299	-159.6555
1049	34.9333	425.5746	568.0218	-134.1365	382.2838	490.6907	-125.0198	465.5420	461.0424	-172.3975
1050	34.9667	426.4418	567.4121	-142.6657	368.0092	492.4528	-144.1205	444.7296	462.4853	-199.3762
1051	35.0000	427.7883	566.9021	-139.5032	355.3393	493.2126	-151.0936	430.2356	463.2816	-209.9635
1052	35.0333	429.5523	566.4157	-123.3733	348.8176	493.7273	-138.3997	427.6756	463.7329	-193.0938
1053	35.0667	431.8763	566.0211	-109.5720	348.8997	494.8776	-124.1159	433.2165	464.2080	-173.7036
1054	35.1000	435.1026	565.9203	-114.1724	353.5915	496.3549	-130.3492	441.4319	464.9804	-181.4570
1055	35.1333	439.4399	566.3995	-135.5112	361.7022	497.0220	-155.6482	451.8446	466.2479	-213.5086
1056	35.1667	444.5999	567.6467	-156.6259	373.0894	496.3217	-177.5961	466.0022	467.9743	-239.4831
1057	35.2000	450.0711	569.4780	-164.6685	386.6531	494.9722	-180.0662	482.2649	469.6202	-238.2568
1058	35.2333	455.8408	571.2950	-161.9098	400.0319	494.2018	-168.4274	496.6553	470.1561	-217.6573
1059	35.2667	462.4858	572.5030	-156.9432	411.6688	494.5519	-157.2170	507.2809	468.6453	-198.3649
1060	35.3000	470.2188	573.0069	-151.5751	421.9896	495.5792	-151.6862	515.5591	465.1364	-189.8993
1061	35.3333	478.0302	573.1870	-141.2595	431.9436	496.5152	-146.4087	523.5011	460.9709	-187.4143
1062	35.3667	484.2571	573.4033	-125.7712	441.2397	496.9169	-137.8120	531.3985	457.8777	-185.4762
1063	35.4000	488.1756	573.6445	-112.8359	448.7808	496.6630	-131.0350	538.3685	456.5523	-186.2796
1064	35.4333	490.7301	573.6531	-108.8220	454.2132	495.6975	-131.9946	543.9787	456.1848	-192.6128
1065	35.4667	493.4103	573.2921	-110.8904	458.0026	494.2192	-137.6201	548.2892	455.4976	-199.6497
1066	35.5000	496.5654	572.7588	-113.5267	460.1442	493.0951	-140.5225	550.5112	454.2892	-201.3075
1067	35.5333	499.1168	572.4584	-119.7025	459.8674	493.4941	-142.1005	548.9574	453.8996	-202.8628
1068	35.5667	499.8754	572.6567	-138.1872	456.8737	495.6199	-153.0799	543.3615	455.9083	-218.0176
1069	35.6000	498.8439	573.2363	-169.1233	452.0493	498.0813	-178.0228	536.5240	460.2222	-249.5112
1070	35.6333	497.1494	573.8324	-198.6200	446.5413	499.2743	-205.2045	531.3424	464.8198	-279.2679
1071	35.6667	495.9049	574.2473	-210.9239	440.7272	499.6047	-217.1142	525.0699	467.8947	-285.4889
1072	35.7000	495.2642	574.6773	-202.7296	434.6207	501.6412	-208.5880	509.1682	470.0389	-267.9287
1073	35.7333	494.4900	575.4232	-183.3083	428.8068	507.3796	-190.3467	478.5147	473.6436	-248.8191
1074	35.7667	492.8154	576.4203	-163.6432	424.1054	515.6705	-175.8933	439.9501	480.1030	-247.2830
1075	35.8000	490.2319	577.2349	-148.5254	420.2286	523.0943	-169.2214	407.8084	488.1804	-259.5223
1076	35.8333	487.4554	577.5531	-137.8007	415.4250	527.2706	-166.3283	390.4970	495.2828	-268.5171
1077	35.8667	485.1367	577.4926	-131.8151	407.9940	528.5697	-165.2044	384.4257	499.7680	-268.0827
1078	35.9000	483.2688	577.3736	-133.7867	398.3344	528.6604	-170.2604	381.3126	501.6638	-270.1663
1079	35.9333	481.5259	577.3456	-146.2236	389.2826	528.4319	-185.6436	377.6971	501.7652	-287.9946
1080	35.9667	479.9686	577.3514	-164.7086	383.8680	527.8010	-205.4352	375.4923	500.8053	-315.5267
1081	36.0000	479.0325	577.3650	-177.1980	382.5183	526.7611	-213.5321	376.5283	499.2992	-326.7119
1082	36.0333	478.8650	577.5043	-173.1651	382.8356	525.7835	-197.2898	380.4406	497.5141	-299.3923
1083	36.0667	479.0545	577.8676	-153.9670	382.2491	525.2733	-162.4433	387.3180	495.5288	-242.2192
1084	36.1000	479.1107	578.3559	-131.5678	380.5297	525.1060	-131.1456	399.0129	493.6136	-193.0879
1085	36.1333	478.9378	578.7528	-116.8738	379.4654	524.8403	-122.4403	416.3755	492.4747	-185.2525
1086	36.1667	478.6948	578.9610	-111.3829	380.2843	524.2485	-135.4542	436.5600	492.8935	-215.8365
1087	36.2000	478.4454	579.0800	-109.5386	381.9206	523.5425	-152.4778	454.7508	495.1180	-250.4321
1088	36.2333	478.2886	579.2462	-106.2898	382.3557	523.0848	-157.1239	468.7542	498.6037	-257.5087
1089	36.2667	478.8124	579.4587	-101.1860	381.6836	522.9590	-148.2845	480.7776	502.2438	-236.0809
1090	36.3000	480.9425	579.5935	-96.3286	382.9923	522.9045	-137.0417	493.9847	504.9372	-210.3470
1091	36.3333	484.9253	579.5502	-92.4760	389.1874	522.6617	-132.5539	508.2274	506.2203	-201.2024
1092	36.3667	489.6934	579.3410	-88.4463	399.2325	522.2784	-133.3638	520.3827	506.4730	-206.8140
1093	36.4000	493.8250	579.0468	-83.6210	408.9950	521.9909	-131.7164	528.5580	506.3521	-209.9535
1094	36.4333	497.1039	578.7718	-79.9290	416.0191	521.8098	-123.8703	534.5927	505.9180	-199.7172
1095	36.4667	500.4899	578.7098	-81.1849	421.7966	521.3417	-115.4049	541.8090	504.5509	-183.9406
1096	36.5000	504.4748	579.1829	-89.7623	428.7501	520.1772	-116.4634	551.0851	501.9674	-181.1355
1097	36.5333	508.2493	580.4309	-102.8796	436.6778	518.4738	-130.8785	560.0430	499.0308	-200.4315
1098	36.5667	510.8517	582.2593	-112.8121	443.2426	516.9608	-149.7689	565.7257	497.0880	-229.4034
1099	36.6000	512.4774	584.0052	-112.5075	446.9418	516.2150	-157.8332	567.2444	496.6220	-244.0438
1100	36.6333	514.0501	585.0037	-102.0511	448.5097	516.0295	-148.4770	566.0500	496.9810	-233.8109
1101	36.6667	515.8329	585.0994	-89.3962	449.5712	515.6721	-132.3178	564.4340	497.3324	-214.7944
1102	36.7000	517.1370	584.6718	-83.2706	450.7110	514.7397	-127.0283	563.8694	497.4046	-211.8769
1103	36.7333	517.4324	584.2342	-84.6410	451.4003	513.5572	-137.6413	564.3638	497.2812	-228.3193
1104	36.7667	517.1059	584.0626	-86.9257	451.4275	512.6807	-151.3622	565.1507	496.9814	-242.2055
1105	36.8000	516.6743	584.1272	-85.4310	451.3445	512.2508	-153.9683	565.8201	496.5919	-235.2517
1106	36.8333	515.5533	584.2435	-83.7039	451.1440	512.0403	-145.9853	566.4590	496.5944	-214.4252
1107	36.8667	512.1759	584.2382	-88.4513	449.2953	511.9283	-138.6546	566.6671	497.5810	-198.9827
1108	36.9000	505.5161	584.0071	-100.1750	443.8943	511.9604	-138.1048	565.0494	499.4870	-194.9398
1109	36.9333	496.3725	583.4972	-111.3734	434.7002	511.9885	-139.2544	560.3140	501.4250	-191.9870
1110	36.9667	487.0249	582.7161	-114.3162	423.4917	511.6298	-135.4191	552.6158	502.5568	-183.0882
1111	37.0000	479.5265	581.7959	-110.0581	412.1988	510.7423	-129.9274	543.0410	502.9113	-177.8086
1112	37.0333	474.2479	581.0117	-108.7570	401.1055	509.7497	-134.3921	532.0346	502.9692	-191.2822
1113	37.0667	469.9762	580.6422	-119.3445	389.4218	509.3072	-154.1327	519.5327	502.5586	-222.4774
1114	37.1000	465.2270	580.7216	-138.7140	377.4066	509.6407	-177.9304	506.4164	500.7075	-249.5974
1115	37.1333	459.4523	580.9192	-153.3518	367.1299	510.2968	-186.8588	493.9248	496.8966	-251.0999
1116	37.1667	453.3289	580.7295	-152.7070	360.7597	510.6119	-173.7704	481.0137	492.1221	-228.5888
1117	37.2000	448.0811	579.8227	-139.2646	358.2711	510.4086	-149.7493	463.9601	488.1623	-203.0598
1118	37.2333	444.2797	578.2434	-124.6159	357.0663	510.1286	-130.4839	439.9221	485.7987	-190.2165
1119	37.2667	441.0718	576.3685	-117.7506	354.0867	510.2611	-121.8790	410.4744	484.2936	-188.4483
1120	37.3000	436.6980	574.7160	-118.9636	348.4525	510.7622	-121.2306	381.0038	482.6544	-191.3348
1121	37.3333	430.0231	573.6601	-123.2281	341.8415	511.0919	-125.3924	356.8727	480.7101	-199.0353
1122	37.3667	421.6675	573.1785	-126.0624	336.2472	510.7342	-131.9626	340.2190	478.7493	-211.4179
1123	37.4000	413.5142	572.8731	-125.7676	331.9674	509.6393	-136.9123	329.6382	476.9295	-221.1172
1124	37.4333	407.0444	572.3011	-122.2836	328.2126	508.2307	-136.9384	322.3697	475.5234	-221.8902
1125	37.4667	402.3666	571.3200	-115.5678	324.9895	507.0423	-133.0457	317.0924	475.0944	-218.1041
1126	37.5000	398.8335	570.1586	-106.0988	323.3624	506.3450	-129.9558	314.7314	475.8407	-221.1233
1127	37.5333	396.0422	569.2019	-97.1053	323.9230	506.0873	-132.5811	316.0969	477.1207	-238.2441
1128	37.5667	393.9563	568.6890	-94.1332	325.8424	506.0939	-141.4707	319.1399	478.0616	-264.0982
1129	37.6000	392.5446	568.5482	-100.8154	327.7150	506.2143	-151.3767	320.4345	478.4293	-282.8357
1130	37.6333	391.7287	568.4994	-115.8629	328.9091	506.2573	-157.9479	320.5419	478.6445	-284.5234
1131	37.6667	391.4652	568.3247	-133.5422	329.7990	505.8551	-164.4583	325.8810	479.1616	-278.0874
1132	37.7000	391.5855	568.0283	-146.2423	330.8287	504.5741	-176.5555	341.9256	480.0929	-280.5527
1133	37.7333	391.7318	567.7482	-150.2491	331.7180	502.4047	-193.4364	364.9859	481.2507	-297.4413
1134	37.7667	391.7879	567.5922	-151.2006	332.0861	500.0822	-209.8529	385.4356	482.1248	-320.5379
1135	37.8000	392.3751	567.6136	-158.9862	333.2099	498.4538	-221.9042	400.9344	481.8082	-336.3958
1136	37.8333	394.6061	567.8737	-174.2101	338.6863	497.3411	-225.2578	421.3623	479.5083	-330.0174
1137	37.8667	399.1506	568.4115	-184.0857	352.0920	495.5283	-213.5021	456.0919	475.4952	-291.6826
1138	37.9000	405.6332	569.1334	-175.3339	373.2551	492.2803	-185.1382	499.9372	471.1988	-229.8705
1139	37.9333	412.9857	569.8147	-149.0943	397.3600	488.5269	-149.7739	537.2596	467.9982	-170.3146
1140	37.9667	420.2077	570.2882	-120.2756	418.4660	486.0803	-122.2504	558.3189	466.1474	-134.9456
1141	38.0000	426.7843	570.6145	-102.8521	433.8848	485.8565	-110.3133	566.7974	465.1249	-124.9361
1142	38.0333	432.6898	571.0007	-98.5614	444.8557	487.2165	-110.2165	572.0046	464.6293	-126.9469
1143	38.0667	438.1159	571.5476	-100.2066	453.3849	488.8134	-113.7233	578.2431	464.7138	-130.4974
1144	38.1000	442.9333	572.1345	-101.9430	459.4903	489.5526	-116.2000	583.3759	465.0925	-134.0211
1145	38.1333	446.3742	572.5634	-103.5843	462.0489	488.8418	-117.7913	585.0824	464.9235	-138.0446
1146	38.1667	447.7264	572.7712	-108.0041	461.2576	486.7344	-121.0365	584.6039	463.5489	-141.6740
1147	38.2000	447.6214	572.8947	-118.3617	458.4499	484.3523	-129.6574	582.8276	461.2048	-147.8680
1148	38.2333	448.0797	573.1612	-136.7187	453.4041	483.6741	-146.6684	575.5187	458.8177	-164.7592
1149	38.2667	450.6269	573.7114	-161.7453	444.0110	486.0405	-170.4941	556.9838	457.2585	-195.9062
1150	38.3000	454.5867	574.5072	-186.4713	429.9959	490.7072	-193.0078	528.9866	456.8776	-231.0774
1151	38.3333	457.8300	575.3884	-199.7518	415.3654	495.3473	-202.8507	501.9566	457.4993	-250.7057
1152	38.3667	459.0618	576.1817	-193.7131	405.2276	498.1367	-193.2569	485.2636	458.5705	-241.7141
1153	38.4000	458.7987	576.7478	-172.6397	400.9543	499.0671	-168.8002	478.8670	459.3197	-209.3979
1154	38.4333	458.2422	577.0069	-151.3385	399.9539	499.3400	-142.1561	475.7309	459.0776	-171.6766
1155	38.4667	457.9483	577.0052	-140.0393	399.4307	500.0625	-121.5086	469.3133	457.8344	-141.4229
1156	38.5000	457.8411	576.9437	-133.9791	398.7882	501.6736	-104.6659	457.2954	456.5556	-119.2824
1157	38.5333	457.9428	577.0621	-123.6570	398.7144	504.1100	-88.9266	441.4392	456.5800	-104.8778
1158	38.5667	458.5121	577.4391	-112.1474	399.5647	507.1148	-81.8077	426.4367	458.4080	-106.9553
1159	38.6000	459.5090	577.9146	-113.4423	401.2054	510.3625	-95.0691	417.2732	461.2145	-135.2871
1160	38.6333	460.2877	578.2441	-132.1167	403.5502	513.1825	-127.8303	415.7696	463.6765	-183.5178
1161	38.6667	459.9987	578.3233	-152.7467	406.4297	514.1879	-160.9733	419.9974	465.0775	-225.9913
1162	38.7000	458.3138	578.2447	-156.3352	409.1073	511.9593	-173.5714	427.1810	465.5548	-238.2519
1163	38.7333	455.7719	578.1757	-143.3264	410.4960	506.8315	-164.4537	436.0366	465.6588	-221.8561
1164	38.7667	453.3677	578.2003	-131.4117	410.0387	501.4208	-151.8151	446.1280	465.9202	-202.4821
1165	38.8000	451.7178	578.2326	-130.5237	408.2280	498.4012	-149.8595	456.5247	466.5623	-200.4172
1166	38.8333	450.6219	578.0715	-129.6305	406.1828	497.9721	-152.2294	466.1518	467.2705	-209.1234
1167	38.8667	449.4105	577.5755	-113.2746	404.7454	498.1583	-143.1920	474.6500	467.2664	-207.3244
1168	38.9000	447.5893	576.7639	-84.2234	403.9173	497.2369	-120.2191	481.9879	465.8869	-186.8060
1169	38.9333	445.1059	575.7179	-61.4791	403.0091	495.2020	-97.8870	487.7394	463.2542	-161.0612
1170	38.9667	442.1861	574.4944	-58.6149	401.3199	493.1108	-90.4665	491.4128	460.3070	-147.8074
1171	39.0000	439.1467	573.2371	-72.4550	398.8001	491.7420	-98.2782	493.1494	458.0701	-150.8826
1172	39.0333	436.3669	572.2408	-92.6023	396.1120	491.0767	-112.9860	493.6572	456.9227	-162.5201
1173	39.0667	434.2371	571.7133	-113.3041	394.0492	490.6894	-129.3221	493.6030	456.5569	-176.8377
1174	39.1000	432.9783	571.5236	-132.9007	392.9654	490.2711	-146.5764	493.2410	456.4393	-193.5959
1175	39.1333	432.5141	571.3497	-147.8570	392.7694	489.7727	-161.8883	492.6358	456.1633	-209.8034
1176	39.1667	432.5536	571.0565	-152.9783	393.2508	489.2891	-167.9952	492.2609	455.5450	-215.0259
1177	39.2000	432.7800	570.8053	-147.2791	394.0924	489.0116	-160.1593	492.9535	454.7861	-201.0456
1178	39.2333	432.9710	570.8018	-137.2747	394.5394	489.2753	-144.6478	494.3424	454.7406	-176.6564
1179	39.2667	433.0457	571.0545	-133.0421	393.5435	490.4633	-137.4714	493.1840	456.7280	-167.3032
1180	39.3000	433.0851	571.4111	-140.2635	390.7749	492.7007	-150.8754	484.5579	461.5757	-192.7542
1181	39.3333	433.2603	571.7517	-155.6768	387.3590	495.6243	-179.6157	465.6283	468.6085	-243.3740
1182	39.3667	433.6410	572.0856	-170.2239	384.9808	498.5515	-203.1206	437.4675	475.6288	-283.8720
1183	39.4000	434.0690	572.4820	-176.7786	384.0482	501.0917	-204.5663	403.2339	480.1160	-286.3801
1184	39.4333	434.3049	572.9650	-174.8435	383.0059	503.7395	-187.6017	367.1433	481.0073	-258.8724
1185	39.4667	434.3241	573.4801	-168.1357	379.5208	507.6114	-171.3445	335.9063	479.8507	-235.2573
1186	39.5000	434.3895	573.9287	-159.5150	372.3147	513.1639	-169.4625	316.8188	479.9167	-238.0702
1187	39.5333	434.7877	574.2329	-150.1486	362.1854	519.2213	-178.5764	311.1738	483.3008	-258.7907
1188	39.5667	435.5564	574.3883	-142.2437	351.6068	523.7101	-186.8576	312.1196	488.6918	-274.7026
1189	39.6000	436.5302	574.4475	-139.2278	343.2810	525.5346	-187.4568	311.7080	492.5521	-273.8395
1190	39.6333	437.6230	574.4722	-142.3398	338.7534	525.5796	-181.3821	308.6486	492.6423	-259.9223
1191	39.6667	439.0285	574.5582	-148.7774	337.9463	525.8027	-172.9490	307.9545	489.9759	-243.1273
1192	39.7000	441.1677	574.8719	-154.2015	339.5589	527.4363	-166.3150	314.4477	487.3962	-232.2190
1193	39.7333	444.3672	575.5327	-156.4604	341.8910	530.1117	-163.7660	327.6695	486.8582	-230.0551
1194	39.7667	448.3775	576.4257	-156.5076	343.6506	532.6124	-164.2538	342.7640	488.2518	-231.6504
1195	39.8000	452.2115	577.2565	-156.2062	344.3292	534.2603	-164.1862	356.0877	490.3585	-228.6934
1196	39.8333	454.8451	577.8479	-155.5511	344.1805	535.3775	-161.0398	369.4891	492.4896	-218.3791
1197	39.8667	456.3592	578.2623	-152.2771	344.1157	536.4568	-156.1883	387.9585	495.0835	-206.9873
1198	39.9000	458.1375	578.6022	-145.1635	345.2972	537.2416	-154.2256	413.0686	498.7649	-204.7024
1199	39.9333	461.5029	578.8586	-137.4279	348.2664	536.9284	-159.3671	440.1266	503.0503	-217.3754
1200	39.9667	466.2017	579.0358	-133.8875	352.8199	535.2174	-170.6792	462.4419	506.3971	-240.7027
1201	40.0000	470.7335	579.2491	-133.8392	359.6349	532.8430	-180.3970	477.9832	507.6871	-261.0232
1202	40.0333	474.3229	579.5604	-130.7068	371.4485	530.8086	-180.2448	491.6610	507.3232	-266.0236
1203	40.0667	477.9362	579.8650	-120.6508	390.6402	529.2138	-170.6464	510.8775	506.5891	-256.7890
1204	40.1000	482.7939	580.1203	-107.3018	415.0160	527.2821	-159.8620	538.1033	506.2286	-244.9915
1205	40.1333	488.3395	580.5773	-95.8373	437.6075	524.6616	-153.1075	567.4777	506.0594	-237.5693
1206	40.1667	492.5357	581.5243	-86.9372	452.0473	522.0970	-147.4985	589.3306	505.7887	-230.3926
1207	40.2000	494.1335	582.8043	-79.1377	457.7947	520.3344	-138.9902	598.5847	505.6160	-217.9443
1208	40.2333	493.9074	583.8400	-73.0780	459.2760	518.8933	-128.9766	598.4075	505.8341	-202.4557
1209	40.2667	493.4721	584.2214	-70.8355	460.1792	516.7277	-122.3888	595.6647	506.2528	-191.9149
1210	40.3000	493.4370	584.0777	-73.8166	459.6079	513.8648	-123.7017	593.8856	506.4421	-194.1931
1211	40.3333	493.0391	583.7898	-82.3624	454.0349	511.5321	-135.1536	590.9077	506.4243	-212.3720
1212	40.3667	491.3258	583.5374	-94.5907	442.1073	510.6418	-153.7121	581.9488	506.6919	-239.5014
1213	40.4000	488.3575	583.2783	-105.4455	426.7119	510.9133	-169.1909	564.2971	507.3562	-258.7471
1214	40.4333	485.0612	583.0209	-110.2193	412.3400	511.6773	-170.5857	540.0502	507.5081	-255.7037
1215	40.4667	481.8528	582.8573	-109.3443	401.0250	512.8342	-156.1982	514.4735	505.7414	-231.9107
1216	40.5000	477.7534	582.6839	-107.2308	391.4950	514.5173	-134.9438	490.7177	501.3862	-202.6444
1217	40.5333	471.5423	582.1051	-107.1829	382.0530	516.2341	-117.4618	467.1916	495.1773	-181.6855
1218	40.5667	463.8387	580.8319	-109.5846	372.9890	517.0584	-107.7137	441.9478	488.8398	-170.4074
1219	40.6000	457.0609	579.1571	-113.1348	365.4816	516.7771	-102.1653	417.3864	484.0842	-160.0970
1220	40.6333	452.6805	577.8450	-115.9787	359.2965	516.3766	-95.4332	396.9172	481.5508	-143.2634
1221	40.6667	449.2826	577.4187	-117.6685	352.9605	517.0490	-87.4570	378.6976	480.2931	-124.0504
1222	40.7000	444.1429	577.5736	-119.9820	345.7010	518.7620	-84.5713	357.3075	478.5935	-116.6260
1223	40.7333	436.2155	577.3939	-122.6953	337.8749	519.9571	-91.1079	331.7789	475.6843	-129.7833
1224	40.7667	426.9020	576.2171	-120.8455	329.7085	518.8087	-102.0072	308.4682	472.4420	-154.9417
1225	40.8000	418.2961	574.2628	-112.1543	321.0506	515.0001	-108.9478	294.4043	470.2279	-175.3017
1226	40.8333	411.3264	572.3582	-104.3832	312.6791	510.2951	-111.6656	289.2085	469.4673	-184.7423
1227	40.8667	405.4995	571.1248	-106.3016	306.6099	507.1111	-115.3447	285.3392	469.6371	-189.0419
1228	40.9000	399.9057	570.5746	-113.0740	304.1955	506.4562	-118.6547	276.4068	470.2719	-191.2454
1229	40.9333	394.1881	570.3944	-111.5643	304.4266	507.4186	-115.2926	263.7864	471.4733	-189.1799
1230	40.9667	388.6677	570.3137	-99.7633	304.8556	508.4930	-107.3710	253.9768	473.3702	-187.2673
1231	41.0000	383.8042	570.1414	-89.1038	303.9011	508.9627	-104.9039	250.5293	475.5158	-195.3284
1232	41.0333	379.6446	569.7307	-86.5834	301.7000	509.0092	-109.5310	250.6581	477.2369	-211.5874
1233	41.0667	375.7914	569.0870	-86.0772	299.1823	508.9813	-110.1010	249.9538	478.4661	-219.4799
1234	41.1000	371.9311	568.3870	-78.9280	297.1282	508.8739	-98.1914	248.2133	479.8153	-206.7136
1235	41.1333	368.3388	567.7983	-63.5510	295.9698	508.4161	-78.8682	248.7091	481.6883	-178.6286
1236	41.1667	365.7293	567.3710	-44.5673	295.8311	507.4915	-62.3401	252.1800	483.4094	-148.5592
1237	41.2000	364.5925	567.1358	-31.0804	296.7107	506.3754	-52.4116	254.1736	483.4154	-123.2622
1238	41.2333	364.7494	567.1436	-34.2626	299.0051	505.4672	-48.1051	251.3416	480.8227	-104.6466
1239	41.2667	365.5149	567.2821	-57.4297	303.7710	504.7982	-52.2671	250.4784	477.1937	-100.3092
1240	41.3000	366.2336	567.1854	-87.7294	311.7509	503.9747	-70.8561	266.6231	476.1148	-119.6159
1241	41.3333	366.7852	566.5505	-104.2009	321.5384	502.6544	-100.9871	307.3179	479.9347	-155.1907
1242	41.3667	367.6870	565.5511	-96.8410	329.3253	500.7946	-126.3735	360.6762	486.9392	-181.1164
1243	41.4000	369.5871	564.7410	-75.4523	332.1884	498.2243	-132.7687	405.1198	492.7033	-181.2093
1244	41.4333	372.6002	564.4791	-58.2337	332.4841	494.4194	-124.3815	431.2411	494.4690	-168.8407
1245	41.4667	376.3743	564.5915	-53.9890	337.6720	489.3745	-116.4082	448.8135	493.6137	-164.9286
1246	41.5000	380.8676	564.6678	-58.3064	353.8515	484.5035	-115.0345	471.9288	493.7895	-167.0410
1247	41.5333	386.5766	564.5619	-64.6908	379.2591	481.7559	-114.7862	502.9881	497.2731	-157.7305
1248	41.5667	393.6360	564.5052	-72.9748	405.5154	481.5891	-112.5879	533.1647	503.4048	-135.2405
1249	41.6000	401.1209	564.7896	-84.7306	425.8111	482.4392	-112.4943	553.9760	510.3142	-115.9535
1250	41.6333	407.8123	565.4433	-95.6470	440.5209	482.4810	-115.6814	564.7018	517.5716	-109.1497
1251	41.6667	413.5242	566.2452	-98.0736	454.0268	481.4887	-116.5010	569.6435	526.3207	-108.5072
1252	41.7000	419.2412	567.0115	-90.6400	468.1420	480.7499	-112.3059	571.7265	536.6858	-109.6651
1253	41.7333	425.9139	567.7832	-80.8587	481.1741	481.5662	-108.8323	571.1217	546.3850	-117.1700
1254	41.7667	433.3533	568.6649	-76.7511	492.4368	484.2423	-110.7503	568.8635	553.1420	-128.2237
1255	41.8000	440.3922	569.5406	-79.3379	504.1774	488.2952	-113.5459	568.4864	557.6752	-126.8368
1256	41.8333	445.9671	570.1038	-84.9275	517.6154	492.9831	-110.6642	572.8428	562.5318	-104.4062
1257	41.8667	449.8216	570.1938	-90.5882	529.1375	497.3539	-103.5659	580.8244	568.0217	-73.8231
1258	41.9000	452.2604	569.9891	-94.4196	533.0806	500.3079	-98.4894	588.5823	571.3444	-53.2030
1259	41.9333	453.6952	569.8426	-94.0498	528.3674	501.2314	-97.0257	593.6962	570.4853	-45.5605
1260	41.9667	454.6068	570.0062	-88.7267	520.0574	500.4716	-96.0194	597.1719	566.8994	-43.7358
1261	42.0000	455.5110	570.5344	-81.0316	513.0556	498.8931	-94.0135	600.9016	562.8001	-45.5415
1262	42.0333	456.5719	571.3983	-73.5160	506.1570	497.2335	-91.8255	603.7798	557.5841	-52.7814
1263	42.0667	457.4018	572.6127	-65.1902	494.4597	496.1270	-88.5406	601.6678	549.2074	-61.8613
1264	42.1000	457.5180	574.1571	-54.3005	476.6063	496.2246	-82.3940	591.9753	538.2658	-66.3031
1265	42.1333	456.9530	575.7724	-43.1164	456.9776	497.7095	-74.8404	577.2892	528.4565	-66.1273
1266	42.1667	456.2307	577.0285	-36.2111	440.4854	499.9650	-69.7997	562.7670	522.8549	-68.2937
1267	42.2000	455.7579	577.7807	-34.5613	427.5934	502.2677	-69.7821	550.2843	521.2423	-79.9841
1268	42.2333	455.4040	578.4251	-35.2744	415.8370	504.6118	-75.4515	537.3747	521.3700	-104.2764
1269	42.2667	454.7425	579.4292	-37.2246	404.4833	507.3281	-87.0451	522.2758	521.5744	-138.4778
1270	42.3000	453.5893	580.6676	-42.6955	395.4357	510.1261	-102.9381	507.5950	521.5656	-173.7645
1271	42.3333	452.1620	581.5248	-52.0273	390.0560	512.1810	-118.0050	497.5747	521.5682	-199.6290
1272	42.3667	450.7012	581.6510	-60.5275	387.0958	513.0998	-126.7555	493.0943	521.6209	-211.9829
1273	42.4000	449.0898	581.3210	-63.7913	384.1298	513.2418	-128.6241	490.8515	521.6219	-216.3022
1274	42.4333	447.0068	581.0162	-63.9087	379.9360	513.1085	-128.4341	487.0797	521.5560	-221.4132
1275	42.4667	444.4133	580.9222	-66.9884	374.9952	512.8912	-131.1921	480.9690	521.5147	-230.7834
1276	42.5000	441.6801	580.9197	-75.0223	370.2909	512.6573	-137.3091	474.3545	521.5875	-240.7339
1277	42.5333	439.1945	580.8541	-82.4426	366.2970	512.5742	-142.3117	468.9871	521.7800	-245.5093
1278	42.5667	436.9893	580.6555	-80.9067	362.9265	512.7344	-139.8049	464.7904	522.0146	-241.7157
1279	42.6000	434.7400	580.2758	-67.2276	359.7182	512.9190	-126.1317	460.4591	522.1939	-228.9808
1280	42.6333	431.9599	579.6693	-47.6004	355.9566	512.7769	-105.0945	455.0811	522.2674	-210.2071
1281	42.6667	428.2627	578.8834	-33.8557	351.2382	512.2827	-87.6182	449.0197	522.2491	-192.4813
1282	42.7000	423.7073	578.1011	-33.5489	346.2413	511.8332	-83.3215	443.4952	522.1971	-184.4995
1283	42.7333	418.9401	577.5107	-42.8345	342.5730	511.6703	-91.0879	439.4642	522.1927	-189.3819
1284	42.7667	414.6941	577.0948	-50.1163	341.3710	511.2578	-99.7037	436.7441	522.2995	-200.1251
1285	42.8000	410.8723	576.5891	-47.3685	341.8429	509.5931	-99.0362	434.0355	522.4699	-205.1402
1286	42.8333	406.2836	575.7325	-36.9828	341.3252	506.3995	-89.4108	429.8924	522.4875	-199.3955
1287	42.8667	399.7210	574.5678	-26.7894	337.2905	502.8006	-78.6668	423.9253	522.1128	-187.9762
1288	42.9000	391.4614	573.4354	-20.4653	329.6830	500.4392	-71.9876	417.1409	521.3678	-178.4678
1289	42.9333	383.3569	572.6578	-16.4512	321.0024	499.9435	-68.8786	411.0070	520.5945	-174.1772
1290	42.9667	377.0886	572.2641	-15.6147	313.7245	500.5285	-69.9818	406.1438	520.1147	-176.5960
1291	43.0000	372.5188	572.0166	-23.6751	308.0122	501.0317	-80.0425	401.9932	519.8609	-188.3507
1292	43.0333	368.0796	571.6505	-42.1920	302.3798	500.9439	-99.6328	397.6614	519.4277	-207.8833
1293	43.0667	362.5767	571.0719	-61.8176	296.0451	500.3594	-118.9537	392.7713	518.4461	-225.0003
1294	43.1000	356.2985	570.3668	-70.8751	289.8768	499.3780	-126.6454	387.5421	516.8508	-228.8173
1295	43.1333	350.5056	569.6778	-69.0446	285.1820	497.9735	-122.9291	382.5591	514.8910	-219.7321
1296	43.1667	346.0046	569.0853	-66.7048	282.0932	496.3331	-118.3200	378.5846	512.9916	-208.8655
1297	43.2000	342.1452	568.5781	-71.1738	279.3101	494.9238	-120.2372	376.0558	511.4981	-205.7852
1298	43.2333	337.3492	568.1090	-79.3567	275.4130	494.0757	-126.1976	374.5056	510.4123	-210.0404
1299	43.2667	330.9193	567.6766	-84.9876	270.3119	493.6803	-130.4824	372.8088	509.4360	-214.6251
1300	43.3000	324.1988	567.3555	-87.3064	265.1636	493.4259	-131.9658	370.1995	508.3742	-214.3786
1301	43.3333	319.4949	567.2278	-88.6999	261.0043	493.1950	-132.1510	366.8639	507.3860	-209.0086
1302	43.3667	317.7708	567.2734	-87.6464	257.9582	493.0780	-129.4706	363.4745	506.7089	-200.3475
1303	43.4000	317.7816	567.3500	-79.7930	255.7875	493.0869	-121.2082	360.4546	506.3047	-191.2215
1304	43.4333	317.6188	567.3056	-65.6389	254.6078	493.0484	-110.3535	357.9445	506.0667	-186.9721
1305	43.4667	316.6756	567.1003	-52.6148	254.6610	492.7937	-105.3104	356.2092	506.3079	-192.9604
1306	43.5000	315.7536	566.8178	-48.1245	255.5689	492.3234	-111.1570	355.5733	507.6428	-208.2768
1307	43.5333	315.6084	566.5820	-52.2851	256.2222	491.7770	-123.6237	355.9108	510.2594	-224.2739
1308	43.5667	316.1012	566.4646	-57.7417	255.7346	491.3767	-132.3818	356.5932	513.6958	-230.1982
1309	43.6000	316.9779	566.4361	-55.6101	254.6543	491.4022	-129.0096	357.1824	517.6156	-219.6887
1310	43.6333	318.9330	566.3883	-42.3557	255.1051	492.0121	-112.5486	358.0056	522.4137	-194.1253
1311	43.6667	323.2299	566.2490	-22.4528	259.3613	493.0010	-89.6163	359.7332	528.5163	-162.6883
1312	43.7000	330.1175	566.1214	-4.9599	267.9427	493.8962	-69.9686	362.3673	535.2027	-138.3966
1313	43.7333	337.9825	566.2991	2.6266	278.9631	494.3649	-60.8943	364.9902	540.6870	-130.7469
1314	43.7667	344.4786	567.0628	-1.3144	289.3358	494.4037	-63.6199	366.7995	543.5495	-139.6172
1315	43.8000	348.5891	568.3558	-11.6137	296.7316	494.1352	-72.9075	368.3193	543.8392	-155.4246
1316	43.8333	351.3734	569.6367	-19.2656	300.7465	493.6045	-80.2298	371.3619	542.7445	-165.8810
1317	43.8667	354.6223	570.1828	-17.8574	302.6797	492.8120	-79.5934	377.5647	541.4465	-164.4637
1318	43.9000	359.0289	569.6861	-8.7317	304.3070	491.8245	-71.7798	386.7055	540.3395	-154.0111
1319	43.9333	363.8030	568.5528	0.9124	306.5360	490.8178	-62.7626	396.4047	539.1267	-142.7828
1320	43.9667	367.8336	567.5363	5.2753	309.0074	490.0243	-57.9283	403.8163	537.4345	-137.4577
1321	44.0000	370.9396	567.0818	4.2016	310.9515	489.5875	-58.3372	407.9335	535.2537	-139.9211
1322	44.0333	373.8793	567.0824	0.5028	312.2525	489.4501	-62.0584	410.2084	532.9230	-148.8043
1323	44.0667	377.2556	567.2138	-4.1111	313.5646	489.4626	-67.0510	412.8288	530.9034	-161.1985
1324	44.1000	380.7545	567.3396	-8.6471	315.6170	489.6092	-71.5289	416.5350	529.5736	-172.6892
1325	44.1333	383.7042	567.5220	-10.6496	318.5794	490.0256	-73.1526	420.2130	529.0651	-178.5438
1326	44.1667	386.1220	567.7726	-7.7270	321.9361	490.7633	-70.3154	422.3831	529.2003	-176.9938
1327	44.2000	388.6708	567.9653	-1.3090	324.8357	491.6585	-64.5174	422.7593	529.5933	-171.3058
1328	44.2333	391.5209	568.0312	3.4171	326.6871	492.5442	-60.0395	422.3466	529.8445	-167.6890
1329	44.2667	393.8454	568.1435	2.5555	327.5097	493.5370	-60.1350	422.3130	529.7293	-169.8658
1330	44.3000	394.7954	568.5997	-2.1603	327.5655	494.9490	-63.5273	422.9873	529.2896	-175.1230
1331	44.3333	394.5449	569.4940	-5.2144	326.6362	496.8516	-65.6687	423.8647	528.7388	-177.1656
1332	44.3667	393.9718	570.5697	-3.5846	324.0797	498.8549	-64.1327	424.3414	528.2543	-173.8884
1333	44.4000	393.6407	571.4441	0.0220	319.9231	500.4440	-61.6212	424.2731	527.8649	-170.2490
1334	44.4333	393.5005	571.9402	0.7463	315.5284	501.4613	-62.3512	423.8651	527.5055	-171.7544
1335	44.4667	393.3360	572.1592	-3.0736	312.6387	502.1295	-66.7638	423.2804	527.1174	-177.5817
1336	44.5000	393.1119	572.2791	-9.2381	311.9209	502.6605	-71.7297	422.6183	526.6892	-182.7377
1337	44.5333	392.9198	572.3630	-14.8399	312.8072	503.0100	-74.8895	422.2089	526.2304	-184.8599
1338	44.5667	392.8520	572.3701	-18.3289	314.3688	503.0580	-76.5108	422.4799	525.7237	-185.7219
1339	44.6000	392.9538	572.2852	-19.3881	315.6797	502.9000	-77.5699	423.1394	525.1377	-187.1375
1340	44.6333	393.1240	572.1767	-18.7123	315.5510	502.8287	-78.1843	422.7117	524.5176	-188.4489
1341	44.6667	393.0274	572.1154	-18.1252	312.9191	503.0348	-78.4179	419.6073	524.0199	-188.5308
1342	44.7000	392.2979	572.0721	-19.7601	308.0948	503.4217	-79.3251	413.9851	523.7667	-188.4211
1343	44.7333	390.9577	571.9396	-24.0855	303.1791	503.7649	-81.9234	408.0542	523.6434	-190.3117
1344	44.7667	389.4780	571.6532	-28.4706	300.3973	503.9878	-84.9487	404.0292	523.3126	-193.7469
1345	44.8000	388.2216	571.2491	-28.5219	299.8235	504.1931	-84.6889	402.0193	522.5116	-194.2045
1346	44.8333	386.9412	570.7979	-22.1434	299.2757	504.4517	-78.3436	400.3714	521.3346	-187.1278
1347	44.8667	385.1002	570.3397	-12.4535	296.7892	504.6802	-67.5504	397.9224	520.1629	-173.3489
1348	44.9000	382.6424	569.9071	-5.4602	292.7907	504.7585	-57.5025	395.3579	519.3119	-159.0246
1349	44.9333	380.1143	569.5539	-4.2613	289.3699	504.6799	-52.4017	394.1700	518.8090	-150.1197
1350	44.9667	377.9562	569.3096	-6.7296	287.7035	504.5394	-52.7960	394.6491	518.5010	-148.7399
1351	45.0000	375.9859	569.1354	-9.4162	286.8337	504.4291	-57.0139	395.2973	518.2756	-154.2817
1352	45.0333	373.7205	568.9723	-11.6901	284.9045	504.3826	-62.9055	394.1855	518.1304	-164.1296
1353	45.0667	370.9313	568.8456	-14.6352	280.9511	504.3893	-67.6717	390.6466	518.0955	-172.2360
1354	45.1000	367.7443	568.8863	-17.8445	275.3682	504.4059	-68.6330	385.6384	518.1532	-171.7508
1355	45.1333	364.4814	569.1824	-19.5600	269.2429	504.3304	-65.9364	380.7199	518.2194	-162.3074
1356	45.1667	361.5745	569.5941	-19.3786	263.6259	503.9950	-63.2769	376.8937	518.1653	-152.2488
1357	45.2000	359.3641	569.8066	-19.2031	259.2196	503.2802	-64.5475	374.3252	517.8722	-150.6606
1358	45.2333	357.7714	569.6282	-21.2914	256.3859	502.3070	-70.0441	372.7562	517.3157	-157.9494
1359	45.2667	356.3328	569.1690	-26.0848	255.2136	501.4607	-76.6413	371.8861	516.6096	-166.4184
1360	45.3000	354.6904	568.6664	-32.2624	255.4466	501.1043	-81.5362	371.4776	515.9284	-169.9801
1361	45.3333	352.8595	568.2236	-38.2423	256.4040	501.2278	-84.8783	371.3743	515.3537	-170.7196
1362	45.3667	350.9204	567.8053	-42.9534	257.1447	501.4267	-88.3363	371.4966	514.8176	-174.4275
1363	45.4000	348.7390	567.4162	-45.9985	256.8620	501.2638	-92.4057	371.7408	514.2288	-182.1143
1364	45.4333	346.1941	567.1668	-48.3202	255.3122	500.6745	-96.4538	371.7973	513.6204	-189.2660
1365	45.4667	343.3801	567.1657	-52.0169	253.0293	500.0187	-100.3784	371.1457	513.0931	-192.4691
1366	45.5000	340.3735	567.4029	-58.1717	251.0068	499.6967	-104.5989	369.5550	512.6197	-192.9990
1367	45.5333	337.1942	567.7331	-65.3497	249.9058	499.7141	-109.0655	367.8321	512.0318	-193.7969
1368	45.5667	334.2606	567.9416	-70.8666	249.5272	499.6907	-113.4472	367.7283	511.2695	-196.2704
1369	45.6000	332.3978	567.8644	-72.5006	249.1842	499.3053	-117.2809	370.4348	510.5385	-200.2224
1370	45.6333	332.0094	567.5129	-68.7516	248.5645	498.6263	-118.8091	375.1145	510.1046	-203.5691
1371	45.6667	332.5731	567.0844	-59.5541	248.0458	497.9599	-115.2113	379.4992	509.9735	-201.7744
1372	45.7000	333.2091	566.7934	-47.9705	248.1889	497.4807	-106.0184	382.0784	509.8799	-191.1094
1373	45.7333	333.4629	566.6839	-39.3935	249.2483	497.1086	-95.4975	383.2118	509.5944	-174.2809
1374	45.7667	333.4627	566.6486	-37.0791	251.3594	496.6908	-89.4030	384.0716	509.1556	-160.8259
1375	45.8000	333.7809	566.6331	-38.9211	254.9174	496.2186	-89.1691	385.2226	508.7839	-159.4693
1376	45.8333	335.3735	566.7546	-40.0869	260.3328	495.8893	-91.1351	386.5710	508.6505	-170.1820
1377	45.8667	339.1499	567.1752	-38.8540	267.3012	495.9770	-92.1501	388.1078	508.7676	-185.4707
1378	45.9000	345.0042	567.8807	-38.4906	274.5274	496.5528	-93.8456	390.0257	509.0204	-198.9990
1379	45.9333	351.3932	568.6337	-42.8805	280.3834	497.2974	-99.6266	392.1331	509.2530	-210.3142
1380	45.9667	356.4859	569.1586	-51.9603	283.8909	497.7491	-109.5840	393.6584	509.4314	-221.6570
1381	46.0000	359.9389	569.3572	-62.5302	285.1831	497.8889	-120.8656	394.0074	509.8357	-233.6370
1382	46.0333	363.1313	569.3457	-71.4131	285.2754	498.3670	-130.7721	393.6905	510.9879	-243.9462
1383	46.0667	367.4011	569.3330	-76.3441	285.3908	499.8907	-136.9021	394.1966	513.1867	-247.8173
1384	46.1000	372.4319	569.4933	-76.2550	286.1725	502.3590	-136.9410	396.6718	516.0757	-241.0279
1385	46.1333	376.7925	569.9183	-72.5891	287.4306	504.8537	-131.1012	400.7873	518.8051	-224.8177
1386	46.1667	379.8159	570.6034	-68.6682	288.8270	506.5883	-123.1282	405.2264	520.7090	-206.7288
1387	46.2000	382.3446	571.4315	-66.6059	290.7746	507.6203	-117.4387	409.2948	521.8062	-195.3803
1388	46.2333	385.5051	572.2154	-65.8408	294.3968	508.4859	-116.2565	413.6125	522.6274	-195.1552
1389	46.2667	389.2574	572.8509	-64.8314	300.4127	509.4129	-119.3369	418.9758	523.6407	-205.0486
1390	46.3000	392.5483	573.4441	-62.8645	308.0234	510.1681	-124.5078	424.9550	524.9128	-219.6596
1391	46.3333	394.6212	574.1948	-59.6698	315.1326	510.4999	-127.9277	430.1818	526.2292	-230.6034
1392	46.3667	395.7111	575.1105	-54.5429	320.1055	510.4152	-125.7359	433.9814	527.3739	-230.3208
1393	46.4000	396.5671	575.9239	-47.4670	323.3453	510.0591	-117.5143	437.1352	528.2664	-218.1301
1394	46.4333	397.7281	576.3643	-40.7262	326.6364	509.5735	-107.8291	440.6793	528.9297	-202.2717
1395	46.4667	399.2446	576.4347	-37.5919	330.7913	509.0967	-102.7322	444.2909	529.3870	-193.4754
1396	46.5000	400.7461	576.3500	-39.2234	334.5437	508.7179	-104.7159	446.4540	529.6000	-196.1589
1397	46.5333	401.7405	576.2889	-43.9004	336.1673	508.3989	-111.6194	446.3061	529.5491	-206.4972
1398	46.5667	402.0826	576.3074	-48.5135	335.6770	508.0741	-118.7809	444.8392	529.3785	-216.8762
1399	46.6000	402.1879	576.4359	-49.5872	334.7450	507.8448	-121.0193	443.9158	529.3582	-220.4353
1400	46.6333	402.6398	576.7213	-44.6050	334.6631	507.9329	-115.1696	444.3524	529.6217	-214.2803
1401	46.6667	403.5625	577.1485	-34.8587	335.1561	508.3886	-103.5319	445.4053	530.0099	-201.8735
1402	46.7000	404.5085	577.6086	-26.0962	335.3026	508.9561	-93.4787	446.0385	530.2629	-191.3319
1403	46.7333	405.0140	577.9831	-23.7354	334.9062	509.3156	-91.1633	446.1226	530.3159	-188.9875
1404	46.7667	405.1074	578.2016	-27.3136	334.4711	509.3918	-95.8960	446.0751	530.2970	-194.5982
1405	46.8000	405.0742	578.1940	-31.4573	334.1530	509.3409	-101.7371	445.7182	530.2455	-202.8521
1406	46.8333	404.7519	577.8787	-32.6324	333.3326	509.2925	-103.9096	444.1879	529.9615	-208.1318
1407	46.8667	403.3208	577.2683	-33.3389	331.3877	509.2146	-102.9489	441.1606	529.2170	-208.2095
1408	46.9000	400.0452	576.5130	-38.4827	328.5680	509.0116	-103.1531	437.6235	528.0419	-205.5634
1409	46.9333	395.2056	575.7627	-48.3499	325.7264	508.6181	-107.4392	434.8497	526.6902	-205.1185
1410	46.9667	389.9859	575.0444	-57.1178	323.0995	507.9341	-113.8506	432.7192	525.3430	-208.8882
1411	47.0000	385.1910	574.3521	-59.3683	319.6313	506.8212	-117.8706	429.6511	523.9780	-213.4351
1412	47.0333	380.3098	573.7830	-56.8224	313.9098	505.3349	-118.3073	424.4638	522.5724	-214.4582
1413	47.0667	374.3218	573.4767	-56.5510	305.9368	503.8942	-119.0982	417.9139	521.3039	-212.4394
1414	47.1000	367.4317	573.4466	-62.3952	297.7429	503.0092	-123.8657	411.9284	520.4339	-210.9381
1415	47.1333	361.4133	573.5561	-69.8562	291.8889	502.8111	-129.9144	407.4417	520.0324	-210.4533
1416	47.1667	357.8406	573.6535	-70.4792	289.2167	502.9786	-129.8374	403.5274	519.9036	-207.5813
1417	47.2000	356.3304	573.6752	-61.0304	288.1507	503.1233	-119.8646	398.8217	519.7915	-200.7243
1418	47.2333	355.0075	573.6370	-47.8953	286.2403	503.1065	-105.6566	393.3308	519.6013	-193.6723
1419	47.2667	352.5319	573.5797	-41.6752	282.3339	502.9775	-97.8589	388.4195	519.3756	-191.3193
1420	47.3000	349.2725	573.5357	-46.8251	277.3292	502.7965	-101.1398	385.2943	519.1127	-192.7818
1421	47.3333	346.6232	573.5222	-57.6173	273.0892	502.6608	-109.6436	383.9887	518.7423	-191.6804
1422	47.3667	345.5622	573.5477	-65.3771	270.7964	502.8011	-114.9954	383.7276	518.3183	-184.7817
1423	47.4000	345.9169	573.6062	-68.1143	270.1602	503.4380	-116.7395	383.8267	518.0986	-178.6961
1424	47.4333	346.7609	573.6659	-71.1507	269.8891	504.5041	-122.1100	384.1896	518.3198	-185.4178
1425	47.4667	347.3493	573.7042	-79.3843	268.8749	505.6533	-136.1597	385.1712	518.9546	-209.8545
1426	47.5000	347.7102	573.7833	-90.8964	267.0739	506.6091	-154.2943	386.9852	519.7796	-241.3737
1427	47.5333	348.4674	574.0479	-98.3149	265.3230	507.3843	-165.3323	389.2482	520.6210	-259.5095
1428	47.5667	350.1983	574.5840	-95.8823	264.4889	508.1187	-161.7452	391.3882	521.4374	-251.6046
1429	47.6000	352.9612	575.2858	-84.7960	265.0958	508.8616	-146.3334	393.6501	522.2136	-225.0769
1430	47.6333	356.3455	575.9196	-71.4343	267.5545	509.6075	-128.5062	397.2485	522.9134	-199.4768
1431	47.6667	359.8844	576.3385	-61.3950	272.0301	510.4027	-115.5587	402.9484	523.5674	-187.6136
1432	47.7000	363.3957	576.6171	-56.8896	277.8698	511.2866	-109.7256	409.6218	524.2892	-188.7634
1433	47.7333	366.9653	576.9649	-58.8319	283.6748	512.1912	-111.9756	414.8798	525.1290	-198.3931
1434	47.7667	370.7263	577.5202	-67.3420	288.3351	513.0223	-123.0900	417.4002	525.9783	-215.7872
1435	47.8000	374.7861	578.2297	-78.4686	291.8979	513.8100	-138.7447	418.2170	526.6810	-238.0552
1436	47.8333	379.3136	578.9036	-83.8667	295.2085	514.6583	-147.8104	419.4367	527.1579	-252.4735
1437	47.8667	384.4605	579.3634	-77.2436	298.7780	515.5290	-140.0774	422.0926	527.3685	-242.5632
1438	47.9000	390.0162	579.5403	-60.5739	302.3125	516.2037	-115.8859	425.7154	527.2920	-204.4458
1439	47.9333	395.2433	579.4877	-42.5696	305.3790	516.5117	-87.2767	429.6135	527.1251	-155.8051
1440	47.9667	399.4304	579.3587	-31.7735	308.0687	516.5077	-69.9583	433.6794	527.4473	-125.6868
1441	48.0000	402.8043	579.3559	-31.0280	310.8701	516.3753	-72.5946	437.8150	528.9540	-131.8150
1442	48.0333	406.5642	579.5845	-35.7514	314.4955	516.2319	-89.9553	441.4475	531.8597	-164.8116
1443	48.0667	411.6494	579.8688	-36.3860	319.8617	516.0597	-104.9712	444.1659	535.4782	-193.5430
1444	48.1000	417.6590	579.7829	-26.0592	327.1169	515.7783	-101.0846	446.3501	538.2334	-188.3475
1445	48.1333	423.3475	579.0050	-8.6223	334.2772	515.4239	-76.6648	448.6485	538.1330	-144.2080
1446	48.1667	428.0767	577.6908	3.3557	338.0576	515.3415	-47.2811	450.9291	533.9005	-85.2055
1447	48.2000	432.4246	576.4005	1.4476	337.0685	516.0608	-31.9041	451.9331	526.3688	-46.0744
1448	48.2333	437.3505	575.5343	-8.6978	333.8580	517.7126	-35.7280	450.3465	518.5554	-44.6299
1449	48.2667	443.0319	574.8706	-11.7932	333.1451	519.6289	-45.5732	447.1804	513.6453	-66.5757
1450	48.3000	448.6799	573.8097	2.4873	337.7790	520.8603	-42.5890	447.0917	512.8060	-77.9544
1451	48.3333	453.4805	572.0980	28.5666	346.3139	521.1527	-22.0659	454.7793	515.0890	-59.8003
1452	48.3667	457.5208	570.1394	48.1402	354.3973	521.1289	-1.1251	467.7087	518.8081	-32.5825
1453	48.4000	461.5385	568.4426	46.3668	358.4127	521.3808	-2.4115	475.0333	522.4735	-36.3823
1454	48.4333	465.8779	566.8535	27.4852	357.9500	521.6326	-27.0009	469.0747	525.1904	-79.6625
1455	48.4667	470.0835	564.6306	13.1415	355.3831	521.0662	-48.2051	456.8537	527.1673	-119.8911
1456	48.5000	473.4079	561.4596	21.4420	353.5959	519.4080	-38.9543	451.5448	529.3846	-110.7359
1457	48.5333	475.2577	558.1882	47.4034	353.9056	517.4088	-2.3832	448.9632	531.6897	-59.0724
1458	48.5667	475.2878	556.2069	67.5643	355.5357	516.1525	32.9004	423.3287	531.6065	-13.4997
1459	48.6000	473.6535	556.1022	64.4569	356.7081	516.0719	45.5544	359.2983	526.7974	-1.9823
1460	48.6333	471.2438	557.2034	43.1153	356.2732	516.7711	38.8603	284.1347	519.3313	-8.2760
1461	48.6667	469.2422	558.4330	22.4615	354.6261	517.6772	25.4683	251.0078	515.6061	-12.4656
1462	48.7000	468.2124	559.2555	14.5528	353.4587	518.6609	8.2613	284.1271	520.0824	-24.9197
1463	48.7333	467.6557	559.7458	16.0222	354.5314	520.0024	-16.1311	351.4853	530.1621	-64.0492
1464	48.7667	466.5225	560.1175	17.3618	358.0124	521.8757	-43.4334	399.1624	539.4326	-119.8277
1465	48.8000	464.1064	560.4369	14.7173	361.7017	523.9419	-61.6278	403.4822	544.9979	-159.3099
1466	48.8333	460.4071	560.6808	11.3396	362.3760	525.4018	-62.8970	381.3137	548.9339	-161.3801
1467	48.8667	455.8669	560.8884	11.5639	358.4171	525.4415	-49.9622	359.1884	553.3588	-133.3920
1468	48.9000	451.1699	561.1904	16.1805	351.1263	523.8074	-32.2893	347.8307	557.7060	-98.5279
1469	48.9333	447.3016	561.6551	22.4157	343.4065	521.1492	-19.5403	345.0599	561.2029	-76.0446
1470	48.9667	445.2436	562.1034	26.4171	337.4688	518.7516	-16.0529	347.0174	564.3055	-69.8946
1471	49.0000	445.0973	562.1854	25.9682	334.0304	517.7043	-17.7866	348.7543	565.9793	-68.7797
1472	49.0333	445.4932	561.7607	22.2351	333.1289	518.1933	-15.7142	343.3939	562.6088	-57.9351
1473	49.0667	444.2156	561.1516	18.9165	334.6255	519.5306	-4.9706	330.2972	552.3570	-34.4060
1474	49.1000	439.8270	560.8705	18.4725	337.5877	520.7101	9.2130	319.7103	538.9383	-11.0561
1475	49.1333	432.8980	561.1163	19.4829	340.0068	520.7449	15.7966	321.7795	528.3699	-5.7222
1476	49.1667	425.5802	561.6825	18.9537	340.0848	518.6546	8.2840	334.1373	522.7294	-26.5969
1477	49.2000	419.7812	562.3244	15.8862	337.9072	513.7809	-9.5813	346.7474	519.1451	-65.5053
1478	49.2333	415.5780	562.9994	10.5707	335.2870	506.6032	-27.9488	355.6799	514.2309	-102.9900
1479	49.2667	411.3684	563.7211	2.4334	333.7181	499.0541	-39.3922	365.3002	507.6214	-121.7223
1480	49.3000	405.7089	564.3883	-9.0351	333.0084	493.5160	-43.8662	379.1043	501.2416	-119.0495
1481	49.3333	399.0583	564.8566	-23.9094	332.4286	491.0861	-48.1410	395.3817	496.3374	-108.8274
1482	49.3667	393.5565	565.0450	-43.6264	332.7517	490.6162	-60.4442	411.9770	491.8697	-108.9942
1483	49.4000	391.0526	564.9150	-67.8063	336.1290	489.6346	-81.3101	429.7446	485.9649	-123.2102
1484	49.4333	391.5245	564.4862	-87.6665	343.6201	486.5861	-98.9830	449.5425	478.5413	-135.4527
1485	49.4667	393.4153	563.9451	-90.5713	353.4981	482.2260	-99.6024	468.9377	471.6279	-127.9917
1486	49.5000	395.1633	563.5996	-76.2913	362.5626	478.6288	-84.6698	483.6542	466.9864	-105.0909
1487	49.5333	396.1634	563.5816	-62.9342	368.8803	476.9346	-73.6567	491.1908	464.3338	-92.9619
1488	49.5667	396.5462	563.6256	-69.7856	372.8147	476.4002	-84.8179	492.4330	462.2889	-112.9957
1489	49.6000	396.6367	563.2611	-95.6322	375.6270	475.6280	-115.0829	490.4698	460.2675	-158.1894
1490	49.6333	396.8682	562.2869	-119.5363	377.8049	474.2160	-143.0144	488.3297	458.7685	-199.8891
1491	49.6667	397.8964	561.0381	-123.6837	379.0364	472.8845	-151.5023	487.5987	458.1972	-216.3086
1492	49.7000	400.4235	560.1656	-110.5707	379.2725	472.3885	-143.0428	488.5657	458.1378	-209.3532
1493	49.7333	404.8939	560.1531	-95.7618	379.1860	472.9335	-131.7366	490.9315	457.8624	-194.0095
1494	49.7667	411.4239	560.9932	-89.2496	379.6515	474.6165	-126.4084	494.0093	457.1511	-179.8356
1495	49.8000	419.8671	562.2465	-88.7567	381.2124	477.7314	-125.9140	496.6475	456.4299	-167.8399
1496	49.8333	429.7539	563.4087	-87.9880	384.0778	482.1652	-126.6344	497.7548	456.2424	-159.2299
1497	49.8667	440.1943	564.2738	-85.3123	388.1720	486.7839	-128.1139	497.3145	456.6939	-158.2809
1498	49.9000	450.0191	564.9790	-83.5825	392.9057	490.0209	-131.1526	496.6277	457.3455	-165.5122
1499	49.9333	458.2489	565.7318	-85.0371	397.2294	491.2562	-134.5524	497.1425	457.5721	-173.5570
1500	49.9667	464.6609	566.5271	-88.5963	400.4160	491.3335	-135.8352	499.0302	457.0742	-173.6315
1501	50.0000	470.0130	567.1275	-91.3178	402.8471	491.5973	-133.7620	501.1213	456.1243	-164.3653
1502	50.0333	475.6070	567.3248	-91.1641	405.6772	492.6919	-128.8849	502.1876	455.3099	-151.5403
1503	50.0667	482.3133	567.2228	-88.4132	409.5420	494.4067	-122.6533	502.0465	455.0148	-140.8213
1504	50.1000	489.7052	567.2117	-85.0427	413.8087	496.3007	-117.1347	501.4248	455.1668	-134.0980
1505	50.1333	496.1633	567.5947	-82.8740	417.3164	498.1051	-114.6905	501.0720	455.4480	-131.9007
1506	50.1667	500.0973	568.2571	-82.1558	419.6618	499.6523	-116.3165	501.2253	455.6329	-135.0524
1507	50.2000	501.2136	568.7977	-81.8757	421.4075	500.7652	-120.1474	501.7570	455.6962	-142.3764
1508	50.2333	500.6243	568.9924	-81.1508	423.1694	501.3420	-122.4876	502.4755	455.7013	-149.1689
1509	50.2667	499.8473	569.0021	-79.9720	425.0037	501.4635	-120.9330	503.1599	455.6926	-150.3824
1510	50.3000	499.7439	569.0659	-78.7896	426.6548	501.3565	-116.5911	503.5368	455.7009	-145.4994
1511	50.3333	500.2468	569.1261	-77.7848	427.8627	501.2433	-112.9533	503.4471	455.7937	-139.2329
1512	50.3667	500.8131	568.9017	-76.5346	428.3938	501.1340	-112.1640	502.9652	456.0553	-136.9275
1513	50.4000	500.8097	568.2848	-74.2911	428.2940	500.5965	-112.5674	502.2387	456.4439	-139.5390
1514	50.4333	499.4872	567.5196	-70.9898	428.1948	498.8405	-110.7060	501.3415	456.6777	-143.0928
1515	50.4667	496.2701	566.9759	-68.5309	428.7975	495.6463	-106.1616	500.4797	456.4796	-142.9415
1516	50.5000	491.6313	566.8382	-70.8151	429.6877	492.5912	-103.9205	500.2384	456.2110	-139.6090
1517	50.5333	487.0986	567.0084	-80.8274	429.0616	492.4794	-110.4804	501.2443	457.1272	-140.8243
1518	50.5667	483.4835	567.1857	-95.7689	425.3055	496.2609	-125.6510	503.3357	460.4471	-153.9696
1519	50.6000	479.4499	567.0342	-105.8568	418.8777	500.9122	-138.0980	505.3604	465.9376	-172.1884
1520	50.6333	472.9282	566.4224	-101.4665	412.1264	502.0113	-132.6587	506.5182	471.8021	-172.6107
1521	50.6667	463.9215	565.5689	-83.1680	407.2070	498.4898	-105.9615	508.0688	476.2006	-139.4583
1522	50.7000	454.8761	564.8501	-62.6938	404.5413	493.3888	-73.4919	512.3859	478.6302	-89.8372
1523	50.7333	447.9959	564.3809	-52.4194	403.1259	489.8377	-57.0177	518.5167	479.7851	-64.7604
1524	50.7667	442.9396	563.8485	-55.2619	401.7433	487.8492	-65.0865	519.1451	480.4854	-89.3528
1525	50.8000	437.6236	562.8540	-65.8841	399.8136	485.6110	-88.8379	505.2378	480.9623	-149.6321
1526	50.8333	430.8940	561.4036	-79.2428	397.4103	482.6035	-114.9933	475.8830	480.9689	-211.4046
1527	50.8667	423.8271	559.9585	-93.9119	394.5390	480.2455	-136.9163	441.6194	480.3689	-253.0305
1528	50.9000	418.3128	558.9647	-106.3410	390.5679	479.8925	-151.7314	415.4830	479.5824	-274.0822
1529	50.9333	414.7589	558.4217	-107.0063	384.9720	481.2833	-153.3310	401.7668	479.3618	-279.6737
1530	50.9667	411.6182	557.9731	-89.3573	378.6971	483.1270	-136.6366	395.3626	479.9122	-269.4440
1531	51.0000	407.1769	557.3511	-63.3924	373.7658	484.5580	-110.0766	390.2447	480.2377	-246.6165
1532	51.0333	401.4162	556.6511	-53.1551	370.9994	485.6756	-96.3928	385.4578	478.7426	-228.8874
1533	51.0667	395.8725	556.1780	-74.6138	369.0426	486.9158	-113.5684	383.3586	474.7984	-237.5448
1534	51.1000	391.8655	556.0800	-116.6224	366.2695	488.2192	-154.1183	385.0914	469.5473	-272.5290
1535	51.1333	389.1500	556.1844	-146.8354	362.7918	488.9121	-186.5623	388.7776	464.9100	-305.1400
1536	51.1667	386.3360	556.1807	-139.9083	359.8048	488.3632	-182.5900	390.8365	462.0038	-304.2019
1537	51.2000	382.5073	555.9127	-103.3153	357.6199	486.7052	-146.8828	388.6617	460.7551	-271.4447
1538	51.2333	378.2772	555.4777	-72.8589	355.3471	484.8961	-115.9003	382.7815	460.6668	-242.8782
1539	51.2667	375.1212	555.0963	-76.8515	352.3655	484.0351	-120.0563	376.3800	461.3368	-248.6662
1540	51.3000	373.7422	554.9290	-107.1029	349.1565	484.5493	-150.9144	372.0817	462.1857	-279.0310
1541	51.3333	373.3980	554.9920	-131.2518	346.3953	485.9919	-173.6846	369.5256	462.2816	-298.5696
1542	51.3667	372.9387	555.1896	-129.4582	344.0039	487.5440	-167.6453	366.7447	461.0216	-288.1177
1543	51.4000	372.1321	555.3894	-110.7560	341.7011	488.6665	-144.5842	363.2842	458.9889	-262.3312
1544	51.4333	371.6128	555.4882	-96.2235	339.9227	489.3988	-129.5866	360.6313	457.6769	-248.5049
1545	51.4667	371.7644	555.4551	-95.9281	339.3870	490.1125	-133.8438	359.6686	458.0825	-257.7229
1546	51.5000	372.2414	555.3321	-104.5590	339.9118	490.8014	-149.0465	359.4406	459.7176	-279.0282
1547	51.5333	372.8183	555.1663	-112.4655	340.3755	490.5944	-161.2727	359.5305	461.1808	-294.9922
1548	51.5667	374.2915	554.9381	-115.0933	340.0537	488.4038	-164.1570	362.5409	461.6065	-297.2333
1549	51.6000	377.9016	554.5893	-113.6017	339.5807	484.3304	-160.3131	372.2796	461.3759	-288.9832
1550	51.6333	383.7148	554.1293	-111.1386	340.2468	480.0087	-155.0363	389.0105	461.4223	-278.0230
1551	51.6667	390.1237	553.6667	-108.9219	342.5932	477.1591	-149.8176	407.6545	462.0496	-268.1857
1552	51.7000	395.5008	553.3327	-103.1257	346.2069	476.1322	-139.9804	421.8123	462.6602	-255.3682
1553	51.7333	400.1258	553.2570	-86.3811	350.8068	476.2729	-119.0181	429.5330	462.7233	-232.1740
1554	51.7667	405.7756	553.6439	-56.9533	356.7780	477.2491	-88.1670	434.4628	462.8458	-199.2890
1555	51.8000	413.2251	554.7325	-27.0397	364.2903	479.2827	-61.5095	441.3376	464.5039	-171.5083
1556	51.8333	420.8047	556.5613	-15.9989	372.4066	482.1932	-56.9311	451.1420	468.4543	-167.4065
1557	51.8667	426.0954	558.8412	-30.7427	379.5840	484.9854	-78.3174	461.0227	473.6327	-189.7867
1558	51.9000	428.8299	561.1775	-55.8129	385.0379	486.7110	-107.9881	468.3131	478.0030	-218.7784
1559	51.9333	431.3142	563.3639	-68.5233	389.4763	487.4160	-121.1167	473.7890	480.3703	-229.0062
1560	51.9667	435.7924	565.3636	-63.1782	394.4810	487.9629	-109.4079	480.6130	480.9305	-213.7849
1561	52.0000	442.0790	567.0908	-53.9187	401.0571	489.0350	-87.2053	490.4210	480.2172	-187.7951
1562	52.0333	448.1867	568.3774	-53.4007	408.6115	490.5182	-72.7493	501.2384	478.2857	-166.5156
1563	52.0667	452.7108	569.1412	-57.7304	415.2911	491.8385	-69.1975	509.5693	475.2164	-151.4622
1564	52.1000	455.9567	569.4740	-56.0603	419.3834	492.6914	-67.7134	513.8237	471.8787	-137.9266
1565	52.1333	458.9636	569.5719	-46.1137	420.5393	493.2946	-62.4021	514.9539	469.7380	-127.4759
1566	52.1667	462.1372	569.6360	-33.7090	419.8251	494.0209	-55.1610	514.3811	469.9399	-125.8922
1567	52.2000	465.0807	569.7879	-22.7688	418.7093	495.0140	-49.2039	512.6447	472.5247	-133.4506
1568	52.2333	467.3708	570.0158	-12.7856	417.9875	496.2467	-44.6577	510.0925	476.3321	-143.2735
1569	52.2667	469.0826	570.2477	-3.8618	417.5639	497.7631	-40.6807	507.6250	479.9318	-148.3494
1570	52.3000	470.5879	570.5165	1.7332	417.0516	499.5866	-37.6036	506.1677	483.0686	-146.9453
1571	52.3333	472.1075	570.9679	3.4588	416.3809	501.3766	-35.7081	505.8897	486.9202	-141.7279
1572	52.3667	473.5387	571.6457	3.9769	415.8341	502.4936	-34.3210	506.2277	492.3620	-136.6956
1573	52.4000	474.6263	572.3480	5.5568	415.6601	502.6500	-33.2402	506.4250	498.2249	-135.6240
1574	52.4333	475.2534	572.7951	7.6326	415.7719	502.3358	-33.3259	505.9634	502.0498	-140.5381
1575	52.4667	475.5655	572.9225	8.9453	415.8230	502.3364	-34.6127	504.7647	502.6203	-149.0677
1576	52.5000	475.8051	572.9274	9.8662	415.5668	502.9051	-35.2039	503.2912	501.0993	-154.4122
1577	52.5333	476.0653	573.0035	11.2271	415.1569	503.6102	-33.4476	502.4964	499.4904	-151.0313
1578	52.5667	476.2568	573.0747	12.1824	415.0965	503.8827	-30.7435	503.3851	498.5246	-141.2650
1579	52.6000	476.2816	572.8530	10.4905	415.8441	503.4801	-30.8045	506.2464	497.4049	-134.0763
1580	52.6333	476.1537	572.1812	4.9052	417.4285	502.5083	-35.3516	510.2796	495.2513	-135.3253
1581	52.6667	475.9438	571.2649	-2.6451	419.4786	501.2739	-41.1251	514.2595	492.2308	-140.8361
1582	52.7000	475.6789	570.5025	-7.8548	421.6601	500.1485	-43.0169	517.6558	489.1603	-142.0926
1583	52.7333	475.2957	570.1020	-8.9098	423.9505	499.3618	-41.2562	520.7259	486.3958	-138.4397
1584	52.7667	474.5548	569.9392	-10.4972	426.2916	498.7969	-43.5394	523.2441	483.5277	-139.8438
1585	52.8000	472.9682	569.7752	-19.8479	428.0687	498.0410	-57.0603	523.6794	480.1761	-155.5979
1586	52.8333	470.0940	569.4996	-37.7784	428.3176	496.7396	-79.0670	520.4513	476.7759	-182.5665
1587	52.8667	466.1355	569.1249	-56.7265	426.5293	494.9604	-98.5500	513.7495	474.3095	-206.8598
1588	52.9000	461.9873	568.6692	-68.6233	422.9029	493.1943	-106.8215	504.8422	473.1647	-215.4386
1589	52.9333	458.3473	568.1471	-71.4639	417.7500	491.9647	-102.8808	493.2836	472.3273	-204.1209
1590	52.9667	454.9978	567.6049	-68.0384	411.1787	491.4635	-89.6353	476.3148	470.0457	-177.1541
1591	53.0000	451.3311	567.0416	-62.9424	403.6438	491.5848	-70.5723	452.3261	465.6415	-143.5188
1592	53.0333	447.3634	566.3313	-61.2089	396.3139	492.1766	-50.8680	424.3260	460.4468	-113.3642
1593	53.0667	443.7365	565.3409	-64.1592	390.2845	493.0936	-36.2764	398.7671	456.4621	-93.7861
1594	53.1000	440.7581	564.1185	-65.3425	385.4494	494.0639	-28.1239	380.8044	454.2694	-85.1313
1595	53.1333	437.8854	562.8740	-56.1070	380.6392	494.7127	-22.1390	371.2510	452.8638	-81.5694
1596	53.1667	434.3112	561.7780	-36.7382	375.1184	494.8062	-14.0010	367.8541	451.2982	-76.5330
1597	53.2000	429.8543	560.8489	-17.2196	369.6229	494.4366	-4.2538	368.0764	449.6715	-68.4475
1598	53.2333	425.1578	560.0247	-6.1897	365.6029	493.9554	2.8868	369.8943	448.5659	-61.7835
1599	53.2667	421.1127	559.2872	-4.4798	363.6620	493.7128	3.3861	371.2638	448.3731	-62.9139
1600	53.3000	418.1198	558.7046	-10.1670	362.9884	493.8086	-4.7085	370.6679	449.4059	-74.6561
1601	53.3333	415.7973	558.3626	-22.8909	362.0944	494.0547	-20.4510	368.3329	452.0775	-93.7025
1602	53.3667	413.3535	558.2532	-39.5058	359.9368	494.1803	-38.7454	365.9684	456.5435	-112.2736
1603	53.4000	410.3266	558.2581	-51.5328	356.5783	494.0894	-52.0530	365.0506	462.2873	-123.3475
1604	53.4333	407.0073	558.2564	-53.2457	353.0583	493.9232	-56.9921	365.7384	468.2614	-126.7707
1605	53.4667	404.1119	558.2238	-49.5618	350.5767	493.8635	-58.6612	367.3790	473.5025	-130.3085
1606	53.5000	402.0388	558.2067	-50.3925	349.4762	493.9052	-65.3855	369.4055	477.7285	-142.5873
1607	53.5333	400.4707	558.2346	-58.7336	348.7911	493.8858	-79.6065	371.3656	481.4239	-164.7608
1608	53.5667	398.7548	558.2926	-69.3355	347.0029	493.7355	-96.8508	372.4374	485.2026	-190.8234
1609	53.6000	396.7095	558.3584	-78.1936	343.5856	493.6020	-113.2562	371.5647	489.0187	-215.7783
1610	53.6333	394.9423	558.4288	-87.5671	339.7037	493.6907	-129.8112	368.3650	492.1745	-239.8469
1611	53.6667	394.2239	558.5130	-99.5842	337.0633	494.0492	-146.8741	363.7422	494.0982	-262.4888
1612	53.7000	394.6412	558.6257	-109.1416	336.1757	494.5457	-158.1635	359.3528	494.8303	-276.3270
1613	53.7333	395.5490	558.7885	-107.7772	336.0694	495.0044	-155.3880	356.4029	494.7335	-272.8506
1614	53.7667	396.2527	559.0211	-94.2541	335.6046	495.3623	-138.7090	354.9713	494.0848	-253.5679
1615	53.8000	396.5212	559.3247	-77.8245	334.6532	495.7886	-118.6352	354.3754	493.1459	-230.7036
1616	53.8333	396.5199	559.6699	-69.6885	333.8955	496.6182	-106.6572	354.0011	492.3976	-216.4134
1617	53.8667	396.5421	559.9953	-72.6895	333.8205	497.9769	-105.8863	353.7460	492.3608	-213.6556
1618	53.9000	396.8950	560.2303	-79.7034	334.2478	499.4373	-110.0100	353.8439	493.1101	-215.7672
1619	53.9333	397.8323	560.3423	-80.7082	334.7584	500.3319	-109.3061	354.4193	494.1222	-212.5024
1620	53.9667	399.3679	560.3715	-71.6233	335.3197	500.6701	-99.1677	355.1287	494.7393	-199.5062
1621	54.0000	401.1715	560.3941	-57.9930	336.3783	501.5008	-85.1980	355.1786	494.7584	-184.7733
1622	54.0333	402.7892	560.4139	-50.1586	338.4062	503.7027	-78.8464	354.1359	494.4753	-182.4807
1623	54.0667	403.9843	560.3063	-52.9922	341.3537	506.1611	-85.1965	353.3330	494.1305	-196.0111
1624	54.1000	404.7883	559.9365	-59.5684	344.5238	505.8871	-94.9150	356.2478	493.4188	-208.8391
1625	54.1333	405.3102	559.3413	-57.0772	347.2123	500.9037	-91.8696	366.3198	491.6769	-198.9225
1626	54.1667	405.6773	558.7063	-40.8473	349.6992	492.9152	-71.0851	383.4707	488.5558	-164.3633
1627	54.2000	406.1211	558.1306	-20.3136	353.2709	486.2083	-45.6425	403.0891	484.3829	-128.2721
1628	54.2333	406.8618	557.5088	-8.7934	358.8090	483.5775	-32.3354	419.4869	479.7138	-113.6122
1629	54.2667	407.8288	556.6979	-10.0357	365.6509	483.8128	-34.2228	430.6728	474.5234	-119.2998
1630	54.3000	408.7030	555.7308	-17.5565	372.2709	483.4504	-41.4462	438.9094	468.2039	-126.9533
1631	54.3333	409.3927	554.8268	-24.2112	377.6167	480.6035	-45.2249	446.4662	460.8047	-124.9978
1632	54.3667	410.3099	554.2536	-28.5442	381.2747	476.6552	-45.2992	452.4742	453.9720	-117.6464
1633	54.4000	411.9052	554.1948	-32.9643	382.8939	474.3133	-45.6623	454.8915	449.8005	-113.9529
1634	54.4333	413.8848	554.6412	-39.5349	382.2099	474.6050	-49.3695	454.0231	448.6126	-117.8631
1635	54.4667	415.0760	555.3573	-48.9746	379.5566	476.2096	-58.7168	452.7085	448.5927	-128.7311
1636	54.5000	414.2735	556.0775	-61.6062	375.9579	477.3559	-75.3314	454.0529	448.0234	-142.6382
1637	54.5333	411.3065	556.8169	-76.1524	372.5843	477.5141	-96.2126	460.2572	447.5885	-151.0046
1638	54.5667	407.2416	557.8345	-87.4460	370.0991	476.9685	-112.0463	472.6024	450.1323	-144.8050
1639	54.6000	403.4351	559.1799	-88.4157	368.7038	475.6272	-113.5519	490.2050	458.2042	-123.2280
1640	54.6333	400.3940	560.4999	-76.7307	369.3010	473.6352	-100.1271	508.4089	472.1417	-94.4045
1641	54.6667	397.6788	561.5103	-59.2544	374.6147	473.4494	-81.6071	521.0684	490.4923	-67.7944
1642	54.7000	394.8374	562.4564	-48.0439	387.7375	479.4196	-71.5947	526.6407	511.3607	-50.4412
1643	54.7333	392.1104	563.7946	-49.5170	407.6275	492.9690	-76.9865	530.2271	532.4500	-47.9140
1644	54.7667	390.0756	565.5149	-57.5003	426.6185	508.8866	-91.7249	536.8377	550.6896	-60.5583
1645	54.8000	388.7875	567.0805	-60.3913	436.0642	519.7389	-103.0065	544.5627	563.9790	-79.1301
1646	54.8333	387.5618	568.0024	-55.9845	436.0956	524.6358	-105.8840	548.1837	573.7381	-92.3664
1647	54.8667	385.8162	568.2207	-54.2546	436.4665	530.3543	-108.4954	547.6819	583.9306	-100.4718
1648	54.9000	384.1393	567.9518	-63.4314	445.7491	542.6107	-120.2339	548.1814	596.9339	-114.1854
1649	54.9333	384.2485	567.4435	-79.1174	463.1372	559.4938	-138.7428	552.0765	611.9138	-137.9431
1650	54.9667	387.5230	566.9640	-90.7846	482.3877	575.0343	-152.5639	556.0674	627.3125	-160.3414
1651	55.0000	393.4959	566.8015	-94.1754	499.1187	586.0908	-154.0732	556.8264	642.5975	-165.9053
1652	55.0333	399.9518	567.0785	-93.2196	511.5830	593.5661	-146.1203	556.2406	656.8477	-152.6957
1653	55.0667	404.5936	567.6362	-92.9594	518.4560	599.1427	-137.3242	559.3668	667.7744	-133.9308
1654	55.1000	406.6586	568.2472	-94.5938	519.8424	603.4498	-133.9626	568.3200	673.6829	-123.6244
1655	55.1333	407.0814	568.9093	-96.5627	518.9562	606.7192	-136.1023	579.4659	675.4461	-123.8240
1656	55.1667	407.2796	569.8014	-97.5080	519.7602	609.1618	-139.1006	587.1693	675.2848	-125.8196
1657	55.2000	407.8986	570.9564	-97.0985	522.9762	610.4329	-137.9932	589.9377	674.2692	-121.3452
1658	55.2333	408.7080	572.0931	-95.1095	525.9984	609.8195	-131.5867	591.4861	672.2784	-110.9943
1659	55.2667	409.3521	572.8276	-91.2964	526.3412	607.2580	-123.2790	595.2894	669.8422	-102.1291
1660	55.3000	409.7871	573.0101	-86.4229	523.8438	603.7442	-117.6798	600.1641	668.3853	-100.1021
1661	55.3333	410.1551	572.8173	-82.3209	520.2733	600.7987	-116.0982	603.1355	668.2262	-102.8941
1662	55.3667	410.6644	572.5489	-80.3274	518.1878	599.5494	-115.8137	604.7582	667.0529	-104.5167
1663	55.4000	411.3778	572.3906	-80.1682	518.8406	599.3796	-114.0524	607.6787	661.0899	-102.3123
1664	55.4333	411.5820	572.3529	-80.5641	518.9984	596.7970	-111.7108	609.6029	648.2334	-99.4158
1665	55.4667	409.6674	572.3491	-80.3828	511.4420	587.0375	-112.0001	602.1625	630.1503	-100.0596
1666	55.5000	404.6029	572.2823	-79.1286	492.5067	568.8694	-115.7008	580.4090	611.0849	-103.7280
1667	55.5333	397.6926	572.1201	-76.9110	468.7232	547.4424	-119.2442	551.5262	594.5594	-105.0312
1668	55.5667	391.9158	571.9462	-74.2506	451.2610	530.2735	-118.2860	529.9572	581.1654	-99.1576
1669	55.6000	388.9540	571.8886	-71.6914	442.6685	520.2645	-112.1756	523.6789	568.9055	-86.3258
1670	55.6333	387.4415	571.9057	-69.2894	433.5885	514.2715	-103.7135	527.8336	555.1967	-71.3889
1671	55.6667	384.6862	571.6900	-66.4048	414.4911	508.1786	-95.4856	530.9659	539.1910	-61.7008
1672	55.7000	379.6819	570.9068	-62.1809	386.8319	501.2614	-88.4400	524.0088	523.0899	-64.9563
1673	55.7333	373.8170	569.5313	-56.4275	360.6798	495.4190	-83.6271	503.9235	511.0394	-83.7489
1674	55.7667	368.8495	567.8340	-50.1378	344.4416	492.0290	-82.6687	473.1069	505.6263	-109.9212
1675	55.8000	364.9742	566.0445	-45.0679	338.4626	490.4319	-85.3565	436.4749	504.6577	-129.1080
1676	55.8333	361.1404	564.1855	-42.1698	336.2290	488.8073	-88.0123	397.2854	501.9339	-133.7266
1677	55.8667	356.5991	562.2834	-39.8315	330.3740	486.0287	-85.4912	356.7560	492.6419	-127.7935
1678	55.9000	351.4708	560.5968	-34.6508	318.6584	482.7858	-75.5312	318.8973	478.4011	-118.3869
1679	55.9333	346.0903	559.4921	-25.6439	304.9936	480.9191	-61.8001	291.6986	465.9066	-108.5191
1680	55.9667	340.5419	559.0949	-17.1365	294.8812	481.5302	-52.2333	279.9458	460.2895	-100.2719
1681	56.0000	334.9587	559.1722	-15.2207	290.1420	483.9856	-52.8322	279.3898	461.0420	-98.2847
1682	56.0333	329.8090	559.4367	-21.0553	287.6816	487.0517	-62.3177	280.7249	464.4950	-105.1900
1683	56.0667	325.6604	559.8936	-29.4418	282.7924	490.4907	-73.3423	277.8247	468.1632	-116.5609
1684	56.1000	322.8211	560.7483	-34.5206	273.7475	494.8458	-79.4158	271.0623	471.5695	-124.7508
1685	56.1333	321.2512	562.0101	-35.7774	263.0759	500.0309	-80.5993	264.4288	474.5260	-127.0125
1686	56.1667	320.6041	563.3767	-38.0261	254.1016	504.9759	-82.3291	260.9947	476.4917	-126.9651
1687	56.2000	320.2533	564.5601	-45.8273	247.1426	508.5845	-88.8713	260.8591	477.3452	-128.6042
1688	56.2333	319.5242	565.5721	-58.1069	240.1936	510.5320	-98.5219	262.1569	477.6396	-131.8819
1689	56.2667	318.1791	566.5913	-68.7225	232.5412	511.3263	-105.7884	262.7222	477.8950	-134.7004
1690	56.3000	316.6084	567.6585	-72.7269	225.8673	511.9957	-107.7340	260.8912	478.0995	-136.2582
1691	56.3333	315.3734	568.6998	-71.4067	221.5696	513.4382	-106.6775	256.8411	478.0962	-136.1756
1692	56.3667	314.6614	569.8720	-70.4342	218.5332	515.6510	-106.3571	254.7309	478.2880	-132.1463
1693	56.4000	314.1940	571.6032	-73.5066	214.4098	517.7113	-106.9639	261.3344	479.6623	-121.7415
1694	56.4333	313.3679	574.0084	-78.5181	208.4209	518.7306	-105.1980	278.9025	482.9106	-106.7374
1695	56.4667	311.5851	576.4670	-80.1429	202.3368	518.7181	-99.1621	300.2233	487.7216	-93.7421
1696	56.5000	308.9511	578.2012	-75.9994	199.0209	518.4050	-92.5622	315.1294	493.2281	-90.2521
1697	56.5333	306.5251	579.1581	-69.7914	200.2607	518.3288	-92.8899	322.1682	498.8140	-100.1905
1698	56.5667	305.2953	579.8914	-67.8286	205.7704	518.1904	-104.0551	329.6582	504.0193	-120.9740
1699	56.6000	304.9914	580.7248	-72.3725	214.0919	517.1701	-120.9072	344.5924	508.1955	-143.1864
1700	56.6333	304.4441	581.5365	-78.9171	224.4205	514.9311	-132.8392	364.8286	511.1777	-155.9299
1701	56.6667	303.0596	582.2811	-80.7051	237.3262	512.2042	-133.7922	383.8374	514.0583	-156.0698
1702	56.7000	301.4278	583.1808	-75.9867	253.4855	510.1532	-127.5422	399.0942	518.2754	-150.6286
1703	56.7333	300.4057	584.2718	-70.1298	272.3499	509.2121	-122.3281	412.6513	523.9210	-146.7502
1704	56.7667	300.1004	585.0958	-70.1501	293.1686	508.9695	-121.8590	426.1268	530.0925	-141.5959
1705	56.8000	300.0608	585.0607	-77.5817	316.7941	509.3319	-123.1463	439.0891	537.1331	-127.2532
1706	56.8333	300.1461	584.0533	-87.2759	344.0128	511.1826	-121.9859	451.4949	546.8401	-104.5878
1707	56.8667	300.7464	582.6214	-92.9680	371.3269	515.2843	-118.2498	464.1088	559.3442	-85.9448
1708	56.9000	302.1732	581.5598	-93.1092	391.3966	520.9172	-115.3771	476.1102	571.4311	-82.1206
1709	56.9333	304.2230	581.3488	-91.0038	400.2033	526.3868	-116.1712	484.9526	579.7898	-90.8489
1710	56.9667	306.5129	581.9503	-90.4495	401.9491	530.7684	-120.2027	489.5268	584.7341	-100.7076
1711	57.0000	308.9632	582.9978	-92.4481	404.2815	534.4795	-124.9528	491.7354	588.8343	-103.8756
1712	57.0333	311.6504	584.0334	-95.6079	409.8341	538.1304	-128.5806	494.1189	592.9968	-102.6689
1713	57.0667	314.3075	584.5513	-98.2411	414.7288	541.2392	-131.2446	497.1401	595.8692	-104.7771
1714	57.1000	316.2917	583.9978	-99.7258	414.4402	542.0455	-134.0762	499.4285	596.0871	-113.8892
1715	57.1333	317.0997	582.0525	-100.7241	408.6768	538.6311	-137.1277	499.6815	592.9388	-124.2805
1716	57.1667	316.7929	579.1296	-102.3901	400.6159	530.9114	-138.1533	497.6345	585.6161	-123.8240
1717	57.2000	315.9322	576.4499	-104.6745	393.4914	521.7781	-134.0224	493.8501	574.3587	-105.3505
1718	57.2333	315.2311	575.2527	-105.3497	388.6093	515.4972	-125.0774	489.3702	562.3517	-78.6668
1719	57.2667	315.2542	575.7392	-101.8216	385.5544	514.4084	-117.9656	485.4517	554.3399	-67.9845
1720	57.3000	316.2500	576.8063	-94.4731	383.8646	517.3754	-120.4940	483.1312	552.8582	-88.8375
1721	57.3333	318.0841	576.8997	-87.1520	384.8016	521.3316	-131.1427	482.8733	556.7786	-125.5706
1722	57.3667	320.3260	575.3021	-83.3969	390.5838	523.8924	-136.9972	484.5852	563.0615	-140.2938
1723	57.4000	322.4853	572.7410	-83.0950	400.7288	524.7391	-127.1452	487.7493	568.7747	-111.5986
1724	57.4333	324.2291	570.6814	-83.9973	410.3236	525.2030	-107.2808	491.4636	572.1805	-60.8931
1725	57.4667	325.4227	569.9890	-85.3935	414.1181	526.8149	-95.6423	494.6962	573.6083	-32.5891
1726	57.5000	326.0429	570.4385	-88.3416	412.2361	530.1933	-103.1719	497.0138	575.5244	-48.5008
1727	57.5333	326.1206	571.4500	-92.6498	410.1452	535.0767	-122.0789	499.1293	580.6774	-89.0275
1728	57.5667	325.7711	572.8526	-95.7262	412.7916	540.9140	-136.0382	502.2322	589.5010	-119.8796
1729	57.6000	325.2096	574.7347	-95.1938	419.8494	547.0961	-137.7229	506.4999	599.5650	-127.7954
1730	57.6333	324.5891	576.9100	-91.6651	426.7735	552.8433	-133.3172	510.5901	607.8277	-125.3702
1731	57.6667	323.7053	578.8836	-88.0856	429.4657	557.3110	-132.6452	512.8157	613.1411	-129.4010
1732	57.7000	322.0646	580.2889	-86.4476	427.5359	560.0936	-138.4094	512.6887	616.2480	-142.7572
1733	57.7333	319.8668	581.1507	-85.6627	424.0227	561.6765	-144.4789	511.4264	617.6032	-154.5509
1734	57.7667	319.1496	581.6221	-83.0934	423.0645	563.1052	-142.7469	511.1807	615.9813	-152.2699
1735	57.8000	322.8284	581.4964	-78.2152	427.3691	564.7238	-131.5626	513.4846	609.8958	-133.7387
1736	57.8333	331.1846	580.1937	-74.1491	436.3881	565.1560	-117.7311	518.0994	600.1492	-109.3156
1737	57.8667	339.9316	577.4786	-74.7147	446.4699	562.1717	-109.8730	523.6260	589.9170	-92.6906
1738	57.9000	343.7181	574.1263	-79.8877	453.4243	555.2428	-110.3734	529.2618	581.9370	-89.8642
1739	57.9333	341.5626	571.5602	-85.1103	455.0532	546.9768	-114.7054	535.1742	576.6038	-96.9693
1740	57.9667	337.1974	570.7255	-85.7605	451.3666	541.2375	-117.4021	540.9465	573.3324	-106.0102
1741	58.0000	334.3135	571.4747	-81.7303	443.8215	539.8877	-116.8540	544.7679	572.4956	-110.8039
1742	58.0333	333.3908	573.0077	-77.0239	435.2582	541.9477	-115.1523	544.9641	574.8843	-110.1691
1743	58.0667	333.2024	574.6144	-75.6407	429.1318	545.5205	-115.4563	541.9116	580.1173	-108.3746
1744	58.1000	333.3256	575.9351	-78.6988	427.2407	549.4763	-119.4264	537.9060	586.7281	-110.5949
1745	58.1333	334.1903	576.7992	-84.6868	428.5686	553.2858	-125.5354	535.1723	593.2834	-115.4795
1746	58.1667	335.7857	577.0510	-90.9861	430.8967	556.3562	-129.7438	534.1565	598.6430	-114.8741
1747	58.2000	337.3936	576.6015	-95.2132	432.8498	558.2859	-129.1247	533.7678	601.9352	-104.3188
1748	58.2333	338.2753	575.7253	-96.4387	433.9648	559.4408	-125.1338	533.1199	603.2693	-91.3231
1749	58.2667	338.0527	575.2267	-95.7481	433.8156	560.6122	-122.3605	532.6697	603.9387	-88.4119
1750	58.3000	336.7885	575.8831	-95.0541	432.3041	562.0878	-123.5673	533.2705	605.1333	-98.4309
1751	58.3333	335.3094	577.3537	-94.8109	430.7183	563.4846	-126.5214	534.2014	606.7632	-111.1502
1752	58.3667	335.1304	577.8764	-93.1239	431.3079	564.3568	-126.3154	533.0633	607.8774	-115.3755
1753	58.4000	337.1966	575.6982	-87.8080	434.9891	564.2958	-120.7297	528.5792	607.6605	-110.7128
1754	58.4333	340.5623	571.0671	-79.6142	439.9035	562.4343	-112.8980	522.9053	605.6080	-105.5144
1755	58.4667	342.9503	566.4088	-72.6829	442.9264	557.7605	-108.4268	519.5405	601.3914	-106.2285
1756	58.5000	342.8871	564.2439	-70.8904	442.0906	550.4151	-109.8387	519.0938	595.2802	-111.2747
1757	58.5333	340.9429	565.1736	-73.9951	437.0158	542.1288	-114.0365	519.0693	588.1631	-113.8010
1758	58.5667	338.8652	567.8886	-78.1145	428.6280	535.0682	-115.4526	518.0541	580.3614	-108.7251
1759	58.6000	338.0264	570.5319	-79.7741	420.5510	531.0748	-111.6227	518.1178	571.6691	-97.9836
1760	58.6333	338.8103	571.8867	-78.9407	419.3768	532.3540	-105.5012	522.4018	564.8022	-89.3844
1761	58.6667	340.8784	571.8877	-78.3020	429.7746	541.0970	-102.3946	531.5978	567.5550	-89.0300
1762	58.7000	343.6075	571.4176	-80.0599	448.4518	556.3871	-104.9209	543.0621	586.3822	-94.9958
1763	58.7333	346.5513	571.4144	-83.6394	465.7528	572.1533	-111.0494	552.3769	615.3601	-100.0631
1764	58.7667	349.7520	572.0120	-86.6098	474.7566	580.7343	-116.5467	555.9572	636.0587	-99.7340
1765	58.8000	353.3853	572.5707	-87.5298	477.0223	579.6109	-118.6693	553.6260	634.2836	-95.2246
1766	58.8333	356.9515	572.3959	-87.2284	478.0957	573.4841	-117.7162	549.0337	616.0083	-90.0498
1767	58.8667	359.0514	571.2759	-87.2420	478.9522	568.6306	-116.1677	546.2456	600.8984	-87.4989
1768	58.9000	358.2030	569.5172	-87.7825	474.2207	566.1654	-116.9929	545.2913	599.5975	-91.2183
1769	58.9333	354.0525	567.7140	-87.8359	459.6597	562.5044	-121.8240	542.4485	604.1254	-103.5170
1770	58.9667	347.9720	566.4410	-86.9039	439.8262	555.7485	-129.2437	535.7121	602.7857	-120.4732
1771	59.0000	342.3194	566.0118	-85.8365	425.3828	548.9064	-135.0961	528.1046	596.4363	-132.2450
1772	59.0333	338.7164	566.4588	-85.7061	422.1768	546.1394	-136.3089	524.0536	594.5227	-132.9134
1773	59.0667	337.0277	567.6204	-86.4417	425.6597	548.1451	-134.7960	524.2369	601.2990	-128.6918
1774	59.1000	336.0887	569.1204	-87.1423	427.1035	552.5055	-135.8627	525.8952	612.8642	-131.3840
1775	59.1333	334.9508	570.3784	-87.5249	422.8005	556.8427	-142.1338	526.9389	624.4357	-143.6776
1776	59.1667	333.1625	570.8769	-88.3511	416.4168	560.2344	-150.4392	527.7720	634.1690	-155.5681
1777	59.2000	330.7932	570.4952	-90.0931	415.1728	562.9640	-154.9455	529.7360	640.8891	-156.0013
1778	59.2333	329.2115	569.6255	-91.6400	424.5633	566.6316	-152.0257	533.5318	643.6277	-143.9302
1779	59.2667	331.0482	569.0782	-91.0367	443.7811	573.4747	-142.2544	539.0597	644.3748	-126.8176
1780	59.3000	337.6243	569.7098	-87.6405	464.8802	583.3345	-129.3321	545.4493	647.0052	-111.7201
1781	59.3333	346.3111	571.6400	-83.1074	478.6772	591.4677	-117.4652	551.1215	651.1334	-99.9457
1782	59.3667	351.9472	573.7234	-79.9501	482.5852	591.5924	-109.1004	554.7846	649.9520	-89.3752
1783	59.4000	351.4455	574.3350	-79.2643	481.0573	582.0768	-104.8835	556.4877	637.5011	-80.3978
1784	59.4333	346.3411	573.0053	-79.9769	478.4821	568.2074	-104.9286	556.9510	616.8835	-77.9972
1785	59.4667	340.8054	570.9050	-80.1139	474.6107	557.7341	-108.6114	555.8190	598.1554	-86.4081
1786	59.5000	337.8101	569.4348	-78.6343	467.8941	554.6103	-113.3586	551.4592	588.5636	-102.0893
1787	59.5333	337.1180	568.6936	-76.0887	459.8591	557.0067	-115.8553	542.8966	587.4936	-114.9387
1788	59.5667	336.4087	567.7112	-73.6092	453.0301	560.1813	-115.5676	531.2211	590.1361	-118.4645
1789	59.6000	334.0581	565.9982	-71.5759	446.5130	560.5851	-115.8252	518.5846	592.8171	-116.8278
1790	59.6333	330.5522	564.4094	-69.8130	437.6897	558.1334	-120.1007	506.7375	594.7575	-119.0019
1791	59.6667	327.1694	564.2519	-68.9160	427.8815	555.6123	-127.5473	497.4514	597.3801	-126.7708
1792	59.7000	324.2149	565.6639	-70.1618	422.2497	555.9122	-133.1901	493.1440	602.5344	-131.7587
1793	59.7333	321.3476	567.2268	-73.4377	422.7472	559.2322	-132.9480	494.6566	609.8213	-125.9319
1794	59.7667	318.8300	567.3930	-76.2025	423.8780	562.2765	-128.1011	497.9959	615.1352	-113.4456
1795	59.8000	317.2467	566.0291	-75.6506	417.5899	560.0051	-123.9777	495.8447	612.8884	-108.5267
1796	59.8333	316.2538	564.2186	-71.7923	401.4774	549.2859	-124.0950	484.6929	600.6114	-119.7096
1797	59.8667	314.5634	562.8545	-67.5691	380.4838	532.1739	-126.6590	469.5247	581.4130	-139.0348
1798	59.9000	311.3121	561.9990	-65.6622	361.0522	515.3017	-127.3760	459.1328	561.6404	-150.6327
1799	59.9333	306.9989	561.4570	-65.7314	345.9189	504.7254	-124.4988	457.1703	546.2590	-148.0981
1800	59.9667	302.9094	561.2512	-65.3133	334.9636	501.0783	-120.0944	459.6702	536.5773	-139.1054
1801	60.0000	299.8569	561.3286	-63.1045	328.1297	500.2970	-117.2896	460.6367	531.3860	-134.4537
1802	60.0333	297.7142	561.2702	-60.5135	325.2592	498.6065	-117.4906	457.7747	528.9563	-137.6226
1803	60.0667	296.0032	560.6249	-59.7278	324.5849	495.7514	-119.9336	452.8089	528.2165	-145.0584
1804	60.1000	294.5093	559.4056	-60.9137	323.8853	493.9308	-122.6612	448.2824	529.4841	-151.2652
1805	60.1333	293.2497	558.1022	-61.9260	323.2640	495.2897	-123.0905	445.0950	534.5306	-150.0788
1806	60.1667	292.2435	557.2535	-60.6063	325.2768	500.5379	-118.2926	442.6064	544.8053	-134.3941
1807	60.2000	291.5847	557.0466	-57.0947	331.6496	508.3974	-107.1678	440.2506	558.7110	-102.0025
1808	60.2333	291.6132	557.2338	-54.0926	340.7994	515.8378	-94.1358	438.3758	571.4149	-64.4496
1809	60.2667	292.8550	557.3672	-54.7724	349.3342	520.0198	-88.6930	437.3219	578.5536	-44.6122
1810	60.3000	295.7717	557.1614	-59.7025	354.9860	520.6283	-97.3005	436.3133	579.8835	-58.0188
1811	60.3333	300.5092	556.7009	-65.6528	356.9614	519.5525	-115.0094	434.0522	578.4115	-95.7203
1812	60.3667	306.6607	556.2848	-68.2500	354.7009	518.0087	-128.4135	430.4060	576.4008	-131.0261
1813	60.4000	312.9889	556.0445	-66.3816	348.5917	514.9518	-128.7515	427.0937	573.4076	-145.1928
1814	60.4333	317.5202	555.8001	-63.6794	341.5978	508.8933	-120.2044	426.5461	567.9901	-142.1058
1815	60.4667	318.6250	555.3518	-65.0263	337.6744	500.4493	-113.7115	429.8705	559.8270	-136.5194
1816	60.5000	316.5158	554.7591	-71.2607	337.8857	492.1772	-114.0208	435.5641	549.5031	-133.8443
1817	60.5333	313.5303	554.2110	-78.0934	339.9325	486.2202	-115.1816	440.4252	537.2307	-126.0372
1818	60.5667	312.6393	553.7723	-81.4666	342.1194	482.8413	-109.5512	442.3657	523.0729	-105.7007
1819	60.6000	315.3991	553.3420	-83.0963	345.6051	480.9826	-99.1313	442.2714	508.3952	-79.5886
1820	60.6333	320.9346	552.6471	-88.2889	351.2429	479.3104	-94.1502	442.4395	495.7973	-63.5516
1821	60.6667	326.7176	551.3641	-98.2519	356.3857	476.7066	-99.4588	443.3801	486.9758	-63.0899
1822	60.7000	330.5666	549.8869	-106.9854	357.7708	473.0213	-106.5421	443.2941	481.8887	-64.6183
1823	60.7333	332.0733	549.8377	-106.8653	356.3043	469.9597	-103.1101	441.1076	480.7612	-52.3153
1824	60.7667	332.2057	551.9811	-96.9307	355.8320	469.6817	-89.2483	439.2189	484.7116	-30.9656
1825	60.8000	331.8568	552.7368	-85.9058	358.3542	471.1606	-80.1415	442.5694	492.5045	-24.0897
1826	60.8333	330.9310	546.4370	-85.9790	363.1447	470.3251	-91.0736	454.2885	499.6396	-47.7522
1827	60.8667	328.6536	535.9240	-99.8774	368.1845	467.5509	-119.4459	470.3325	504.8035	-90.7886
1828	60.9000	324.9799	536.9920	-113.0882	369.6175	472.2309	-142.2212	478.0847	514.1980	-123.2543
1829	60.9333	322.3236	558.7570	-104.4169	363.9218	490.0339	-134.8598	465.4245	530.2200	-123.7117
1830	60.9667	325.5105	575.2629	-68.9206	355.1850	502.5866	-95.5304	436.0730	533.8757	-96.8857
1831	61.0000	338.0555	537.4098	-25.6899	355.3591	475.0648	-45.7346	410.6391	493.2610	-61.5657
1832	61.0333	356.9769	436.6524	3.3427	370.1415	401.4813	-3.4366	404.3827	406.7233	-23.0943
1833	61.0667	372.6255	342.7107	16.3410	388.5533	332.6949	33.6666	409.6078	329.3261	29.3993
1834	61.1000	376.1913	340.7726	23.5205	395.0623	331.5164	68.0183	410.6083	327.9089	91.7293
1835	61.1333	367.4210	431.9698	22.8395	388.9593	399.0075	79.2296	409.2288	405.0660	127.3763
1836	61.1667	353.6498	531.8794	0.4836	383.0080	472.1852	43.1777	421.0262	493.6291	101.5973
1837	61.2000	342.4303	569.1970	-43.7179	385.6244	497.7695	-29.5791	449.6765	532.5318	26.5832
1838	61.2333	336.7657	550.8276	-87.2014	393.0280	481.7985	-95.7928	479.6251	522.9059	-46.8755
1839	61.2667	335.7771	526.1775	-107.4332	397.8449	462.3444	-123.2787	494.7074	503.8422	-81.4242
1840	61.3000	337.1796	522.6573	-104.2458	398.2964	460.0021	-117.9398	494.0855	499.8019	-80.8654
1841	61.3333	338.9863	531.6288	-94.0914	397.8348	467.6513	-105.1281	488.0890	506.0715	-68.3941
1842	61.3667	340.2901	536.3829	-89.1818	399.6581	472.5534	-98.7528	484.9670	509.8312	-56.4822
1843	61.4000	341.1530	533.4557	-88.3555	403.4375	472.4007	-95.2361	484.7580	507.9443	-44.0339
1844	61.4333	341.8700	529.1802	-84.8991	406.4435	471.7530	-88.0293	483.1623	504.9991	-29.7292
1845	61.4667	342.4937	527.8113	-76.8522	406.7558	472.7386	-77.9418	478.0019	503.9653	-17.1671
1846	61.5000	343.0229	527.9972	-68.2685	405.0998	473.5073	-70.0449	471.4026	503.5490	-9.6871
1847	61.5333	343.6809	527.2382	-63.6065	403.8320	472.9723	-66.8706	467.2532	502.2778	-6.9668
1848	61.5667	344.7746	525.5874	-63.6523	404.5180	473.1448	-67.4175	467.7493	501.4859	-7.5539
1849	61.6000	346.4194	524.7776	-66.5185	406.5423	476.0166	-70.3185	471.9686	503.3028	-11.4860
1850	61.6333	348.5388	525.6536	-70.2713	407.8577	480.0762	-75.0117	476.9093	507.0527	-18.9926
1851	61.6667	350.9742	527.3340	-73.5026	407.0664	481.5991	-80.3448	480.0367	509.3502	-28.3206
1852	61.7000	353.3635	528.4048	-75.0571	404.9918	479.0266	-84.7277	481.4417	508.3218	-37.0320
1853	61.7333	354.9542	528.4957	-75.0214	404.2575	474.8278	-88.2979	483.5193	506.8375	-45.3028
1854	61.7667	354.8945	528.6614	-75.1857	406.9806	472.7937	-92.9906	488.1773	510.1035	-55.6420
1855	61.8000	353.0667	530.1887	-76.9218	412.4992	474.0853	-99.4028	494.4642	519.4314	-68.1165
1856	61.8333	350.5803	533.0811	-78.6784	417.4410	476.2763	-104.5427	499.3377	529.4073	-77.1716
1857	61.8667	349.0470	535.9639	-76.7730	418.3591	476.1481	-103.7832	500.6106	532.7851	-75.2210
1858	61.9000	349.1579	537.4935	-69.4326	414.4089	473.0593	-95.4996	498.6182	528.0887	-60.5941
1859	61.9333	350.0544	537.5746	-59.8719	407.5834	469.2815	-83.7818	495.2817	520.8886	-41.6352
1860	61.9667	350.0900	537.1317	-54.7727	400.6786	467.2924	-75.9154	492.3808	517.3501	-30.7453
1861	62.0000	348.1617	536.9962	-59.1733	394.8559	467.3578	-76.4308	490.5145	517.9400	-32.6879
1862	62.0333	344.5091	537.2653	-72.1318	388.5607	467.8123	-83.5701	488.6511	517.9544	-40.4212
1863	62.0667	340.4602	537.5996	-86.9631	379.0279	467.0379	-91.7892	484.6117	513.0028	-44.4814
1864	62.1000	337.3403	537.7749	-96.3890	365.6119	464.7864	-97.4513	476.9434	503.1137	-44.7171
1865	62.1333	335.4269	537.7813	-98.2206	351.2014	461.9694	-101.6221	466.5636	492.0801	-50.0923
1866	62.1667	333.9124	537.6087	-95.9135	339.4248	459.6777	-107.2832	456.0613	483.8112	-67.3074
1867	62.2000	331.9049	537.2114	-93.8136	331.2158	458.4202	-114.3650	447.4972	479.6080	-91.1314
1868	62.2333	329.3575	536.6586	-92.8649	325.4953	457.9923	-118.3641	441.4462	478.3966	-106.6473
1869	62.2667	326.9339	536.1294	-91.1503	322.5225	457.8683	-114.7040	437.9117	478.7275	-102.6286
1870	62.3000	325.2166	535.7593	-87.4662	324.5232	457.8112	-104.8654	437.2358	480.1570	-84.5204
1871	62.3333	324.3356	535.6429	-83.2329	332.3190	458.1988	-97.1142	439.6609	482.9432	-72.3791
1872	62.3667	324.0473	535.9601	-80.8549	342.4379	459.5015	-98.9722	444.2385	486.8412	-81.6316
1873	62.4000	323.6372	536.8266	-80.9858	349.0920	461.2204	-108.6395	448.6767	490.6307	-105.5810
1874	62.4333	322.1256	537.8764	-82.0566	349.9386	461.9285	-116.2118	450.8675	493.3062	-121.2251
1875	62.4667	319.5789	538.2653	-82.4050	349.5938	461.3252	-114.8180	450.8495	495.7653	-114.3107
1876	62.5000	318.1217	537.5078	-82.2290	355.8626	461.9280	-108.8140	450.8890	500.4725	-95.3928
1877	62.5333	320.1394	536.2825	-82.7423	370.9675	466.8757	-108.1444	453.1377	508.6219	-86.5161
1878	62.5667	324.7244	535.9109	-83.4799	387.1447	475.2381	-114.4488	457.3162	518.0073	-92.3610
1879	62.6000	327.3053	536.8372	-82.0153	393.1773	481.3804	-117.0691	461.0875	524.5954	-93.5884
1880	62.6333	324.2825	538.0476	-77.7840	385.4734	480.6441	-106.7581	462.5125	526.0358	-75.4468
1881	62.6667	317.2677	538.2431	-74.8180	370.5206	474.2474	-89.7453	461.5034	522.8540	-52.0566
1882	62.7000	311.3426	537.2187	-77.8792	356.6047	467.0532	-81.3558	458.9199	516.6936	-47.6520
1883	62.7333	309.6745	535.8489	-85.8969	346.2595	462.1538	-86.8984	455.1685	508.8269	-61.5221
1884	62.7667	311.0945	535.0201	-92.0989	337.4475	459.3702	-96.1664	450.2670	500.5429	-69.5990
1885	62.8000	312.5136	534.8915	-91.7874	328.8189	457.5817	-97.7512	444.8279	493.6306	-58.1759
1886	62.8333	312.2905	535.1335	-87.6395	321.5215	456.4745	-92.1720	440.1969	489.5182	-39.6724
1887	62.8667	310.9610	535.5928	-85.5053	317.0645	456.2558	-88.0191	437.3946	488.0960	-33.6053
1888	62.9000	309.7172	536.4797	-87.0324	315.3045	456.8635	-90.4921	436.2232	487.7763	-45.0856
1889	62.9333	309.0836	537.9080	-89.0767	314.6705	457.8517	-98.1561	435.6343	486.9474	-66.2049
1890	62.9667	308.9113	539.5038	-88.9289	313.8286	458.8725	-107.4831	434.8675	485.6946	-88.2113
1891	63.0000	308.9181	540.6934	-86.9809	313.5580	460.1544	-115.7545	434.2079	486.2567	-105.6540
1892	63.0333	308.9243	541.3297	-84.6783	317.2976	462.5255	-121.0508	434.8220	491.3053	-115.3476
1893	63.0667	308.8643	541.8206	-82.5157	328.3351	466.9066	-123.2195	437.7107	501.1490	-118.7754
1894	63.1000	308.8506	542.5750	-80.3709	345.0621	473.4983	-124.3944	442.3868	512.9182	-122.3502
1895	63.1333	309.1249	543.4965	-78.2869	360.6317	481.2119	-126.0412	446.7315	523.1033	-128.6707
1896	63.1667	309.7157	544.1983	-76.6352	369.7392	487.9524	-125.9700	448.9490	530.3155	-129.2811
1897	63.2000	310.0991	544.6362	-76.2229	374.6986	491.7953	-120.9143	449.9041	534.8942	-113.9127
1898	63.2333	309.4549	545.2415	-78.0856	382.0159	492.3803	-112.4230	452.7239	537.1559	-87.9039
1899	63.2667	307.6079	546.3128	-82.2919	393.5258	491.4901	-107.2887	459.4272	537.8153	-72.0402
1900	63.3000	305.6993	547.5252	-86.8502	404.0957	491.9947	-110.2631	468.4660	539.3554	-80.5590
1901	63.3333	305.4232	548.3046	-88.8742	408.4769	495.5932	-118.3486	476.3519	544.6529	-105.0986
1902	63.3667	307.2590	548.5543	-87.6253	407.5239	501.3599	-124.4954	481.2092	553.6401	-124.9062
1903	63.4000	309.7351	548.7185	-85.6476	406.2748	506.7287	-125.4604	483.7219	562.6864	-128.4923
1904	63.4333	310.7724	549.1734	-85.8274	407.6768	509.8045	-123.7812	484.9401	567.9749	-121.2922
1905	63.4667	309.6100	549.8116	-87.8684	409.8392	510.2632	-123.1452	484.5189	568.5744	-115.6687
1906	63.5000	307.2338	550.2700	-88.8858	408.8865	508.3632	-124.3725	481.6122	565.8138	-117.9777
1907	63.5333	305.1666	550.4096	-87.2214	403.2070	504.3969	-125.9120	476.7831	561.0413	-124.6663
1908	63.5667	304.1002	550.4645	-84.4426	394.6447	499.5565	-126.2623	472.2227	555.0820	-127.8224
1909	63.6000	303.5956	550.6974	-83.3202	386.3857	496.0643	-125.0489	469.9218	548.9843	-123.1960
1910	63.6333	302.8634	550.9473	-84.5750	380.5578	495.2183	-122.5681	469.9275	543.9227	-113.2582
1911	63.6667	301.6303	550.6514	-86.0695	377.6111	495.6585	-119.0521	470.5469	540.2950	-103.1621
1912	63.7000	300.1863	549.4697	-85.0026	376.8270	494.5503	-114.2743	470.0683	537.6080	-94.5301
1913	63.7333	298.8761	547.8162	-80.6885	376.9336	490.5987	-107.7665	468.1695	535.4380	-84.3579
1914	63.7667	297.8838	546.5397	-75.3038	376.7931	485.3999	-100.0124	465.8646	534.0788	-70.8771
1915	63.8000	297.3620	546.0819	-72.0072	375.9052	481.8461	-93.6427	464.3447	534.0000	-59.3210
1916	63.8333	297.3570	546.1558	-72.1694	374.3406	481.6529	-92.1693	463.9240	535.0423	-58.5423
1917	63.8667	297.5956	546.2123	-74.3998	372.5345	484.3563	-96.3919	464.0408	536.5828	-70.4972
1918	63.9000	297.6663	545.9716	-76.4139	371.2137	488.1027	-103.0302	464.1675	538.3117	-86.3343
1919	63.9333	297.5259	545.5040	-77.5350	371.0361	491.1270	-108.0622	464.5241	540.4051	-95.5662
1920	63.9667	297.6279	545.0607	-78.7473	372.0188	492.7144	-110.4524	465.7813	542.9558	-96.5320
1921	64.0000	298.4406	544.9754	-80.5487	373.4336	493.1935	-111.6785	468.2348	545.5886	-95.3443
1922	64.0333	300.0216	545.6029	-81.9178	374.3267	493.4036	-112.9243	471.5238	547.7439	-97.2075
1923	64.0667	302.1289	547.0698	-81.9014	374.2603	494.1128	-114.0933	475.0706	549.1676	-101.7717
1924	64.1000	304.4152	548.9053	-81.3672	373.8728	495.3825	-114.8176	478.4931	550.0189	-105.4962
1925	64.1333	306.3643	550.0739	-82.2245	374.6644	496.1643	-115.1434	481.6100	550.4815	-105.7006
1926	64.1667	307.4944	549.6821	-85.1503	377.4849	494.8435	-115.3540	484.3297	550.1717	-102.4002
1927	64.2000	307.9570	547.6661	-89.0524	380.7739	490.5667	-115.9342	486.4656	547.8466	-98.1116
1928	64.2333	308.5792	544.6042	-92.8671	381.1576	484.0184	-117.5259	487.2900	542.0203	-96.0649
1929	64.2667	309.9352	541.1519	-96.6750	376.8610	476.9833	-119.9111	485.4077	532.7147	-96.9383
1930	64.3000	311.5728	538.2845	-100.2662	370.0583	471.6025	-121.0224	479.8547	523.0552	-97.0634
1931	64.3333	312.4817	537.7153	-101.6576	364.8219	469.7517	-118.3333	471.7827	517.9552	-91.7453
1932	64.3667	312.2731	540.3442	-98.5518	363.1120	471.4851	-111.9123	464.4560	519.1851	-81.2002
1933	64.4000	311.6347	543.5275	-91.2653	363.6025	473.4409	-105.1090	460.5230	521.9341	-71.5521
1934	64.4333	311.3850	542.4914	-83.2040	364.0541	471.6101	-101.4880	459.1779	519.9931	-68.6405
1935	64.4667	311.0194	537.9990	-78.1395	364.1101	468.8985	-101.7074	457.4354	517.2377	-71.7598
1936	64.5000	308.7323	540.3487	-77.2744	366.0815	476.7481	-103.6706	455.4985	528.9736	-74.6961
1937	64.5333	304.0864	556.5034	-78.5098	373.3417	499.9109	-104.7147	459.0174	560.2807	-72.7528
1938	64.5667	301.2023	569.0689	-77.7303	386.4458	517.1379	-102.9384	471.1398	581.0302	-67.9194
1939	64.6000	307.6835	540.4412	-71.3217	398.9605	491.1376	-97.1717	480.3608	541.9433	-66.2055
1940	64.6333	328.1155	452.8101	-59.3193	399.3663	411.4950	-87.1363	462.6760	433.3744	-69.8763
1941	64.6667	358.8366	336.1198	-46.4213	382.2927	315.8251	-73.9965	405.2876	310.8355	-74.0249
1942	64.7000	390.0797	238.5493	-37.6718	357.8007	248.6871	-59.5728	329.3048	234.9468	-71.5761
1943	64.7333	410.4590	180.5950	-33.3663	343.1605	213.8406	-45.9372	280.7411	205.2701	-61.1360
1944	64.7667	407.7419	163.2738	-32.7015	343.2600	195.6685	-39.4609	291.9818	191.4751	-51.8250
1945	64.8000	375.4985	203.0658	-40.8754	346.3272	209.5246	-51.7227	352.4385	206.0006	-59.5537
1946	64.8333	333.1085	311.2114	-60.8756	345.7001	283.3917	-83.2598	420.3773	285.4534	-88.4736
1947	64.8667	331.5177	440.6771	-75.4489	359.0038	392.8239	-104.9237	462.1425	406.1746	-112.1358
1948	64.9000	411.4412	506.2524	-54.3983	409.6944	464.2632	-75.8497	474.4520	482.8257	-89.3238
1949	64.9333	546.6194	475.7482	7.4034	486.7056	457.0051	6.2839	470.5991	467.2874	-13.2208
1950	64.9667	649.2441	408.2104	70.3670	539.4995	408.4704	86.2039	458.6045	405.2021	65.1867
1951	65.0000	646.5880	386.4633	83.5254	525.6005	385.4738	98.3266	441.1183	377.1778	79.1934
1952	65.0333	546.2551	433.7695	35.6707	454.8109	413.3345	30.7270	425.5154	411.9030	11.5190
1953	65.0667	421.9195	506.9734	-35.0257	375.3894	463.1184	-65.4698	418.5651	470.8161	-90.2252
1954	65.1000	342.6481	553.5537	-81.0302	323.0728	493.2512	-127.9661	414.2979	501.1318	-161.5916
1955	65.1333	322.2979	559.5331	-87.0527	298.5080	491.0676	-137.2503	401.6493	489.4692	-177.3911
1956	65.1667	331.0623	546.2184	-71.4624	291.1900	476.2589	-119.6481	384.5488	465.6919	-160.4432
1957	65.2000	338.7059	537.0420	-58.1184	301.6075	472.9349	-108.9807	380.9714	463.4783	-146.5504
1958	65.2333	336.7843	538.1136	-55.7914	328.4651	485.0623	-115.3087	397.9883	485.0315	-150.6134
1959	65.2667	330.0268	544.3617	-58.8688	352.0815	498.8479	-126.2539	418.0659	505.4847	-162.9800
1960	65.3000	323.8554	550.3527	-56.7178	350.7122	502.7256	-126.2255	417.0908	504.8581	-167.4101
1961	65.3333	323.5210	551.3063	-42.1027	330.0388	498.7809	-110.2208	392.3852	487.8118	-157.1119
1962	65.3667	334.7206	542.6639	-19.1972	321.2521	494.6413	-85.7795	369.4205	472.7504	-137.3856
1963	65.4000	357.2305	526.3335	-6.3776	346.7247	490.8260	-68.1417	381.4988	469.8528	-119.4872
1964	65.4333	382.0953	513.4916	-23.3943	396.9709	481.8031	-70.6546	440.2364	474.0639	-112.8712
1965	65.4667	401.0985	514.1516	-69.1802	444.8626	466.9330	-93.3351	522.2820	474.9910	-119.0548
1966	65.5000	415.6023	525.5612	-117.0193	473.7066	453.5719	-121.4159	587.8009	468.4265	-131.3230
1967	65.5333	431.3387	536.1065	-138.6102	485.8598	448.3672	-139.0836	615.2857	458.4999	-141.6957
1968	65.5667	448.8820	538.8005	-130.4279	491.2802	450.1966	-143.0516	615.7497	451.4928	-147.1598
1969	65.6000	464.2334	536.3213	-111.7180	496.2071	453.3293	-140.5116	613.5799	449.5197	-148.4718
1970	65.6333	475.4528	534.4946	-100.9581	501.6039	454.2290	-138.0478	621.1467	450.2292	-146.5738
1971	65.6667	484.4413	535.5660	-101.3359	506.5047	453.4418	-137.1929	634.3746	450.7243	-143.1414
1972	65.7000	493.6021	538.1916	-106.8185	510.2605	452.9632	-138.5022	644.9783	449.9899	-142.3474
1973	65.7333	503.2947	540.7337	-113.1232	512.8134	453.8114	-143.7788	649.7689	448.0380	-147.9553
1974	65.7667	512.3230	542.7486	-118.9957	514.6132	455.6540	-151.9889	649.9358	444.6265	-157.6687
1975	65.8000	519.7508	544.2580	-122.1902	516.6358	457.5151	-156.8994	647.2400	439.7378	-163.1792
1976	65.8333	525.9720	545.0659	-120.3679	519.7261	458.5925	-153.0969	643.0877	434.5697	-158.5240
1977	65.8667	532.1780	545.0415	-115.4105	523.5096	458.7646	-143.0893	639.1856	430.9637	-147.0517
1978	65.9000	538.9680	544.5048	-112.5661	526.5175	458.4862	-134.6399	636.9853	429.6781	-137.3271
1979	65.9333	545.8114	543.9875	-114.3206	527.9819	458.2076	-131.6403	636.5775	429.7260	-133.4353
1980	65.9667	551.9470	543.7165	-117.5275	529.0600	457.9978	-131.0394	637.0028	429.5762	-132.6946
1981	66.0000	557.3059	543.5124	-117.2026	531.4992	457.8199	-128.1372	637.5896	428.6632	-131.6862
1982	66.0333	562.1993	543.2024	-111.1443	535.3796	458.0572	-121.0298	638.3973	427.5726	-129.8182
1983	66.0667	566.6007	543.0058	-100.6680	539.0748	459.4542	-110.1361	639.4635	427.0797	-126.6784
1984	66.1000	570.4235	543.3729	-89.3353	541.4145	462.2654	-97.9233	640.3445	427.3392	-120.9126
1985	66.1333	574.3151	544.4209	-81.5729	543.0504	465.5704	-89.7017	640.6440	427.9489	-113.8286
1986	66.1667	579.3785	545.6874	-80.0005	545.3475	467.9139	-89.8757	640.5084	428.4844	-110.0851
1987	66.2000	585.8765	546.6040	-82.6028	548.4517	468.8311	-95.5696	640.2531	428.8002	-111.7059
1988	66.2333	592.6736	547.1015	-83.7136	551.0606	469.3383	-97.9601	639.8223	428.9269	-114.4054
1989	66.2667	598.2329	547.5301	-79.2937	551.9996	470.6377	-92.7127	638.9818	428.8958	-114.1731
1990	66.3000	601.9555	548.0825	-71.2032	551.4264	472.7271	-86.1961	637.8042	428.7455	-115.5221
1991	66.3333	604.3478	548.5847	-64.8998	550.3648	474.6250	-87.3246	636.5822	428.5985	-126.6240
1992	66.3667	606.0777	548.8471	-62.7191	549.5770	475.6159	-94.9093	635.4273	428.6026	-145.6664
1993	66.4000	607.3493	548.9442	-61.7723	549.1509	475.8480	-98.6542	634.2941	428.7797	-159.1220
1994	66.4333	608.3383	549.0565	-59.4055	548.8330	475.8876	-92.8833	633.2060	428.9967	-156.4592
1995	66.4667	609.6719	549.2159	-57.5896	548.4267	476.1168	-83.4969	632.0808	429.1086	-141.7657
1996	66.5000	611.9116	549.3252	-59.7315	547.9503	476.5764	-79.6815	630.5251	429.0930	-128.5101
1997	66.5333	614.7455	549.3307	-65.6118	547.6196	477.1002	-83.4868	628.2763	429.0272	-126.1081
1998	66.5667	617.1776	549.2670	-72.0868	547.7006	477.4991	-90.0475	625.8159	428.9690	-133.3272
1999	66.6000	618.5238	549.1579	-77.3727	548.2750	477.7068	-94.8268	624.1245	428.8943	-142.5115
2000	66.6333	618.9291	548.9384	-82.0500	549.0920	477.7435	-97.5363	623.6751	428.7419	-147.9091
2001	66.6667	618.9171	548.5014	-86.3926	549.6545	477.5276	-100.1924	623.8300	428.4981	-150.0160
2002	66.7000	618.7378	547.8340	-89.4240	549.5016	476.8835	-104.1045	623.3545	428.2293	-153.0140
2003	66.7333	618.3255	547.1027	-91.2483	548.5507	475.8424	-109.1196	621.5938	428.0233	-158.8648
2004	66.7667	617.7463	546.5606	-94.1839	547.3148	474.7783	-114.5896	619.2834	427.8835	-165.3202
2005	66.8000	617.3322	546.3284	-99.9272	546.7048	474.0689	-120.4014	618.1816	427.7021	-170.4656
2006	66.8333	616.9825	546.2451	-105.9468	547.2389	473.6939	-126.2121	619.3909	427.4178	-176.2095
2007	66.8667	615.2789	545.9145	-106.0767	548.1252	473.3207	-129.0847	621.4656	427.2255	-183.5206
2008	66.9000	610.1291	545.0186	-96.2990	547.4949	472.7688	-123.9168	620.8825	427.4437	-186.1812
2009	66.9333	601.6652	543.8263	-80.2231	544.6152	472.2519	-108.8423	616.5109	427.9295	-174.8570
2010	66.9667	594.4653	543.3286	-66.5384	542.1434	472.0777	-89.1493	614.0062	427.8085	-148.6507
2011	67.0000	593.9952	544.2900	-59.3641	544.0669	472.1177	-73.1182	621.2709	426.4901	-119.4707
2012	67.0333	597.6619	545.7981	-53.5248	548.6952	471.7293	-64.0143	634.0817	425.2795	-102.7307
2013	67.0667	591.1470	545.3782	-42.3247	544.9966	470.4820	-57.2463	629.0909	427.0515	-102.4064
2014	67.1000	560.0202	541.4912	-27.9792	521.2587	469.0079	-44.6816	582.1978	433.1309	-104.1166
2015	67.1333	507.5211	535.7069	-19.1658	479.6751	468.6724	-21.2777	498.5385	440.9528	-85.6057
2016	67.1667	455.4259	531.3039	-17.2889	438.1636	469.9110	11.4283	415.5461	446.1834	-38.2950
2017	67.2000	423.2325	529.5985	-11.5760	414.3638	471.1373	46.7314	369.3483	446.9237	22.1908
2018	67.2333	410.5418	528.6937	6.1204	410.1205	470.0449	75.7810	363.4064	444.6647	68.7930
2019	67.2667	403.1544	526.1452	26.0022	413.1470	466.2178	90.0222	373.8499	441.7867	84.8375
2020	67.3000	391.1388	521.9036	29.4620	410.4051	461.9148	86.0841	377.5318	439.7140	74.4204
2021	67.3333	375.6769	518.0582	12.9693	397.8615	459.8547	71.1074	368.7253	439.0639	55.9723
2022	67.3667	362.0220	516.3592	-6.9167	380.5841	460.5283	58.7696	354.7870	439.8076	46.3752
2023	67.4000	352.4864	516.7394	-13.5823	366.8200	462.1000	56.9580	344.2529	440.9907	48.9500
2024	67.4333	346.4145	517.8759	-6.4134	361.1969	462.7000	62.4347	339.4771	441.5307	55.8662
2025	67.4667	342.2432	518.3236	4.4479	361.2408	462.2972	68.4093	336.4795	441.8310	60.5908
2026	67.5000	337.9058	517.2719	10.4683	360.4778	462.3927	72.8275	330.3722	443.7055	65.1618
2027	67.5333	332.0641	515.1664	9.5638	356.5212	464.2448	77.2056	321.8895	447.8372	74.5376
2028	67.5667	326.8067	513.6858	5.5515	355.1830	467.2979	80.3219	317.7727	451.8720	85.5618
2029	67.6000	327.1227	514.2644	4.4617	363.5038	469.2336	75.5627	322.9943	452.3864	84.1030
2030	67.6333	335.4121	516.4921	6.1350	379.2033	468.0962	54.5400	334.3772	449.0333	55.5109
2031	67.6667	347.5235	518.6322	0.4049	391.5432	464.6258	14.8128	344.9036	445.5286	-0.1452
2032	67.7000	356.3284	519.5910	-20.2165	393.4575	461.7494	-32.2961	352.0151	445.6781	-61.7308
2033	67.7333	358.6083	519.5509	-43.6120	388.2194	461.4953	-62.3830	357.0880	449.2455	-97.2543
2034	67.7667	356.5294	518.9020	-44.6976	382.6772	463.2156	-54.3600	358.7612	452.7201	-86.1130
2035	67.8000	352.9073	517.6841	-14.0884	378.4576	464.9216	-10.9503	352.6507	453.4405	-35.6093
2036	67.8333	347.4751	516.1966	28.8221	372.4417	465.3803	41.2778	337.8526	451.7643	24.4976
2037	67.8667	339.2329	515.1756	57.7890	363.4589	464.7659	75.3953	320.4291	449.6405	63.3436
2038	67.9000	331.6668	514.9309	66.9193	356.3755	464.1564	84.4859	310.9304	448.4650	66.3708
2039	67.9333	332.1091	514.8786	68.2671	358.6954	464.5000	78.0485	318.3469	448.5416	39.7506
2040	67.9667	341.3307	514.4673	69.0174	370.4429	465.0797	64.7814	340.1472	449.3024	3.7509
2041	68.0000	345.1750	514.3011	63.0936	377.6608	463.0355	45.8912	355.9041	449.0508	-21.1254
2042	68.0333	328.0730	515.5109	45.6509	365.4175	456.8724	24.0508	343.6793	446.0073	-26.4967
2043	68.0667	304.1899	517.5061	24.6951	345.9842	452.2495	8.9210	316.5231	442.6104	-18.0996
2044	68.1000	323.0041	517.1135	12.4586	363.5180	460.8457	7.2290	330.4302	448.1684	-8.1436
2045	68.1333	417.9889	511.6642	11.7436	447.6792	487.5375	13.3127	425.9817	471.2993	-4.6888
2046	68.1667	546.5768	503.3482	15.6951	560.7256	519.0832	15.7096	559.7958	505.8428	-7.2782
2047	68.2000	610.2341	498.4537	15.5126	617.1917	532.5042	8.1322	628.5515	529.1372	-14.9045
2048	68.2333	553.3133	500.7353	4.6576	571.0944	517.8045	-9.2463	577.9984	521.6838	-33.5388
2049	68.2667	424.7049	507.0852	-18.7553	465.9542	488.1262	-32.2222	461.9171	487.8259	-66.1265
2050	68.3000	323.7349	511.4356	-48.8183	384.2455	464.9143	-53.0581	376.2881	451.1752	-99.5907
2051	68.3333	300.1282	511.5338	-73.3421	363.7633	457.1863	-64.3127	360.1514	430.3865	-115.5071
2052	68.3667	325.9509	510.1550	-82.2454	379.4658	458.4195	-64.9896	380.8662	425.2707	-112.7023
2053	68.4000	350.4778	510.8311	-75.9445	391.4510	459.3650	-60.7409	394.0965	425.5892	-107.2685
2054	68.4333	354.1412	514.2499	-65.3726	386.7989	458.0184	-57.9240	389.5039	425.7537	-109.8917
2055	68.4667	348.8198	518.5344	-62.6627	376.8815	457.6816	-59.2354	382.7584	427.9655	-114.7379
2056	68.5000	349.0516	521.7066	-71.0016	373.3093	460.3436	-64.6824	385.8642	435.1669	-114.5968
2057	68.5333	356.3854	523.4348	-83.5247	375.5113	464.4767	-74.0707	394.8160	445.2281	-116.3371
2058	68.5667	365.0520	524.7251	-91.3965	376.6103	467.6582	-86.4975	400.2345	452.7435	-131.4040
2059	68.6000	372.0069	526.4450	-91.6972	374.8380	469.1555	-98.2182	402.0153	455.0962	-155.6600
2060	68.6333	378.8782	528.5812	-87.4543	376.5878	469.8362	-103.6549	409.7501	455.1024	-170.3237
2061	68.6667	387.8322	530.8408	-82.0343	387.9858	470.7025	-100.1956	429.6942	457.2465	-165.0622
2062	68.7000	398.6434	533.3545	-75.6657	405.6367	472.1080	-91.3327	455.7159	462.6631	-151.3595
2063	68.7333	409.5770	536.3671	-66.6963	419.2022	473.9832	-83.0022	476.0089	469.1536	-146.6742
2064	68.7667	419.4473	539.4544	-53.8212	423.0907	476.1621	-76.6553	486.2616	475.1663	-150.8606
2065	68.8000	428.3223	541.6197	-38.2507	421.8774	478.3520	-69.8007	492.2319	481.6754	-149.5733
2066	68.8333	437.3631	542.5493	-27.3888	423.6060	480.1800	-66.0542	500.3047	490.2535	-142.5113
2067	68.8667	448.8917	543.6021	-33.8635	431.9166	481.6634	-78.4797	509.9610	501.2655	-153.7137
2068	68.9000	465.5864	546.8938	-61.5897	446.2361	483.6323	-112.5265	516.6876	514.0594	-198.7040
2069	68.9333	487.5411	552.9238	-89.9302	465.1759	487.2560	-145.8577	519.3352	526.8805	-246.6602
2070	68.9667	509.8153	559.4620	-82.4567	485.9861	492.6516	-138.8665	522.4135	536.2754	-237.4552
2071	69.0000	524.8941	563.4119	-21.9688	502.8808	498.0066	-74.8041	531.0933	538.7091	-147.3093
2072	69.0333	528.9394	563.6520	66.6852	510.0501	500.7323	17.5083	544.0538	533.6302	-23.0088
2073	69.0667	524.9350	561.6119	134.8144	506.9815	499.8688	88.7178	551.7896	523.7748	63.0909
2074	69.1000	519.2448	559.3994	146.2265	498.9841	496.9845	109.1481	544.2036	512.4295	79.3777
2075	69.1333	516.0836	558.0347	95.4215	492.0921	494.4495	79.0341	522.0137	501.5452	42.0671
2076	69.1667	515.7355	557.3902	6.4640	488.6310	493.2755	14.9599	499.3934	491.9172	-25.0101
2077	69.2000	516.6690	557.0520	-76.7371	487.5293	492.8768	-57.5636	491.8134	483.4961	-107.9411
2078	69.2333	517.7974	556.7782	-113.7489	487.0488	492.2899	-106.6663	501.1019	475.5159	-183.6232
2079	69.2667	518.8564	556.3833	-97.1176	486.3788	491.0704	-109.8091	515.5514	467.4061	-215.5524
2080	69.3000	519.8289	555.6793	-58.0860	485.5458	489.3401	-74.9199	523.9490	459.6933	-188.7246
2081	69.3333	520.6014	554.6933	-37.7856	484.7788	487.5171	-38.5871	525.2130	453.5861	-136.3076
2082	69.3667	520.9486	553.7546	-51.5768	484.1490	486.0416	-33.6958	524.6471	449.8570	-110.4824
2083	69.4000	520.7146	553.2147	-80.8150	483.6582	485.1404	-58.8569	525.8193	448.4016	-128.2054
2084	69.4333	520.1161	553.1343	-96.7787	483.4289	484.7506	-84.9569	528.1332	448.5408	-160.3097
2085	69.4667	519.6713	553.3005	-88.5746	483.5120	484.5894	-88.3644	529.7913	449.3651	-170.9776
2086	69.5000	519.4239	553.4588	-67.0525	483.3840	484.2204	-69.9679	530.6861	450.0193	-152.2092
2087	69.5333	518.2957	553.4501	-48.7371	481.8649	483.1911	-45.9189	532.2082	450.0112	-120.7808
2088	69.5667	514.7552	553.2021	-42.0852	477.9516	481.3866	-30.8561	534.9935	449.2282	-97.6233
2089	69.6000	508.4386	552.7188	-44.5182	471.8906	479.3012	-29.9453	537.4436	447.7944	-94.4055
2090	69.6333	500.8639	552.1104	-46.2585	465.1142	477.8120	-38.5287	536.7307	446.4505	-109.7196
2091	69.6667	494.2148	551.5772	-40.0743	458.7550	477.6135	-48.0035	531.2652	447.1161	-132.8437
2092	69.7000	489.4502	551.3088	-31.2974	452.3094	478.8172	-56.1947	521.8827	452.0598	-155.0587
2093	69.7333	485.7898	551.3571	-33.9819	444.1615	480.8956	-70.3114	510.3831	461.4893	-178.0524
2094	69.7667	481.9768	551.5930	-54.2373	433.6112	482.9273	-95.9844	497.3552	472.2281	-207.7927
2095	69.8000	477.6727	551.8030	-82.7780	422.2882	484.1098	-127.1047	482.1944	479.8196	-242.2897
2096	69.8333	473.3859	551.8403	-105.8544	413.3789	484.2577	-151.0510	465.1456	482.2127	-270.8219
2097	69.8667	469.3904	551.6699	-116.7527	409.1529	483.8518	-160.5426	448.3920	480.8629	-284.1051
2098	69.9000	465.3551	551.3105	-114.9697	408.9168	483.5938	-156.7504	434.6367	478.2865	-280.9721
2099	69.9333	461.0618	550.8107	-102.2513	409.3974	483.8535	-144.4980	424.8841	475.4387	-266.4068
2100	69.9667	456.8300	550.2503	-83.7449	407.3969	484.3887	-128.6389	417.9050	471.8535	-247.2722
2101	70.0000	452.9610	549.6234	-67.9318	402.2691	484.5021	-113.5575	411.7355	467.4309	-230.3258
2102	70.0333	449.2814	548.6973	-59.7839	396.0070	483.5453	-101.8206	405.4452	462.9806	-220.2981
2103	70.0667	445.5507	547.1677	-54.3762	391.2525	481.4421	-91.4494	399.6543	459.1728	-216.0718
2104	70.1000	441.9359	545.0871	-41.8597	389.3371	478.8579	-77.8037	395.8754	456.0148	-211.0414
2105	70.1333	438.8249	543.0217	-21.1161	389.9025	476.8349	-61.8496	395.4145	453.6110	-202.3344
2106	70.1667	436.4607	541.5937	-4.3101	391.8904	476.0615	-52.7741	398.2085	452.5379	-196.4280
2107	70.2000	434.9556	540.9052	-3.1721	394.5418	476.3720	-55.9153	401.7767	453.0203	-197.3450
2108	70.2333	434.4146	540.5774	-14.1402	397.4009	477.0126	-61.3823	401.2385	454.4157	-192.6225
2109	70.2667	434.7777	540.3031	-23.1409	399.7746	477.3781	-53.6370	392.1901	455.9661	-164.1413
2110	70.3000	435.5870	540.1324	-22.2238	400.7979	477.3686	-31.4844	375.6964	457.5522	-114.8781
2111	70.3333	436.1525	540.2141	-14.5065	400.1851	477.1382	-9.7375	359.7954	459.3468	-72.4464
2112	70.3667	436.2005	540.5169	-5.5061	398.7248	476.8226	-0.8896	353.5060	461.1521	-60.4677
2113	70.4000	436.4373	540.9182	1.0973	398.0581	476.5923	-4.6033	358.8897	462.4283	-76.9443
2114	70.4333	438.2583	541.3914	-1.1943	399.8365	476.6660	-17.9751	370.6124	462.7708	-108.1815
2115	70.4667	442.5855	541.9596	-21.1474	404.3487	477.0258	-45.8354	383.1215	462.2676	-151.8585
2116	70.5000	448.9626	542.5687	-58.7705	409.6049	477.2687	-91.0478	396.2496	461.6775	-210.1726
2117	70.5333	456.0271	543.1673	-97.9125	412.6953	477.0492	-138.1614	413.5660	462.2582	-264.9267
2118	70.5667	462.9225	543.8782	-115.9190	413.1254	476.7046	-158.7612	437.0402	464.8150	-280.5001
2119	70.6000	469.9941	544.9330	-103.7766	414.4295	477.1260	-138.8158	464.2507	468.3964	-241.1737
2120	70.6333	477.9942	546.3902	-75.6409	421.2024	478.7267	-95.6064	490.1248	470.1787	-174.4102
2121	70.6667	486.9202	547.9864	-56.1380	434.2037	480.6505	-61.9717	510.6158	467.4240	-125.8238
2122	70.7000	495.9045	549.3031	-58.2520	449.2276	481.3520	-55.7750	524.8568	460.0502	-115.2842
2123	70.7333	504.0455	550.1117	-74.7030	461.0845	480.0806	-68.2430	534.6404	451.0911	-125.5459
2124	70.7667	511.0805	550.6023	-89.1270	467.8453	477.6254	-79.2426	542.4161	444.2614	-129.6791
2125	70.8000	517.4019	551.2324	-92.0668	471.0535	475.5201	-78.3763	549.6882	441.0883	-119.2495
2126	70.8333	523.6869	552.2461	-85.9670	473.3804	474.6289	-70.8185	557.2122	440.4617	-104.9087
2127	70.8667	530.4219	553.3622	-78.8988	477.3038	474.5220	-67.3666	566.8322	440.4691	-98.7689
2128	70.9000	537.5682	554.0553	-76.8403	484.9771	474.0440	-72.8834	582.4255	440.1200	-102.7425
2129	70.9333	544.6738	554.1384	-80.9365	497.3675	472.4007	-84.2838	607.1602	439.5386	-111.3197
2130	70.9667	551.3371	553.9332	-88.6559	512.9939	469.8050	-96.1876	638.6061	439.2069	-119.4061
2131	71.0000	557.5169	553.8301	-95.3170	528.4978	467.1670	-105.0107	667.9735	439.3440	-125.0651
2132	71.0333	563.4484	553.7842	-95.9110	541.3822	465.1690	-108.4726	687.0282	439.8136	-127.5086
2133	71.0667	569.3931	553.3654	-89.3679	552.4048	463.6953	-106.0473	696.6644	440.3291	-126.5267
2134	71.1000	575.5163	552.3866	-81.7695	565.1734	462.2474	-101.5746	706.8419	440.6379	-124.0621
2135	71.1333	581.9069	551.5046	-81.4163	583.0377	460.8951	-101.2884	726.6518	440.6647	-122.9837
2136	71.1667	588.5072	552.0262	-89.4835	605.6311	460.6807	-107.1326	755.1762	440.7644	-123.5601
2137	71.2000	594.9287	554.8183	-98.9142	627.9130	462.9115	-114.7967	782.5519	441.8919	-123.6312
2138	71.2333	600.5867	559.3342	-102.2320	643.1833	467.8801	-118.5985	798.9324	445.1042	-121.7346
2139	71.2667	605.2713	563.9281	-96.5767	648.2952	474.2210	-115.4370	802.3098	450.3823	-117.3085
2140	71.3000	609.3929	567.2021	-83.0516	646.2332	479.6557	-105.4503	798.9724	456.0502	-109.4367
2141	71.3333	613.3757	568.9140	-66.5537	642.9993	482.5620	-92.5735	796.9619	459.9698	-98.8197
2142	71.3667	616.9570	569.6823	-54.6613	642.1844	482.9799	-82.8474	798.8431	461.4476	-89.3467
2143	71.4000	619.3763	570.1713	-51.2984	643.2151	482.2774	-78.6361	800.6669	461.4206	-84.3277
2144	71.4333	620.1636	570.6213	-52.4060	643.8450	481.8397	-76.0773	797.0503	460.6301	-82.5325
2145	71.4667	619.5029	570.8024	-52.2389	642.3841	481.7876	-71.1470	785.9069	458.3656	-80.9418
2146	71.5000	617.8782	570.2064	-52.8515	637.6016	480.8664	-66.3232	768.6648	453.5575	-80.1266
2147	71.5333	615.6028	568.4922	-62.1901	628.6194	477.8831	-67.6803	747.9164	446.6115	-83.6379
2148	71.5667	612.7325	565.9392	-81.6796	616.0892	473.3082	-75.9235	725.8363	439.4160	-92.2495
2149	71.6000	609.1987	563.3366	-101.0512	602.5510	469.1154	-84.2306	704.0472	433.6199	-102.0345
2150	71.6333	604.8697	561.3291	-109.8093	590.5442	467.1036	-86.6117	683.7802	429.5138	-109.0865
2151	71.6667	599.6696	560.0436	-109.2955	580.4971	467.7992	-84.3879	665.5786	426.6749	-112.4185
2152	71.7000	593.8740	559.3982	-107.3470	571.0517	470.6994	-81.1608	649.1727	424.9965	-110.4237
2153	71.7333	588.1992	559.4525	-106.4832	561.4014	474.7470	-76.8295	634.3128	424.5583	-100.6243
2154	71.7667	583.3710	560.2071	-106.1019	552.6525	478.5391	-72.4998	621.6923	424.8761	-87.8484
2155	71.8000	579.5894	561.2540	-111.2731	546.5163	480.8710	-75.5648	612.4626	424.9859	-86.0526
2156	71.8333	576.5368	561.9528	-128.1457	543.1044	481.5368	-91.2569	606.7020	424.3620	-103.6882
2157	71.8667	573.8957	561.9917	-151.3689	540.6124	481.4874	-111.6115	602.7095	423.4070	-130.0792
2158	71.9000	571.6747	561.6188	-164.7663	537.1295	482.0528	-120.3495	597.9948	422.9597	-143.6399
2159	71.9333	569.8992	561.2980	-157.4014	532.3610	483.9334	-109.7723	590.9322	423.5609	-134.3312
2160	71.9667	568.1220	561.2553	-135.9578	527.5183	486.7978	-89.3668	581.5016	425.2530	-114.3822
2161	72.0000	565.6010	561.3868	-118.6858	523.8675	489.7013	-75.9575	570.8299	427.7897	-105.0699
2162	72.0333	562.1636	561.5067	-117.1710	521.7200	491.8224	-76.5837	560.7150	430.7283	-114.3598
2163	72.0667	558.6673	561.6241	-126.3372	520.7510	492.8957	-83.8843	553.5827	433.4078	-130.8394
2164	72.1000	556.2417	561.9982	-133.7310	520.7450	493.2034	-88.6655	551.4403	435.2643	-140.2857
2165	72.1333	555.0263	562.8981	-135.2738	521.5259	493.3154	-92.1958	553.6133	436.3827	-143.0076
2166	72.1667	553.9041	564.2530	-137.4493	522.3078	493.6866	-101.9859	556.5814	437.5017	-150.0691
2167	72.2000	551.6763	565.5857	-145.5364	521.7484	494.2682	-118.4693	558.1190	439.2589	-165.5363
2168	72.2333	548.3507	566.3739	-155.4878	518.9341	494.5023	-131.6277	561.2551	441.5624	-179.2586
2169	72.2667	544.9231	566.4610	-159.5126	514.0643	493.8578	-131.5823	571.4140	443.8593	-178.6734
2170	72.3000	541.9587	566.1007	-156.4398	508.0960	492.4435	-119.6323	588.7640	445.8855	-164.0771
